ISO-10303-21;
HEADER;
/* Generated by software containing ST-Developer
 * from STEP Tools, Inc. (www.steptools.com) 
 */
/* OPTION: using custom renumber hook */

FILE_DESCRIPTION(
/* description */ ('STEP AP242 Edition 2',
'CAx-IF Rec.Pracs.---Representation and Presentation of Product Manufa
cturing Information (PMI)---4.0---2014-10-13',
'CAx-IF Rec.Pracs.---3D Tessellated Geometry---0.4---2014-09-14','2;1',
'CAx-IF Rec.Pracs.---User Defined Attributes---1.5---2016-08-15'),
/* implementation_level */ '2;1');

FILE_NAME(
/* name */ 'Part Studio 2',
/* time_stamp */ '2026-09-10T08:51:25Z',
/* author */ (''),
/* organization */ (''),
/* preprocessor_version */ 'ST-DEVELOPER v20',
/* originating_system */ 'ONSHAPE BY PTC INC, 1.220',
/* authorisation */ '  ');

FILE_SCHEMA (('AP242_MANAGED_MODEL_BASED_3D_ENGINEERING_MIM_LF { 1 0 10303 442 3 1 4 }'));
ENDSEC;

DATA;
#10=SHAPE_REPRESENTATION_RELATIONSHIP('','',#7042,#12);
#11=SHAPE_REPRESENTATION_RELATIONSHIP('','',#7043,#13);
#12=ADVANCED_BREP_SHAPE_REPRESENTATION('',(#7038),#10994);
#13=ADVANCED_BREP_SHAPE_REPRESENTATION('',(#7039),#10995);
#14=B_SPLINE_SURFACE_WITH_KNOTS('',3,1,((#8680,#8681),(#8682,#8683),(#8684,
#8685),(#8686,#8687)),.SURF_OF_LINEAR_EXTRUSION.,.F.,.F.,.F.,(4,4),(2,2),
(0.,1.),(0.,1.),.PIECEWISE_BEZIER_KNOTS.);
#15=B_SPLINE_SURFACE_WITH_KNOTS('',3,1,((#8700,#8701),(#8702,#8703),(#8704,
#8705),(#8706,#8707)),.SURF_OF_LINEAR_EXTRUSION.,.F.,.F.,.F.,(4,4),(2,2),
(0.,1.),(0.,1.),.PIECEWISE_BEZIER_KNOTS.);
#16=B_SPLINE_SURFACE_WITH_KNOTS('',3,1,((#8717,#8718),(#8719,#8720),(#8721,
#8722),(#8723,#8724)),.SURF_OF_LINEAR_EXTRUSION.,.F.,.F.,.F.,(4,4),(2,2),
(0.,1.),(0.,1.),.PIECEWISE_BEZIER_KNOTS.);
#17=B_SPLINE_SURFACE_WITH_KNOTS('',3,1,((#8746,#8747),(#8748,#8749),(#8750,
#8751),(#8752,#8753)),.SURF_OF_LINEAR_EXTRUSION.,.F.,.F.,.F.,(4,4),(2,2),
(0.,1.),(0.,1.),.PIECEWISE_BEZIER_KNOTS.);
#18=B_SPLINE_SURFACE_WITH_KNOTS('',3,1,((#8766,#8767),(#8768,#8769),(#8770,
#8771),(#8772,#8773)),.SURF_OF_LINEAR_EXTRUSION.,.F.,.F.,.F.,(4,4),(2,2),
(0.,1.),(0.,1.),.PIECEWISE_BEZIER_KNOTS.);
#19=B_SPLINE_SURFACE_WITH_KNOTS('',3,1,((#8783,#8784),(#8785,#8786),(#8787,
#8788),(#8789,#8790)),.SURF_OF_LINEAR_EXTRUSION.,.F.,.F.,.F.,(4,4),(2,2),
(0.,1.),(0.,1.),.PIECEWISE_BEZIER_KNOTS.);
#20=B_SPLINE_SURFACE_WITH_KNOTS('',3,1,((#8818,#8819),(#8820,#8821),(#8822,
#8823),(#8824,#8825)),.SURF_OF_LINEAR_EXTRUSION.,.F.,.F.,.F.,(4,4),(2,2),
(0.,1.),(0.,1.),.PIECEWISE_BEZIER_KNOTS.);
#21=B_SPLINE_SURFACE_WITH_KNOTS('',3,1,((#8833,#8834),(#8835,#8836),(#8837,
#8838),(#8839,#8840)),.SURF_OF_LINEAR_EXTRUSION.,.F.,.F.,.F.,(4,4),(2,2),
(0.,1.),(0.,1.),.PIECEWISE_BEZIER_KNOTS.);
#22=B_SPLINE_SURFACE_WITH_KNOTS('',3,1,((#8846,#8847),(#8848,#8849),(#8850,
#8851),(#8852,#8853)),.SURF_OF_LINEAR_EXTRUSION.,.F.,.F.,.F.,(4,4),(2,2),
(0.,1.),(0.,1.),.PIECEWISE_BEZIER_KNOTS.);
#23=B_SPLINE_SURFACE_WITH_KNOTS('',3,1,((#8859,#8860),(#8861,#8862),(#8863,
#8864),(#8865,#8866)),.SURF_OF_LINEAR_EXTRUSION.,.F.,.F.,.F.,(4,4),(2,2),
(0.,1.),(0.,1.),.PIECEWISE_BEZIER_KNOTS.);
#24=B_SPLINE_SURFACE_WITH_KNOTS('',3,1,((#8872,#8873),(#8874,#8875),(#8876,
#8877),(#8878,#8879)),.SURF_OF_LINEAR_EXTRUSION.,.F.,.F.,.F.,(4,4),(2,2),
(0.,1.),(0.,1.),.PIECEWISE_BEZIER_KNOTS.);
#25=B_SPLINE_SURFACE_WITH_KNOTS('',3,1,((#8885,#8886),(#8887,#8888),(#8889,
#8890),(#8891,#8892)),.SURF_OF_LINEAR_EXTRUSION.,.F.,.F.,.F.,(4,4),(2,2),
(0.,1.),(0.,1.),.PIECEWISE_BEZIER_KNOTS.);
#26=B_SPLINE_SURFACE_WITH_KNOTS('',3,1,((#8898,#8899),(#8900,#8901),(#8902,
#8903),(#8904,#8905)),.SURF_OF_LINEAR_EXTRUSION.,.F.,.F.,.F.,(4,4),(2,2),
(0.,1.),(0.,1.),.PIECEWISE_BEZIER_KNOTS.);
#27=B_SPLINE_SURFACE_WITH_KNOTS('',3,1,((#8923,#8924),(#8925,#8926),(#8927,
#8928),(#8929,#8930)),.SURF_OF_LINEAR_EXTRUSION.,.F.,.F.,.F.,(4,4),(2,2),
(0.,1.),(0.,1.),.PIECEWISE_BEZIER_KNOTS.);
#28=B_SPLINE_SURFACE_WITH_KNOTS('',3,1,((#8937,#8938),(#8939,#8940),(#8941,
#8942),(#8943,#8944)),.SURF_OF_LINEAR_EXTRUSION.,.F.,.F.,.F.,(4,4),(2,2),
(0.,1.),(0.,1.),.PIECEWISE_BEZIER_KNOTS.);
#29=B_SPLINE_SURFACE_WITH_KNOTS('',3,1,((#8953,#8954),(#8955,#8956),(#8957,
#8958),(#8959,#8960)),.SURF_OF_LINEAR_EXTRUSION.,.F.,.F.,.F.,(4,4),(2,2),
(0.,1.),(0.,1.),.PIECEWISE_BEZIER_KNOTS.);
#30=B_SPLINE_SURFACE_WITH_KNOTS('',3,1,((#8968,#8969),(#8970,#8971),(#8972,
#8973),(#8974,#8975)),.SURF_OF_LINEAR_EXTRUSION.,.F.,.F.,.F.,(4,4),(2,2),
(0.,1.),(0.,1.),.PIECEWISE_BEZIER_KNOTS.);
#31=B_SPLINE_SURFACE_WITH_KNOTS('',3,1,((#8981,#8982),(#8983,#8984),(#8985,
#8986),(#8987,#8988)),.SURF_OF_LINEAR_EXTRUSION.,.F.,.F.,.F.,(4,4),(2,2),
(0.,1.),(0.,1.),.PIECEWISE_BEZIER_KNOTS.);
#32=B_SPLINE_SURFACE_WITH_KNOTS('',3,1,((#9006,#9007),(#9008,#9009),(#9010,
#9011),(#9012,#9013)),.SURF_OF_LINEAR_EXTRUSION.,.F.,.F.,.F.,(4,4),(2,2),
(0.,1.),(0.,1.),.PIECEWISE_BEZIER_KNOTS.);
#33=B_SPLINE_SURFACE_WITH_KNOTS('',3,1,((#9019,#9020),(#9021,#9022),(#9023,
#9024),(#9025,#9026)),.SURF_OF_LINEAR_EXTRUSION.,.F.,.F.,.F.,(4,4),(2,2),
(0.,1.),(0.,1.),.PIECEWISE_BEZIER_KNOTS.);
#34=B_SPLINE_SURFACE_WITH_KNOTS('',3,1,((#9032,#9033),(#9034,#9035),(#9036,
#9037),(#9038,#9039)),.SURF_OF_LINEAR_EXTRUSION.,.F.,.F.,.F.,(4,4),(2,2),
(0.,1.),(0.,1.),.PIECEWISE_BEZIER_KNOTS.);
#35=B_SPLINE_SURFACE_WITH_KNOTS('',3,1,((#9045,#9046),(#9047,#9048),(#9049,
#9050),(#9051,#9052)),.SURF_OF_LINEAR_EXTRUSION.,.F.,.F.,.F.,(4,4),(2,2),
(0.,1.),(0.,1.),.PIECEWISE_BEZIER_KNOTS.);
#36=B_SPLINE_SURFACE_WITH_KNOTS('',3,1,((#9070,#9071),(#9072,#9073),(#9074,
#9075),(#9076,#9077)),.SURF_OF_LINEAR_EXTRUSION.,.F.,.F.,.F.,(4,4),(2,2),
(0.,1.),(0.,1.),.PIECEWISE_BEZIER_KNOTS.);
#37=B_SPLINE_SURFACE_WITH_KNOTS('',3,1,((#9107,#9108),(#9109,#9110),(#9111,
#9112),(#9113,#9114)),.SURF_OF_LINEAR_EXTRUSION.,.F.,.F.,.F.,(4,4),(2,2),
(0.,1.),(0.,1.),.PIECEWISE_BEZIER_KNOTS.);
#38=B_SPLINE_SURFACE_WITH_KNOTS('',3,1,((#9122,#9123),(#9124,#9125),(#9126,
#9127),(#9128,#9129)),.SURF_OF_LINEAR_EXTRUSION.,.F.,.F.,.F.,(4,4),(2,2),
(0.,1.),(0.,1.),.PIECEWISE_BEZIER_KNOTS.);
#39=B_SPLINE_SURFACE_WITH_KNOTS('',3,1,((#9135,#9136),(#9137,#9138),(#9139,
#9140),(#9141,#9142)),.SURF_OF_LINEAR_EXTRUSION.,.F.,.F.,.F.,(4,4),(2,2),
(0.,1.),(0.,1.),.PIECEWISE_BEZIER_KNOTS.);
#40=B_SPLINE_SURFACE_WITH_KNOTS('',3,1,((#9148,#9149),(#9150,#9151),(#9152,
#9153),(#9154,#9155)),.SURF_OF_LINEAR_EXTRUSION.,.F.,.F.,.F.,(4,4),(2,2),
(0.,1.),(0.,1.),.PIECEWISE_BEZIER_KNOTS.);
#41=B_SPLINE_SURFACE_WITH_KNOTS('',3,1,((#9161,#9162),(#9163,#9164),(#9165,
#9166),(#9167,#9168)),.SURF_OF_LINEAR_EXTRUSION.,.F.,.F.,.F.,(4,4),(2,2),
(0.,1.),(0.,1.),.PIECEWISE_BEZIER_KNOTS.);
#42=B_SPLINE_SURFACE_WITH_KNOTS('',3,1,((#9174,#9175),(#9176,#9177),(#9178,
#9179),(#9180,#9181)),.SURF_OF_LINEAR_EXTRUSION.,.F.,.F.,.F.,(4,4),(2,2),
(0.,1.),(0.,1.),.PIECEWISE_BEZIER_KNOTS.);
#43=B_SPLINE_SURFACE_WITH_KNOTS('',3,1,((#9187,#9188),(#9189,#9190),(#9191,
#9192),(#9193,#9194)),.SURF_OF_LINEAR_EXTRUSION.,.F.,.F.,.F.,(4,4),(2,2),
(0.,1.),(0.,1.),.PIECEWISE_BEZIER_KNOTS.);
#44=B_SPLINE_SURFACE_WITH_KNOTS('',3,1,((#9204,#9205),(#9206,#9207),(#9208,
#9209),(#9210,#9211)),.SURF_OF_LINEAR_EXTRUSION.,.F.,.F.,.F.,(4,4),(2,2),
(0.,1.),(0.,1.),.PIECEWISE_BEZIER_KNOTS.);
#45=B_SPLINE_SURFACE_WITH_KNOTS('',3,1,((#9217,#9218),(#9219,#9220),(#9221,
#9222),(#9223,#9224)),.SURF_OF_LINEAR_EXTRUSION.,.F.,.F.,.F.,(4,4),(2,2),
(0.,1.),(0.,1.),.PIECEWISE_BEZIER_KNOTS.);
#46=B_SPLINE_SURFACE_WITH_KNOTS('',3,1,((#9230,#9231),(#9232,#9233),(#9234,
#9235),(#9236,#9237)),.SURF_OF_LINEAR_EXTRUSION.,.F.,.F.,.F.,(4,4),(2,2),
(0.,1.),(0.,1.),.PIECEWISE_BEZIER_KNOTS.);
#47=B_SPLINE_SURFACE_WITH_KNOTS('',3,1,((#9243,#9244),(#9245,#9246),(#9247,
#9248),(#9249,#9250)),.SURF_OF_LINEAR_EXTRUSION.,.F.,.F.,.F.,(4,4),(2,2),
(0.,1.),(0.,1.),.PIECEWISE_BEZIER_KNOTS.);
#48=B_SPLINE_SURFACE_WITH_KNOTS('',3,1,((#9256,#9257),(#9258,#9259),(#9260,
#9261),(#9262,#9263)),.SURF_OF_LINEAR_EXTRUSION.,.F.,.F.,.F.,(4,4),(2,2),
(0.,1.),(0.,1.),.PIECEWISE_BEZIER_KNOTS.);
#49=B_SPLINE_SURFACE_WITH_KNOTS('',3,1,((#9269,#9270),(#9271,#9272),(#9273,
#9274),(#9275,#9276)),.SURF_OF_LINEAR_EXTRUSION.,.F.,.F.,.F.,(4,4),(2,2),
(0.,1.),(0.,1.),.PIECEWISE_BEZIER_KNOTS.);
#50=B_SPLINE_SURFACE_WITH_KNOTS('',3,1,((#9282,#9283),(#9284,#9285),(#9286,
#9287),(#9288,#9289)),.SURF_OF_LINEAR_EXTRUSION.,.F.,.F.,.F.,(4,4),(2,2),
(0.,1.),(0.,1.),.PIECEWISE_BEZIER_KNOTS.);
#51=B_SPLINE_SURFACE_WITH_KNOTS('',3,1,((#9295,#9296),(#9297,#9298),(#9299,
#9300),(#9301,#9302)),.SURF_OF_LINEAR_EXTRUSION.,.F.,.F.,.F.,(4,4),(2,2),
(0.,1.),(0.,1.),.PIECEWISE_BEZIER_KNOTS.);
#52=B_SPLINE_SURFACE_WITH_KNOTS('',3,1,((#9360,#9361),(#9362,#9363),(#9364,
#9365),(#9366,#9367)),.SURF_OF_LINEAR_EXTRUSION.,.F.,.F.,.F.,(4,4),(2,2),
(0.,1.),(0.,1.),.PIECEWISE_BEZIER_KNOTS.);
#53=B_SPLINE_SURFACE_WITH_KNOTS('',3,1,((#9375,#9376),(#9377,#9378),(#9379,
#9380),(#9381,#9382)),.SURF_OF_LINEAR_EXTRUSION.,.F.,.F.,.F.,(4,4),(2,2),
(0.,1.),(0.,1.),.PIECEWISE_BEZIER_KNOTS.);
#54=B_SPLINE_SURFACE_WITH_KNOTS('',3,1,((#9388,#9389),(#9390,#9391),(#9392,
#9393),(#9394,#9395)),.SURF_OF_LINEAR_EXTRUSION.,.F.,.F.,.F.,(4,4),(2,2),
(0.,1.),(0.,1.),.PIECEWISE_BEZIER_KNOTS.);
#55=B_SPLINE_SURFACE_WITH_KNOTS('',3,1,((#9401,#9402),(#9403,#9404),(#9405,
#9406),(#9407,#9408)),.SURF_OF_LINEAR_EXTRUSION.,.F.,.F.,.F.,(4,4),(2,2),
(0.,1.),(0.,1.),.PIECEWISE_BEZIER_KNOTS.);
#56=B_SPLINE_SURFACE_WITH_KNOTS('',3,1,((#9414,#9415),(#9416,#9417),(#9418,
#9419),(#9420,#9421)),.SURF_OF_LINEAR_EXTRUSION.,.F.,.F.,.F.,(4,4),(2,2),
(0.,1.),(0.,1.),.PIECEWISE_BEZIER_KNOTS.);
#57=B_SPLINE_SURFACE_WITH_KNOTS('',3,1,((#9427,#9428),(#9429,#9430),(#9431,
#9432),(#9433,#9434)),.SURF_OF_LINEAR_EXTRUSION.,.F.,.F.,.F.,(4,4),(2,2),
(0.,1.),(0.,1.),.PIECEWISE_BEZIER_KNOTS.);
#58=B_SPLINE_SURFACE_WITH_KNOTS('',3,1,((#9440,#9441),(#9442,#9443),(#9444,
#9445),(#9446,#9447)),.SURF_OF_LINEAR_EXTRUSION.,.F.,.F.,.F.,(4,4),(2,2),
(0.,1.),(0.,1.),.PIECEWISE_BEZIER_KNOTS.);
#59=B_SPLINE_SURFACE_WITH_KNOTS('',3,1,((#9457,#9458),(#9459,#9460),(#9461,
#9462),(#9463,#9464)),.SURF_OF_LINEAR_EXTRUSION.,.F.,.F.,.F.,(4,4),(2,2),
(0.,1.),(0.,1.),.PIECEWISE_BEZIER_KNOTS.);
#60=B_SPLINE_SURFACE_WITH_KNOTS('',3,1,((#9470,#9471),(#9472,#9473),(#9474,
#9475),(#9476,#9477)),.SURF_OF_LINEAR_EXTRUSION.,.F.,.F.,.F.,(4,4),(2,2),
(0.,1.),(0.,1.),.PIECEWISE_BEZIER_KNOTS.);
#61=B_SPLINE_SURFACE_WITH_KNOTS('',3,1,((#9483,#9484),(#9485,#9486),(#9487,
#9488),(#9489,#9490)),.SURF_OF_LINEAR_EXTRUSION.,.F.,.F.,.F.,(4,4),(2,2),
(0.,1.),(0.,1.),.PIECEWISE_BEZIER_KNOTS.);
#62=B_SPLINE_SURFACE_WITH_KNOTS('',3,1,((#9496,#9497),(#9498,#9499),(#9500,
#9501),(#9502,#9503)),.SURF_OF_LINEAR_EXTRUSION.,.F.,.F.,.F.,(4,4),(2,2),
(0.,1.),(0.,1.),.PIECEWISE_BEZIER_KNOTS.);
#63=B_SPLINE_SURFACE_WITH_KNOTS('',3,1,((#9509,#9510),(#9511,#9512),(#9513,
#9514),(#9515,#9516)),.SURF_OF_LINEAR_EXTRUSION.,.F.,.F.,.F.,(4,4),(2,2),
(0.,1.),(0.,1.),.PIECEWISE_BEZIER_KNOTS.);
#64=B_SPLINE_SURFACE_WITH_KNOTS('',3,1,((#9522,#9523),(#9524,#9525),(#9526,
#9527),(#9528,#9529)),.SURF_OF_LINEAR_EXTRUSION.,.F.,.F.,.F.,(4,4),(2,2),
(0.,1.),(0.,1.),.PIECEWISE_BEZIER_KNOTS.);
#65=B_SPLINE_SURFACE_WITH_KNOTS('',3,1,((#9535,#9536),(#9537,#9538),(#9539,
#9540),(#9541,#9542)),.SURF_OF_LINEAR_EXTRUSION.,.F.,.F.,.F.,(4,4),(2,2),
(0.,1.),(0.,1.),.PIECEWISE_BEZIER_KNOTS.);
#66=B_SPLINE_SURFACE_WITH_KNOTS('',3,1,((#9548,#9549),(#9550,#9551),(#9552,
#9553),(#9554,#9555)),.SURF_OF_LINEAR_EXTRUSION.,.F.,.F.,.F.,(4,4),(2,2),
(0.,1.),(0.,1.),.PIECEWISE_BEZIER_KNOTS.);
#67=B_SPLINE_SURFACE_WITH_KNOTS('',3,1,((#9597,#9598),(#9599,#9600),(#9601,
#9602),(#9603,#9604)),.SURF_OF_LINEAR_EXTRUSION.,.F.,.F.,.F.,(4,4),(2,2),
(0.,1.),(0.,1.),.PIECEWISE_BEZIER_KNOTS.);
#68=B_SPLINE_SURFACE_WITH_KNOTS('',3,1,((#10332,#10333),(#10334,#10335),
(#10336,#10337),(#10338,#10339)),.SURF_OF_LINEAR_EXTRUSION.,.F.,.F.,.F.,
(4,4),(2,2),(0.,1.),(0.,1.),.PIECEWISE_BEZIER_KNOTS.);
#69=B_SPLINE_SURFACE_WITH_KNOTS('',3,1,((#10354,#10355),(#10356,#10357),
(#10358,#10359),(#10360,#10361)),.SURF_OF_LINEAR_EXTRUSION.,.F.,.F.,.F.,
(4,4),(2,2),(0.,1.),(0.,1.),.PIECEWISE_BEZIER_KNOTS.);
#70=B_SPLINE_SURFACE_WITH_KNOTS('',3,1,((#10373,#10374),(#10375,#10376),
(#10377,#10378),(#10379,#10380)),.SURF_OF_LINEAR_EXTRUSION.,.F.,.F.,.F.,
(4,4),(2,2),(0.,1.),(0.,1.),.PIECEWISE_BEZIER_KNOTS.);
#71=B_SPLINE_SURFACE_WITH_KNOTS('',3,1,((#10399,#10400),(#10401,#10402),
(#10403,#10404),(#10405,#10406)),.SURF_OF_LINEAR_EXTRUSION.,.F.,.F.,.F.,
(4,4),(2,2),(0.,1.),(0.,1.),.PIECEWISE_BEZIER_KNOTS.);
#72=B_SPLINE_SURFACE_WITH_KNOTS('',3,1,((#10417,#10418),(#10419,#10420),
(#10421,#10422),(#10423,#10424)),.SURF_OF_LINEAR_EXTRUSION.,.F.,.F.,.F.,
(4,4),(2,2),(0.,1.),(0.,1.),.PIECEWISE_BEZIER_KNOTS.);
#73=B_SPLINE_SURFACE_WITH_KNOTS('',3,1,((#10435,#10436),(#10437,#10438),
(#10439,#10440),(#10441,#10442)),.SURF_OF_LINEAR_EXTRUSION.,.F.,.F.,.F.,
(4,4),(2,2),(0.,1.),(0.,1.),.PIECEWISE_BEZIER_KNOTS.);
#74=B_SPLINE_SURFACE_WITH_KNOTS('',3,1,((#10449,#10450),(#10451,#10452),
(#10453,#10454),(#10455,#10456)),.SURF_OF_LINEAR_EXTRUSION.,.F.,.F.,.F.,
(4,4),(2,2),(0.,1.),(0.,1.),.PIECEWISE_BEZIER_KNOTS.);
#75=B_SPLINE_SURFACE_WITH_KNOTS('',3,1,((#10468,#10469),(#10470,#10471),
(#10472,#10473),(#10474,#10475)),.SURF_OF_LINEAR_EXTRUSION.,.F.,.F.,.F.,
(4,4),(2,2),(0.,1.),(0.,1.),.PIECEWISE_BEZIER_KNOTS.);
#76=B_SPLINE_SURFACE_WITH_KNOTS('',3,1,((#10486,#10487),(#10488,#10489),
(#10490,#10491),(#10492,#10493)),.SURF_OF_LINEAR_EXTRUSION.,.F.,.F.,.F.,
(4,4),(2,2),(0.,1.),(0.,1.),.PIECEWISE_BEZIER_KNOTS.);
#77=B_SPLINE_SURFACE_WITH_KNOTS('',3,1,((#10504,#10505),(#10506,#10507),
(#10508,#10509),(#10510,#10511)),.SURF_OF_LINEAR_EXTRUSION.,.F.,.F.,.F.,
(4,4),(2,2),(0.,1.),(0.,1.),.PIECEWISE_BEZIER_KNOTS.);
#78=B_SPLINE_SURFACE_WITH_KNOTS('',3,1,((#10522,#10523),(#10524,#10525),
(#10526,#10527),(#10528,#10529)),.SURF_OF_LINEAR_EXTRUSION.,.F.,.F.,.F.,
(4,4),(2,2),(0.,1.),(0.,1.),.PIECEWISE_BEZIER_KNOTS.);
#79=B_SPLINE_SURFACE_WITH_KNOTS('',3,1,((#10541,#10542),(#10543,#10544),
(#10545,#10546),(#10547,#10548)),.SURF_OF_LINEAR_EXTRUSION.,.F.,.F.,.F.,
(4,4),(2,2),(0.,1.),(0.,1.),.PIECEWISE_BEZIER_KNOTS.);
#80=B_SPLINE_SURFACE_WITH_KNOTS('',3,1,((#10575,#10576),(#10577,#10578),
(#10579,#10580),(#10581,#10582)),.SURF_OF_LINEAR_EXTRUSION.,.F.,.F.,.F.,
(4,4),(2,2),(0.,1.),(0.,1.),.PIECEWISE_BEZIER_KNOTS.);
#81=B_SPLINE_SURFACE_WITH_KNOTS('',3,1,((#10589,#10590),(#10591,#10592),
(#10593,#10594),(#10595,#10596)),.SURF_OF_LINEAR_EXTRUSION.,.F.,.F.,.F.,
(4,4),(2,2),(0.,1.),(0.,1.),.PIECEWISE_BEZIER_KNOTS.);
#82=B_SPLINE_SURFACE_WITH_KNOTS('',3,1,((#10607,#10608),(#10609,#10610),
(#10611,#10612),(#10613,#10614)),.SURF_OF_LINEAR_EXTRUSION.,.F.,.F.,.F.,
(4,4),(2,2),(0.,1.),(0.,1.),.PIECEWISE_BEZIER_KNOTS.);
#83=B_SPLINE_SURFACE_WITH_KNOTS('',3,1,((#10621,#10622),(#10623,#10624),
(#10625,#10626),(#10627,#10628)),.SURF_OF_LINEAR_EXTRUSION.,.F.,.F.,.F.,
(4,4),(2,2),(0.,1.),(0.,1.),.PIECEWISE_BEZIER_KNOTS.);
#84=B_SPLINE_SURFACE_WITH_KNOTS('',3,1,((#10652,#10653),(#10654,#10655),
(#10656,#10657),(#10658,#10659)),.SURF_OF_LINEAR_EXTRUSION.,.F.,.F.,.F.,
(4,4),(2,2),(0.,1.),(0.,1.),.PIECEWISE_BEZIER_KNOTS.);
#85=B_SPLINE_SURFACE_WITH_KNOTS('',3,1,((#10670,#10671),(#10672,#10673),
(#10674,#10675),(#10676,#10677)),.SURF_OF_LINEAR_EXTRUSION.,.F.,.F.,.F.,
(4,4),(2,2),(0.,1.),(0.,1.),.PIECEWISE_BEZIER_KNOTS.);
#86=B_SPLINE_SURFACE_WITH_KNOTS('',3,1,((#10688,#10689),(#10690,#10691),
(#10692,#10693),(#10694,#10695)),.SURF_OF_LINEAR_EXTRUSION.,.F.,.F.,.F.,
(4,4),(2,2),(0.,1.),(0.,1.),.PIECEWISE_BEZIER_KNOTS.);
#87=B_SPLINE_SURFACE_WITH_KNOTS('',3,1,((#10707,#10708),(#10709,#10710),
(#10711,#10712),(#10713,#10714)),.SURF_OF_LINEAR_EXTRUSION.,.F.,.F.,.F.,
(4,4),(2,2),(0.,1.),(0.,1.),.PIECEWISE_BEZIER_KNOTS.);
#88=B_SPLINE_SURFACE_WITH_KNOTS('',3,1,((#10725,#10726),(#10727,#10728),
(#10729,#10730),(#10731,#10732)),.SURF_OF_LINEAR_EXTRUSION.,.F.,.F.,.F.,
(4,4),(2,2),(0.,1.),(0.,1.),.PIECEWISE_BEZIER_KNOTS.);
#89=B_SPLINE_SURFACE_WITH_KNOTS('',3,1,((#10748,#10749),(#10750,#10751),
(#10752,#10753),(#10754,#10755)),.SURF_OF_LINEAR_EXTRUSION.,.F.,.F.,.F.,
(4,4),(2,2),(0.,1.),(0.,1.),.PIECEWISE_BEZIER_KNOTS.);
#90=B_SPLINE_SURFACE_WITH_KNOTS('',3,1,((#10766,#10767),(#10768,#10769),
(#10770,#10771),(#10772,#10773)),.SURF_OF_LINEAR_EXTRUSION.,.F.,.F.,.F.,
(4,4),(2,2),(0.,1.),(0.,1.),.PIECEWISE_BEZIER_KNOTS.);
#91=B_SPLINE_SURFACE_WITH_KNOTS('',3,1,((#10792,#10793),(#10794,#10795),
(#10796,#10797),(#10798,#10799)),.SURF_OF_LINEAR_EXTRUSION.,.F.,.F.,.F.,
(4,4),(2,2),(0.,1.),(0.,1.),.PIECEWISE_BEZIER_KNOTS.);
#92=B_SPLINE_SURFACE_WITH_KNOTS('',3,1,((#10810,#10811),(#10812,#10813),
(#10814,#10815),(#10816,#10817)),.SURF_OF_LINEAR_EXTRUSION.,.F.,.F.,.F.,
(4,4),(2,2),(0.,1.),(0.,1.),.PIECEWISE_BEZIER_KNOTS.);
#93=B_SPLINE_SURFACE_WITH_KNOTS('',3,1,((#10828,#10829),(#10830,#10831),
(#10832,#10833),(#10834,#10835)),.SURF_OF_LINEAR_EXTRUSION.,.F.,.F.,.F.,
(4,4),(2,2),(0.,1.),(0.,1.),.PIECEWISE_BEZIER_KNOTS.);
#94=B_SPLINE_SURFACE_WITH_KNOTS('',3,1,((#10850,#10851),(#10852,#10853),
(#10854,#10855),(#10856,#10857)),.SURF_OF_LINEAR_EXTRUSION.,.F.,.F.,.F.,
(4,4),(2,2),(0.,1.),(0.,1.),.PIECEWISE_BEZIER_KNOTS.);
#95=B_SPLINE_SURFACE_WITH_KNOTS('',3,1,((#10864,#10865),(#10866,#10867),
(#10868,#10869),(#10870,#10871)),.SURF_OF_LINEAR_EXTRUSION.,.F.,.F.,.F.,
(4,4),(2,2),(0.,1.),(0.,1.),.PIECEWISE_BEZIER_KNOTS.);
#96=B_SPLINE_SURFACE_WITH_KNOTS('',3,1,((#10878,#10879),(#10880,#10881),
(#10882,#10883),(#10884,#10885)),.SURF_OF_LINEAR_EXTRUSION.,.F.,.F.,.F.,
(4,4),(2,2),(0.,1.),(0.,1.),.PIECEWISE_BEZIER_KNOTS.);
#97=B_SPLINE_SURFACE_WITH_KNOTS('',3,1,((#10896,#10897),(#10898,#10899),
(#10900,#10901),(#10902,#10903)),.SURF_OF_LINEAR_EXTRUSION.,.F.,.F.,.F.,
(4,4),(2,2),(0.,1.),(0.,1.),.PIECEWISE_BEZIER_KNOTS.);
#98=B_SPLINE_SURFACE_WITH_KNOTS('',3,1,((#10910,#10911),(#10912,#10913),
(#10914,#10915),(#10916,#10917)),.SURF_OF_LINEAR_EXTRUSION.,.F.,.F.,.F.,
(4,4),(2,2),(0.,1.),(0.,1.),.PIECEWISE_BEZIER_KNOTS.);
#99=B_SPLINE_SURFACE_WITH_KNOTS('',3,1,((#10924,#10925),(#10926,#10927),
(#10928,#10929),(#10930,#10931)),.SURF_OF_LINEAR_EXTRUSION.,.F.,.F.,.F.,
(4,4),(2,2),(0.,1.),(0.,1.),.PIECEWISE_BEZIER_KNOTS.);
#100=B_SPLINE_SURFACE_WITH_KNOTS('',3,1,((#10942,#10943),(#10944,#10945),
(#10946,#10947),(#10948,#10949)),.SURF_OF_LINEAR_EXTRUSION.,.F.,.F.,.F.,
(4,4),(2,2),(0.,1.),(0.,1.),.PIECEWISE_BEZIER_KNOTS.);
#101=B_SPLINE_SURFACE_WITH_KNOTS('',3,1,((#10961,#10962),(#10963,#10964),
(#10965,#10966),(#10967,#10968)),.SURF_OF_LINEAR_EXTRUSION.,.F.,.F.,.F.,
(4,4),(2,2),(0.,1.),(0.,1.),.PIECEWISE_BEZIER_KNOTS.);
#102=B_SPLINE_SURFACE_WITH_KNOTS('',3,1,((#10979,#10980),(#10981,#10982),
(#10983,#10984),(#10985,#10986)),.SURF_OF_LINEAR_EXTRUSION.,.F.,.F.,.F.,
(4,4),(2,2),(0.,1.),(0.,1.),.PIECEWISE_BEZIER_KNOTS.);
#103=OVER_RIDING_STYLED_ITEM('',(#5759),#5475,#5756);
#104=OVER_RIDING_STYLED_ITEM('',(#5760),#5476,#5756);
#105=OVER_RIDING_STYLED_ITEM('',(#5761),#5477,#5756);
#106=OVER_RIDING_STYLED_ITEM('',(#5762),#5478,#5756);
#107=OVER_RIDING_STYLED_ITEM('',(#5763),#5479,#5756);
#108=OVER_RIDING_STYLED_ITEM('',(#5764),#5480,#5756);
#109=OVER_RIDING_STYLED_ITEM('',(#5765),#5481,#5756);
#110=OVER_RIDING_STYLED_ITEM('',(#5766),#5482,#5756);
#111=OVER_RIDING_STYLED_ITEM('',(#5767),#5483,#5756);
#112=OVER_RIDING_STYLED_ITEM('',(#5768),#5484,#5756);
#113=OVER_RIDING_STYLED_ITEM('',(#5769),#5485,#5756);
#114=OVER_RIDING_STYLED_ITEM('',(#5770),#5486,#5756);
#115=OVER_RIDING_STYLED_ITEM('',(#5771),#5487,#5756);
#116=OVER_RIDING_STYLED_ITEM('',(#5772),#5488,#5756);
#117=OVER_RIDING_STYLED_ITEM('',(#5773),#5489,#5756);
#118=OVER_RIDING_STYLED_ITEM('',(#5774),#5490,#5756);
#119=OVER_RIDING_STYLED_ITEM('',(#5775),#5491,#5756);
#120=OVER_RIDING_STYLED_ITEM('',(#5776),#5492,#5756);
#121=OVER_RIDING_STYLED_ITEM('',(#5777),#5493,#5756);
#122=OVER_RIDING_STYLED_ITEM('',(#5778),#5494,#5756);
#123=OVER_RIDING_STYLED_ITEM('',(#5779),#5495,#5756);
#124=OVER_RIDING_STYLED_ITEM('',(#5780),#5496,#5756);
#125=OVER_RIDING_STYLED_ITEM('',(#5781),#5497,#5756);
#126=OVER_RIDING_STYLED_ITEM('',(#5782),#5498,#5756);
#127=OVER_RIDING_STYLED_ITEM('',(#5783),#5499,#5756);
#128=OVER_RIDING_STYLED_ITEM('',(#5784),#5501,#5756);
#129=OVER_RIDING_STYLED_ITEM('',(#5785),#5502,#5756);
#130=OVER_RIDING_STYLED_ITEM('',(#5786),#5503,#5756);
#131=OVER_RIDING_STYLED_ITEM('',(#5787),#5504,#5756);
#132=OVER_RIDING_STYLED_ITEM('',(#5788),#5505,#5756);
#133=OVER_RIDING_STYLED_ITEM('',(#5789),#5506,#5756);
#134=OVER_RIDING_STYLED_ITEM('',(#5790),#5507,#5756);
#135=OVER_RIDING_STYLED_ITEM('',(#5791),#5508,#5756);
#136=OVER_RIDING_STYLED_ITEM('',(#5792),#5509,#5756);
#137=OVER_RIDING_STYLED_ITEM('',(#5793),#5510,#5756);
#138=OVER_RIDING_STYLED_ITEM('',(#5794),#5511,#5756);
#139=OVER_RIDING_STYLED_ITEM('',(#5795),#5512,#5756);
#140=OVER_RIDING_STYLED_ITEM('',(#5796),#5513,#5756);
#141=OVER_RIDING_STYLED_ITEM('',(#5797),#5514,#5756);
#142=OVER_RIDING_STYLED_ITEM('',(#5798),#5515,#5756);
#143=OVER_RIDING_STYLED_ITEM('',(#5799),#5516,#5756);
#144=OVER_RIDING_STYLED_ITEM('',(#5800),#5517,#5756);
#145=OVER_RIDING_STYLED_ITEM('',(#5801),#5518,#5756);
#146=OVER_RIDING_STYLED_ITEM('',(#5802),#5519,#5756);
#147=OVER_RIDING_STYLED_ITEM('',(#5803),#5520,#5756);
#148=OVER_RIDING_STYLED_ITEM('',(#5804),#5521,#5756);
#149=OVER_RIDING_STYLED_ITEM('',(#5805),#5522,#5756);
#150=OVER_RIDING_STYLED_ITEM('',(#5806),#5523,#5756);
#151=OVER_RIDING_STYLED_ITEM('',(#5807),#5524,#5756);
#152=OVER_RIDING_STYLED_ITEM('',(#5808),#5525,#5756);
#153=OVER_RIDING_STYLED_ITEM('',(#5809),#5526,#5756);
#154=OVER_RIDING_STYLED_ITEM('',(#5810),#5527,#5756);
#155=OVER_RIDING_STYLED_ITEM('',(#5811),#5528,#5756);
#156=OVER_RIDING_STYLED_ITEM('',(#5812),#5529,#5756);
#157=OVER_RIDING_STYLED_ITEM('',(#5813),#5530,#5756);
#158=OVER_RIDING_STYLED_ITEM('',(#5814),#5531,#5756);
#159=OVER_RIDING_STYLED_ITEM('',(#5815),#5532,#5756);
#160=OVER_RIDING_STYLED_ITEM('',(#5816),#5533,#5756);
#161=OVER_RIDING_STYLED_ITEM('',(#5817),#5534,#5756);
#162=OVER_RIDING_STYLED_ITEM('',(#5818),#5535,#5756);
#163=OVER_RIDING_STYLED_ITEM('',(#5819),#5536,#5756);
#164=OVER_RIDING_STYLED_ITEM('',(#5820),#5537,#5756);
#165=OVER_RIDING_STYLED_ITEM('',(#5821),#5538,#5756);
#166=OVER_RIDING_STYLED_ITEM('',(#5822),#5539,#5756);
#167=OVER_RIDING_STYLED_ITEM('',(#5823),#5540,#5756);
#168=OVER_RIDING_STYLED_ITEM('',(#5824),#5541,#5756);
#169=OVER_RIDING_STYLED_ITEM('',(#5825),#5542,#5756);
#170=OVER_RIDING_STYLED_ITEM('',(#5826),#5543,#5756);
#171=OVER_RIDING_STYLED_ITEM('',(#5827),#5544,#5756);
#172=OVER_RIDING_STYLED_ITEM('',(#5828),#5545,#5756);
#173=OVER_RIDING_STYLED_ITEM('',(#5829),#5546,#5756);
#174=OVER_RIDING_STYLED_ITEM('',(#5830),#5547,#5756);
#175=OVER_RIDING_STYLED_ITEM('',(#5831),#5548,#5756);
#176=OVER_RIDING_STYLED_ITEM('',(#5832),#5549,#5756);
#177=OVER_RIDING_STYLED_ITEM('',(#5833),#5550,#5756);
#178=OVER_RIDING_STYLED_ITEM('',(#5834),#5551,#5756);
#179=OVER_RIDING_STYLED_ITEM('',(#5835),#5552,#5756);
#180=OVER_RIDING_STYLED_ITEM('',(#5836),#5553,#5756);
#181=OVER_RIDING_STYLED_ITEM('',(#5837),#5554,#5756);
#182=OVER_RIDING_STYLED_ITEM('',(#5838),#5555,#5756);
#183=OVER_RIDING_STYLED_ITEM('',(#5839),#5556,#5756);
#184=OVER_RIDING_STYLED_ITEM('',(#5840),#5557,#5756);
#185=OVER_RIDING_STYLED_ITEM('',(#5841),#5558,#5756);
#186=OVER_RIDING_STYLED_ITEM('',(#5842),#5559,#5756);
#187=OVER_RIDING_STYLED_ITEM('',(#5843),#5560,#5756);
#188=OVER_RIDING_STYLED_ITEM('',(#5844),#5561,#5756);
#189=OVER_RIDING_STYLED_ITEM('',(#5845),#5562,#5756);
#190=OVER_RIDING_STYLED_ITEM('',(#5846),#5563,#5756);
#191=OVER_RIDING_STYLED_ITEM('',(#5847),#5564,#5756);
#192=OVER_RIDING_STYLED_ITEM('',(#5848),#5565,#5756);
#193=OVER_RIDING_STYLED_ITEM('',(#5849),#5566,#5756);
#194=OVER_RIDING_STYLED_ITEM('',(#5850),#5567,#5756);
#195=OVER_RIDING_STYLED_ITEM('',(#5851),#5568,#5756);
#196=OVER_RIDING_STYLED_ITEM('',(#5852),#5569,#5756);
#197=OVER_RIDING_STYLED_ITEM('',(#5853),#5570,#5756);
#198=OVER_RIDING_STYLED_ITEM('',(#5854),#5571,#5756);
#199=OVER_RIDING_STYLED_ITEM('',(#5855),#5572,#5756);
#200=OVER_RIDING_STYLED_ITEM('',(#5856),#5573,#5756);
#201=OVER_RIDING_STYLED_ITEM('',(#5857),#5574,#5756);
#202=OVER_RIDING_STYLED_ITEM('',(#5858),#5575,#5756);
#203=OVER_RIDING_STYLED_ITEM('',(#5859),#5576,#5756);
#204=OVER_RIDING_STYLED_ITEM('',(#5860),#5577,#5756);
#205=OVER_RIDING_STYLED_ITEM('',(#5861),#5578,#5756);
#206=OVER_RIDING_STYLED_ITEM('',(#5862),#5579,#5756);
#207=OVER_RIDING_STYLED_ITEM('',(#5863),#5580,#5756);
#208=OVER_RIDING_STYLED_ITEM('',(#5864),#5581,#5756);
#209=OVER_RIDING_STYLED_ITEM('',(#5865),#5582,#5756);
#210=OVER_RIDING_STYLED_ITEM('',(#5866),#5583,#5756);
#211=OVER_RIDING_STYLED_ITEM('',(#5867),#5584,#5756);
#212=OVER_RIDING_STYLED_ITEM('',(#5868),#5585,#5756);
#213=OVER_RIDING_STYLED_ITEM('',(#5869),#5586,#5756);
#214=OVER_RIDING_STYLED_ITEM('',(#5870),#5587,#5756);
#215=OVER_RIDING_STYLED_ITEM('',(#5871),#5588,#5756);
#216=OVER_RIDING_STYLED_ITEM('',(#5872),#5589,#5756);
#217=OVER_RIDING_STYLED_ITEM('',(#5873),#5590,#5756);
#218=OVER_RIDING_STYLED_ITEM('',(#5874),#5591,#5756);
#219=OVER_RIDING_STYLED_ITEM('',(#5875),#5592,#5756);
#220=OVER_RIDING_STYLED_ITEM('',(#5876),#5593,#5756);
#221=OVER_RIDING_STYLED_ITEM('',(#5877),#5594,#5756);
#222=OVER_RIDING_STYLED_ITEM('',(#5878),#5595,#5756);
#223=OVER_RIDING_STYLED_ITEM('',(#5879),#5596,#5756);
#224=OVER_RIDING_STYLED_ITEM('',(#5880),#5597,#5756);
#225=OVER_RIDING_STYLED_ITEM('',(#5881),#5598,#5756);
#226=OVER_RIDING_STYLED_ITEM('',(#5882),#5599,#5756);
#227=OVER_RIDING_STYLED_ITEM('',(#5883),#5600,#5756);
#228=OVER_RIDING_STYLED_ITEM('',(#5885),#5668,#5757);
#229=OVER_RIDING_STYLED_ITEM('',(#5886),#5669,#5757);
#230=OVER_RIDING_STYLED_ITEM('',(#5887),#5670,#5757);
#231=OVER_RIDING_STYLED_ITEM('',(#5888),#5671,#5757);
#232=OVER_RIDING_STYLED_ITEM('',(#5889),#5672,#5757);
#233=OVER_RIDING_STYLED_ITEM('',(#5890),#5673,#5757);
#234=OVER_RIDING_STYLED_ITEM('',(#5891),#5674,#5757);
#235=OVER_RIDING_STYLED_ITEM('',(#5892),#5675,#5757);
#236=OVER_RIDING_STYLED_ITEM('',(#5893),#5676,#5757);
#237=OVER_RIDING_STYLED_ITEM('',(#5894),#5677,#5757);
#238=OVER_RIDING_STYLED_ITEM('',(#5895),#5678,#5757);
#239=OVER_RIDING_STYLED_ITEM('',(#5896),#5679,#5757);
#240=OVER_RIDING_STYLED_ITEM('',(#5897),#5680,#5757);
#241=OVER_RIDING_STYLED_ITEM('',(#5898),#5681,#5757);
#242=OVER_RIDING_STYLED_ITEM('',(#5899),#5682,#5757);
#243=OVER_RIDING_STYLED_ITEM('',(#5900),#5683,#5757);
#244=OVER_RIDING_STYLED_ITEM('',(#5901),#5684,#5757);
#245=OVER_RIDING_STYLED_ITEM('',(#5902),#5685,#5757);
#246=OVER_RIDING_STYLED_ITEM('',(#5903),#5686,#5757);
#247=OVER_RIDING_STYLED_ITEM('',(#5904),#5687,#5757);
#248=OVER_RIDING_STYLED_ITEM('',(#5905),#5688,#5757);
#249=OVER_RIDING_STYLED_ITEM('',(#5906),#5689,#5757);
#250=OVER_RIDING_STYLED_ITEM('',(#5907),#5690,#5757);
#251=OVER_RIDING_STYLED_ITEM('',(#5908),#5691,#5757);
#252=OVER_RIDING_STYLED_ITEM('',(#5909),#5692,#5757);
#253=OVER_RIDING_STYLED_ITEM('',(#5910),#5693,#5757);
#254=OVER_RIDING_STYLED_ITEM('',(#5911),#5694,#5757);
#255=OVER_RIDING_STYLED_ITEM('',(#5912),#5695,#5757);
#256=OVER_RIDING_STYLED_ITEM('',(#5913),#5696,#5757);
#257=OVER_RIDING_STYLED_ITEM('',(#5914),#5697,#5757);
#258=OVER_RIDING_STYLED_ITEM('',(#5915),#5698,#5757);
#259=OVER_RIDING_STYLED_ITEM('',(#5916),#5699,#5757);
#260=OVER_RIDING_STYLED_ITEM('',(#5917),#5700,#5757);
#261=OVER_RIDING_STYLED_ITEM('',(#5918),#5701,#5757);
#262=OVER_RIDING_STYLED_ITEM('',(#5919),#5702,#5757);
#263=OVER_RIDING_STYLED_ITEM('',(#5920),#5703,#5757);
#264=OVER_RIDING_STYLED_ITEM('',(#5921),#5704,#5757);
#265=OVER_RIDING_STYLED_ITEM('',(#5922),#5705,#5757);
#266=OVER_RIDING_STYLED_ITEM('',(#5923),#5706,#5757);
#267=OVER_RIDING_STYLED_ITEM('',(#5924),#5707,#5757);
#268=OVER_RIDING_STYLED_ITEM('',(#5925),#5708,#5757);
#269=OVER_RIDING_STYLED_ITEM('',(#5926),#5709,#5757);
#270=OVER_RIDING_STYLED_ITEM('',(#5927),#5710,#5757);
#271=OVER_RIDING_STYLED_ITEM('',(#5928),#5711,#5757);
#272=OVER_RIDING_STYLED_ITEM('',(#5929),#5712,#5757);
#273=OVER_RIDING_STYLED_ITEM('',(#5930),#5713,#5757);
#274=OVER_RIDING_STYLED_ITEM('',(#5931),#5714,#5757);
#275=OVER_RIDING_STYLED_ITEM('',(#5932),#5715,#5757);
#276=OVER_RIDING_STYLED_ITEM('',(#5933),#5716,#5757);
#277=OVER_RIDING_STYLED_ITEM('',(#5934),#5717,#5757);
#278=OVER_RIDING_STYLED_ITEM('',(#5935),#5718,#5757);
#279=OVER_RIDING_STYLED_ITEM('',(#5936),#5719,#5757);
#280=OVER_RIDING_STYLED_ITEM('',(#5937),#5720,#5757);
#281=OVER_RIDING_STYLED_ITEM('',(#5938),#5721,#5757);
#282=OVER_RIDING_STYLED_ITEM('',(#5939),#5722,#5757);
#283=OVER_RIDING_STYLED_ITEM('',(#5940),#5723,#5757);
#284=OVER_RIDING_STYLED_ITEM('',(#5941),#5724,#5757);
#285=OVER_RIDING_STYLED_ITEM('',(#5942),#5725,#5757);
#286=OVER_RIDING_STYLED_ITEM('',(#5943),#5726,#5757);
#287=OVER_RIDING_STYLED_ITEM('',(#5944),#5727,#5757);
#288=OVER_RIDING_STYLED_ITEM('',(#5945),#5728,#5757);
#289=OVER_RIDING_STYLED_ITEM('',(#5946),#5729,#5757);
#290=OVER_RIDING_STYLED_ITEM('',(#5947),#5730,#5757);
#291=OVER_RIDING_STYLED_ITEM('',(#5948),#5731,#5757);
#292=OVER_RIDING_STYLED_ITEM('',(#5949),#5732,#5757);
#293=OVER_RIDING_STYLED_ITEM('',(#5950),#5733,#5757);
#294=OVER_RIDING_STYLED_ITEM('',(#5951),#5734,#5757);
#295=OVER_RIDING_STYLED_ITEM('',(#5952),#5735,#5757);
#296=OVER_RIDING_STYLED_ITEM('',(#5953),#5736,#5757);
#297=OVER_RIDING_STYLED_ITEM('',(#5954),#5737,#5757);
#298=OVER_RIDING_STYLED_ITEM('',(#5955),#5738,#5757);
#299=OVER_RIDING_STYLED_ITEM('',(#5956),#5739,#5757);
#300=OVER_RIDING_STYLED_ITEM('',(#5957),#5740,#5757);
#301=OVER_RIDING_STYLED_ITEM('',(#5958),#5741,#5757);
#302=OVER_RIDING_STYLED_ITEM('',(#5959),#5742,#5757);
#303=OVER_RIDING_STYLED_ITEM('',(#5960),#5743,#5757);
#304=OVER_RIDING_STYLED_ITEM('',(#5961),#5744,#5757);
#305=OVER_RIDING_STYLED_ITEM('',(#5962),#5745,#5757);
#306=OVER_RIDING_STYLED_ITEM('',(#5963),#5746,#5757);
#307=OVER_RIDING_STYLED_ITEM('',(#5964),#5747,#5757);
#308=OVER_RIDING_STYLED_ITEM('',(#5965),#5748,#5757);
#309=OVER_RIDING_STYLED_ITEM('',(#5966),#5749,#5757);
#310=OVER_RIDING_STYLED_ITEM('',(#5967),#5750,#5757);
#311=OVER_RIDING_STYLED_ITEM('',(#5968),#5751,#5757);
#312=OVER_RIDING_STYLED_ITEM('',(#5969),#5752,#5757);
#313=OVER_RIDING_STYLED_ITEM('',(#5970),#5753,#5757);
#314=CYLINDRICAL_SURFACE('',#7054,0.0016);
#315=CYLINDRICAL_SURFACE('',#7056,0.0016);
#316=CYLINDRICAL_SURFACE('',#7118,0.0327966245616563);
#317=CYLINDRICAL_SURFACE('',#7165,0.00159838528037072);
#318=CYLINDRICAL_SURFACE('',#7176,0.00159838528037072);
#319=CYLINDRICAL_SURFACE('',#7179,0.0016);
#320=CYLINDRICAL_SURFACE('',#7186,0.00160637075196371);
#321=CYLINDRICAL_SURFACE('',#7191,0.0016);
#322=CYLINDRICAL_SURFACE('',#7194,0.0016);
#323=CYLINDRICAL_SURFACE('',#7224,0.00747313938587685);
#324=CYLINDRICAL_SURFACE('',#7226,0.00529996754849108);
#325=CYLINDRICAL_SURFACE('',#7232,0.0105456856658951);
#326=CYLINDRICAL_SURFACE('',#7245,0.0182742471519443);
#327=CYLINDRICAL_SURFACE('',#7248,0.0181875719331905);
#328=CYLINDRICAL_SURFACE('',#7252,0.00517777630930716);
#329=CYLINDRICAL_SURFACE('',#7256,0.0233159179772692);
#330=CYLINDRICAL_SURFACE('',#7270,0.0150045961417629);
#331=CIRCLE('',#7046,0.0016);
#332=CIRCLE('',#7047,0.0016);
#333=CIRCLE('',#7055,0.0016);
#334=CIRCLE('',#7057,0.0016);
#335=CIRCLE('',#7119,0.0327966245616563);
#336=CIRCLE('',#7120,0.0327966245616563);
#337=CIRCLE('',#7139,0.00529996754849108);
#338=CIRCLE('',#7140,0.00747313938587685);
#339=CIRCLE('',#7141,0.0105456856658951);
#340=CIRCLE('',#7142,0.00517777630930716);
#341=CIRCLE('',#7143,0.0181875719331905);
#342=CIRCLE('',#7144,0.0182742471519443);
#343=CIRCLE('',#7145,0.0233159179772692);
#344=CIRCLE('',#7146,0.0150045961417629);
#345=CIRCLE('',#7156,0.0016);
#346=CIRCLE('',#7157,0.0016);
#347=CIRCLE('',#7166,0.00159838528037072);
#348=CIRCLE('',#7167,0.00159838528037072);
#349=CIRCLE('',#7172,0.00159838528037072);
#350=CIRCLE('',#7174,0.00159838528037072);
#351=CIRCLE('',#7180,0.0016);
#352=CIRCLE('',#7181,0.0016);
#353=CIRCLE('',#7187,0.00160637075196371);
#354=CIRCLE('',#7188,0.00160637075196371);
#355=CIRCLE('',#7192,0.0016);
#356=CIRCLE('',#7195,0.0016);
#357=CIRCLE('',#7225,0.00747313938587685);
#358=CIRCLE('',#7227,0.00529996754849108);
#359=CIRCLE('',#7233,0.0105456856658951);
#360=CIRCLE('',#7246,0.0182742471519443);
#361=CIRCLE('',#7249,0.0181875719331905);
#362=CIRCLE('',#7253,0.00517777630930716);
#363=CIRCLE('',#7257,0.0233159179772692);
#364=CIRCLE('',#7271,0.0150045961417629);
#365=LINE('',#8344,#940);
#366=LINE('',#8378,#941);
#367=LINE('',#8399,#942);
#368=LINE('',#8402,#943);
#369=LINE('',#8404,#944);
#370=LINE('',#8406,#945);
#371=LINE('',#8408,#946);
#372=LINE('',#8410,#947);
#373=LINE('',#8412,#948);
#374=LINE('',#8414,#949);
#375=LINE('',#8416,#950);
#376=LINE('',#8418,#951);
#377=LINE('',#8420,#952);
#378=LINE('',#8422,#953);
#379=LINE('',#8432,#954);
#380=LINE('',#8466,#955);
#381=LINE('',#8487,#956);
#382=LINE('',#8490,#957);
#383=LINE('',#8492,#958);
#384=LINE('',#8494,#959);
#385=LINE('',#8496,#960);
#386=LINE('',#8498,#961);
#387=LINE('',#8512,#962);
#388=LINE('',#8514,#963);
#389=LINE('',#8516,#964);
#390=LINE('',#8534,#965);
#391=LINE('',#8536,#966);
#392=LINE('',#8538,#967);
#393=LINE('',#8556,#968);
#394=LINE('',#8558,#969);
#395=LINE('',#8560,#970);
#396=LINE('',#8581,#971);
#397=LINE('',#8584,#972);
#398=LINE('',#8586,#973);
#399=LINE('',#8588,#974);
#400=LINE('',#8593,#975);
#401=LINE('',#8596,#976);
#402=LINE('',#8598,#977);
#403=LINE('',#8600,#978);
#404=LINE('',#8601,#979);
#405=LINE('',#8604,#980);
#406=LINE('',#8606,#981);
#407=LINE('',#8608,#982);
#408=LINE('',#8610,#983);
#409=LINE('',#8612,#984);
#410=LINE('',#8614,#985);
#411=LINE('',#8616,#986);
#412=LINE('',#8617,#987);
#413=LINE('',#8620,#988);
#414=LINE('',#8622,#989);
#415=LINE('',#8624,#990);
#416=LINE('',#8626,#991);
#417=LINE('',#8628,#992);
#418=LINE('',#8630,#993);
#419=LINE('',#8632,#994);
#420=LINE('',#8634,#995);
#421=LINE('',#8636,#996);
#422=LINE('',#8638,#997);
#423=LINE('',#8640,#998);
#424=LINE('',#8642,#999);
#425=LINE('',#8645,#1000);
#426=LINE('',#8646,#1001);
#427=LINE('',#8648,#1002);
#428=LINE('',#8650,#1003);
#429=LINE('',#8652,#1004);
#430=LINE('',#8654,#1005);
#431=LINE('',#8656,#1006);
#432=LINE('',#8659,#1007);
#433=LINE('',#8660,#1008);
#434=LINE('',#8662,#1009);
#435=LINE('',#8664,#1010);
#436=LINE('',#8666,#1011);
#437=LINE('',#8668,#1012);
#438=LINE('',#8676,#1013);
#439=LINE('',#8678,#1014);
#440=LINE('',#8693,#1015);
#441=LINE('',#8699,#1016);
#442=LINE('',#8712,#1017);
#443=LINE('',#8729,#1018);
#444=LINE('',#8735,#1019);
#445=LINE('',#8737,#1020);
#446=LINE('',#8739,#1021);
#447=LINE('',#8741,#1022);
#448=LINE('',#8743,#1023);
#449=LINE('',#8745,#1024);
#450=LINE('',#8759,#1025);
#451=LINE('',#8765,#1026);
#452=LINE('',#8778,#1027);
#453=LINE('',#8795,#1028);
#454=LINE('',#8801,#1029);
#455=LINE('',#8803,#1030);
#456=LINE('',#8805,#1031);
#457=LINE('',#8807,#1032);
#458=LINE('',#8809,#1033);
#459=LINE('',#8811,#1034);
#460=LINE('',#8813,#1035);
#461=LINE('',#8815,#1036);
#462=LINE('',#8817,#1037);
#463=LINE('',#8826,#1038);
#464=LINE('',#8832,#1039);
#465=LINE('',#8841,#1040);
#466=LINE('',#8854,#1041);
#467=LINE('',#8867,#1042);
#468=LINE('',#8880,#1043);
#469=LINE('',#8893,#1044);
#470=LINE('',#8906,#1045);
#471=LINE('',#8912,#1046);
#472=LINE('',#8914,#1047);
#473=LINE('',#8916,#1048);
#474=LINE('',#8918,#1049);
#475=LINE('',#8920,#1050);
#476=LINE('',#8922,#1051);
#477=LINE('',#8949,#1052);
#478=LINE('',#8950,#1053);
#479=LINE('',#8961,#1054);
#480=LINE('',#8967,#1055);
#481=LINE('',#8976,#1056);
#482=LINE('',#8989,#1057);
#483=LINE('',#8995,#1058);
#484=LINE('',#8997,#1059);
#485=LINE('',#8999,#1060);
#486=LINE('',#9001,#1061);
#487=LINE('',#9003,#1062);
#488=LINE('',#9005,#1063);
#489=LINE('',#9014,#1064);
#490=LINE('',#9027,#1065);
#491=LINE('',#9040,#1066);
#492=LINE('',#9053,#1067);
#493=LINE('',#9059,#1068);
#494=LINE('',#9061,#1069);
#495=LINE('',#9063,#1070);
#496=LINE('',#9065,#1071);
#497=LINE('',#9067,#1072);
#498=LINE('',#9069,#1073);
#499=LINE('',#9083,#1074);
#500=LINE('',#9085,#1075);
#501=LINE('',#9087,#1076);
#502=LINE('',#9089,#1077);
#503=LINE('',#9091,#1078);
#504=LINE('',#9093,#1079);
#505=LINE('',#9095,#1080);
#506=LINE('',#9097,#1081);
#507=LINE('',#9099,#1082);
#508=LINE('',#9101,#1083);
#509=LINE('',#9103,#1084);
#510=LINE('',#9105,#1085);
#511=LINE('',#9115,#1086);
#512=LINE('',#9121,#1087);
#513=LINE('',#9130,#1088);
#514=LINE('',#9143,#1089);
#515=LINE('',#9156,#1090);
#516=LINE('',#9169,#1091);
#517=LINE('',#9182,#1092);
#518=LINE('',#9195,#1093);
#519=LINE('',#9201,#1094);
#520=LINE('',#9203,#1095);
#521=LINE('',#9212,#1096);
#522=LINE('',#9225,#1097);
#523=LINE('',#9238,#1098);
#524=LINE('',#9251,#1099);
#525=LINE('',#9264,#1100);
#526=LINE('',#9277,#1101);
#527=LINE('',#9290,#1102);
#528=LINE('',#9303,#1103);
#529=LINE('',#9309,#1104);
#530=LINE('',#9312,#1105);
#531=LINE('',#9314,#1106);
#532=LINE('',#9316,#1107);
#533=LINE('',#9318,#1108);
#534=LINE('',#9320,#1109);
#535=LINE('',#9322,#1110);
#536=LINE('',#9324,#1111);
#537=LINE('',#9326,#1112);
#538=LINE('',#9328,#1113);
#539=LINE('',#9330,#1114);
#540=LINE('',#9332,#1115);
#541=LINE('',#9334,#1116);
#542=LINE('',#9336,#1117);
#543=LINE('',#9338,#1118);
#544=LINE('',#9340,#1119);
#545=LINE('',#9342,#1120);
#546=LINE('',#9344,#1121);
#547=LINE('',#9346,#1122);
#548=LINE('',#9348,#1123);
#549=LINE('',#9350,#1124);
#550=LINE('',#9352,#1125);
#551=LINE('',#9354,#1126);
#552=LINE('',#9356,#1127);
#553=LINE('',#9358,#1128);
#554=LINE('',#9368,#1129);
#555=LINE('',#9374,#1130);
#556=LINE('',#9383,#1131);
#557=LINE('',#9396,#1132);
#558=LINE('',#9409,#1133);
#559=LINE('',#9422,#1134);
#560=LINE('',#9435,#1135);
#561=LINE('',#9448,#1136);
#562=LINE('',#9454,#1137);
#563=LINE('',#9456,#1138);
#564=LINE('',#9465,#1139);
#565=LINE('',#9478,#1140);
#566=LINE('',#9491,#1141);
#567=LINE('',#9504,#1142);
#568=LINE('',#9517,#1143);
#569=LINE('',#9530,#1144);
#570=LINE('',#9543,#1145);
#571=LINE('',#9556,#1146);
#572=LINE('',#9562,#1147);
#573=LINE('',#9565,#1148);
#574=LINE('',#9568,#1149);
#575=LINE('',#9570,#1150);
#576=LINE('',#9572,#1151);
#577=LINE('',#9574,#1152);
#578=LINE('',#9576,#1153);
#579=LINE('',#9578,#1154);
#580=LINE('',#9580,#1155);
#581=LINE('',#9582,#1156);
#582=LINE('',#9584,#1157);
#583=LINE('',#9586,#1158);
#584=LINE('',#9588,#1159);
#585=LINE('',#9590,#1160);
#586=LINE('',#9592,#1161);
#587=LINE('',#9594,#1162);
#588=LINE('',#9596,#1163);
#589=LINE('',#9609,#1164);
#590=LINE('',#9615,#1165);
#591=LINE('',#9617,#1166);
#592=LINE('',#9619,#1167);
#593=LINE('',#9621,#1168);
#594=LINE('',#9623,#1169);
#595=LINE('',#9625,#1170);
#596=LINE('',#9627,#1171);
#597=LINE('',#9629,#1172);
#598=LINE('',#9631,#1173);
#599=LINE('',#9633,#1174);
#600=LINE('',#9635,#1175);
#601=LINE('',#9637,#1176);
#602=LINE('',#9639,#1177);
#603=LINE('',#9641,#1178);
#604=LINE('',#9643,#1179);
#605=LINE('',#9645,#1180);
#606=LINE('',#9651,#1181);
#607=LINE('',#9653,#1182);
#608=LINE('',#9655,#1183);
#609=LINE('',#9657,#1184);
#610=LINE('',#9659,#1185);
#611=LINE('',#9661,#1186);
#612=LINE('',#9663,#1187);
#613=LINE('',#9665,#1188);
#614=LINE('',#9667,#1189);
#615=LINE('',#9669,#1190);
#616=LINE('',#9671,#1191);
#617=LINE('',#9673,#1192);
#618=LINE('',#9675,#1193);
#619=LINE('',#9677,#1194);
#620=LINE('',#9679,#1195);
#621=LINE('',#9681,#1196);
#622=LINE('',#9683,#1197);
#623=LINE('',#9685,#1198);
#624=LINE('',#9687,#1199);
#625=LINE('',#9689,#1200);
#626=LINE('',#9691,#1201);
#627=LINE('',#9693,#1202);
#628=LINE('',#9695,#1203);
#629=LINE('',#9697,#1204);
#630=LINE('',#9703,#1205);
#631=LINE('',#9711,#1206);
#632=LINE('',#9721,#1207);
#633=LINE('',#9724,#1208);
#634=LINE('',#9726,#1209);
#635=LINE('',#9728,#1210);
#636=LINE('',#9729,#1211);
#637=LINE('',#9732,#1212);
#638=LINE('',#9734,#1213);
#639=LINE('',#9736,#1214);
#640=LINE('',#9743,#1215);
#641=LINE('',#9755,#1216);
#642=LINE('',#9762,#1217);
#643=LINE('',#9769,#1218);
#644=LINE('',#9773,#1219);
#645=LINE('',#9780,#1220);
#646=LINE('',#9787,#1221);
#647=LINE('',#9794,#1222);
#648=LINE('',#9801,#1223);
#649=LINE('',#9808,#1224);
#650=LINE('',#9822,#1225);
#651=LINE('',#9834,#1226);
#652=LINE('',#9838,#1227);
#653=LINE('',#9842,#1228);
#654=LINE('',#9846,#1229);
#655=LINE('',#9853,#1230);
#656=LINE('',#9860,#1231);
#657=LINE('',#9867,#1232);
#658=LINE('',#9874,#1233);
#659=LINE('',#9881,#1234);
#660=LINE('',#9882,#1235);
#661=LINE('',#9885,#1236);
#662=LINE('',#9892,#1237);
#663=LINE('',#9909,#1238);
#664=LINE('',#9926,#1239);
#665=LINE('',#9928,#1240);
#666=LINE('',#9935,#1241);
#667=LINE('',#9942,#1242);
#668=LINE('',#9951,#1243);
#669=LINE('',#9953,#1244);
#670=LINE('',#9960,#1245);
#671=LINE('',#9972,#1246);
#672=LINE('',#9979,#1247);
#673=LINE('',#9981,#1248);
#674=LINE('',#9984,#1249);
#675=LINE('',#9986,#1250);
#676=LINE('',#9988,#1251);
#677=LINE('',#9989,#1252);
#678=LINE('',#9992,#1253);
#679=LINE('',#9994,#1254);
#680=LINE('',#9996,#1255);
#681=LINE('',#9998,#1256);
#682=LINE('',#10001,#1257);
#683=LINE('',#10003,#1258);
#684=LINE('',#10005,#1259);
#685=LINE('',#10007,#1260);
#686=LINE('',#10009,#1261);
#687=LINE('',#10011,#1262);
#688=LINE('',#10013,#1263);
#689=LINE('',#10015,#1264);
#690=LINE('',#10017,#1265);
#691=LINE('',#10019,#1266);
#692=LINE('',#10021,#1267);
#693=LINE('',#10022,#1268);
#694=LINE('',#10025,#1269);
#695=LINE('',#10027,#1270);
#696=LINE('',#10029,#1271);
#697=LINE('',#10030,#1272);
#698=LINE('',#10033,#1273);
#699=LINE('',#10035,#1274);
#700=LINE('',#10037,#1275);
#701=LINE('',#10038,#1276);
#702=LINE('',#10041,#1277);
#703=LINE('',#10043,#1278);
#704=LINE('',#10045,#1279);
#705=LINE('',#10046,#1280);
#706=LINE('',#10049,#1281);
#707=LINE('',#10051,#1282);
#708=LINE('',#10053,#1283);
#709=LINE('',#10055,#1284);
#710=LINE('',#10058,#1285);
#711=LINE('',#10060,#1286);
#712=LINE('',#10062,#1287);
#713=LINE('',#10063,#1288);
#714=LINE('',#10066,#1289);
#715=LINE('',#10068,#1290);
#716=LINE('',#10070,#1291);
#717=LINE('',#10071,#1292);
#718=LINE('',#10073,#1293);
#719=LINE('',#10075,#1294);
#720=LINE('',#10076,#1295);
#721=LINE('',#10079,#1296);
#722=LINE('',#10081,#1297);
#723=LINE('',#10083,#1298);
#724=LINE('',#10084,#1299);
#725=LINE('',#10087,#1300);
#726=LINE('',#10089,#1301);
#727=LINE('',#10091,#1302);
#728=LINE('',#10093,#1303);
#729=LINE('',#10095,#1304);
#730=LINE('',#10097,#1305);
#731=LINE('',#10098,#1306);
#732=LINE('',#10101,#1307);
#733=LINE('',#10103,#1308);
#734=LINE('',#10105,#1309);
#735=LINE('',#10107,#1310);
#736=LINE('',#10110,#1311);
#737=LINE('',#10112,#1312);
#738=LINE('',#10113,#1313);
#739=LINE('',#10115,#1314);
#740=LINE('',#10117,#1315);
#741=LINE('',#10118,#1316);
#742=LINE('',#10120,#1317);
#743=LINE('',#10122,#1318);
#744=LINE('',#10124,#1319);
#745=LINE('',#10125,#1320);
#746=LINE('',#10128,#1321);
#747=LINE('',#10130,#1322);
#748=LINE('',#10132,#1323);
#749=LINE('',#10134,#1324);
#750=LINE('',#10136,#1325);
#751=LINE('',#10138,#1326);
#752=LINE('',#10139,#1327);
#753=LINE('',#10141,#1328);
#754=LINE('',#10143,#1329);
#755=LINE('',#10145,#1330);
#756=LINE('',#10147,#1331);
#757=LINE('',#10149,#1332);
#758=LINE('',#10151,#1333);
#759=LINE('',#10153,#1334);
#760=LINE('',#10155,#1335);
#761=LINE('',#10157,#1336);
#762=LINE('',#10159,#1337);
#763=LINE('',#10160,#1338);
#764=LINE('',#10162,#1339);
#765=LINE('',#10164,#1340);
#766=LINE('',#10165,#1341);
#767=LINE('',#10171,#1342);
#768=LINE('',#10172,#1343);
#769=LINE('',#10174,#1344);
#770=LINE('',#10176,#1345);
#771=LINE('',#10178,#1346);
#772=LINE('',#10180,#1347);
#773=LINE('',#10183,#1348);
#774=LINE('',#10184,#1349);
#775=LINE('',#10186,#1350);
#776=LINE('',#10187,#1351);
#777=LINE('',#10189,#1352);
#778=LINE('',#10191,#1353);
#779=LINE('',#10193,#1354);
#780=LINE('',#10195,#1355);
#781=LINE('',#10197,#1356);
#782=LINE('',#10199,#1357);
#783=LINE('',#10201,#1358);
#784=LINE('',#10203,#1359);
#785=LINE('',#10205,#1360);
#786=LINE('',#10207,#1361);
#787=LINE('',#10208,#1362);
#788=LINE('',#10217,#1363);
#789=LINE('',#10219,#1364);
#790=LINE('',#10221,#1365);
#791=LINE('',#10225,#1366);
#792=LINE('',#10229,#1367);
#793=LINE('',#10233,#1368);
#794=LINE('',#10235,#1369);
#795=LINE('',#10237,#1370);
#796=LINE('',#10239,#1371);
#797=LINE('',#10240,#1372);
#798=LINE('',#10249,#1373);
#799=LINE('',#10251,#1374);
#800=LINE('',#10253,#1375);
#801=LINE('',#10255,#1376);
#802=LINE('',#10256,#1377);
#803=LINE('',#10275,#1378);
#804=LINE('',#10276,#1379);
#805=LINE('',#10278,#1380);
#806=LINE('',#10280,#1381);
#807=LINE('',#10283,#1382);
#808=LINE('',#10284,#1383);
#809=LINE('',#10286,#1384);
#810=LINE('',#10288,#1385);
#811=LINE('',#10291,#1386);
#812=LINE('',#10292,#1387);
#813=LINE('',#10294,#1388);
#814=LINE('',#10296,#1389);
#815=LINE('',#10299,#1390);
#816=LINE('',#10300,#1391);
#817=LINE('',#10302,#1392);
#818=LINE('',#10304,#1393);
#819=LINE('',#10307,#1394);
#820=LINE('',#10308,#1395);
#821=LINE('',#10310,#1396);
#822=LINE('',#10312,#1397);
#823=LINE('',#10315,#1398);
#824=LINE('',#10316,#1399);
#825=LINE('',#10318,#1400);
#826=LINE('',#10320,#1401);
#827=LINE('',#10323,#1402);
#828=LINE('',#10325,#1403);
#829=LINE('',#10327,#1404);
#830=LINE('',#10329,#1405);
#831=LINE('',#10340,#1406);
#832=LINE('',#10347,#1407);
#833=LINE('',#10351,#1408);
#834=LINE('',#10353,#1409);
#835=LINE('',#10368,#1410);
#836=LINE('',#10370,#1411);
#837=LINE('',#10372,#1412);
#838=LINE('',#10381,#1413);
#839=LINE('',#10388,#1414);
#840=LINE('',#10390,#1415);
#841=LINE('',#10392,#1416);
#842=LINE('',#10396,#1417);
#843=LINE('',#10398,#1418);
#844=LINE('',#10407,#1419);
#845=LINE('',#10414,#1420);
#846=LINE('',#10416,#1421);
#847=LINE('',#10425,#1422);
#848=LINE('',#10432,#1423);
#849=LINE('',#10434,#1424);
#850=LINE('',#10443,#1425);
#851=LINE('',#10463,#1426);
#852=LINE('',#10465,#1427);
#853=LINE('',#10467,#1428);
#854=LINE('',#10476,#1429);
#855=LINE('',#10483,#1430);
#856=LINE('',#10485,#1431);
#857=LINE('',#10494,#1432);
#858=LINE('',#10501,#1433);
#859=LINE('',#10503,#1434);
#860=LINE('',#10512,#1435);
#861=LINE('',#10519,#1436);
#862=LINE('',#10521,#1437);
#863=LINE('',#10536,#1438);
#864=LINE('',#10538,#1439);
#865=LINE('',#10540,#1440);
#866=LINE('',#10549,#1441);
#867=LINE('',#10556,#1442);
#868=LINE('',#10558,#1443);
#869=LINE('',#10560,#1444);
#870=LINE('',#10564,#1445);
#871=LINE('',#10566,#1446);
#872=LINE('',#10568,#1447);
#873=LINE('',#10572,#1448);
#874=LINE('',#10574,#1449);
#875=LINE('',#10583,#1450);
#876=LINE('',#10597,#1451);
#877=LINE('',#10604,#1452);
#878=LINE('',#10606,#1453);
#879=LINE('',#10615,#1454);
#880=LINE('',#10629,#1455);
#881=LINE('',#10639,#1456);
#882=LINE('',#10641,#1457);
#883=LINE('',#10643,#1458);
#884=LINE('',#10645,#1459);
#885=LINE('',#10649,#1460);
#886=LINE('',#10651,#1461);
#887=LINE('',#10660,#1462);
#888=LINE('',#10667,#1463);
#889=LINE('',#10669,#1464);
#890=LINE('',#10678,#1465);
#891=LINE('',#10685,#1466);
#892=LINE('',#10687,#1467);
#893=LINE('',#10702,#1468);
#894=LINE('',#10704,#1469);
#895=LINE('',#10706,#1470);
#896=LINE('',#10715,#1471);
#897=LINE('',#10722,#1472);
#898=LINE('',#10724,#1473);
#899=LINE('',#10739,#1474);
#900=LINE('',#10741,#1475);
#901=LINE('',#10743,#1476);
#902=LINE('',#10745,#1477);
#903=LINE('',#10747,#1478);
#904=LINE('',#10756,#1479);
#905=LINE('',#10763,#1480);
#906=LINE('',#10765,#1481);
#907=LINE('',#10774,#1482);
#908=LINE('',#10781,#1483);
#909=LINE('',#10783,#1484);
#910=LINE('',#10785,#1485);
#911=LINE('',#10787,#1486);
#912=LINE('',#10789,#1487);
#913=LINE('',#10800,#1488);
#914=LINE('',#10807,#1489);
#915=LINE('',#10809,#1490);
#916=LINE('',#10818,#1491);
#917=LINE('',#10825,#1492);
#918=LINE('',#10827,#1493);
#919=LINE('',#10836,#1494);
#920=LINE('',#10843,#1495);
#921=LINE('',#10845,#1496);
#922=LINE('',#10847,#1497);
#923=LINE('',#10849,#1498);
#924=LINE('',#10858,#1499);
#925=LINE('',#10872,#1500);
#926=LINE('',#10886,#1501);
#927=LINE('',#10893,#1502);
#928=LINE('',#10895,#1503);
#929=LINE('',#10904,#1504);
#930=LINE('',#10918,#1505);
#931=LINE('',#10932,#1506);
#932=LINE('',#10939,#1507);
#933=LINE('',#10941,#1508);
#934=LINE('',#10956,#1509);
#935=LINE('',#10958,#1510);
#936=LINE('',#10960,#1511);
#937=LINE('',#10969,#1512);
#938=LINE('',#10976,#1513);
#939=LINE('',#10978,#1514);
#940=VECTOR('',#7286,1.);
#941=VECTOR('',#7287,1.);
#942=VECTOR('',#7288,1.);
#943=VECTOR('',#7289,1.);
#944=VECTOR('',#7290,1.);
#945=VECTOR('',#7291,1.);
#946=VECTOR('',#7292,1.);
#947=VECTOR('',#7293,1.);
#948=VECTOR('',#7294,1.);
#949=VECTOR('',#7295,1.);
#950=VECTOR('',#7296,1.);
#951=VECTOR('',#7297,1.);
#952=VECTOR('',#7298,1.);
#953=VECTOR('',#7299,1.);
#954=VECTOR('',#7300,1.);
#955=VECTOR('',#7301,1.);
#956=VECTOR('',#7302,1.);
#957=VECTOR('',#7303,1.);
#958=VECTOR('',#7304,1.);
#959=VECTOR('',#7305,1.);
#960=VECTOR('',#7306,1.);
#961=VECTOR('',#7307,1.);
#962=VECTOR('',#7308,1.);
#963=VECTOR('',#7309,1.);
#964=VECTOR('',#7310,1.);
#965=VECTOR('',#7311,1.);
#966=VECTOR('',#7312,1.);
#967=VECTOR('',#7313,1.);
#968=VECTOR('',#7314,1.);
#969=VECTOR('',#7315,1.);
#970=VECTOR('',#7316,1.);
#971=VECTOR('',#7317,1.);
#972=VECTOR('',#7318,1.);
#973=VECTOR('',#7319,1.);
#974=VECTOR('',#7320,1.);
#975=VECTOR('',#7325,1.);
#976=VECTOR('',#7326,1.);
#977=VECTOR('',#7327,1.);
#978=VECTOR('',#7328,1.);
#979=VECTOR('',#7329,1.);
#980=VECTOR('',#7330,1.);
#981=VECTOR('',#7331,1.);
#982=VECTOR('',#7332,1.);
#983=VECTOR('',#7333,1.);
#984=VECTOR('',#7334,1.);
#985=VECTOR('',#7335,1.);
#986=VECTOR('',#7336,1.);
#987=VECTOR('',#7337,1.);
#988=VECTOR('',#7338,1.);
#989=VECTOR('',#7339,1.);
#990=VECTOR('',#7340,1.);
#991=VECTOR('',#7341,1.);
#992=VECTOR('',#7342,1.);
#993=VECTOR('',#7343,1.);
#994=VECTOR('',#7344,1.);
#995=VECTOR('',#7345,1.);
#996=VECTOR('',#7346,1.);
#997=VECTOR('',#7347,1.);
#998=VECTOR('',#7348,1.);
#999=VECTOR('',#7351,1.);
#1000=VECTOR('',#7352,1.);
#1001=VECTOR('',#7353,1.);
#1002=VECTOR('',#7356,1.);
#1003=VECTOR('',#7357,1.);
#1004=VECTOR('',#7360,1.);
#1005=VECTOR('',#7361,1.);
#1006=VECTOR('',#7364,1.);
#1007=VECTOR('',#7365,1.);
#1008=VECTOR('',#7366,1.);
#1009=VECTOR('',#7369,1.);
#1010=VECTOR('',#7370,1.);
#1011=VECTOR('',#7373,1.);
#1012=VECTOR('',#7374,1.);
#1013=VECTOR('',#7385,1.);
#1014=VECTOR('',#7388,1.);
#1015=VECTOR('',#7391,1.);
#1016=VECTOR('',#7392,1.);
#1017=VECTOR('',#7393,1.);
#1018=VECTOR('',#7394,1.);
#1019=VECTOR('',#7397,1.);
#1020=VECTOR('',#7398,1.);
#1021=VECTOR('',#7399,1.);
#1022=VECTOR('',#7402,1.);
#1023=VECTOR('',#7403,1.);
#1024=VECTOR('',#7404,1.);
#1025=VECTOR('',#7405,1.);
#1026=VECTOR('',#7406,1.);
#1027=VECTOR('',#7407,1.);
#1028=VECTOR('',#7408,1.);
#1029=VECTOR('',#7411,1.);
#1030=VECTOR('',#7412,1.);
#1031=VECTOR('',#7413,1.);
#1032=VECTOR('',#7416,1.);
#1033=VECTOR('',#7417,1.);
#1034=VECTOR('',#7418,1.);
#1035=VECTOR('',#7421,1.);
#1036=VECTOR('',#7422,1.);
#1037=VECTOR('',#7423,1.);
#1038=VECTOR('',#7424,1.);
#1039=VECTOR('',#7425,1.);
#1040=VECTOR('',#7426,1.);
#1041=VECTOR('',#7427,1.);
#1042=VECTOR('',#7428,1.);
#1043=VECTOR('',#7429,1.);
#1044=VECTOR('',#7430,1.);
#1045=VECTOR('',#7431,1.);
#1046=VECTOR('',#7434,1.);
#1047=VECTOR('',#7435,1.);
#1048=VECTOR('',#7438,1.);
#1049=VECTOR('',#7439,1.);
#1050=VECTOR('',#7442,1.);
#1051=VECTOR('',#7443,1.);
#1052=VECTOR('',#7446,1.);
#1053=VECTOR('',#7447,1.);
#1054=VECTOR('',#7452,1.);
#1055=VECTOR('',#7453,1.);
#1056=VECTOR('',#7454,1.);
#1057=VECTOR('',#7455,1.);
#1058=VECTOR('',#7458,1.);
#1059=VECTOR('',#7459,1.);
#1060=VECTOR('',#7462,1.);
#1061=VECTOR('',#7463,1.);
#1062=VECTOR('',#7466,1.);
#1063=VECTOR('',#7467,1.);
#1064=VECTOR('',#7468,1.);
#1065=VECTOR('',#7469,1.);
#1066=VECTOR('',#7470,1.);
#1067=VECTOR('',#7471,1.);
#1068=VECTOR('',#7474,1.);
#1069=VECTOR('',#7475,1.);
#1070=VECTOR('',#7478,1.);
#1071=VECTOR('',#7479,1.);
#1072=VECTOR('',#7482,1.);
#1073=VECTOR('',#7483,1.);
#1074=VECTOR('',#7488,1.);
#1075=VECTOR('',#7489,1.);
#1076=VECTOR('',#7490,1.);
#1077=VECTOR('',#7493,1.);
#1078=VECTOR('',#7494,1.);
#1079=VECTOR('',#7497,1.);
#1080=VECTOR('',#7498,1.);
#1081=VECTOR('',#7501,1.);
#1082=VECTOR('',#7502,1.);
#1083=VECTOR('',#7505,1.);
#1084=VECTOR('',#7506,1.);
#1085=VECTOR('',#7509,1.);
#1086=VECTOR('',#7512,1.);
#1087=VECTOR('',#7513,1.);
#1088=VECTOR('',#7514,1.);
#1089=VECTOR('',#7515,1.);
#1090=VECTOR('',#7516,1.);
#1091=VECTOR('',#7517,1.);
#1092=VECTOR('',#7518,1.);
#1093=VECTOR('',#7519,1.);
#1094=VECTOR('',#7522,1.);
#1095=VECTOR('',#7523,1.);
#1096=VECTOR('',#7524,1.);
#1097=VECTOR('',#7525,1.);
#1098=VECTOR('',#7526,1.);
#1099=VECTOR('',#7527,1.);
#1100=VECTOR('',#7528,1.);
#1101=VECTOR('',#7529,1.);
#1102=VECTOR('',#7530,1.);
#1103=VECTOR('',#7531,1.);
#1104=VECTOR('',#7534,1.);
#1105=VECTOR('',#7539,1.);
#1106=VECTOR('',#7540,1.);
#1107=VECTOR('',#7541,1.);
#1108=VECTOR('',#7544,1.);
#1109=VECTOR('',#7545,1.);
#1110=VECTOR('',#7548,1.);
#1111=VECTOR('',#7549,1.);
#1112=VECTOR('',#7552,1.);
#1113=VECTOR('',#7553,1.);
#1114=VECTOR('',#7556,1.);
#1115=VECTOR('',#7557,1.);
#1116=VECTOR('',#7560,1.);
#1117=VECTOR('',#7561,1.);
#1118=VECTOR('',#7564,1.);
#1119=VECTOR('',#7565,1.);
#1120=VECTOR('',#7568,1.);
#1121=VECTOR('',#7569,1.);
#1122=VECTOR('',#7572,1.);
#1123=VECTOR('',#7573,1.);
#1124=VECTOR('',#7576,1.);
#1125=VECTOR('',#7577,1.);
#1126=VECTOR('',#7580,1.);
#1127=VECTOR('',#7581,1.);
#1128=VECTOR('',#7584,1.);
#1129=VECTOR('',#7587,1.);
#1130=VECTOR('',#7588,1.);
#1131=VECTOR('',#7589,1.);
#1132=VECTOR('',#7590,1.);
#1133=VECTOR('',#7591,1.);
#1134=VECTOR('',#7592,1.);
#1135=VECTOR('',#7593,1.);
#1136=VECTOR('',#7594,1.);
#1137=VECTOR('',#7597,1.);
#1138=VECTOR('',#7598,1.);
#1139=VECTOR('',#7599,1.);
#1140=VECTOR('',#7600,1.);
#1141=VECTOR('',#7601,1.);
#1142=VECTOR('',#7602,1.);
#1143=VECTOR('',#7603,1.);
#1144=VECTOR('',#7604,1.);
#1145=VECTOR('',#7605,1.);
#1146=VECTOR('',#7606,1.);
#1147=VECTOR('',#7609,1.);
#1148=VECTOR('',#7614,1.);
#1149=VECTOR('',#7615,1.);
#1150=VECTOR('',#7616,1.);
#1151=VECTOR('',#7617,1.);
#1152=VECTOR('',#7620,1.);
#1153=VECTOR('',#7621,1.);
#1154=VECTOR('',#7622,1.);
#1155=VECTOR('',#7625,1.);
#1156=VECTOR('',#7626,1.);
#1157=VECTOR('',#7627,1.);
#1158=VECTOR('',#7630,1.);
#1159=VECTOR('',#7631,1.);
#1160=VECTOR('',#7632,1.);
#1161=VECTOR('',#7635,1.);
#1162=VECTOR('',#7636,1.);
#1163=VECTOR('',#7637,1.);
#1164=VECTOR('',#7638,1.);
#1165=VECTOR('',#7641,1.);
#1166=VECTOR('',#7642,1.);
#1167=VECTOR('',#7643,1.);
#1168=VECTOR('',#7646,1.);
#1169=VECTOR('',#7647,1.);
#1170=VECTOR('',#7650,1.);
#1171=VECTOR('',#7651,1.);
#1172=VECTOR('',#7654,1.);
#1173=VECTOR('',#7655,1.);
#1174=VECTOR('',#7658,1.);
#1175=VECTOR('',#7659,1.);
#1176=VECTOR('',#7662,1.);
#1177=VECTOR('',#7663,1.);
#1178=VECTOR('',#7666,1.);
#1179=VECTOR('',#7667,1.);
#1180=VECTOR('',#7670,1.);
#1181=VECTOR('',#7681,1.);
#1182=VECTOR('',#7682,1.);
#1183=VECTOR('',#7683,1.);
#1184=VECTOR('',#7686,1.);
#1185=VECTOR('',#7687,1.);
#1186=VECTOR('',#7690,1.);
#1187=VECTOR('',#7691,1.);
#1188=VECTOR('',#7694,1.);
#1189=VECTOR('',#7695,1.);
#1190=VECTOR('',#7698,1.);
#1191=VECTOR('',#7699,1.);
#1192=VECTOR('',#7702,1.);
#1193=VECTOR('',#7703,1.);
#1194=VECTOR('',#7706,1.);
#1195=VECTOR('',#7707,1.);
#1196=VECTOR('',#7710,1.);
#1197=VECTOR('',#7711,1.);
#1198=VECTOR('',#7714,1.);
#1199=VECTOR('',#7715,1.);
#1200=VECTOR('',#7718,1.);
#1201=VECTOR('',#7719,1.);
#1202=VECTOR('',#7722,1.);
#1203=VECTOR('',#7723,1.);
#1204=VECTOR('',#7726,1.);
#1205=VECTOR('',#7737,1.);
#1206=VECTOR('',#7738,1.);
#1207=VECTOR('',#7743,1.);
#1208=VECTOR('',#7744,1.);
#1209=VECTOR('',#7745,1.);
#1210=VECTOR('',#7746,1.);
#1211=VECTOR('',#7747,1.);
#1212=VECTOR('',#7748,1.);
#1213=VECTOR('',#7749,1.);
#1214=VECTOR('',#7750,1.);
#1215=VECTOR('',#7751,1.);
#1216=VECTOR('',#7752,1.);
#1217=VECTOR('',#7753,1.);
#1218=VECTOR('',#7754,1.);
#1219=VECTOR('',#7757,1.);
#1220=VECTOR('',#7758,1.);
#1221=VECTOR('',#7759,1.);
#1222=VECTOR('',#7760,1.);
#1223=VECTOR('',#7761,1.);
#1224=VECTOR('',#7762,1.);
#1225=VECTOR('',#7765,1.);
#1226=VECTOR('',#7766,1.);
#1227=VECTOR('',#7769,1.);
#1228=VECTOR('',#7772,1.);
#1229=VECTOR('',#7775,1.);
#1230=VECTOR('',#7776,1.);
#1231=VECTOR('',#7777,1.);
#1232=VECTOR('',#7778,1.);
#1233=VECTOR('',#7779,1.);
#1234=VECTOR('',#7780,1.);
#1235=VECTOR('',#7781,1.);
#1236=VECTOR('',#7782,1.);
#1237=VECTOR('',#7783,1.);
#1238=VECTOR('',#7784,1.);
#1239=VECTOR('',#7785,1.);
#1240=VECTOR('',#7786,1.);
#1241=VECTOR('',#7787,1.);
#1242=VECTOR('',#7788,1.);
#1243=VECTOR('',#7791,1.);
#1244=VECTOR('',#7792,1.);
#1245=VECTOR('',#7793,1.);
#1246=VECTOR('',#7794,1.);
#1247=VECTOR('',#7795,1.);
#1248=VECTOR('',#7798,1.);
#1249=VECTOR('',#7799,1.);
#1250=VECTOR('',#7800,1.);
#1251=VECTOR('',#7801,1.);
#1252=VECTOR('',#7802,1.);
#1253=VECTOR('',#7803,1.);
#1254=VECTOR('',#7804,1.);
#1255=VECTOR('',#7805,1.);
#1256=VECTOR('',#7808,1.);
#1257=VECTOR('',#7809,1.);
#1258=VECTOR('',#7810,1.);
#1259=VECTOR('',#7811,1.);
#1260=VECTOR('',#7812,1.);
#1261=VECTOR('',#7813,1.);
#1262=VECTOR('',#7814,1.);
#1263=VECTOR('',#7815,1.);
#1264=VECTOR('',#7816,1.);
#1265=VECTOR('',#7817,1.);
#1266=VECTOR('',#7818,1.);
#1267=VECTOR('',#7819,1.);
#1268=VECTOR('',#7820,1.);
#1269=VECTOR('',#7821,1.);
#1270=VECTOR('',#7822,1.);
#1271=VECTOR('',#7823,1.);
#1272=VECTOR('',#7824,1.);
#1273=VECTOR('',#7825,1.);
#1274=VECTOR('',#7826,1.);
#1275=VECTOR('',#7827,1.);
#1276=VECTOR('',#7828,1.);
#1277=VECTOR('',#7829,1.);
#1278=VECTOR('',#7830,1.);
#1279=VECTOR('',#7831,1.);
#1280=VECTOR('',#7832,1.);
#1281=VECTOR('',#7833,1.);
#1282=VECTOR('',#7834,1.);
#1283=VECTOR('',#7835,1.);
#1284=VECTOR('',#7838,1.);
#1285=VECTOR('',#7839,1.);
#1286=VECTOR('',#7840,1.);
#1287=VECTOR('',#7841,1.);
#1288=VECTOR('',#7842,1.);
#1289=VECTOR('',#7843,1.);
#1290=VECTOR('',#7844,1.);
#1291=VECTOR('',#7845,1.);
#1292=VECTOR('',#7846,1.);
#1293=VECTOR('',#7847,1.);
#1294=VECTOR('',#7848,1.);
#1295=VECTOR('',#7849,1.);
#1296=VECTOR('',#7850,1.);
#1297=VECTOR('',#7851,1.);
#1298=VECTOR('',#7852,1.);
#1299=VECTOR('',#7853,1.);
#1300=VECTOR('',#7854,1.);
#1301=VECTOR('',#7855,1.);
#1302=VECTOR('',#7856,1.);
#1303=VECTOR('',#7859,1.);
#1304=VECTOR('',#7860,1.);
#1305=VECTOR('',#7861,1.);
#1306=VECTOR('',#7862,1.);
#1307=VECTOR('',#7863,1.);
#1308=VECTOR('',#7864,1.);
#1309=VECTOR('',#7865,1.);
#1310=VECTOR('',#7868,1.);
#1311=VECTOR('',#7869,1.);
#1312=VECTOR('',#7870,1.);
#1313=VECTOR('',#7871,1.);
#1314=VECTOR('',#7872,1.);
#1315=VECTOR('',#7873,1.);
#1316=VECTOR('',#7874,1.);
#1317=VECTOR('',#7875,1.);
#1318=VECTOR('',#7876,1.);
#1319=VECTOR('',#7877,1.);
#1320=VECTOR('',#7878,1.);
#1321=VECTOR('',#7879,1.);
#1322=VECTOR('',#7880,1.);
#1323=VECTOR('',#7881,1.);
#1324=VECTOR('',#7884,1.);
#1325=VECTOR('',#7885,1.);
#1326=VECTOR('',#7886,1.);
#1327=VECTOR('',#7887,1.);
#1328=VECTOR('',#7888,1.);
#1329=VECTOR('',#7889,1.);
#1330=VECTOR('',#7890,1.);
#1331=VECTOR('',#7891,1.);
#1332=VECTOR('',#7892,1.);
#1333=VECTOR('',#7893,1.);
#1334=VECTOR('',#7896,1.);
#1335=VECTOR('',#7897,1.);
#1336=VECTOR('',#7898,1.);
#1337=VECTOR('',#7899,1.);
#1338=VECTOR('',#7900,1.);
#1339=VECTOR('',#7901,1.);
#1340=VECTOR('',#7904,1.);
#1341=VECTOR('',#7905,1.);
#1342=VECTOR('',#7912,1.);
#1343=VECTOR('',#7913,1.);
#1344=VECTOR('',#7914,1.);
#1345=VECTOR('',#7915,1.);
#1346=VECTOR('',#7916,1.);
#1347=VECTOR('',#7919,1.);
#1348=VECTOR('',#7920,1.);
#1349=VECTOR('',#7921,1.);
#1350=VECTOR('',#7922,1.);
#1351=VECTOR('',#7923,1.);
#1352=VECTOR('',#7926,1.);
#1353=VECTOR('',#7927,1.);
#1354=VECTOR('',#7930,1.);
#1355=VECTOR('',#7931,1.);
#1356=VECTOR('',#7934,1.);
#1357=VECTOR('',#7937,1.);
#1358=VECTOR('',#7940,1.);
#1359=VECTOR('',#7941,1.);
#1360=VECTOR('',#7942,1.);
#1361=VECTOR('',#7945,1.);
#1362=VECTOR('',#7946,1.);
#1363=VECTOR('',#7959,1.);
#1364=VECTOR('',#7960,1.);
#1365=VECTOR('',#7961,1.);
#1366=VECTOR('',#7966,1.);
#1367=VECTOR('',#7971,1.);
#1368=VECTOR('',#7978,1.);
#1369=VECTOR('',#7979,1.);
#1370=VECTOR('',#7980,1.);
#1371=VECTOR('',#7983,1.);
#1372=VECTOR('',#7984,1.);
#1373=VECTOR('',#7997,1.);
#1374=VECTOR('',#7998,1.);
#1375=VECTOR('',#7999,1.);
#1376=VECTOR('',#8002,1.);
#1377=VECTOR('',#8003,1.);
#1378=VECTOR('',#8032,1.);
#1379=VECTOR('',#8033,1.);
#1380=VECTOR('',#8036,1.);
#1381=VECTOR('',#8039,1.);
#1382=VECTOR('',#8044,1.);
#1383=VECTOR('',#8045,1.);
#1384=VECTOR('',#8048,1.);
#1385=VECTOR('',#8051,1.);
#1386=VECTOR('',#8056,1.);
#1387=VECTOR('',#8057,1.);
#1388=VECTOR('',#8060,1.);
#1389=VECTOR('',#8063,1.);
#1390=VECTOR('',#8068,1.);
#1391=VECTOR('',#8069,1.);
#1392=VECTOR('',#8072,1.);
#1393=VECTOR('',#8075,1.);
#1394=VECTOR('',#8080,1.);
#1395=VECTOR('',#8081,1.);
#1396=VECTOR('',#8084,1.);
#1397=VECTOR('',#8087,1.);
#1398=VECTOR('',#8092,1.);
#1399=VECTOR('',#8093,1.);
#1400=VECTOR('',#8096,1.);
#1401=VECTOR('',#8099,1.);
#1402=VECTOR('',#8104,1.);
#1403=VECTOR('',#8105,1.);
#1404=VECTOR('',#8106,1.);
#1405=VECTOR('',#8109,1.);
#1406=VECTOR('',#8112,1.);
#1407=VECTOR('',#8115,1.);
#1408=VECTOR('',#8120,1.);
#1409=VECTOR('',#8121,1.);
#1410=VECTOR('',#8126,1.);
#1411=VECTOR('',#8127,1.);
#1412=VECTOR('',#8128,1.);
#1413=VECTOR('',#8129,1.);
#1414=VECTOR('',#8132,1.);
#1415=VECTOR('',#8133,1.);
#1416=VECTOR('',#8136,1.);
#1417=VECTOR('',#8141,1.);
#1418=VECTOR('',#8142,1.);
#1419=VECTOR('',#8143,1.);
#1420=VECTOR('',#8146,1.);
#1421=VECTOR('',#8147,1.);
#1422=VECTOR('',#8148,1.);
#1423=VECTOR('',#8151,1.);
#1424=VECTOR('',#8152,1.);
#1425=VECTOR('',#8153,1.);
#1426=VECTOR('',#8158,1.);
#1427=VECTOR('',#8159,1.);
#1428=VECTOR('',#8160,1.);
#1429=VECTOR('',#8161,1.);
#1430=VECTOR('',#8164,1.);
#1431=VECTOR('',#8165,1.);
#1432=VECTOR('',#8166,1.);
#1433=VECTOR('',#8169,1.);
#1434=VECTOR('',#8170,1.);
#1435=VECTOR('',#8171,1.);
#1436=VECTOR('',#8174,1.);
#1437=VECTOR('',#8175,1.);
#1438=VECTOR('',#8180,1.);
#1439=VECTOR('',#8181,1.);
#1440=VECTOR('',#8182,1.);
#1441=VECTOR('',#8183,1.);
#1442=VECTOR('',#8186,1.);
#1443=VECTOR('',#8187,1.);
#1444=VECTOR('',#8190,1.);
#1445=VECTOR('',#8195,1.);
#1446=VECTOR('',#8196,1.);
#1447=VECTOR('',#8199,1.);
#1448=VECTOR('',#8204,1.);
#1449=VECTOR('',#8205,1.);
#1450=VECTOR('',#8206,1.);
#1451=VECTOR('',#8207,1.);
#1452=VECTOR('',#8210,1.);
#1453=VECTOR('',#8211,1.);
#1454=VECTOR('',#8212,1.);
#1455=VECTOR('',#8213,1.);
#1456=VECTOR('',#8222,1.);
#1457=VECTOR('',#8223,1.);
#1458=VECTOR('',#8224,1.);
#1459=VECTOR('',#8227,1.);
#1460=VECTOR('',#8232,1.);
#1461=VECTOR('',#8233,1.);
#1462=VECTOR('',#8234,1.);
#1463=VECTOR('',#8237,1.);
#1464=VECTOR('',#8238,1.);
#1465=VECTOR('',#8239,1.);
#1466=VECTOR('',#8242,1.);
#1467=VECTOR('',#8243,1.);
#1468=VECTOR('',#8248,1.);
#1469=VECTOR('',#8249,1.);
#1470=VECTOR('',#8250,1.);
#1471=VECTOR('',#8251,1.);
#1472=VECTOR('',#8254,1.);
#1473=VECTOR('',#8255,1.);
#1474=VECTOR('',#8260,1.);
#1475=VECTOR('',#8261,1.);
#1476=VECTOR('',#8262,1.);
#1477=VECTOR('',#8265,1.);
#1478=VECTOR('',#8266,1.);
#1479=VECTOR('',#8267,1.);
#1480=VECTOR('',#8270,1.);
#1481=VECTOR('',#8271,1.);
#1482=VECTOR('',#8272,1.);
#1483=VECTOR('',#8275,1.);
#1484=VECTOR('',#8276,1.);
#1485=VECTOR('',#8279,1.);
#1486=VECTOR('',#8280,1.);
#1487=VECTOR('',#8283,1.);
#1488=VECTOR('',#8286,1.);
#1489=VECTOR('',#8289,1.);
#1490=VECTOR('',#8290,1.);
#1491=VECTOR('',#8291,1.);
#1492=VECTOR('',#8294,1.);
#1493=VECTOR('',#8295,1.);
#1494=VECTOR('',#8296,1.);
#1495=VECTOR('',#8299,1.);
#1496=VECTOR('',#8300,1.);
#1497=VECTOR('',#8303,1.);
#1498=VECTOR('',#8304,1.);
#1499=VECTOR('',#8305,1.);
#1500=VECTOR('',#8306,1.);
#1501=VECTOR('',#8307,1.);
#1502=VECTOR('',#8310,1.);
#1503=VECTOR('',#8311,1.);
#1504=VECTOR('',#8312,1.);
#1505=VECTOR('',#8313,1.);
#1506=VECTOR('',#8314,1.);
#1507=VECTOR('',#8317,1.);
#1508=VECTOR('',#8318,1.);
#1509=VECTOR('',#8323,1.);
#1510=VECTOR('',#8324,1.);
#1511=VECTOR('',#8325,1.);
#1512=VECTOR('',#8326,1.);
#1513=VECTOR('',#8329,1.);
#1514=VECTOR('',#8330,1.);
#1515=ORIENTED_EDGE('',*,*,#3089,.T.);
#1516=ORIENTED_EDGE('',*,*,#3090,.T.);
#1517=ORIENTED_EDGE('',*,*,#3091,.T.);
#1518=ORIENTED_EDGE('',*,*,#3092,.T.);
#1519=ORIENTED_EDGE('',*,*,#3093,.T.);
#1520=ORIENTED_EDGE('',*,*,#3094,.T.);
#1521=ORIENTED_EDGE('',*,*,#3095,.T.);
#1522=ORIENTED_EDGE('',*,*,#3096,.T.);
#1523=ORIENTED_EDGE('',*,*,#3097,.T.);
#1524=ORIENTED_EDGE('',*,*,#3098,.T.);
#1525=ORIENTED_EDGE('',*,*,#3099,.T.);
#1526=ORIENTED_EDGE('',*,*,#3100,.T.);
#1527=ORIENTED_EDGE('',*,*,#3101,.T.);
#1528=ORIENTED_EDGE('',*,*,#3102,.T.);
#1529=ORIENTED_EDGE('',*,*,#3103,.T.);
#1530=ORIENTED_EDGE('',*,*,#3104,.T.);
#1531=ORIENTED_EDGE('',*,*,#3105,.T.);
#1532=ORIENTED_EDGE('',*,*,#3106,.T.);
#1533=ORIENTED_EDGE('',*,*,#3107,.T.);
#1534=ORIENTED_EDGE('',*,*,#3108,.T.);
#1535=ORIENTED_EDGE('',*,*,#3109,.T.);
#1536=ORIENTED_EDGE('',*,*,#3110,.T.);
#1537=ORIENTED_EDGE('',*,*,#3111,.T.);
#1538=ORIENTED_EDGE('',*,*,#3112,.T.);
#1539=ORIENTED_EDGE('',*,*,#3113,.T.);
#1540=ORIENTED_EDGE('',*,*,#3114,.T.);
#1541=ORIENTED_EDGE('',*,*,#3115,.T.);
#1542=ORIENTED_EDGE('',*,*,#3116,.T.);
#1543=ORIENTED_EDGE('',*,*,#3117,.T.);
#1544=ORIENTED_EDGE('',*,*,#3118,.T.);
#1545=ORIENTED_EDGE('',*,*,#3119,.T.);
#1546=ORIENTED_EDGE('',*,*,#3120,.T.);
#1547=ORIENTED_EDGE('',*,*,#3121,.T.);
#1548=ORIENTED_EDGE('',*,*,#3122,.T.);
#1549=ORIENTED_EDGE('',*,*,#3123,.T.);
#1550=ORIENTED_EDGE('',*,*,#3124,.T.);
#1551=ORIENTED_EDGE('',*,*,#3125,.T.);
#1552=ORIENTED_EDGE('',*,*,#3126,.T.);
#1553=ORIENTED_EDGE('',*,*,#3127,.T.);
#1554=ORIENTED_EDGE('',*,*,#3128,.T.);
#1555=ORIENTED_EDGE('',*,*,#3129,.T.);
#1556=ORIENTED_EDGE('',*,*,#3130,.T.);
#1557=ORIENTED_EDGE('',*,*,#3131,.T.);
#1558=ORIENTED_EDGE('',*,*,#3132,.T.);
#1559=ORIENTED_EDGE('',*,*,#3133,.T.);
#1560=ORIENTED_EDGE('',*,*,#3134,.T.);
#1561=ORIENTED_EDGE('',*,*,#3135,.T.);
#1562=ORIENTED_EDGE('',*,*,#3136,.T.);
#1563=ORIENTED_EDGE('',*,*,#3137,.T.);
#1564=ORIENTED_EDGE('',*,*,#3138,.T.);
#1565=ORIENTED_EDGE('',*,*,#3139,.T.);
#1566=ORIENTED_EDGE('',*,*,#3140,.T.);
#1567=ORIENTED_EDGE('',*,*,#3141,.T.);
#1568=ORIENTED_EDGE('',*,*,#3142,.T.);
#1569=ORIENTED_EDGE('',*,*,#3143,.T.);
#1570=ORIENTED_EDGE('',*,*,#3144,.T.);
#1571=ORIENTED_EDGE('',*,*,#3145,.T.);
#1572=ORIENTED_EDGE('',*,*,#3146,.T.);
#1573=ORIENTED_EDGE('',*,*,#3147,.T.);
#1574=ORIENTED_EDGE('',*,*,#3148,.T.);
#1575=ORIENTED_EDGE('',*,*,#3149,.T.);
#1576=ORIENTED_EDGE('',*,*,#3150,.T.);
#1577=ORIENTED_EDGE('',*,*,#3151,.T.);
#1578=ORIENTED_EDGE('',*,*,#3152,.T.);
#1579=ORIENTED_EDGE('',*,*,#3153,.T.);
#1580=ORIENTED_EDGE('',*,*,#3154,.T.);
#1581=ORIENTED_EDGE('',*,*,#3155,.T.);
#1582=ORIENTED_EDGE('',*,*,#3156,.T.);
#1583=ORIENTED_EDGE('',*,*,#3157,.T.);
#1584=ORIENTED_EDGE('',*,*,#3158,.T.);
#1585=ORIENTED_EDGE('',*,*,#3159,.T.);
#1586=ORIENTED_EDGE('',*,*,#3160,.T.);
#1587=ORIENTED_EDGE('',*,*,#3161,.T.);
#1588=ORIENTED_EDGE('',*,*,#3162,.T.);
#1589=ORIENTED_EDGE('',*,*,#3163,.T.);
#1590=ORIENTED_EDGE('',*,*,#3164,.T.);
#1591=ORIENTED_EDGE('',*,*,#3165,.T.);
#1592=ORIENTED_EDGE('',*,*,#3166,.F.);
#1593=ORIENTED_EDGE('',*,*,#3167,.T.);
#1594=ORIENTED_EDGE('',*,*,#3168,.T.);
#1595=ORIENTED_EDGE('',*,*,#3169,.F.);
#1596=ORIENTED_EDGE('',*,*,#3170,.F.);
#1597=ORIENTED_EDGE('',*,*,#3171,.F.);
#1598=ORIENTED_EDGE('',*,*,#3172,.F.);
#1599=ORIENTED_EDGE('',*,*,#3173,.T.);
#1600=ORIENTED_EDGE('',*,*,#3174,.T.);
#1601=ORIENTED_EDGE('',*,*,#3175,.F.);
#1602=ORIENTED_EDGE('',*,*,#3176,.T.);
#1603=ORIENTED_EDGE('',*,*,#3177,.T.);
#1604=ORIENTED_EDGE('',*,*,#3178,.T.);
#1605=ORIENTED_EDGE('',*,*,#3179,.T.);
#1606=ORIENTED_EDGE('',*,*,#3180,.T.);
#1607=ORIENTED_EDGE('',*,*,#3181,.T.);
#1608=ORIENTED_EDGE('',*,*,#3182,.T.);
#1609=ORIENTED_EDGE('',*,*,#3183,.T.);
#1610=ORIENTED_EDGE('',*,*,#3184,.T.);
#1611=ORIENTED_EDGE('',*,*,#3185,.T.);
#1612=ORIENTED_EDGE('',*,*,#3186,.T.);
#1613=ORIENTED_EDGE('',*,*,#3187,.T.);
#1614=ORIENTED_EDGE('',*,*,#3188,.T.);
#1615=ORIENTED_EDGE('',*,*,#3189,.T.);
#1616=ORIENTED_EDGE('',*,*,#3190,.T.);
#1617=ORIENTED_EDGE('',*,*,#3191,.T.);
#1618=ORIENTED_EDGE('',*,*,#3192,.T.);
#1619=ORIENTED_EDGE('',*,*,#3193,.T.);
#1620=ORIENTED_EDGE('',*,*,#3194,.T.);
#1621=ORIENTED_EDGE('',*,*,#3195,.T.);
#1622=ORIENTED_EDGE('',*,*,#3196,.F.);
#1623=ORIENTED_EDGE('',*,*,#3197,.F.);
#1624=ORIENTED_EDGE('',*,*,#3172,.T.);
#1625=ORIENTED_EDGE('',*,*,#3198,.T.);
#1626=ORIENTED_EDGE('',*,*,#3199,.T.);
#1627=ORIENTED_EDGE('',*,*,#3200,.F.);
#1628=ORIENTED_EDGE('',*,*,#3173,.F.);
#1629=ORIENTED_EDGE('',*,*,#3197,.T.);
#1630=ORIENTED_EDGE('',*,*,#3201,.T.);
#1631=ORIENTED_EDGE('',*,*,#3202,.F.);
#1632=ORIENTED_EDGE('',*,*,#3174,.F.);
#1633=ORIENTED_EDGE('',*,*,#3200,.T.);
#1634=ORIENTED_EDGE('',*,*,#3203,.F.);
#1635=ORIENTED_EDGE('',*,*,#3204,.F.);
#1636=ORIENTED_EDGE('',*,*,#3166,.T.);
#1637=ORIENTED_EDGE('',*,*,#3205,.T.);
#1638=ORIENTED_EDGE('',*,*,#3206,.T.);
#1639=ORIENTED_EDGE('',*,*,#3207,.F.);
#1640=ORIENTED_EDGE('',*,*,#3167,.F.);
#1641=ORIENTED_EDGE('',*,*,#3204,.T.);
#1642=ORIENTED_EDGE('',*,*,#3208,.T.);
#1643=ORIENTED_EDGE('',*,*,#3209,.F.);
#1644=ORIENTED_EDGE('',*,*,#3168,.F.);
#1645=ORIENTED_EDGE('',*,*,#3207,.T.);
#1646=ORIENTED_EDGE('',*,*,#3171,.T.);
#1647=ORIENTED_EDGE('',*,*,#3210,.F.);
#1648=ORIENTED_EDGE('',*,*,#3170,.T.);
#1649=ORIENTED_EDGE('',*,*,#3211,.F.);
#1650=ORIENTED_EDGE('',*,*,#3212,.F.);
#1651=ORIENTED_EDGE('',*,*,#3205,.F.);
#1652=ORIENTED_EDGE('',*,*,#3169,.T.);
#1653=ORIENTED_EDGE('',*,*,#3209,.T.);
#1654=ORIENTED_EDGE('',*,*,#3213,.F.);
#1655=ORIENTED_EDGE('',*,*,#3198,.F.);
#1656=ORIENTED_EDGE('',*,*,#3175,.T.);
#1657=ORIENTED_EDGE('',*,*,#3202,.T.);
#1658=ORIENTED_EDGE('',*,*,#3203,.T.);
#1659=ORIENTED_EDGE('',*,*,#3212,.T.);
#1660=ORIENTED_EDGE('',*,*,#3208,.F.);
#1661=ORIENTED_EDGE('',*,*,#3206,.F.);
#1662=ORIENTED_EDGE('',*,*,#3211,.T.);
#1663=ORIENTED_EDGE('',*,*,#3210,.T.);
#1664=ORIENTED_EDGE('',*,*,#3196,.T.);
#1665=ORIENTED_EDGE('',*,*,#3213,.T.);
#1666=ORIENTED_EDGE('',*,*,#3201,.F.);
#1667=ORIENTED_EDGE('',*,*,#3199,.F.);
#1668=ORIENTED_EDGE('',*,*,#3214,.F.);
#1669=ORIENTED_EDGE('',*,*,#3215,.F.);
#1670=ORIENTED_EDGE('',*,*,#3216,.T.);
#1671=ORIENTED_EDGE('',*,*,#3217,.T.);
#1672=ORIENTED_EDGE('',*,*,#3218,.F.);
#1673=ORIENTED_EDGE('',*,*,#3219,.F.);
#1674=ORIENTED_EDGE('',*,*,#3220,.T.);
#1675=ORIENTED_EDGE('',*,*,#3215,.T.);
#1676=ORIENTED_EDGE('',*,*,#3221,.F.);
#1677=ORIENTED_EDGE('',*,*,#3222,.F.);
#1678=ORIENTED_EDGE('',*,*,#3223,.T.);
#1679=ORIENTED_EDGE('',*,*,#3219,.T.);
#1680=ORIENTED_EDGE('',*,*,#3224,.F.);
#1681=ORIENTED_EDGE('',*,*,#3225,.F.);
#1682=ORIENTED_EDGE('',*,*,#3226,.T.);
#1683=ORIENTED_EDGE('',*,*,#3222,.T.);
#1684=ORIENTED_EDGE('',*,*,#3227,.F.);
#1685=ORIENTED_EDGE('',*,*,#3228,.F.);
#1686=ORIENTED_EDGE('',*,*,#3229,.T.);
#1687=ORIENTED_EDGE('',*,*,#3225,.T.);
#1688=ORIENTED_EDGE('',*,*,#3230,.F.);
#1689=ORIENTED_EDGE('',*,*,#3231,.F.);
#1690=ORIENTED_EDGE('',*,*,#3232,.T.);
#1691=ORIENTED_EDGE('',*,*,#3233,.T.);
#1692=ORIENTED_EDGE('',*,*,#3234,.F.);
#1693=ORIENTED_EDGE('',*,*,#3235,.F.);
#1694=ORIENTED_EDGE('',*,*,#3236,.T.);
#1695=ORIENTED_EDGE('',*,*,#3231,.T.);
#1696=ORIENTED_EDGE('',*,*,#3237,.F.);
#1697=ORIENTED_EDGE('',*,*,#3238,.F.);
#1698=ORIENTED_EDGE('',*,*,#3239,.T.);
#1699=ORIENTED_EDGE('',*,*,#3235,.T.);
#1700=ORIENTED_EDGE('',*,*,#3240,.F.);
#1701=ORIENTED_EDGE('',*,*,#3241,.F.);
#1702=ORIENTED_EDGE('',*,*,#3242,.T.);
#1703=ORIENTED_EDGE('',*,*,#3238,.T.);
#1704=ORIENTED_EDGE('',*,*,#3243,.F.);
#1705=ORIENTED_EDGE('',*,*,#3244,.F.);
#1706=ORIENTED_EDGE('',*,*,#3245,.T.);
#1707=ORIENTED_EDGE('',*,*,#3241,.T.);
#1708=ORIENTED_EDGE('',*,*,#3246,.F.);
#1709=ORIENTED_EDGE('',*,*,#3247,.F.);
#1710=ORIENTED_EDGE('',*,*,#3248,.T.);
#1711=ORIENTED_EDGE('',*,*,#3244,.T.);
#1712=ORIENTED_EDGE('',*,*,#3156,.F.);
#1713=ORIENTED_EDGE('',*,*,#3249,.F.);
#1714=ORIENTED_EDGE('',*,*,#3250,.T.);
#1715=ORIENTED_EDGE('',*,*,#3251,.T.);
#1716=ORIENTED_EDGE('',*,*,#3155,.F.);
#1717=ORIENTED_EDGE('',*,*,#3252,.F.);
#1718=ORIENTED_EDGE('',*,*,#3253,.T.);
#1719=ORIENTED_EDGE('',*,*,#3249,.T.);
#1720=ORIENTED_EDGE('',*,*,#3165,.F.);
#1721=ORIENTED_EDGE('',*,*,#3254,.F.);
#1722=ORIENTED_EDGE('',*,*,#3255,.T.);
#1723=ORIENTED_EDGE('',*,*,#3252,.T.);
#1724=ORIENTED_EDGE('',*,*,#3164,.F.);
#1725=ORIENTED_EDGE('',*,*,#3256,.F.);
#1726=ORIENTED_EDGE('',*,*,#3257,.T.);
#1727=ORIENTED_EDGE('',*,*,#3254,.T.);
#1728=ORIENTED_EDGE('',*,*,#3163,.F.);
#1729=ORIENTED_EDGE('',*,*,#3258,.F.);
#1730=ORIENTED_EDGE('',*,*,#3259,.T.);
#1731=ORIENTED_EDGE('',*,*,#3256,.T.);
#1732=ORIENTED_EDGE('',*,*,#3162,.F.);
#1733=ORIENTED_EDGE('',*,*,#3260,.F.);
#1734=ORIENTED_EDGE('',*,*,#3261,.T.);
#1735=ORIENTED_EDGE('',*,*,#3258,.T.);
#1736=ORIENTED_EDGE('',*,*,#3161,.F.);
#1737=ORIENTED_EDGE('',*,*,#3262,.F.);
#1738=ORIENTED_EDGE('',*,*,#3263,.T.);
#1739=ORIENTED_EDGE('',*,*,#3260,.T.);
#1740=ORIENTED_EDGE('',*,*,#3160,.F.);
#1741=ORIENTED_EDGE('',*,*,#3264,.F.);
#1742=ORIENTED_EDGE('',*,*,#3265,.T.);
#1743=ORIENTED_EDGE('',*,*,#3262,.T.);
#1744=ORIENTED_EDGE('',*,*,#3159,.F.);
#1745=ORIENTED_EDGE('',*,*,#3266,.F.);
#1746=ORIENTED_EDGE('',*,*,#3267,.T.);
#1747=ORIENTED_EDGE('',*,*,#3264,.T.);
#1748=ORIENTED_EDGE('',*,*,#3158,.F.);
#1749=ORIENTED_EDGE('',*,*,#3268,.F.);
#1750=ORIENTED_EDGE('',*,*,#3269,.T.);
#1751=ORIENTED_EDGE('',*,*,#3266,.T.);
#1752=ORIENTED_EDGE('',*,*,#3270,.F.);
#1753=ORIENTED_EDGE('',*,*,#3233,.F.);
#1754=ORIENTED_EDGE('',*,*,#3271,.T.);
#1755=ORIENTED_EDGE('',*,*,#3247,.T.);
#1756=ORIENTED_EDGE('',*,*,#3157,.F.);
#1757=ORIENTED_EDGE('',*,*,#3251,.F.);
#1758=ORIENTED_EDGE('',*,*,#3272,.T.);
#1759=ORIENTED_EDGE('',*,*,#3268,.T.);
#1760=ORIENTED_EDGE('',*,*,#3273,.F.);
#1761=ORIENTED_EDGE('',*,*,#3217,.F.);
#1762=ORIENTED_EDGE('',*,*,#3274,.T.);
#1763=ORIENTED_EDGE('',*,*,#3228,.T.);
#1764=ORIENTED_EDGE('',*,*,#3250,.F.);
#1765=ORIENTED_EDGE('',*,*,#3253,.F.);
#1766=ORIENTED_EDGE('',*,*,#3255,.F.);
#1767=ORIENTED_EDGE('',*,*,#3257,.F.);
#1768=ORIENTED_EDGE('',*,*,#3259,.F.);
#1769=ORIENTED_EDGE('',*,*,#3261,.F.);
#1770=ORIENTED_EDGE('',*,*,#3263,.F.);
#1771=ORIENTED_EDGE('',*,*,#3265,.F.);
#1772=ORIENTED_EDGE('',*,*,#3267,.F.);
#1773=ORIENTED_EDGE('',*,*,#3269,.F.);
#1774=ORIENTED_EDGE('',*,*,#3272,.F.);
#1775=ORIENTED_EDGE('',*,*,#3232,.F.);
#1776=ORIENTED_EDGE('',*,*,#3236,.F.);
#1777=ORIENTED_EDGE('',*,*,#3239,.F.);
#1778=ORIENTED_EDGE('',*,*,#3242,.F.);
#1779=ORIENTED_EDGE('',*,*,#3245,.F.);
#1780=ORIENTED_EDGE('',*,*,#3248,.F.);
#1781=ORIENTED_EDGE('',*,*,#3271,.F.);
#1782=ORIENTED_EDGE('',*,*,#3216,.F.);
#1783=ORIENTED_EDGE('',*,*,#3220,.F.);
#1784=ORIENTED_EDGE('',*,*,#3223,.F.);
#1785=ORIENTED_EDGE('',*,*,#3226,.F.);
#1786=ORIENTED_EDGE('',*,*,#3229,.F.);
#1787=ORIENTED_EDGE('',*,*,#3274,.F.);
#1788=ORIENTED_EDGE('',*,*,#3234,.T.);
#1789=ORIENTED_EDGE('',*,*,#3230,.T.);
#1790=ORIENTED_EDGE('',*,*,#3270,.T.);
#1791=ORIENTED_EDGE('',*,*,#3246,.T.);
#1792=ORIENTED_EDGE('',*,*,#3243,.T.);
#1793=ORIENTED_EDGE('',*,*,#3240,.T.);
#1794=ORIENTED_EDGE('',*,*,#3237,.T.);
#1795=ORIENTED_EDGE('',*,*,#3142,.F.);
#1796=ORIENTED_EDGE('',*,*,#3275,.F.);
#1797=ORIENTED_EDGE('',*,*,#3276,.T.);
#1798=ORIENTED_EDGE('',*,*,#3277,.T.);
#1799=ORIENTED_EDGE('',*,*,#3141,.F.);
#1800=ORIENTED_EDGE('',*,*,#3278,.F.);
#1801=ORIENTED_EDGE('',*,*,#3279,.T.);
#1802=ORIENTED_EDGE('',*,*,#3275,.T.);
#1803=ORIENTED_EDGE('',*,*,#3154,.F.);
#1804=ORIENTED_EDGE('',*,*,#3280,.F.);
#1805=ORIENTED_EDGE('',*,*,#3281,.T.);
#1806=ORIENTED_EDGE('',*,*,#3278,.T.);
#1807=ORIENTED_EDGE('',*,*,#3153,.F.);
#1808=ORIENTED_EDGE('',*,*,#3282,.F.);
#1809=ORIENTED_EDGE('',*,*,#3283,.T.);
#1810=ORIENTED_EDGE('',*,*,#3280,.T.);
#1811=ORIENTED_EDGE('',*,*,#3152,.F.);
#1812=ORIENTED_EDGE('',*,*,#3284,.F.);
#1813=ORIENTED_EDGE('',*,*,#3285,.T.);
#1814=ORIENTED_EDGE('',*,*,#3282,.T.);
#1815=ORIENTED_EDGE('',*,*,#3151,.F.);
#1816=ORIENTED_EDGE('',*,*,#3286,.F.);
#1817=ORIENTED_EDGE('',*,*,#3287,.T.);
#1818=ORIENTED_EDGE('',*,*,#3284,.T.);
#1819=ORIENTED_EDGE('',*,*,#3150,.F.);
#1820=ORIENTED_EDGE('',*,*,#3288,.F.);
#1821=ORIENTED_EDGE('',*,*,#3289,.T.);
#1822=ORIENTED_EDGE('',*,*,#3286,.T.);
#1823=ORIENTED_EDGE('',*,*,#3149,.F.);
#1824=ORIENTED_EDGE('',*,*,#3290,.F.);
#1825=ORIENTED_EDGE('',*,*,#3291,.T.);
#1826=ORIENTED_EDGE('',*,*,#3288,.T.);
#1827=ORIENTED_EDGE('',*,*,#3148,.F.);
#1828=ORIENTED_EDGE('',*,*,#3292,.F.);
#1829=ORIENTED_EDGE('',*,*,#3293,.T.);
#1830=ORIENTED_EDGE('',*,*,#3290,.T.);
#1831=ORIENTED_EDGE('',*,*,#3147,.F.);
#1832=ORIENTED_EDGE('',*,*,#3294,.F.);
#1833=ORIENTED_EDGE('',*,*,#3295,.T.);
#1834=ORIENTED_EDGE('',*,*,#3292,.T.);
#1835=ORIENTED_EDGE('',*,*,#3146,.F.);
#1836=ORIENTED_EDGE('',*,*,#3296,.F.);
#1837=ORIENTED_EDGE('',*,*,#3297,.T.);
#1838=ORIENTED_EDGE('',*,*,#3294,.T.);
#1839=ORIENTED_EDGE('',*,*,#3145,.F.);
#1840=ORIENTED_EDGE('',*,*,#3298,.F.);
#1841=ORIENTED_EDGE('',*,*,#3299,.T.);
#1842=ORIENTED_EDGE('',*,*,#3296,.T.);
#1843=ORIENTED_EDGE('',*,*,#3144,.F.);
#1844=ORIENTED_EDGE('',*,*,#3300,.F.);
#1845=ORIENTED_EDGE('',*,*,#3301,.T.);
#1846=ORIENTED_EDGE('',*,*,#3298,.T.);
#1847=ORIENTED_EDGE('',*,*,#3143,.F.);
#1848=ORIENTED_EDGE('',*,*,#3277,.F.);
#1849=ORIENTED_EDGE('',*,*,#3302,.T.);
#1850=ORIENTED_EDGE('',*,*,#3300,.T.);
#1851=ORIENTED_EDGE('',*,*,#3276,.F.);
#1852=ORIENTED_EDGE('',*,*,#3279,.F.);
#1853=ORIENTED_EDGE('',*,*,#3281,.F.);
#1854=ORIENTED_EDGE('',*,*,#3283,.F.);
#1855=ORIENTED_EDGE('',*,*,#3285,.F.);
#1856=ORIENTED_EDGE('',*,*,#3287,.F.);
#1857=ORIENTED_EDGE('',*,*,#3289,.F.);
#1858=ORIENTED_EDGE('',*,*,#3291,.F.);
#1859=ORIENTED_EDGE('',*,*,#3293,.F.);
#1860=ORIENTED_EDGE('',*,*,#3295,.F.);
#1861=ORIENTED_EDGE('',*,*,#3297,.F.);
#1862=ORIENTED_EDGE('',*,*,#3299,.F.);
#1863=ORIENTED_EDGE('',*,*,#3301,.F.);
#1864=ORIENTED_EDGE('',*,*,#3302,.F.);
#1865=ORIENTED_EDGE('',*,*,#3136,.F.);
#1866=ORIENTED_EDGE('',*,*,#3303,.F.);
#1867=ORIENTED_EDGE('',*,*,#3304,.T.);
#1868=ORIENTED_EDGE('',*,*,#3305,.T.);
#1869=ORIENTED_EDGE('',*,*,#3135,.F.);
#1870=ORIENTED_EDGE('',*,*,#3306,.F.);
#1871=ORIENTED_EDGE('',*,*,#3307,.T.);
#1872=ORIENTED_EDGE('',*,*,#3303,.T.);
#1873=ORIENTED_EDGE('',*,*,#3140,.F.);
#1874=ORIENTED_EDGE('',*,*,#3308,.F.);
#1875=ORIENTED_EDGE('',*,*,#3309,.T.);
#1876=ORIENTED_EDGE('',*,*,#3306,.T.);
#1877=ORIENTED_EDGE('',*,*,#3139,.F.);
#1878=ORIENTED_EDGE('',*,*,#3310,.F.);
#1879=ORIENTED_EDGE('',*,*,#3311,.T.);
#1880=ORIENTED_EDGE('',*,*,#3308,.T.);
#1881=ORIENTED_EDGE('',*,*,#3138,.F.);
#1882=ORIENTED_EDGE('',*,*,#3312,.F.);
#1883=ORIENTED_EDGE('',*,*,#3313,.T.);
#1884=ORIENTED_EDGE('',*,*,#3310,.T.);
#1885=ORIENTED_EDGE('',*,*,#3137,.F.);
#1886=ORIENTED_EDGE('',*,*,#3305,.F.);
#1887=ORIENTED_EDGE('',*,*,#3314,.T.);
#1888=ORIENTED_EDGE('',*,*,#3312,.T.);
#1889=ORIENTED_EDGE('',*,*,#3304,.F.);
#1890=ORIENTED_EDGE('',*,*,#3307,.F.);
#1891=ORIENTED_EDGE('',*,*,#3309,.F.);
#1892=ORIENTED_EDGE('',*,*,#3311,.F.);
#1893=ORIENTED_EDGE('',*,*,#3313,.F.);
#1894=ORIENTED_EDGE('',*,*,#3314,.F.);
#1895=ORIENTED_EDGE('',*,*,#3119,.F.);
#1896=ORIENTED_EDGE('',*,*,#3315,.F.);
#1897=ORIENTED_EDGE('',*,*,#3316,.T.);
#1898=ORIENTED_EDGE('',*,*,#3317,.T.);
#1899=ORIENTED_EDGE('',*,*,#3118,.F.);
#1900=ORIENTED_EDGE('',*,*,#3318,.F.);
#1901=ORIENTED_EDGE('',*,*,#3319,.T.);
#1902=ORIENTED_EDGE('',*,*,#3315,.T.);
#1903=ORIENTED_EDGE('',*,*,#3134,.F.);
#1904=ORIENTED_EDGE('',*,*,#3320,.F.);
#1905=ORIENTED_EDGE('',*,*,#3321,.T.);
#1906=ORIENTED_EDGE('',*,*,#3318,.T.);
#1907=ORIENTED_EDGE('',*,*,#3133,.F.);
#1908=ORIENTED_EDGE('',*,*,#3322,.F.);
#1909=ORIENTED_EDGE('',*,*,#3323,.T.);
#1910=ORIENTED_EDGE('',*,*,#3320,.T.);
#1911=ORIENTED_EDGE('',*,*,#3132,.F.);
#1912=ORIENTED_EDGE('',*,*,#3324,.F.);
#1913=ORIENTED_EDGE('',*,*,#3325,.T.);
#1914=ORIENTED_EDGE('',*,*,#3322,.T.);
#1915=ORIENTED_EDGE('',*,*,#3131,.F.);
#1916=ORIENTED_EDGE('',*,*,#3326,.F.);
#1917=ORIENTED_EDGE('',*,*,#3327,.T.);
#1918=ORIENTED_EDGE('',*,*,#3324,.T.);
#1919=ORIENTED_EDGE('',*,*,#3130,.F.);
#1920=ORIENTED_EDGE('',*,*,#3328,.F.);
#1921=ORIENTED_EDGE('',*,*,#3329,.T.);
#1922=ORIENTED_EDGE('',*,*,#3326,.T.);
#1923=ORIENTED_EDGE('',*,*,#3129,.F.);
#1924=ORIENTED_EDGE('',*,*,#3330,.F.);
#1925=ORIENTED_EDGE('',*,*,#3331,.T.);
#1926=ORIENTED_EDGE('',*,*,#3328,.T.);
#1927=ORIENTED_EDGE('',*,*,#3128,.F.);
#1928=ORIENTED_EDGE('',*,*,#3332,.F.);
#1929=ORIENTED_EDGE('',*,*,#3333,.T.);
#1930=ORIENTED_EDGE('',*,*,#3330,.T.);
#1931=ORIENTED_EDGE('',*,*,#3127,.F.);
#1932=ORIENTED_EDGE('',*,*,#3334,.F.);
#1933=ORIENTED_EDGE('',*,*,#3335,.T.);
#1934=ORIENTED_EDGE('',*,*,#3332,.T.);
#1935=ORIENTED_EDGE('',*,*,#3126,.F.);
#1936=ORIENTED_EDGE('',*,*,#3336,.F.);
#1937=ORIENTED_EDGE('',*,*,#3337,.T.);
#1938=ORIENTED_EDGE('',*,*,#3334,.T.);
#1939=ORIENTED_EDGE('',*,*,#3125,.F.);
#1940=ORIENTED_EDGE('',*,*,#3338,.F.);
#1941=ORIENTED_EDGE('',*,*,#3339,.T.);
#1942=ORIENTED_EDGE('',*,*,#3336,.T.);
#1943=ORIENTED_EDGE('',*,*,#3124,.F.);
#1944=ORIENTED_EDGE('',*,*,#3340,.F.);
#1945=ORIENTED_EDGE('',*,*,#3341,.T.);
#1946=ORIENTED_EDGE('',*,*,#3338,.T.);
#1947=ORIENTED_EDGE('',*,*,#3123,.F.);
#1948=ORIENTED_EDGE('',*,*,#3342,.F.);
#1949=ORIENTED_EDGE('',*,*,#3343,.T.);
#1950=ORIENTED_EDGE('',*,*,#3340,.T.);
#1951=ORIENTED_EDGE('',*,*,#3122,.F.);
#1952=ORIENTED_EDGE('',*,*,#3344,.F.);
#1953=ORIENTED_EDGE('',*,*,#3345,.T.);
#1954=ORIENTED_EDGE('',*,*,#3342,.T.);
#1955=ORIENTED_EDGE('',*,*,#3121,.F.);
#1956=ORIENTED_EDGE('',*,*,#3346,.F.);
#1957=ORIENTED_EDGE('',*,*,#3347,.T.);
#1958=ORIENTED_EDGE('',*,*,#3344,.T.);
#1959=ORIENTED_EDGE('',*,*,#3120,.F.);
#1960=ORIENTED_EDGE('',*,*,#3317,.F.);
#1961=ORIENTED_EDGE('',*,*,#3348,.T.);
#1962=ORIENTED_EDGE('',*,*,#3346,.T.);
#1963=ORIENTED_EDGE('',*,*,#3316,.F.);
#1964=ORIENTED_EDGE('',*,*,#3319,.F.);
#1965=ORIENTED_EDGE('',*,*,#3321,.F.);
#1966=ORIENTED_EDGE('',*,*,#3323,.F.);
#1967=ORIENTED_EDGE('',*,*,#3325,.F.);
#1968=ORIENTED_EDGE('',*,*,#3327,.F.);
#1969=ORIENTED_EDGE('',*,*,#3329,.F.);
#1970=ORIENTED_EDGE('',*,*,#3331,.F.);
#1971=ORIENTED_EDGE('',*,*,#3333,.F.);
#1972=ORIENTED_EDGE('',*,*,#3335,.F.);
#1973=ORIENTED_EDGE('',*,*,#3337,.F.);
#1974=ORIENTED_EDGE('',*,*,#3339,.F.);
#1975=ORIENTED_EDGE('',*,*,#3341,.F.);
#1976=ORIENTED_EDGE('',*,*,#3343,.F.);
#1977=ORIENTED_EDGE('',*,*,#3345,.F.);
#1978=ORIENTED_EDGE('',*,*,#3347,.F.);
#1979=ORIENTED_EDGE('',*,*,#3348,.F.);
#1980=ORIENTED_EDGE('',*,*,#3107,.F.);
#1981=ORIENTED_EDGE('',*,*,#3349,.F.);
#1982=ORIENTED_EDGE('',*,*,#3350,.T.);
#1983=ORIENTED_EDGE('',*,*,#3351,.T.);
#1984=ORIENTED_EDGE('',*,*,#3106,.F.);
#1985=ORIENTED_EDGE('',*,*,#3352,.F.);
#1986=ORIENTED_EDGE('',*,*,#3353,.T.);
#1987=ORIENTED_EDGE('',*,*,#3349,.T.);
#1988=ORIENTED_EDGE('',*,*,#3117,.F.);
#1989=ORIENTED_EDGE('',*,*,#3354,.F.);
#1990=ORIENTED_EDGE('',*,*,#3355,.T.);
#1991=ORIENTED_EDGE('',*,*,#3352,.T.);
#1992=ORIENTED_EDGE('',*,*,#3116,.F.);
#1993=ORIENTED_EDGE('',*,*,#3356,.F.);
#1994=ORIENTED_EDGE('',*,*,#3357,.T.);
#1995=ORIENTED_EDGE('',*,*,#3354,.T.);
#1996=ORIENTED_EDGE('',*,*,#3115,.F.);
#1997=ORIENTED_EDGE('',*,*,#3358,.F.);
#1998=ORIENTED_EDGE('',*,*,#3359,.T.);
#1999=ORIENTED_EDGE('',*,*,#3356,.T.);
#2000=ORIENTED_EDGE('',*,*,#3114,.F.);
#2001=ORIENTED_EDGE('',*,*,#3360,.F.);
#2002=ORIENTED_EDGE('',*,*,#3361,.T.);
#2003=ORIENTED_EDGE('',*,*,#3358,.T.);
#2004=ORIENTED_EDGE('',*,*,#3113,.F.);
#2005=ORIENTED_EDGE('',*,*,#3362,.F.);
#2006=ORIENTED_EDGE('',*,*,#3363,.T.);
#2007=ORIENTED_EDGE('',*,*,#3360,.T.);
#2008=ORIENTED_EDGE('',*,*,#3112,.F.);
#2009=ORIENTED_EDGE('',*,*,#3364,.F.);
#2010=ORIENTED_EDGE('',*,*,#3365,.T.);
#2011=ORIENTED_EDGE('',*,*,#3362,.T.);
#2012=ORIENTED_EDGE('',*,*,#3111,.F.);
#2013=ORIENTED_EDGE('',*,*,#3366,.F.);
#2014=ORIENTED_EDGE('',*,*,#3367,.T.);
#2015=ORIENTED_EDGE('',*,*,#3364,.T.);
#2016=ORIENTED_EDGE('',*,*,#3110,.F.);
#2017=ORIENTED_EDGE('',*,*,#3368,.F.);
#2018=ORIENTED_EDGE('',*,*,#3369,.T.);
#2019=ORIENTED_EDGE('',*,*,#3366,.T.);
#2020=ORIENTED_EDGE('',*,*,#3109,.F.);
#2021=ORIENTED_EDGE('',*,*,#3370,.F.);
#2022=ORIENTED_EDGE('',*,*,#3371,.T.);
#2023=ORIENTED_EDGE('',*,*,#3368,.T.);
#2024=ORIENTED_EDGE('',*,*,#3108,.F.);
#2025=ORIENTED_EDGE('',*,*,#3351,.F.);
#2026=ORIENTED_EDGE('',*,*,#3372,.T.);
#2027=ORIENTED_EDGE('',*,*,#3370,.T.);
#2028=ORIENTED_EDGE('',*,*,#3350,.F.);
#2029=ORIENTED_EDGE('',*,*,#3353,.F.);
#2030=ORIENTED_EDGE('',*,*,#3355,.F.);
#2031=ORIENTED_EDGE('',*,*,#3357,.F.);
#2032=ORIENTED_EDGE('',*,*,#3359,.F.);
#2033=ORIENTED_EDGE('',*,*,#3361,.F.);
#2034=ORIENTED_EDGE('',*,*,#3363,.F.);
#2035=ORIENTED_EDGE('',*,*,#3365,.F.);
#2036=ORIENTED_EDGE('',*,*,#3367,.F.);
#2037=ORIENTED_EDGE('',*,*,#3369,.F.);
#2038=ORIENTED_EDGE('',*,*,#3371,.F.);
#2039=ORIENTED_EDGE('',*,*,#3372,.F.);
#2040=ORIENTED_EDGE('',*,*,#3090,.F.);
#2041=ORIENTED_EDGE('',*,*,#3373,.F.);
#2042=ORIENTED_EDGE('',*,*,#3374,.T.);
#2043=ORIENTED_EDGE('',*,*,#3375,.T.);
#2044=ORIENTED_EDGE('',*,*,#3089,.F.);
#2045=ORIENTED_EDGE('',*,*,#3376,.F.);
#2046=ORIENTED_EDGE('',*,*,#3377,.T.);
#2047=ORIENTED_EDGE('',*,*,#3373,.T.);
#2048=ORIENTED_EDGE('',*,*,#3105,.F.);
#2049=ORIENTED_EDGE('',*,*,#3378,.F.);
#2050=ORIENTED_EDGE('',*,*,#3379,.T.);
#2051=ORIENTED_EDGE('',*,*,#3376,.T.);
#2052=ORIENTED_EDGE('',*,*,#3104,.F.);
#2053=ORIENTED_EDGE('',*,*,#3380,.F.);
#2054=ORIENTED_EDGE('',*,*,#3381,.T.);
#2055=ORIENTED_EDGE('',*,*,#3378,.T.);
#2056=ORIENTED_EDGE('',*,*,#3103,.F.);
#2057=ORIENTED_EDGE('',*,*,#3382,.F.);
#2058=ORIENTED_EDGE('',*,*,#3383,.T.);
#2059=ORIENTED_EDGE('',*,*,#3380,.T.);
#2060=ORIENTED_EDGE('',*,*,#3102,.F.);
#2061=ORIENTED_EDGE('',*,*,#3384,.F.);
#2062=ORIENTED_EDGE('',*,*,#3385,.T.);
#2063=ORIENTED_EDGE('',*,*,#3382,.T.);
#2064=ORIENTED_EDGE('',*,*,#3101,.F.);
#2065=ORIENTED_EDGE('',*,*,#3386,.F.);
#2066=ORIENTED_EDGE('',*,*,#3387,.T.);
#2067=ORIENTED_EDGE('',*,*,#3384,.T.);
#2068=ORIENTED_EDGE('',*,*,#3100,.F.);
#2069=ORIENTED_EDGE('',*,*,#3388,.F.);
#2070=ORIENTED_EDGE('',*,*,#3389,.T.);
#2071=ORIENTED_EDGE('',*,*,#3386,.T.);
#2072=ORIENTED_EDGE('',*,*,#3099,.F.);
#2073=ORIENTED_EDGE('',*,*,#3390,.F.);
#2074=ORIENTED_EDGE('',*,*,#3391,.T.);
#2075=ORIENTED_EDGE('',*,*,#3388,.T.);
#2076=ORIENTED_EDGE('',*,*,#3098,.F.);
#2077=ORIENTED_EDGE('',*,*,#3392,.F.);
#2078=ORIENTED_EDGE('',*,*,#3393,.T.);
#2079=ORIENTED_EDGE('',*,*,#3390,.T.);
#2080=ORIENTED_EDGE('',*,*,#3097,.F.);
#2081=ORIENTED_EDGE('',*,*,#3394,.F.);
#2082=ORIENTED_EDGE('',*,*,#3395,.T.);
#2083=ORIENTED_EDGE('',*,*,#3392,.T.);
#2084=ORIENTED_EDGE('',*,*,#3096,.F.);
#2085=ORIENTED_EDGE('',*,*,#3396,.F.);
#2086=ORIENTED_EDGE('',*,*,#3397,.T.);
#2087=ORIENTED_EDGE('',*,*,#3394,.T.);
#2088=ORIENTED_EDGE('',*,*,#3095,.F.);
#2089=ORIENTED_EDGE('',*,*,#3398,.F.);
#2090=ORIENTED_EDGE('',*,*,#3399,.T.);
#2091=ORIENTED_EDGE('',*,*,#3396,.T.);
#2092=ORIENTED_EDGE('',*,*,#3094,.F.);
#2093=ORIENTED_EDGE('',*,*,#3400,.F.);
#2094=ORIENTED_EDGE('',*,*,#3401,.T.);
#2095=ORIENTED_EDGE('',*,*,#3398,.T.);
#2096=ORIENTED_EDGE('',*,*,#3093,.F.);
#2097=ORIENTED_EDGE('',*,*,#3402,.F.);
#2098=ORIENTED_EDGE('',*,*,#3403,.T.);
#2099=ORIENTED_EDGE('',*,*,#3400,.T.);
#2100=ORIENTED_EDGE('',*,*,#3092,.F.);
#2101=ORIENTED_EDGE('',*,*,#3404,.F.);
#2102=ORIENTED_EDGE('',*,*,#3405,.T.);
#2103=ORIENTED_EDGE('',*,*,#3402,.T.);
#2104=ORIENTED_EDGE('',*,*,#3091,.F.);
#2105=ORIENTED_EDGE('',*,*,#3375,.F.);
#2106=ORIENTED_EDGE('',*,*,#3406,.T.);
#2107=ORIENTED_EDGE('',*,*,#3404,.T.);
#2108=ORIENTED_EDGE('',*,*,#3374,.F.);
#2109=ORIENTED_EDGE('',*,*,#3377,.F.);
#2110=ORIENTED_EDGE('',*,*,#3379,.F.);
#2111=ORIENTED_EDGE('',*,*,#3381,.F.);
#2112=ORIENTED_EDGE('',*,*,#3383,.F.);
#2113=ORIENTED_EDGE('',*,*,#3385,.F.);
#2114=ORIENTED_EDGE('',*,*,#3387,.F.);
#2115=ORIENTED_EDGE('',*,*,#3389,.F.);
#2116=ORIENTED_EDGE('',*,*,#3391,.F.);
#2117=ORIENTED_EDGE('',*,*,#3393,.F.);
#2118=ORIENTED_EDGE('',*,*,#3395,.F.);
#2119=ORIENTED_EDGE('',*,*,#3397,.F.);
#2120=ORIENTED_EDGE('',*,*,#3399,.F.);
#2121=ORIENTED_EDGE('',*,*,#3401,.F.);
#2122=ORIENTED_EDGE('',*,*,#3403,.F.);
#2123=ORIENTED_EDGE('',*,*,#3405,.F.);
#2124=ORIENTED_EDGE('',*,*,#3406,.F.);
#2125=ORIENTED_EDGE('',*,*,#3407,.F.);
#2126=ORIENTED_EDGE('',*,*,#3408,.F.);
#2127=ORIENTED_EDGE('',*,*,#3409,.T.);
#2128=ORIENTED_EDGE('',*,*,#3410,.T.);
#2129=ORIENTED_EDGE('',*,*,#3411,.F.);
#2130=ORIENTED_EDGE('',*,*,#3412,.F.);
#2131=ORIENTED_EDGE('',*,*,#3413,.T.);
#2132=ORIENTED_EDGE('',*,*,#3408,.T.);
#2133=ORIENTED_EDGE('',*,*,#3414,.F.);
#2134=ORIENTED_EDGE('',*,*,#3415,.F.);
#2135=ORIENTED_EDGE('',*,*,#3416,.T.);
#2136=ORIENTED_EDGE('',*,*,#3412,.T.);
#2137=ORIENTED_EDGE('',*,*,#3417,.F.);
#2138=ORIENTED_EDGE('',*,*,#3418,.F.);
#2139=ORIENTED_EDGE('',*,*,#3419,.T.);
#2140=ORIENTED_EDGE('',*,*,#3415,.T.);
#2141=ORIENTED_EDGE('',*,*,#3420,.F.);
#2142=ORIENTED_EDGE('',*,*,#3421,.F.);
#2143=ORIENTED_EDGE('',*,*,#3422,.T.);
#2144=ORIENTED_EDGE('',*,*,#3418,.T.);
#2145=ORIENTED_EDGE('',*,*,#3423,.F.);
#2146=ORIENTED_EDGE('',*,*,#3424,.F.);
#2147=ORIENTED_EDGE('',*,*,#3425,.T.);
#2148=ORIENTED_EDGE('',*,*,#3421,.T.);
#2149=ORIENTED_EDGE('',*,*,#3177,.F.);
#2150=ORIENTED_EDGE('',*,*,#3426,.F.);
#2151=ORIENTED_EDGE('',*,*,#3427,.T.);
#2152=ORIENTED_EDGE('',*,*,#3428,.T.);
#2153=ORIENTED_EDGE('',*,*,#3176,.F.);
#2154=ORIENTED_EDGE('',*,*,#3429,.F.);
#2155=ORIENTED_EDGE('',*,*,#3430,.T.);
#2156=ORIENTED_EDGE('',*,*,#3426,.T.);
#2157=ORIENTED_EDGE('',*,*,#3183,.F.);
#2158=ORIENTED_EDGE('',*,*,#3431,.F.);
#2159=ORIENTED_EDGE('',*,*,#3432,.T.);
#2160=ORIENTED_EDGE('',*,*,#3429,.T.);
#2161=ORIENTED_EDGE('',*,*,#3182,.F.);
#2162=ORIENTED_EDGE('',*,*,#3433,.F.);
#2163=ORIENTED_EDGE('',*,*,#3434,.T.);
#2164=ORIENTED_EDGE('',*,*,#3431,.T.);
#2165=ORIENTED_EDGE('',*,*,#3181,.F.);
#2166=ORIENTED_EDGE('',*,*,#3435,.F.);
#2167=ORIENTED_EDGE('',*,*,#3436,.T.);
#2168=ORIENTED_EDGE('',*,*,#3433,.T.);
#2169=ORIENTED_EDGE('',*,*,#3180,.F.);
#2170=ORIENTED_EDGE('',*,*,#3437,.F.);
#2171=ORIENTED_EDGE('',*,*,#3438,.T.);
#2172=ORIENTED_EDGE('',*,*,#3435,.T.);
#2173=ORIENTED_EDGE('',*,*,#3179,.F.);
#2174=ORIENTED_EDGE('',*,*,#3439,.F.);
#2175=ORIENTED_EDGE('',*,*,#3440,.T.);
#2176=ORIENTED_EDGE('',*,*,#3437,.T.);
#2177=ORIENTED_EDGE('',*,*,#3178,.F.);
#2178=ORIENTED_EDGE('',*,*,#3428,.F.);
#2179=ORIENTED_EDGE('',*,*,#3441,.T.);
#2180=ORIENTED_EDGE('',*,*,#3439,.T.);
#2181=ORIENTED_EDGE('',*,*,#3442,.F.);
#2182=ORIENTED_EDGE('',*,*,#3410,.F.);
#2183=ORIENTED_EDGE('',*,*,#3443,.T.);
#2184=ORIENTED_EDGE('',*,*,#3424,.T.);
#2185=ORIENTED_EDGE('',*,*,#3427,.F.);
#2186=ORIENTED_EDGE('',*,*,#3430,.F.);
#2187=ORIENTED_EDGE('',*,*,#3432,.F.);
#2188=ORIENTED_EDGE('',*,*,#3434,.F.);
#2189=ORIENTED_EDGE('',*,*,#3436,.F.);
#2190=ORIENTED_EDGE('',*,*,#3438,.F.);
#2191=ORIENTED_EDGE('',*,*,#3440,.F.);
#2192=ORIENTED_EDGE('',*,*,#3441,.F.);
#2193=ORIENTED_EDGE('',*,*,#3409,.F.);
#2194=ORIENTED_EDGE('',*,*,#3413,.F.);
#2195=ORIENTED_EDGE('',*,*,#3416,.F.);
#2196=ORIENTED_EDGE('',*,*,#3419,.F.);
#2197=ORIENTED_EDGE('',*,*,#3422,.F.);
#2198=ORIENTED_EDGE('',*,*,#3425,.F.);
#2199=ORIENTED_EDGE('',*,*,#3443,.F.);
#2200=ORIENTED_EDGE('',*,*,#3185,.F.);
#2201=ORIENTED_EDGE('',*,*,#3444,.F.);
#2202=ORIENTED_EDGE('',*,*,#3445,.T.);
#2203=ORIENTED_EDGE('',*,*,#3446,.T.);
#2204=ORIENTED_EDGE('',*,*,#3184,.F.);
#2205=ORIENTED_EDGE('',*,*,#3447,.F.);
#2206=ORIENTED_EDGE('',*,*,#3448,.T.);
#2207=ORIENTED_EDGE('',*,*,#3444,.T.);
#2208=ORIENTED_EDGE('',*,*,#3195,.F.);
#2209=ORIENTED_EDGE('',*,*,#3449,.F.);
#2210=ORIENTED_EDGE('',*,*,#3450,.T.);
#2211=ORIENTED_EDGE('',*,*,#3447,.T.);
#2212=ORIENTED_EDGE('',*,*,#3194,.F.);
#2213=ORIENTED_EDGE('',*,*,#3451,.F.);
#2214=ORIENTED_EDGE('',*,*,#3452,.T.);
#2215=ORIENTED_EDGE('',*,*,#3449,.T.);
#2216=ORIENTED_EDGE('',*,*,#3193,.F.);
#2217=ORIENTED_EDGE('',*,*,#3453,.F.);
#2218=ORIENTED_EDGE('',*,*,#3454,.T.);
#2219=ORIENTED_EDGE('',*,*,#3451,.T.);
#2220=ORIENTED_EDGE('',*,*,#3192,.F.);
#2221=ORIENTED_EDGE('',*,*,#3455,.F.);
#2222=ORIENTED_EDGE('',*,*,#3456,.T.);
#2223=ORIENTED_EDGE('',*,*,#3453,.T.);
#2224=ORIENTED_EDGE('',*,*,#3191,.F.);
#2225=ORIENTED_EDGE('',*,*,#3457,.F.);
#2226=ORIENTED_EDGE('',*,*,#3458,.T.);
#2227=ORIENTED_EDGE('',*,*,#3455,.T.);
#2228=ORIENTED_EDGE('',*,*,#3190,.F.);
#2229=ORIENTED_EDGE('',*,*,#3459,.F.);
#2230=ORIENTED_EDGE('',*,*,#3460,.T.);
#2231=ORIENTED_EDGE('',*,*,#3457,.T.);
#2232=ORIENTED_EDGE('',*,*,#3189,.F.);
#2233=ORIENTED_EDGE('',*,*,#3461,.F.);
#2234=ORIENTED_EDGE('',*,*,#3462,.T.);
#2235=ORIENTED_EDGE('',*,*,#3459,.T.);
#2236=ORIENTED_EDGE('',*,*,#3188,.F.);
#2237=ORIENTED_EDGE('',*,*,#3463,.F.);
#2238=ORIENTED_EDGE('',*,*,#3464,.T.);
#2239=ORIENTED_EDGE('',*,*,#3461,.T.);
#2240=ORIENTED_EDGE('',*,*,#3187,.F.);
#2241=ORIENTED_EDGE('',*,*,#3465,.F.);
#2242=ORIENTED_EDGE('',*,*,#3466,.T.);
#2243=ORIENTED_EDGE('',*,*,#3463,.T.);
#2244=ORIENTED_EDGE('',*,*,#3186,.F.);
#2245=ORIENTED_EDGE('',*,*,#3446,.F.);
#2246=ORIENTED_EDGE('',*,*,#3467,.T.);
#2247=ORIENTED_EDGE('',*,*,#3465,.T.);
#2248=ORIENTED_EDGE('',*,*,#3445,.F.);
#2249=ORIENTED_EDGE('',*,*,#3448,.F.);
#2250=ORIENTED_EDGE('',*,*,#3450,.F.);
#2251=ORIENTED_EDGE('',*,*,#3452,.F.);
#2252=ORIENTED_EDGE('',*,*,#3454,.F.);
#2253=ORIENTED_EDGE('',*,*,#3456,.F.);
#2254=ORIENTED_EDGE('',*,*,#3458,.F.);
#2255=ORIENTED_EDGE('',*,*,#3460,.F.);
#2256=ORIENTED_EDGE('',*,*,#3462,.F.);
#2257=ORIENTED_EDGE('',*,*,#3464,.F.);
#2258=ORIENTED_EDGE('',*,*,#3466,.F.);
#2259=ORIENTED_EDGE('',*,*,#3467,.F.);
#2260=ORIENTED_EDGE('',*,*,#3218,.T.);
#2261=ORIENTED_EDGE('',*,*,#3214,.T.);
#2262=ORIENTED_EDGE('',*,*,#3273,.T.);
#2263=ORIENTED_EDGE('',*,*,#3227,.T.);
#2264=ORIENTED_EDGE('',*,*,#3224,.T.);
#2265=ORIENTED_EDGE('',*,*,#3221,.T.);
#2266=ORIENTED_EDGE('',*,*,#3411,.T.);
#2267=ORIENTED_EDGE('',*,*,#3407,.T.);
#2268=ORIENTED_EDGE('',*,*,#3442,.T.);
#2269=ORIENTED_EDGE('',*,*,#3423,.T.);
#2270=ORIENTED_EDGE('',*,*,#3420,.T.);
#2271=ORIENTED_EDGE('',*,*,#3417,.T.);
#2272=ORIENTED_EDGE('',*,*,#3414,.T.);
#2273=ORIENTED_EDGE('',*,*,#3468,.F.);
#2274=ORIENTED_EDGE('',*,*,#3469,.F.);
#2275=ORIENTED_EDGE('',*,*,#3470,.F.);
#2276=ORIENTED_EDGE('',*,*,#3471,.F.);
#2277=ORIENTED_EDGE('',*,*,#3472,.F.);
#2278=ORIENTED_EDGE('',*,*,#3473,.F.);
#2279=ORIENTED_EDGE('',*,*,#3474,.F.);
#2280=ORIENTED_EDGE('',*,*,#3475,.F.);
#2281=ORIENTED_EDGE('',*,*,#3476,.T.);
#2282=ORIENTED_EDGE('',*,*,#3477,.T.);
#2283=ORIENTED_EDGE('',*,*,#3478,.F.);
#2284=ORIENTED_EDGE('',*,*,#3479,.T.);
#2285=ORIENTED_EDGE('',*,*,#3480,.T.);
#2286=ORIENTED_EDGE('',*,*,#3481,.F.);
#2287=ORIENTED_EDGE('',*,*,#3482,.F.);
#2288=ORIENTED_EDGE('',*,*,#3483,.F.);
#2289=ORIENTED_EDGE('',*,*,#3484,.F.);
#2290=ORIENTED_EDGE('',*,*,#3485,.F.);
#2291=ORIENTED_EDGE('',*,*,#3486,.F.);
#2292=ORIENTED_EDGE('',*,*,#3487,.F.);
#2293=ORIENTED_EDGE('',*,*,#3488,.F.);
#2294=ORIENTED_EDGE('',*,*,#3489,.F.);
#2295=ORIENTED_EDGE('',*,*,#3490,.F.);
#2296=ORIENTED_EDGE('',*,*,#3491,.F.);
#2297=ORIENTED_EDGE('',*,*,#3492,.F.);
#2298=ORIENTED_EDGE('',*,*,#3493,.F.);
#2299=ORIENTED_EDGE('',*,*,#3494,.F.);
#2300=ORIENTED_EDGE('',*,*,#3495,.F.);
#2301=ORIENTED_EDGE('',*,*,#3496,.F.);
#2302=ORIENTED_EDGE('',*,*,#3497,.F.);
#2303=ORIENTED_EDGE('',*,*,#3498,.F.);
#2304=ORIENTED_EDGE('',*,*,#3499,.F.);
#2305=ORIENTED_EDGE('',*,*,#3500,.F.);
#2306=ORIENTED_EDGE('',*,*,#3501,.F.);
#2307=ORIENTED_EDGE('',*,*,#3502,.F.);
#2308=ORIENTED_EDGE('',*,*,#3503,.F.);
#2309=ORIENTED_EDGE('',*,*,#3504,.F.);
#2310=ORIENTED_EDGE('',*,*,#3505,.F.);
#2311=ORIENTED_EDGE('',*,*,#3506,.F.);
#2312=ORIENTED_EDGE('',*,*,#3507,.F.);
#2313=ORIENTED_EDGE('',*,*,#3508,.F.);
#2314=ORIENTED_EDGE('',*,*,#3509,.F.);
#2315=ORIENTED_EDGE('',*,*,#3510,.F.);
#2316=ORIENTED_EDGE('',*,*,#3511,.F.);
#2317=ORIENTED_EDGE('',*,*,#3512,.F.);
#2318=ORIENTED_EDGE('',*,*,#3513,.F.);
#2319=ORIENTED_EDGE('',*,*,#3514,.F.);
#2320=ORIENTED_EDGE('',*,*,#3515,.F.);
#2321=ORIENTED_EDGE('',*,*,#3516,.F.);
#2322=ORIENTED_EDGE('',*,*,#3517,.F.);
#2323=ORIENTED_EDGE('',*,*,#3518,.F.);
#2324=ORIENTED_EDGE('',*,*,#3519,.F.);
#2325=ORIENTED_EDGE('',*,*,#3520,.F.);
#2326=ORIENTED_EDGE('',*,*,#3521,.F.);
#2327=ORIENTED_EDGE('',*,*,#3522,.F.);
#2328=ORIENTED_EDGE('',*,*,#3523,.F.);
#2329=ORIENTED_EDGE('',*,*,#3524,.F.);
#2330=ORIENTED_EDGE('',*,*,#3525,.F.);
#2331=ORIENTED_EDGE('',*,*,#3526,.F.);
#2332=ORIENTED_EDGE('',*,*,#3527,.F.);
#2333=ORIENTED_EDGE('',*,*,#3528,.F.);
#2334=ORIENTED_EDGE('',*,*,#3529,.F.);
#2335=ORIENTED_EDGE('',*,*,#3530,.F.);
#2336=ORIENTED_EDGE('',*,*,#3531,.F.);
#2337=ORIENTED_EDGE('',*,*,#3532,.F.);
#2338=ORIENTED_EDGE('',*,*,#3533,.F.);
#2339=ORIENTED_EDGE('',*,*,#3534,.F.);
#2340=ORIENTED_EDGE('',*,*,#3535,.F.);
#2341=ORIENTED_EDGE('',*,*,#3536,.F.);
#2342=ORIENTED_EDGE('',*,*,#3537,.F.);
#2343=ORIENTED_EDGE('',*,*,#3538,.F.);
#2344=ORIENTED_EDGE('',*,*,#3539,.F.);
#2345=ORIENTED_EDGE('',*,*,#3540,.F.);
#2346=ORIENTED_EDGE('',*,*,#3541,.F.);
#2347=ORIENTED_EDGE('',*,*,#3542,.F.);
#2348=ORIENTED_EDGE('',*,*,#3543,.F.);
#2349=ORIENTED_EDGE('',*,*,#3544,.F.);
#2350=ORIENTED_EDGE('',*,*,#3545,.F.);
#2351=ORIENTED_EDGE('',*,*,#3546,.F.);
#2352=ORIENTED_EDGE('',*,*,#3547,.F.);
#2353=ORIENTED_EDGE('',*,*,#3548,.F.);
#2354=ORIENTED_EDGE('',*,*,#3549,.F.);
#2355=ORIENTED_EDGE('',*,*,#3550,.F.);
#2356=ORIENTED_EDGE('',*,*,#3551,.F.);
#2357=ORIENTED_EDGE('',*,*,#3552,.F.);
#2358=ORIENTED_EDGE('',*,*,#3553,.F.);
#2359=ORIENTED_EDGE('',*,*,#3554,.F.);
#2360=ORIENTED_EDGE('',*,*,#3555,.F.);
#2361=ORIENTED_EDGE('',*,*,#3556,.T.);
#2362=ORIENTED_EDGE('',*,*,#3557,.T.);
#2363=ORIENTED_EDGE('',*,*,#3558,.F.);
#2364=ORIENTED_EDGE('',*,*,#3559,.T.);
#2365=ORIENTED_EDGE('',*,*,#3560,.T.);
#2366=ORIENTED_EDGE('',*,*,#3561,.F.);
#2367=ORIENTED_EDGE('',*,*,#3562,.T.);
#2368=ORIENTED_EDGE('',*,*,#3563,.T.);
#2369=ORIENTED_EDGE('',*,*,#3564,.F.);
#2370=ORIENTED_EDGE('',*,*,#3565,.F.);
#2371=ORIENTED_EDGE('',*,*,#3566,.T.);
#2372=ORIENTED_EDGE('',*,*,#3567,.F.);
#2373=ORIENTED_EDGE('',*,*,#3568,.F.);
#2374=ORIENTED_EDGE('',*,*,#3569,.T.);
#2375=ORIENTED_EDGE('',*,*,#3570,.T.);
#2376=ORIENTED_EDGE('',*,*,#3571,.F.);
#2377=ORIENTED_EDGE('',*,*,#3572,.F.);
#2378=ORIENTED_EDGE('',*,*,#3573,.T.);
#2379=ORIENTED_EDGE('',*,*,#3574,.T.);
#2380=ORIENTED_EDGE('',*,*,#3575,.T.);
#2381=ORIENTED_EDGE('',*,*,#3576,.F.);
#2382=ORIENTED_EDGE('',*,*,#3577,.F.);
#2383=ORIENTED_EDGE('',*,*,#3578,.T.);
#2384=ORIENTED_EDGE('',*,*,#3579,.T.);
#2385=ORIENTED_EDGE('',*,*,#3580,.F.);
#2386=ORIENTED_EDGE('',*,*,#3581,.F.);
#2387=ORIENTED_EDGE('',*,*,#3582,.T.);
#2388=ORIENTED_EDGE('',*,*,#3583,.T.);
#2389=ORIENTED_EDGE('',*,*,#3584,.F.);
#2390=ORIENTED_EDGE('',*,*,#3585,.F.);
#2391=ORIENTED_EDGE('',*,*,#3586,.T.);
#2392=ORIENTED_EDGE('',*,*,#3587,.T.);
#2393=ORIENTED_EDGE('',*,*,#3588,.F.);
#2394=ORIENTED_EDGE('',*,*,#3589,.F.);
#2395=ORIENTED_EDGE('',*,*,#3590,.T.);
#2396=ORIENTED_EDGE('',*,*,#3591,.T.);
#2397=ORIENTED_EDGE('',*,*,#3592,.F.);
#2398=ORIENTED_EDGE('',*,*,#3593,.F.);
#2399=ORIENTED_EDGE('',*,*,#3594,.T.);
#2400=ORIENTED_EDGE('',*,*,#3595,.T.);
#2401=ORIENTED_EDGE('',*,*,#3596,.F.);
#2402=ORIENTED_EDGE('',*,*,#3597,.F.);
#2403=ORIENTED_EDGE('',*,*,#3598,.T.);
#2404=ORIENTED_EDGE('',*,*,#3477,.F.);
#2405=ORIENTED_EDGE('',*,*,#3599,.F.);
#2406=ORIENTED_EDGE('',*,*,#3600,.T.);
#2407=ORIENTED_EDGE('',*,*,#3601,.T.);
#2408=ORIENTED_EDGE('',*,*,#3602,.T.);
#2409=ORIENTED_EDGE('',*,*,#3603,.F.);
#2410=ORIENTED_EDGE('',*,*,#3604,.F.);
#2411=ORIENTED_EDGE('',*,*,#3605,.T.);
#2412=ORIENTED_EDGE('',*,*,#3606,.T.);
#2413=ORIENTED_EDGE('',*,*,#3607,.F.);
#2414=ORIENTED_EDGE('',*,*,#3608,.F.);
#2415=ORIENTED_EDGE('',*,*,#3609,.T.);
#2416=ORIENTED_EDGE('',*,*,#3600,.F.);
#2417=ORIENTED_EDGE('',*,*,#3610,.F.);
#2418=ORIENTED_EDGE('',*,*,#3611,.T.);
#2419=ORIENTED_EDGE('',*,*,#3612,.T.);
#2420=ORIENTED_EDGE('',*,*,#3613,.T.);
#2421=ORIENTED_EDGE('',*,*,#3614,.F.);
#2422=ORIENTED_EDGE('',*,*,#3615,.F.);
#2423=ORIENTED_EDGE('',*,*,#3616,.F.);
#2424=ORIENTED_EDGE('',*,*,#3617,.F.);
#2425=ORIENTED_EDGE('',*,*,#3618,.T.);
#2426=ORIENTED_EDGE('',*,*,#3572,.T.);
#2427=ORIENTED_EDGE('',*,*,#3619,.F.);
#2428=ORIENTED_EDGE('',*,*,#3620,.F.);
#2429=ORIENTED_EDGE('',*,*,#3621,.T.);
#2430=ORIENTED_EDGE('',*,*,#3568,.T.);
#2431=ORIENTED_EDGE('',*,*,#3622,.F.);
#2432=ORIENTED_EDGE('',*,*,#3623,.F.);
#2433=ORIENTED_EDGE('',*,*,#3624,.T.);
#2434=ORIENTED_EDGE('',*,*,#3625,.T.);
#2435=ORIENTED_EDGE('',*,*,#3626,.T.);
#2436=ORIENTED_EDGE('',*,*,#3627,.T.);
#2437=ORIENTED_EDGE('',*,*,#3628,.F.);
#2438=ORIENTED_EDGE('',*,*,#3629,.F.);
#2439=ORIENTED_EDGE('',*,*,#3617,.T.);
#2440=ORIENTED_EDGE('',*,*,#3630,.T.);
#2441=ORIENTED_EDGE('',*,*,#3631,.F.);
#2442=ORIENTED_EDGE('',*,*,#3632,.F.);
#2443=ORIENTED_EDGE('',*,*,#3623,.T.);
#2444=ORIENTED_EDGE('',*,*,#3633,.T.);
#2445=ORIENTED_EDGE('',*,*,#3634,.F.);
#2446=ORIENTED_EDGE('',*,*,#3635,.T.);
#2447=ORIENTED_EDGE('',*,*,#3636,.T.);
#2448=ORIENTED_EDGE('',*,*,#3637,.F.);
#2449=ORIENTED_EDGE('',*,*,#3638,.F.);
#2450=ORIENTED_EDGE('',*,*,#3639,.F.);
#2451=ORIENTED_EDGE('',*,*,#3640,.F.);
#2452=ORIENTED_EDGE('',*,*,#3562,.F.);
#2453=ORIENTED_EDGE('',*,*,#3641,.F.);
#2454=ORIENTED_EDGE('',*,*,#3642,.T.);
#2455=ORIENTED_EDGE('',*,*,#3643,.T.);
#2456=ORIENTED_EDGE('',*,*,#3566,.F.);
#2457=ORIENTED_EDGE('',*,*,#3644,.T.);
#2458=ORIENTED_EDGE('',*,*,#3645,.T.);
#2459=ORIENTED_EDGE('',*,*,#3646,.F.);
#2460=ORIENTED_EDGE('',*,*,#3611,.F.);
#2461=ORIENTED_EDGE('',*,*,#3647,.T.);
#2462=ORIENTED_EDGE('',*,*,#3475,.T.);
#2463=ORIENTED_EDGE('',*,*,#3648,.F.);
#2464=ORIENTED_EDGE('',*,*,#3649,.F.);
#2465=ORIENTED_EDGE('',*,*,#3633,.F.);
#2466=ORIENTED_EDGE('',*,*,#3622,.T.);
#2467=ORIENTED_EDGE('',*,*,#3567,.T.);
#2468=ORIENTED_EDGE('',*,*,#3643,.F.);
#2469=ORIENTED_EDGE('',*,*,#3650,.T.);
#2470=ORIENTED_EDGE('',*,*,#3557,.F.);
#2471=ORIENTED_EDGE('',*,*,#3651,.F.);
#2472=ORIENTED_EDGE('',*,*,#3652,.T.);
#2473=ORIENTED_EDGE('',*,*,#3653,.F.);
#2474=ORIENTED_EDGE('',*,*,#3654,.F.);
#2475=ORIENTED_EDGE('',*,*,#3609,.F.);
#2476=ORIENTED_EDGE('',*,*,#3646,.T.);
#2477=ORIENTED_EDGE('',*,*,#3474,.T.);
#2478=ORIENTED_EDGE('',*,*,#3598,.F.);
#2479=ORIENTED_EDGE('',*,*,#3655,.F.);
#2480=ORIENTED_EDGE('',*,*,#3656,.T.);
#2481=ORIENTED_EDGE('',*,*,#3634,.T.);
#2482=ORIENTED_EDGE('',*,*,#3654,.T.);
#2483=ORIENTED_EDGE('',*,*,#3657,.F.);
#2484=ORIENTED_EDGE('',*,*,#3658,.F.);
#2485=ORIENTED_EDGE('',*,*,#3638,.T.);
#2486=ORIENTED_EDGE('',*,*,#3659,.F.);
#2487=ORIENTED_EDGE('',*,*,#3651,.T.);
#2488=ORIENTED_EDGE('',*,*,#3556,.F.);
#2489=ORIENTED_EDGE('',*,*,#3660,.F.);
#2490=ORIENTED_EDGE('',*,*,#3661,.T.);
#2491=ORIENTED_EDGE('',*,*,#3652,.F.);
#2492=ORIENTED_EDGE('',*,*,#3661,.F.);
#2493=ORIENTED_EDGE('',*,*,#3662,.T.);
#2494=ORIENTED_EDGE('',*,*,#3663,.T.);
#2495=ORIENTED_EDGE('',*,*,#3653,.T.);
#2496=ORIENTED_EDGE('',*,*,#3663,.F.);
#2497=ORIENTED_EDGE('',*,*,#3664,.F.);
#2498=ORIENTED_EDGE('',*,*,#3657,.T.);
#2499=ORIENTED_EDGE('',*,*,#3650,.F.);
#2500=ORIENTED_EDGE('',*,*,#3642,.F.);
#2501=ORIENTED_EDGE('',*,*,#3665,.T.);
#2502=ORIENTED_EDGE('',*,*,#3554,.T.);
#2503=ORIENTED_EDGE('',*,*,#3666,.T.);
#2504=ORIENTED_EDGE('',*,*,#3667,.F.);
#2505=ORIENTED_EDGE('',*,*,#3668,.F.);
#2506=ORIENTED_EDGE('',*,*,#3564,.T.);
#2507=ORIENTED_EDGE('',*,*,#3669,.F.);
#2508=ORIENTED_EDGE('',*,*,#3645,.F.);
#2509=ORIENTED_EDGE('',*,*,#3670,.T.);
#2510=ORIENTED_EDGE('',*,*,#3667,.T.);
#2511=ORIENTED_EDGE('',*,*,#3671,.T.);
#2512=ORIENTED_EDGE('',*,*,#3672,.F.);
#2513=ORIENTED_EDGE('',*,*,#3644,.F.);
#2514=ORIENTED_EDGE('',*,*,#3565,.T.);
#2515=ORIENTED_EDGE('',*,*,#3668,.T.);
#2516=ORIENTED_EDGE('',*,*,#3670,.F.);
#2517=ORIENTED_EDGE('',*,*,#3671,.F.);
#2518=ORIENTED_EDGE('',*,*,#3640,.T.);
#2519=ORIENTED_EDGE('',*,*,#3669,.T.);
#2520=ORIENTED_EDGE('',*,*,#3666,.F.);
#2521=ORIENTED_EDGE('',*,*,#3563,.F.);
#2522=ORIENTED_EDGE('',*,*,#3672,.T.);
#2523=ORIENTED_EDGE('',*,*,#3673,.F.);
#2524=ORIENTED_EDGE('',*,*,#3655,.T.);
#2525=ORIENTED_EDGE('',*,*,#3674,.T.);
#2526=ORIENTED_EDGE('',*,*,#3675,.F.);
#2527=ORIENTED_EDGE('',*,*,#3676,.F.);
#2528=ORIENTED_EDGE('',*,*,#3656,.F.);
#2529=ORIENTED_EDGE('',*,*,#3673,.T.);
#2530=ORIENTED_EDGE('',*,*,#3677,.F.);
#2531=ORIENTED_EDGE('',*,*,#3635,.F.);
#2532=ORIENTED_EDGE('',*,*,#3678,.T.);
#2533=ORIENTED_EDGE('',*,*,#3674,.F.);
#2534=ORIENTED_EDGE('',*,*,#3659,.T.);
#2535=ORIENTED_EDGE('',*,*,#3637,.T.);
#2536=ORIENTED_EDGE('',*,*,#3679,.T.);
#2537=ORIENTED_EDGE('',*,*,#3679,.F.);
#2538=ORIENTED_EDGE('',*,*,#3636,.F.);
#2539=ORIENTED_EDGE('',*,*,#3677,.T.);
#2540=ORIENTED_EDGE('',*,*,#3675,.T.);
#2541=ORIENTED_EDGE('',*,*,#3676,.T.);
#2542=ORIENTED_EDGE('',*,*,#3678,.F.);
#2543=ORIENTED_EDGE('',*,*,#3680,.T.);
#2544=ORIENTED_EDGE('',*,*,#3681,.F.);
#2545=ORIENTED_EDGE('',*,*,#3682,.F.);
#2546=ORIENTED_EDGE('',*,*,#3620,.T.);
#2547=ORIENTED_EDGE('',*,*,#3683,.T.);
#2548=ORIENTED_EDGE('',*,*,#3570,.F.);
#2549=ORIENTED_EDGE('',*,*,#3684,.F.);
#2550=ORIENTED_EDGE('',*,*,#3681,.T.);
#2551=ORIENTED_EDGE('',*,*,#3685,.T.);
#2552=ORIENTED_EDGE('',*,*,#3686,.F.);
#2553=ORIENTED_EDGE('',*,*,#3621,.F.);
#2554=ORIENTED_EDGE('',*,*,#3682,.T.);
#2555=ORIENTED_EDGE('',*,*,#3684,.T.);
#2556=ORIENTED_EDGE('',*,*,#3569,.F.);
#2557=ORIENTED_EDGE('',*,*,#3685,.F.);
#2558=ORIENTED_EDGE('',*,*,#3619,.T.);
#2559=ORIENTED_EDGE('',*,*,#3571,.T.);
#2560=ORIENTED_EDGE('',*,*,#3683,.F.);
#2561=ORIENTED_EDGE('',*,*,#3680,.F.);
#2562=ORIENTED_EDGE('',*,*,#3686,.T.);
#2563=ORIENTED_EDGE('',*,*,#3687,.T.);
#2564=ORIENTED_EDGE('',*,*,#3688,.F.);
#2565=ORIENTED_EDGE('',*,*,#3689,.F.);
#2566=ORIENTED_EDGE('',*,*,#3631,.T.);
#2567=ORIENTED_EDGE('',*,*,#3690,.F.);
#2568=ORIENTED_EDGE('',*,*,#3625,.F.);
#2569=ORIENTED_EDGE('',*,*,#3691,.T.);
#2570=ORIENTED_EDGE('',*,*,#3688,.T.);
#2571=ORIENTED_EDGE('',*,*,#3692,.T.);
#2572=ORIENTED_EDGE('',*,*,#3693,.F.);
#2573=ORIENTED_EDGE('',*,*,#3624,.F.);
#2574=ORIENTED_EDGE('',*,*,#3632,.T.);
#2575=ORIENTED_EDGE('',*,*,#3689,.T.);
#2576=ORIENTED_EDGE('',*,*,#3691,.F.);
#2577=ORIENTED_EDGE('',*,*,#3692,.F.);
#2578=ORIENTED_EDGE('',*,*,#3616,.T.);
#2579=ORIENTED_EDGE('',*,*,#3690,.T.);
#2580=ORIENTED_EDGE('',*,*,#3687,.F.);
#2581=ORIENTED_EDGE('',*,*,#3630,.F.);
#2582=ORIENTED_EDGE('',*,*,#3693,.T.);
#2583=ORIENTED_EDGE('',*,*,#3694,.F.);
#2584=ORIENTED_EDGE('',*,*,#3649,.T.);
#2585=ORIENTED_EDGE('',*,*,#3694,.T.);
#2586=ORIENTED_EDGE('',*,*,#3695,.F.);
#2587=ORIENTED_EDGE('',*,*,#3648,.T.);
#2588=ORIENTED_EDGE('',*,*,#3695,.T.);
#2589=ORIENTED_EDGE('',*,*,#3618,.F.);
#2590=ORIENTED_EDGE('',*,*,#3639,.T.);
#2591=ORIENTED_EDGE('',*,*,#3658,.T.);
#2592=ORIENTED_EDGE('',*,*,#3664,.T.);
#2593=ORIENTED_EDGE('',*,*,#3662,.F.);
#2594=ORIENTED_EDGE('',*,*,#3660,.T.);
#2595=ORIENTED_EDGE('',*,*,#3555,.T.);
#2596=ORIENTED_EDGE('',*,*,#3665,.F.);
#2597=ORIENTED_EDGE('',*,*,#3641,.T.);
#2598=ORIENTED_EDGE('',*,*,#3573,.F.);
#2599=ORIENTED_EDGE('',*,*,#3647,.F.);
#2600=ORIENTED_EDGE('',*,*,#3610,.T.);
#2601=ORIENTED_EDGE('',*,*,#3599,.T.);
#2602=ORIENTED_EDGE('',*,*,#3476,.F.);
#2603=ORIENTED_EDGE('',*,*,#3696,.T.);
#2604=ORIENTED_EDGE('',*,*,#3612,.F.);
#2605=ORIENTED_EDGE('',*,*,#3697,.F.);
#2606=ORIENTED_EDGE('',*,*,#3627,.F.);
#2607=ORIENTED_EDGE('',*,*,#3628,.T.);
#2608=ORIENTED_EDGE('',*,*,#3697,.T.);
#2609=ORIENTED_EDGE('',*,*,#3615,.T.);
#2610=ORIENTED_EDGE('',*,*,#3698,.F.);
#2611=ORIENTED_EDGE('',*,*,#3629,.T.);
#2612=ORIENTED_EDGE('',*,*,#3698,.T.);
#2613=ORIENTED_EDGE('',*,*,#3614,.T.);
#2614=ORIENTED_EDGE('',*,*,#3699,.F.);
#2615=ORIENTED_EDGE('',*,*,#3699,.T.);
#2616=ORIENTED_EDGE('',*,*,#3613,.F.);
#2617=ORIENTED_EDGE('',*,*,#3696,.F.);
#2618=ORIENTED_EDGE('',*,*,#3626,.F.);
#2619=ORIENTED_EDGE('',*,*,#3700,.T.);
#2620=ORIENTED_EDGE('',*,*,#3594,.F.);
#2621=ORIENTED_EDGE('',*,*,#3701,.F.);
#2622=ORIENTED_EDGE('',*,*,#3575,.F.);
#2623=ORIENTED_EDGE('',*,*,#3576,.T.);
#2624=ORIENTED_EDGE('',*,*,#3701,.T.);
#2625=ORIENTED_EDGE('',*,*,#3597,.T.);
#2626=ORIENTED_EDGE('',*,*,#3702,.F.);
#2627=ORIENTED_EDGE('',*,*,#3577,.T.);
#2628=ORIENTED_EDGE('',*,*,#3702,.T.);
#2629=ORIENTED_EDGE('',*,*,#3596,.T.);
#2630=ORIENTED_EDGE('',*,*,#3703,.F.);
#2631=ORIENTED_EDGE('',*,*,#3703,.T.);
#2632=ORIENTED_EDGE('',*,*,#3595,.F.);
#2633=ORIENTED_EDGE('',*,*,#3700,.F.);
#2634=ORIENTED_EDGE('',*,*,#3574,.F.);
#2635=ORIENTED_EDGE('',*,*,#3704,.T.);
#2636=ORIENTED_EDGE('',*,*,#3601,.F.);
#2637=ORIENTED_EDGE('',*,*,#3705,.F.);
#2638=ORIENTED_EDGE('',*,*,#3579,.F.);
#2639=ORIENTED_EDGE('',*,*,#3580,.T.);
#2640=ORIENTED_EDGE('',*,*,#3705,.T.);
#2641=ORIENTED_EDGE('',*,*,#3604,.T.);
#2642=ORIENTED_EDGE('',*,*,#3706,.F.);
#2643=ORIENTED_EDGE('',*,*,#3581,.T.);
#2644=ORIENTED_EDGE('',*,*,#3706,.T.);
#2645=ORIENTED_EDGE('',*,*,#3603,.T.);
#2646=ORIENTED_EDGE('',*,*,#3707,.F.);
#2647=ORIENTED_EDGE('',*,*,#3707,.T.);
#2648=ORIENTED_EDGE('',*,*,#3602,.F.);
#2649=ORIENTED_EDGE('',*,*,#3704,.F.);
#2650=ORIENTED_EDGE('',*,*,#3578,.F.);
#2651=ORIENTED_EDGE('',*,*,#3708,.T.);
#2652=ORIENTED_EDGE('',*,*,#3590,.F.);
#2653=ORIENTED_EDGE('',*,*,#3709,.F.);
#2654=ORIENTED_EDGE('',*,*,#3583,.F.);
#2655=ORIENTED_EDGE('',*,*,#3584,.T.);
#2656=ORIENTED_EDGE('',*,*,#3709,.T.);
#2657=ORIENTED_EDGE('',*,*,#3593,.T.);
#2658=ORIENTED_EDGE('',*,*,#3710,.F.);
#2659=ORIENTED_EDGE('',*,*,#3585,.T.);
#2660=ORIENTED_EDGE('',*,*,#3710,.T.);
#2661=ORIENTED_EDGE('',*,*,#3592,.T.);
#2662=ORIENTED_EDGE('',*,*,#3711,.F.);
#2663=ORIENTED_EDGE('',*,*,#3711,.T.);
#2664=ORIENTED_EDGE('',*,*,#3591,.F.);
#2665=ORIENTED_EDGE('',*,*,#3708,.F.);
#2666=ORIENTED_EDGE('',*,*,#3582,.F.);
#2667=ORIENTED_EDGE('',*,*,#3712,.T.);
#2668=ORIENTED_EDGE('',*,*,#3605,.F.);
#2669=ORIENTED_EDGE('',*,*,#3713,.F.);
#2670=ORIENTED_EDGE('',*,*,#3587,.F.);
#2671=ORIENTED_EDGE('',*,*,#3588,.T.);
#2672=ORIENTED_EDGE('',*,*,#3713,.T.);
#2673=ORIENTED_EDGE('',*,*,#3608,.T.);
#2674=ORIENTED_EDGE('',*,*,#3714,.F.);
#2675=ORIENTED_EDGE('',*,*,#3589,.T.);
#2676=ORIENTED_EDGE('',*,*,#3714,.T.);
#2677=ORIENTED_EDGE('',*,*,#3607,.T.);
#2678=ORIENTED_EDGE('',*,*,#3715,.F.);
#2679=ORIENTED_EDGE('',*,*,#3715,.T.);
#2680=ORIENTED_EDGE('',*,*,#3606,.F.);
#2681=ORIENTED_EDGE('',*,*,#3712,.F.);
#2682=ORIENTED_EDGE('',*,*,#3586,.F.);
#2683=ORIENTED_EDGE('',*,*,#3558,.T.);
#2684=ORIENTED_EDGE('',*,*,#3716,.T.);
#2685=ORIENTED_EDGE('',*,*,#3479,.F.);
#2686=ORIENTED_EDGE('',*,*,#3717,.F.);
#2687=ORIENTED_EDGE('',*,*,#3717,.T.);
#2688=ORIENTED_EDGE('',*,*,#3478,.T.);
#2689=ORIENTED_EDGE('',*,*,#3718,.F.);
#2690=ORIENTED_EDGE('',*,*,#3559,.F.);
#2691=ORIENTED_EDGE('',*,*,#3718,.T.);
#2692=ORIENTED_EDGE('',*,*,#3481,.T.);
#2693=ORIENTED_EDGE('',*,*,#3719,.F.);
#2694=ORIENTED_EDGE('',*,*,#3560,.F.);
#2695=ORIENTED_EDGE('',*,*,#3561,.T.);
#2696=ORIENTED_EDGE('',*,*,#3719,.T.);
#2697=ORIENTED_EDGE('',*,*,#3480,.F.);
#2698=ORIENTED_EDGE('',*,*,#3716,.F.);
#2699=ORIENTED_EDGE('',*,*,#3468,.T.);
#2700=ORIENTED_EDGE('',*,*,#3720,.F.);
#2701=ORIENTED_EDGE('',*,*,#3721,.F.);
#2702=ORIENTED_EDGE('',*,*,#3722,.T.);
#2703=ORIENTED_EDGE('',*,*,#3473,.T.);
#2704=ORIENTED_EDGE('',*,*,#3723,.F.);
#2705=ORIENTED_EDGE('',*,*,#3724,.F.);
#2706=ORIENTED_EDGE('',*,*,#3720,.T.);
#2707=ORIENTED_EDGE('',*,*,#3472,.T.);
#2708=ORIENTED_EDGE('',*,*,#3725,.F.);
#2709=ORIENTED_EDGE('',*,*,#3726,.F.);
#2710=ORIENTED_EDGE('',*,*,#3723,.T.);
#2711=ORIENTED_EDGE('',*,*,#3471,.T.);
#2712=ORIENTED_EDGE('',*,*,#3727,.F.);
#2713=ORIENTED_EDGE('',*,*,#3728,.F.);
#2714=ORIENTED_EDGE('',*,*,#3725,.T.);
#2715=ORIENTED_EDGE('',*,*,#3470,.T.);
#2716=ORIENTED_EDGE('',*,*,#3729,.F.);
#2717=ORIENTED_EDGE('',*,*,#3730,.F.);
#2718=ORIENTED_EDGE('',*,*,#3727,.T.);
#2719=ORIENTED_EDGE('',*,*,#3469,.T.);
#2720=ORIENTED_EDGE('',*,*,#3722,.F.);
#2721=ORIENTED_EDGE('',*,*,#3731,.F.);
#2722=ORIENTED_EDGE('',*,*,#3729,.T.);
#2723=ORIENTED_EDGE('',*,*,#3721,.T.);
#2724=ORIENTED_EDGE('',*,*,#3724,.T.);
#2725=ORIENTED_EDGE('',*,*,#3726,.T.);
#2726=ORIENTED_EDGE('',*,*,#3728,.T.);
#2727=ORIENTED_EDGE('',*,*,#3730,.T.);
#2728=ORIENTED_EDGE('',*,*,#3731,.T.);
#2729=ORIENTED_EDGE('',*,*,#3483,.T.);
#2730=ORIENTED_EDGE('',*,*,#3732,.F.);
#2731=ORIENTED_EDGE('',*,*,#3733,.F.);
#2732=ORIENTED_EDGE('',*,*,#3734,.T.);
#2733=ORIENTED_EDGE('',*,*,#3482,.T.);
#2734=ORIENTED_EDGE('',*,*,#3735,.F.);
#2735=ORIENTED_EDGE('',*,*,#3736,.F.);
#2736=ORIENTED_EDGE('',*,*,#3732,.T.);
#2737=ORIENTED_EDGE('',*,*,#3492,.T.);
#2738=ORIENTED_EDGE('',*,*,#3737,.F.);
#2739=ORIENTED_EDGE('',*,*,#3738,.F.);
#2740=ORIENTED_EDGE('',*,*,#3735,.T.);
#2741=ORIENTED_EDGE('',*,*,#3491,.T.);
#2742=ORIENTED_EDGE('',*,*,#3739,.F.);
#2743=ORIENTED_EDGE('',*,*,#3740,.F.);
#2744=ORIENTED_EDGE('',*,*,#3737,.T.);
#2745=ORIENTED_EDGE('',*,*,#3490,.T.);
#2746=ORIENTED_EDGE('',*,*,#3741,.F.);
#2747=ORIENTED_EDGE('',*,*,#3742,.F.);
#2748=ORIENTED_EDGE('',*,*,#3739,.T.);
#2749=ORIENTED_EDGE('',*,*,#3489,.T.);
#2750=ORIENTED_EDGE('',*,*,#3743,.F.);
#2751=ORIENTED_EDGE('',*,*,#3744,.F.);
#2752=ORIENTED_EDGE('',*,*,#3741,.T.);
#2753=ORIENTED_EDGE('',*,*,#3488,.T.);
#2754=ORIENTED_EDGE('',*,*,#3745,.F.);
#2755=ORIENTED_EDGE('',*,*,#3746,.F.);
#2756=ORIENTED_EDGE('',*,*,#3743,.T.);
#2757=ORIENTED_EDGE('',*,*,#3487,.T.);
#2758=ORIENTED_EDGE('',*,*,#3747,.F.);
#2759=ORIENTED_EDGE('',*,*,#3748,.F.);
#2760=ORIENTED_EDGE('',*,*,#3745,.T.);
#2761=ORIENTED_EDGE('',*,*,#3486,.T.);
#2762=ORIENTED_EDGE('',*,*,#3749,.F.);
#2763=ORIENTED_EDGE('',*,*,#3750,.F.);
#2764=ORIENTED_EDGE('',*,*,#3747,.T.);
#2765=ORIENTED_EDGE('',*,*,#3485,.T.);
#2766=ORIENTED_EDGE('',*,*,#3751,.F.);
#2767=ORIENTED_EDGE('',*,*,#3752,.F.);
#2768=ORIENTED_EDGE('',*,*,#3749,.T.);
#2769=ORIENTED_EDGE('',*,*,#3484,.T.);
#2770=ORIENTED_EDGE('',*,*,#3734,.F.);
#2771=ORIENTED_EDGE('',*,*,#3753,.F.);
#2772=ORIENTED_EDGE('',*,*,#3751,.T.);
#2773=ORIENTED_EDGE('',*,*,#3733,.T.);
#2774=ORIENTED_EDGE('',*,*,#3736,.T.);
#2775=ORIENTED_EDGE('',*,*,#3738,.T.);
#2776=ORIENTED_EDGE('',*,*,#3740,.T.);
#2777=ORIENTED_EDGE('',*,*,#3742,.T.);
#2778=ORIENTED_EDGE('',*,*,#3744,.T.);
#2779=ORIENTED_EDGE('',*,*,#3746,.T.);
#2780=ORIENTED_EDGE('',*,*,#3748,.T.);
#2781=ORIENTED_EDGE('',*,*,#3750,.T.);
#2782=ORIENTED_EDGE('',*,*,#3752,.T.);
#2783=ORIENTED_EDGE('',*,*,#3753,.T.);
#2784=ORIENTED_EDGE('',*,*,#3494,.T.);
#2785=ORIENTED_EDGE('',*,*,#3754,.F.);
#2786=ORIENTED_EDGE('',*,*,#3755,.F.);
#2787=ORIENTED_EDGE('',*,*,#3756,.T.);
#2788=ORIENTED_EDGE('',*,*,#3493,.T.);
#2789=ORIENTED_EDGE('',*,*,#3757,.F.);
#2790=ORIENTED_EDGE('',*,*,#3758,.F.);
#2791=ORIENTED_EDGE('',*,*,#3754,.T.);
#2792=ORIENTED_EDGE('',*,*,#3500,.T.);
#2793=ORIENTED_EDGE('',*,*,#3759,.F.);
#2794=ORIENTED_EDGE('',*,*,#3760,.F.);
#2795=ORIENTED_EDGE('',*,*,#3757,.T.);
#2796=ORIENTED_EDGE('',*,*,#3499,.T.);
#2797=ORIENTED_EDGE('',*,*,#3761,.F.);
#2798=ORIENTED_EDGE('',*,*,#3762,.F.);
#2799=ORIENTED_EDGE('',*,*,#3759,.T.);
#2800=ORIENTED_EDGE('',*,*,#3498,.T.);
#2801=ORIENTED_EDGE('',*,*,#3763,.F.);
#2802=ORIENTED_EDGE('',*,*,#3764,.F.);
#2803=ORIENTED_EDGE('',*,*,#3761,.T.);
#2804=ORIENTED_EDGE('',*,*,#3497,.T.);
#2805=ORIENTED_EDGE('',*,*,#3765,.F.);
#2806=ORIENTED_EDGE('',*,*,#3766,.F.);
#2807=ORIENTED_EDGE('',*,*,#3763,.T.);
#2808=ORIENTED_EDGE('',*,*,#3496,.T.);
#2809=ORIENTED_EDGE('',*,*,#3767,.F.);
#2810=ORIENTED_EDGE('',*,*,#3768,.F.);
#2811=ORIENTED_EDGE('',*,*,#3765,.T.);
#2812=ORIENTED_EDGE('',*,*,#3495,.T.);
#2813=ORIENTED_EDGE('',*,*,#3756,.F.);
#2814=ORIENTED_EDGE('',*,*,#3769,.F.);
#2815=ORIENTED_EDGE('',*,*,#3767,.T.);
#2816=ORIENTED_EDGE('',*,*,#3755,.T.);
#2817=ORIENTED_EDGE('',*,*,#3758,.T.);
#2818=ORIENTED_EDGE('',*,*,#3760,.T.);
#2819=ORIENTED_EDGE('',*,*,#3762,.T.);
#2820=ORIENTED_EDGE('',*,*,#3764,.T.);
#2821=ORIENTED_EDGE('',*,*,#3766,.T.);
#2822=ORIENTED_EDGE('',*,*,#3768,.T.);
#2823=ORIENTED_EDGE('',*,*,#3769,.T.);
#2824=ORIENTED_EDGE('',*,*,#3502,.T.);
#2825=ORIENTED_EDGE('',*,*,#3770,.F.);
#2826=ORIENTED_EDGE('',*,*,#3771,.F.);
#2827=ORIENTED_EDGE('',*,*,#3772,.T.);
#2828=ORIENTED_EDGE('',*,*,#3501,.T.);
#2829=ORIENTED_EDGE('',*,*,#3773,.F.);
#2830=ORIENTED_EDGE('',*,*,#3774,.F.);
#2831=ORIENTED_EDGE('',*,*,#3770,.T.);
#2832=ORIENTED_EDGE('',*,*,#3513,.T.);
#2833=ORIENTED_EDGE('',*,*,#3775,.F.);
#2834=ORIENTED_EDGE('',*,*,#3776,.F.);
#2835=ORIENTED_EDGE('',*,*,#3773,.T.);
#2836=ORIENTED_EDGE('',*,*,#3512,.T.);
#2837=ORIENTED_EDGE('',*,*,#3777,.F.);
#2838=ORIENTED_EDGE('',*,*,#3778,.F.);
#2839=ORIENTED_EDGE('',*,*,#3775,.T.);
#2840=ORIENTED_EDGE('',*,*,#3511,.T.);
#2841=ORIENTED_EDGE('',*,*,#3779,.F.);
#2842=ORIENTED_EDGE('',*,*,#3780,.F.);
#2843=ORIENTED_EDGE('',*,*,#3777,.T.);
#2844=ORIENTED_EDGE('',*,*,#3510,.T.);
#2845=ORIENTED_EDGE('',*,*,#3781,.F.);
#2846=ORIENTED_EDGE('',*,*,#3782,.F.);
#2847=ORIENTED_EDGE('',*,*,#3779,.T.);
#2848=ORIENTED_EDGE('',*,*,#3509,.T.);
#2849=ORIENTED_EDGE('',*,*,#3783,.F.);
#2850=ORIENTED_EDGE('',*,*,#3784,.F.);
#2851=ORIENTED_EDGE('',*,*,#3781,.T.);
#2852=ORIENTED_EDGE('',*,*,#3508,.T.);
#2853=ORIENTED_EDGE('',*,*,#3785,.F.);
#2854=ORIENTED_EDGE('',*,*,#3786,.F.);
#2855=ORIENTED_EDGE('',*,*,#3783,.T.);
#2856=ORIENTED_EDGE('',*,*,#3507,.T.);
#2857=ORIENTED_EDGE('',*,*,#3787,.F.);
#2858=ORIENTED_EDGE('',*,*,#3788,.F.);
#2859=ORIENTED_EDGE('',*,*,#3785,.T.);
#2860=ORIENTED_EDGE('',*,*,#3506,.T.);
#2861=ORIENTED_EDGE('',*,*,#3789,.F.);
#2862=ORIENTED_EDGE('',*,*,#3790,.F.);
#2863=ORIENTED_EDGE('',*,*,#3787,.T.);
#2864=ORIENTED_EDGE('',*,*,#3505,.T.);
#2865=ORIENTED_EDGE('',*,*,#3791,.F.);
#2866=ORIENTED_EDGE('',*,*,#3792,.F.);
#2867=ORIENTED_EDGE('',*,*,#3789,.T.);
#2868=ORIENTED_EDGE('',*,*,#3504,.T.);
#2869=ORIENTED_EDGE('',*,*,#3793,.F.);
#2870=ORIENTED_EDGE('',*,*,#3794,.F.);
#2871=ORIENTED_EDGE('',*,*,#3791,.T.);
#2872=ORIENTED_EDGE('',*,*,#3503,.T.);
#2873=ORIENTED_EDGE('',*,*,#3772,.F.);
#2874=ORIENTED_EDGE('',*,*,#3795,.F.);
#2875=ORIENTED_EDGE('',*,*,#3793,.T.);
#2876=ORIENTED_EDGE('',*,*,#3771,.T.);
#2877=ORIENTED_EDGE('',*,*,#3774,.T.);
#2878=ORIENTED_EDGE('',*,*,#3776,.T.);
#2879=ORIENTED_EDGE('',*,*,#3778,.T.);
#2880=ORIENTED_EDGE('',*,*,#3780,.T.);
#2881=ORIENTED_EDGE('',*,*,#3782,.T.);
#2882=ORIENTED_EDGE('',*,*,#3784,.T.);
#2883=ORIENTED_EDGE('',*,*,#3786,.T.);
#2884=ORIENTED_EDGE('',*,*,#3788,.T.);
#2885=ORIENTED_EDGE('',*,*,#3790,.T.);
#2886=ORIENTED_EDGE('',*,*,#3792,.T.);
#2887=ORIENTED_EDGE('',*,*,#3794,.T.);
#2888=ORIENTED_EDGE('',*,*,#3795,.T.);
#2889=ORIENTED_EDGE('',*,*,#3515,.T.);
#2890=ORIENTED_EDGE('',*,*,#3796,.F.);
#2891=ORIENTED_EDGE('',*,*,#3797,.F.);
#2892=ORIENTED_EDGE('',*,*,#3798,.T.);
#2893=ORIENTED_EDGE('',*,*,#3514,.T.);
#2894=ORIENTED_EDGE('',*,*,#3799,.F.);
#2895=ORIENTED_EDGE('',*,*,#3800,.F.);
#2896=ORIENTED_EDGE('',*,*,#3796,.T.);
#2897=ORIENTED_EDGE('',*,*,#3521,.T.);
#2898=ORIENTED_EDGE('',*,*,#3801,.F.);
#2899=ORIENTED_EDGE('',*,*,#3802,.F.);
#2900=ORIENTED_EDGE('',*,*,#3799,.T.);
#2901=ORIENTED_EDGE('',*,*,#3520,.T.);
#2902=ORIENTED_EDGE('',*,*,#3803,.F.);
#2903=ORIENTED_EDGE('',*,*,#3804,.F.);
#2904=ORIENTED_EDGE('',*,*,#3801,.T.);
#2905=ORIENTED_EDGE('',*,*,#3519,.T.);
#2906=ORIENTED_EDGE('',*,*,#3805,.F.);
#2907=ORIENTED_EDGE('',*,*,#3806,.F.);
#2908=ORIENTED_EDGE('',*,*,#3803,.T.);
#2909=ORIENTED_EDGE('',*,*,#3518,.T.);
#2910=ORIENTED_EDGE('',*,*,#3807,.F.);
#2911=ORIENTED_EDGE('',*,*,#3808,.F.);
#2912=ORIENTED_EDGE('',*,*,#3805,.T.);
#2913=ORIENTED_EDGE('',*,*,#3517,.T.);
#2914=ORIENTED_EDGE('',*,*,#3809,.F.);
#2915=ORIENTED_EDGE('',*,*,#3810,.F.);
#2916=ORIENTED_EDGE('',*,*,#3807,.T.);
#2917=ORIENTED_EDGE('',*,*,#3516,.T.);
#2918=ORIENTED_EDGE('',*,*,#3798,.F.);
#2919=ORIENTED_EDGE('',*,*,#3811,.F.);
#2920=ORIENTED_EDGE('',*,*,#3809,.T.);
#2921=ORIENTED_EDGE('',*,*,#3797,.T.);
#2922=ORIENTED_EDGE('',*,*,#3800,.T.);
#2923=ORIENTED_EDGE('',*,*,#3802,.T.);
#2924=ORIENTED_EDGE('',*,*,#3804,.T.);
#2925=ORIENTED_EDGE('',*,*,#3806,.T.);
#2926=ORIENTED_EDGE('',*,*,#3808,.T.);
#2927=ORIENTED_EDGE('',*,*,#3810,.T.);
#2928=ORIENTED_EDGE('',*,*,#3811,.T.);
#2929=ORIENTED_EDGE('',*,*,#3523,.T.);
#2930=ORIENTED_EDGE('',*,*,#3812,.F.);
#2931=ORIENTED_EDGE('',*,*,#3813,.F.);
#2932=ORIENTED_EDGE('',*,*,#3814,.T.);
#2933=ORIENTED_EDGE('',*,*,#3522,.T.);
#2934=ORIENTED_EDGE('',*,*,#3815,.F.);
#2935=ORIENTED_EDGE('',*,*,#3816,.F.);
#2936=ORIENTED_EDGE('',*,*,#3812,.T.);
#2937=ORIENTED_EDGE('',*,*,#3525,.T.);
#2938=ORIENTED_EDGE('',*,*,#3817,.F.);
#2939=ORIENTED_EDGE('',*,*,#3818,.F.);
#2940=ORIENTED_EDGE('',*,*,#3815,.T.);
#2941=ORIENTED_EDGE('',*,*,#3524,.T.);
#2942=ORIENTED_EDGE('',*,*,#3814,.F.);
#2943=ORIENTED_EDGE('',*,*,#3819,.F.);
#2944=ORIENTED_EDGE('',*,*,#3817,.T.);
#2945=ORIENTED_EDGE('',*,*,#3813,.T.);
#2946=ORIENTED_EDGE('',*,*,#3816,.T.);
#2947=ORIENTED_EDGE('',*,*,#3818,.T.);
#2948=ORIENTED_EDGE('',*,*,#3819,.T.);
#2949=ORIENTED_EDGE('',*,*,#3527,.T.);
#2950=ORIENTED_EDGE('',*,*,#3820,.F.);
#2951=ORIENTED_EDGE('',*,*,#3821,.F.);
#2952=ORIENTED_EDGE('',*,*,#3822,.T.);
#2953=ORIENTED_EDGE('',*,*,#3526,.T.);
#2954=ORIENTED_EDGE('',*,*,#3823,.F.);
#2955=ORIENTED_EDGE('',*,*,#3824,.F.);
#2956=ORIENTED_EDGE('',*,*,#3820,.T.);
#2957=ORIENTED_EDGE('',*,*,#3549,.T.);
#2958=ORIENTED_EDGE('',*,*,#3825,.F.);
#2959=ORIENTED_EDGE('',*,*,#3826,.F.);
#2960=ORIENTED_EDGE('',*,*,#3823,.T.);
#2961=ORIENTED_EDGE('',*,*,#3548,.T.);
#2962=ORIENTED_EDGE('',*,*,#3827,.F.);
#2963=ORIENTED_EDGE('',*,*,#3828,.F.);
#2964=ORIENTED_EDGE('',*,*,#3825,.T.);
#2965=ORIENTED_EDGE('',*,*,#3547,.T.);
#2966=ORIENTED_EDGE('',*,*,#3829,.F.);
#2967=ORIENTED_EDGE('',*,*,#3830,.F.);
#2968=ORIENTED_EDGE('',*,*,#3827,.T.);
#2969=ORIENTED_EDGE('',*,*,#3546,.T.);
#2970=ORIENTED_EDGE('',*,*,#3831,.F.);
#2971=ORIENTED_EDGE('',*,*,#3832,.F.);
#2972=ORIENTED_EDGE('',*,*,#3829,.T.);
#2973=ORIENTED_EDGE('',*,*,#3545,.T.);
#2974=ORIENTED_EDGE('',*,*,#3833,.F.);
#2975=ORIENTED_EDGE('',*,*,#3834,.F.);
#2976=ORIENTED_EDGE('',*,*,#3831,.T.);
#2977=ORIENTED_EDGE('',*,*,#3544,.T.);
#2978=ORIENTED_EDGE('',*,*,#3835,.F.);
#2979=ORIENTED_EDGE('',*,*,#3836,.F.);
#2980=ORIENTED_EDGE('',*,*,#3833,.T.);
#2981=ORIENTED_EDGE('',*,*,#3543,.T.);
#2982=ORIENTED_EDGE('',*,*,#3837,.F.);
#2983=ORIENTED_EDGE('',*,*,#3838,.F.);
#2984=ORIENTED_EDGE('',*,*,#3835,.T.);
#2985=ORIENTED_EDGE('',*,*,#3542,.T.);
#2986=ORIENTED_EDGE('',*,*,#3839,.F.);
#2987=ORIENTED_EDGE('',*,*,#3840,.F.);
#2988=ORIENTED_EDGE('',*,*,#3837,.T.);
#2989=ORIENTED_EDGE('',*,*,#3541,.T.);
#2990=ORIENTED_EDGE('',*,*,#3841,.F.);
#2991=ORIENTED_EDGE('',*,*,#3842,.F.);
#2992=ORIENTED_EDGE('',*,*,#3839,.T.);
#2993=ORIENTED_EDGE('',*,*,#3540,.T.);
#2994=ORIENTED_EDGE('',*,*,#3843,.F.);
#2995=ORIENTED_EDGE('',*,*,#3844,.F.);
#2996=ORIENTED_EDGE('',*,*,#3841,.T.);
#2997=ORIENTED_EDGE('',*,*,#3539,.T.);
#2998=ORIENTED_EDGE('',*,*,#3845,.F.);
#2999=ORIENTED_EDGE('',*,*,#3846,.F.);
#3000=ORIENTED_EDGE('',*,*,#3843,.T.);
#3001=ORIENTED_EDGE('',*,*,#3538,.T.);
#3002=ORIENTED_EDGE('',*,*,#3847,.F.);
#3003=ORIENTED_EDGE('',*,*,#3848,.F.);
#3004=ORIENTED_EDGE('',*,*,#3845,.T.);
#3005=ORIENTED_EDGE('',*,*,#3537,.T.);
#3006=ORIENTED_EDGE('',*,*,#3849,.F.);
#3007=ORIENTED_EDGE('',*,*,#3850,.F.);
#3008=ORIENTED_EDGE('',*,*,#3847,.T.);
#3009=ORIENTED_EDGE('',*,*,#3536,.T.);
#3010=ORIENTED_EDGE('',*,*,#3851,.F.);
#3011=ORIENTED_EDGE('',*,*,#3852,.F.);
#3012=ORIENTED_EDGE('',*,*,#3849,.T.);
#3013=ORIENTED_EDGE('',*,*,#3535,.T.);
#3014=ORIENTED_EDGE('',*,*,#3853,.F.);
#3015=ORIENTED_EDGE('',*,*,#3854,.F.);
#3016=ORIENTED_EDGE('',*,*,#3851,.T.);
#3017=ORIENTED_EDGE('',*,*,#3534,.T.);
#3018=ORIENTED_EDGE('',*,*,#3855,.F.);
#3019=ORIENTED_EDGE('',*,*,#3856,.F.);
#3020=ORIENTED_EDGE('',*,*,#3853,.T.);
#3021=ORIENTED_EDGE('',*,*,#3533,.T.);
#3022=ORIENTED_EDGE('',*,*,#3857,.F.);
#3023=ORIENTED_EDGE('',*,*,#3858,.F.);
#3024=ORIENTED_EDGE('',*,*,#3855,.T.);
#3025=ORIENTED_EDGE('',*,*,#3532,.T.);
#3026=ORIENTED_EDGE('',*,*,#3859,.F.);
#3027=ORIENTED_EDGE('',*,*,#3860,.F.);
#3028=ORIENTED_EDGE('',*,*,#3857,.T.);
#3029=ORIENTED_EDGE('',*,*,#3531,.T.);
#3030=ORIENTED_EDGE('',*,*,#3861,.F.);
#3031=ORIENTED_EDGE('',*,*,#3862,.F.);
#3032=ORIENTED_EDGE('',*,*,#3859,.T.);
#3033=ORIENTED_EDGE('',*,*,#3530,.T.);
#3034=ORIENTED_EDGE('',*,*,#3863,.F.);
#3035=ORIENTED_EDGE('',*,*,#3864,.F.);
#3036=ORIENTED_EDGE('',*,*,#3861,.T.);
#3037=ORIENTED_EDGE('',*,*,#3529,.T.);
#3038=ORIENTED_EDGE('',*,*,#3865,.F.);
#3039=ORIENTED_EDGE('',*,*,#3866,.F.);
#3040=ORIENTED_EDGE('',*,*,#3863,.T.);
#3041=ORIENTED_EDGE('',*,*,#3528,.T.);
#3042=ORIENTED_EDGE('',*,*,#3822,.F.);
#3043=ORIENTED_EDGE('',*,*,#3867,.F.);
#3044=ORIENTED_EDGE('',*,*,#3865,.T.);
#3045=ORIENTED_EDGE('',*,*,#3821,.T.);
#3046=ORIENTED_EDGE('',*,*,#3824,.T.);
#3047=ORIENTED_EDGE('',*,*,#3826,.T.);
#3048=ORIENTED_EDGE('',*,*,#3828,.T.);
#3049=ORIENTED_EDGE('',*,*,#3830,.T.);
#3050=ORIENTED_EDGE('',*,*,#3832,.T.);
#3051=ORIENTED_EDGE('',*,*,#3834,.T.);
#3052=ORIENTED_EDGE('',*,*,#3836,.T.);
#3053=ORIENTED_EDGE('',*,*,#3838,.T.);
#3054=ORIENTED_EDGE('',*,*,#3840,.T.);
#3055=ORIENTED_EDGE('',*,*,#3842,.T.);
#3056=ORIENTED_EDGE('',*,*,#3844,.T.);
#3057=ORIENTED_EDGE('',*,*,#3846,.T.);
#3058=ORIENTED_EDGE('',*,*,#3848,.T.);
#3059=ORIENTED_EDGE('',*,*,#3850,.T.);
#3060=ORIENTED_EDGE('',*,*,#3852,.T.);
#3061=ORIENTED_EDGE('',*,*,#3854,.T.);
#3062=ORIENTED_EDGE('',*,*,#3856,.T.);
#3063=ORIENTED_EDGE('',*,*,#3858,.T.);
#3064=ORIENTED_EDGE('',*,*,#3860,.T.);
#3065=ORIENTED_EDGE('',*,*,#3862,.T.);
#3066=ORIENTED_EDGE('',*,*,#3864,.T.);
#3067=ORIENTED_EDGE('',*,*,#3866,.T.);
#3068=ORIENTED_EDGE('',*,*,#3867,.T.);
#3069=ORIENTED_EDGE('',*,*,#3551,.T.);
#3070=ORIENTED_EDGE('',*,*,#3868,.F.);
#3071=ORIENTED_EDGE('',*,*,#3869,.F.);
#3072=ORIENTED_EDGE('',*,*,#3870,.T.);
#3073=ORIENTED_EDGE('',*,*,#3550,.T.);
#3074=ORIENTED_EDGE('',*,*,#3871,.F.);
#3075=ORIENTED_EDGE('',*,*,#3872,.F.);
#3076=ORIENTED_EDGE('',*,*,#3868,.T.);
#3077=ORIENTED_EDGE('',*,*,#3553,.T.);
#3078=ORIENTED_EDGE('',*,*,#3873,.F.);
#3079=ORIENTED_EDGE('',*,*,#3874,.F.);
#3080=ORIENTED_EDGE('',*,*,#3871,.T.);
#3081=ORIENTED_EDGE('',*,*,#3552,.T.);
#3082=ORIENTED_EDGE('',*,*,#3870,.F.);
#3083=ORIENTED_EDGE('',*,*,#3875,.F.);
#3084=ORIENTED_EDGE('',*,*,#3873,.T.);
#3085=ORIENTED_EDGE('',*,*,#3869,.T.);
#3086=ORIENTED_EDGE('',*,*,#3872,.T.);
#3087=ORIENTED_EDGE('',*,*,#3874,.T.);
#3088=ORIENTED_EDGE('',*,*,#3875,.T.);
#3089=EDGE_CURVE('',#3876,#3877,#4406,.T.);
#3090=EDGE_CURVE('',#3877,#3878,#4407,.T.);
#3091=EDGE_CURVE('',#3878,#3879,#365,.T.);
#3092=EDGE_CURVE('',#3879,#3880,#4408,.T.);
#3093=EDGE_CURVE('',#3880,#3881,#4409,.T.);
#3094=EDGE_CURVE('',#3881,#3882,#4410,.T.);
#3095=EDGE_CURVE('',#3882,#3883,#4411,.T.);
#3096=EDGE_CURVE('',#3883,#3884,#4412,.T.);
#3097=EDGE_CURVE('',#3884,#3885,#4413,.T.);
#3098=EDGE_CURVE('',#3885,#3886,#4414,.T.);
#3099=EDGE_CURVE('',#3886,#3887,#4415,.T.);
#3100=EDGE_CURVE('',#3887,#3888,#366,.T.);
#3101=EDGE_CURVE('',#3888,#3889,#4416,.T.);
#3102=EDGE_CURVE('',#3889,#3890,#4417,.T.);
#3103=EDGE_CURVE('',#3890,#3891,#4418,.T.);
#3104=EDGE_CURVE('',#3891,#3892,#4419,.T.);
#3105=EDGE_CURVE('',#3892,#3876,#4420,.T.);
#3106=EDGE_CURVE('',#3893,#3894,#367,.T.);
#3107=EDGE_CURVE('',#3894,#3895,#368,.T.);
#3108=EDGE_CURVE('',#3895,#3896,#369,.T.);
#3109=EDGE_CURVE('',#3896,#3897,#370,.T.);
#3110=EDGE_CURVE('',#3897,#3898,#371,.T.);
#3111=EDGE_CURVE('',#3898,#3899,#372,.T.);
#3112=EDGE_CURVE('',#3899,#3900,#373,.T.);
#3113=EDGE_CURVE('',#3900,#3901,#374,.T.);
#3114=EDGE_CURVE('',#3901,#3902,#375,.T.);
#3115=EDGE_CURVE('',#3902,#3903,#376,.T.);
#3116=EDGE_CURVE('',#3903,#3904,#377,.T.);
#3117=EDGE_CURVE('',#3904,#3893,#378,.T.);
#3118=EDGE_CURVE('',#3905,#3906,#4421,.T.);
#3119=EDGE_CURVE('',#3906,#3907,#4422,.T.);
#3120=EDGE_CURVE('',#3907,#3908,#379,.T.);
#3121=EDGE_CURVE('',#3908,#3909,#4423,.T.);
#3122=EDGE_CURVE('',#3909,#3910,#4424,.T.);
#3123=EDGE_CURVE('',#3910,#3911,#4425,.T.);
#3124=EDGE_CURVE('',#3911,#3912,#4426,.T.);
#3125=EDGE_CURVE('',#3912,#3913,#4427,.T.);
#3126=EDGE_CURVE('',#3913,#3914,#4428,.T.);
#3127=EDGE_CURVE('',#3914,#3915,#4429,.T.);
#3128=EDGE_CURVE('',#3915,#3916,#4430,.T.);
#3129=EDGE_CURVE('',#3916,#3917,#380,.T.);
#3130=EDGE_CURVE('',#3917,#3918,#4431,.T.);
#3131=EDGE_CURVE('',#3918,#3919,#4432,.T.);
#3132=EDGE_CURVE('',#3919,#3920,#4433,.T.);
#3133=EDGE_CURVE('',#3920,#3921,#4434,.T.);
#3134=EDGE_CURVE('',#3921,#3905,#4435,.T.);
#3135=EDGE_CURVE('',#3922,#3923,#381,.T.);
#3136=EDGE_CURVE('',#3923,#3924,#382,.T.);
#3137=EDGE_CURVE('',#3924,#3925,#383,.T.);
#3138=EDGE_CURVE('',#3925,#3926,#384,.T.);
#3139=EDGE_CURVE('',#3926,#3927,#385,.T.);
#3140=EDGE_CURVE('',#3927,#3922,#386,.T.);
#3141=EDGE_CURVE('',#3928,#3929,#4436,.T.);
#3142=EDGE_CURVE('',#3929,#3930,#4437,.T.);
#3143=EDGE_CURVE('',#3930,#3931,#4438,.T.);
#3144=EDGE_CURVE('',#3931,#3932,#387,.T.);
#3145=EDGE_CURVE('',#3932,#3933,#388,.T.);
#3146=EDGE_CURVE('',#3933,#3934,#389,.T.);
#3147=EDGE_CURVE('',#3934,#3935,#4439,.T.);
#3148=EDGE_CURVE('',#3935,#3936,#4440,.T.);
#3149=EDGE_CURVE('',#3936,#3937,#4441,.T.);
#3150=EDGE_CURVE('',#3937,#3938,#4442,.T.);
#3151=EDGE_CURVE('',#3938,#3939,#390,.T.);
#3152=EDGE_CURVE('',#3939,#3940,#391,.T.);
#3153=EDGE_CURVE('',#3940,#3941,#392,.T.);
#3154=EDGE_CURVE('',#3941,#3928,#4443,.T.);
#3155=EDGE_CURVE('',#3942,#3943,#4444,.T.);
#3156=EDGE_CURVE('',#3943,#3944,#4445,.T.);
#3157=EDGE_CURVE('',#3944,#3945,#4446,.T.);
#3158=EDGE_CURVE('',#3945,#3946,#393,.T.);
#3159=EDGE_CURVE('',#3946,#3947,#394,.T.);
#3160=EDGE_CURVE('',#3947,#3948,#395,.T.);
#3161=EDGE_CURVE('',#3948,#3949,#4447,.T.);
#3162=EDGE_CURVE('',#3949,#3950,#4448,.T.);
#3163=EDGE_CURVE('',#3950,#3951,#4449,.T.);
#3164=EDGE_CURVE('',#3951,#3952,#4450,.T.);
#3165=EDGE_CURVE('',#3952,#3942,#4451,.T.);
#3166=EDGE_CURVE('',#3953,#3954,#396,.T.);
#3167=EDGE_CURVE('',#3953,#3955,#397,.T.);
#3168=EDGE_CURVE('',#3955,#3956,#398,.T.);
#3169=EDGE_CURVE('',#3954,#3956,#399,.T.);
#3170=EDGE_CURVE('',#3957,#3957,#331,.T.);
#3171=EDGE_CURVE('',#3958,#3958,#332,.T.);
#3172=EDGE_CURVE('',#3959,#3960,#400,.T.);
#3173=EDGE_CURVE('',#3959,#3961,#401,.T.);
#3174=EDGE_CURVE('',#3961,#3962,#402,.T.);
#3175=EDGE_CURVE('',#3960,#3962,#403,.T.);
#3176=EDGE_CURVE('',#3963,#3964,#404,.T.);
#3177=EDGE_CURVE('',#3964,#3965,#405,.T.);
#3178=EDGE_CURVE('',#3965,#3966,#406,.T.);
#3179=EDGE_CURVE('',#3966,#3967,#407,.T.);
#3180=EDGE_CURVE('',#3967,#3968,#408,.T.);
#3181=EDGE_CURVE('',#3968,#3969,#409,.T.);
#3182=EDGE_CURVE('',#3969,#3970,#410,.T.);
#3183=EDGE_CURVE('',#3970,#3963,#411,.T.);
#3184=EDGE_CURVE('',#3971,#3972,#412,.T.);
#3185=EDGE_CURVE('',#3972,#3973,#413,.T.);
#3186=EDGE_CURVE('',#3973,#3974,#414,.T.);
#3187=EDGE_CURVE('',#3974,#3975,#415,.T.);
#3188=EDGE_CURVE('',#3975,#3976,#416,.T.);
#3189=EDGE_CURVE('',#3976,#3977,#417,.T.);
#3190=EDGE_CURVE('',#3977,#3978,#418,.T.);
#3191=EDGE_CURVE('',#3978,#3979,#419,.T.);
#3192=EDGE_CURVE('',#3979,#3980,#420,.T.);
#3193=EDGE_CURVE('',#3980,#3981,#421,.T.);
#3194=EDGE_CURVE('',#3981,#3982,#422,.T.);
#3195=EDGE_CURVE('',#3982,#3971,#423,.T.);
#3196=EDGE_CURVE('',#3983,#3984,#424,.T.);
#3197=EDGE_CURVE('',#3959,#3983,#425,.T.);
#3198=EDGE_CURVE('',#3960,#3984,#426,.T.);
#3199=EDGE_CURVE('',#3983,#3985,#427,.T.);
#3200=EDGE_CURVE('',#3961,#3985,#428,.T.);
#3201=EDGE_CURVE('',#3985,#3986,#429,.T.);
#3202=EDGE_CURVE('',#3962,#3986,#430,.T.);
#3203=EDGE_CURVE('',#3987,#3988,#431,.T.);
#3204=EDGE_CURVE('',#3953,#3987,#432,.T.);
#3205=EDGE_CURVE('',#3954,#3988,#433,.T.);
#3206=EDGE_CURVE('',#3987,#3989,#434,.T.);
#3207=EDGE_CURVE('',#3955,#3989,#435,.T.);
#3208=EDGE_CURVE('',#3989,#3990,#436,.T.);
#3209=EDGE_CURVE('',#3956,#3990,#437,.T.);
#3210=EDGE_CURVE('',#3991,#3991,#333,.T.);
#3211=EDGE_CURVE('',#3992,#3992,#334,.T.);
#3212=EDGE_CURVE('',#3988,#3990,#438,.T.);
#3213=EDGE_CURVE('',#3984,#3986,#439,.T.);
#3214=EDGE_CURVE('',#3993,#3994,#4452,.T.);
#3215=EDGE_CURVE('',#3995,#3993,#440,.T.);
#3216=EDGE_CURVE('',#3995,#3996,#4453,.T.);
#3217=EDGE_CURVE('',#3996,#3994,#441,.T.);
#3218=EDGE_CURVE('',#3997,#3993,#4454,.T.);
#3219=EDGE_CURVE('',#3998,#3997,#442,.T.);
#3220=EDGE_CURVE('',#3998,#3995,#4455,.T.);
#3221=EDGE_CURVE('',#3999,#3997,#4456,.T.);
#3222=EDGE_CURVE('',#4000,#3999,#443,.T.);
#3223=EDGE_CURVE('',#4000,#3998,#4457,.T.);
#3224=EDGE_CURVE('',#4001,#3999,#444,.T.);
#3225=EDGE_CURVE('',#4002,#4001,#445,.T.);
#3226=EDGE_CURVE('',#4002,#4000,#446,.T.);
#3227=EDGE_CURVE('',#4003,#4001,#447,.T.);
#3228=EDGE_CURVE('',#4004,#4003,#448,.T.);
#3229=EDGE_CURVE('',#4004,#4002,#449,.T.);
#3230=EDGE_CURVE('',#4005,#4006,#4458,.T.);
#3231=EDGE_CURVE('',#4007,#4005,#450,.T.);
#3232=EDGE_CURVE('',#4007,#4008,#4459,.T.);
#3233=EDGE_CURVE('',#4008,#4006,#451,.T.);
#3234=EDGE_CURVE('',#4009,#4005,#4460,.T.);
#3235=EDGE_CURVE('',#4010,#4009,#452,.T.);
#3236=EDGE_CURVE('',#4010,#4007,#4461,.T.);
#3237=EDGE_CURVE('',#4011,#4009,#4462,.T.);
#3238=EDGE_CURVE('',#4012,#4011,#453,.T.);
#3239=EDGE_CURVE('',#4012,#4010,#4463,.T.);
#3240=EDGE_CURVE('',#4013,#4011,#454,.T.);
#3241=EDGE_CURVE('',#4014,#4013,#455,.T.);
#3242=EDGE_CURVE('',#4014,#4012,#456,.T.);
#3243=EDGE_CURVE('',#4015,#4013,#457,.T.);
#3244=EDGE_CURVE('',#4016,#4015,#458,.T.);
#3245=EDGE_CURVE('',#4016,#4014,#459,.T.);
#3246=EDGE_CURVE('',#4017,#4015,#460,.T.);
#3247=EDGE_CURVE('',#4018,#4017,#461,.T.);
#3248=EDGE_CURVE('',#4018,#4016,#462,.T.);
#3249=EDGE_CURVE('',#4019,#3943,#463,.T.);
#3250=EDGE_CURVE('',#4019,#4020,#4464,.T.);
#3251=EDGE_CURVE('',#4020,#3944,#464,.T.);
#3252=EDGE_CURVE('',#4021,#3942,#465,.T.);
#3253=EDGE_CURVE('',#4021,#4019,#4465,.T.);
#3254=EDGE_CURVE('',#4022,#3952,#466,.T.);
#3255=EDGE_CURVE('',#4022,#4021,#4466,.T.);
#3256=EDGE_CURVE('',#4023,#3951,#467,.T.);
#3257=EDGE_CURVE('',#4023,#4022,#4467,.T.);
#3258=EDGE_CURVE('',#4024,#3950,#468,.T.);
#3259=EDGE_CURVE('',#4024,#4023,#4468,.T.);
#3260=EDGE_CURVE('',#4025,#3949,#469,.T.);
#3261=EDGE_CURVE('',#4025,#4024,#4469,.T.);
#3262=EDGE_CURVE('',#4026,#3948,#470,.T.);
#3263=EDGE_CURVE('',#4026,#4025,#4470,.T.);
#3264=EDGE_CURVE('',#4027,#3947,#471,.T.);
#3265=EDGE_CURVE('',#4027,#4026,#472,.T.);
#3266=EDGE_CURVE('',#4028,#3946,#473,.T.);
#3267=EDGE_CURVE('',#4028,#4027,#474,.T.);
#3268=EDGE_CURVE('',#4029,#3945,#475,.T.);
#3269=EDGE_CURVE('',#4029,#4028,#476,.T.);
#3270=EDGE_CURVE('',#4006,#4017,#4471,.T.);
#3271=EDGE_CURVE('',#4008,#4018,#4472,.T.);
#3272=EDGE_CURVE('',#4020,#4029,#4473,.T.);
#3273=EDGE_CURVE('',#3994,#4003,#477,.T.);
#3274=EDGE_CURVE('',#3996,#4004,#478,.T.);
#3275=EDGE_CURVE('',#4030,#3929,#479,.T.);
#3276=EDGE_CURVE('',#4030,#4031,#4474,.T.);
#3277=EDGE_CURVE('',#4031,#3930,#480,.T.);
#3278=EDGE_CURVE('',#4032,#3928,#481,.T.);
#3279=EDGE_CURVE('',#4032,#4030,#4475,.T.);
#3280=EDGE_CURVE('',#4033,#3941,#482,.T.);
#3281=EDGE_CURVE('',#4033,#4032,#4476,.T.);
#3282=EDGE_CURVE('',#4034,#3940,#483,.T.);
#3283=EDGE_CURVE('',#4034,#4033,#484,.T.);
#3284=EDGE_CURVE('',#4035,#3939,#485,.T.);
#3285=EDGE_CURVE('',#4035,#4034,#486,.T.);
#3286=EDGE_CURVE('',#4036,#3938,#487,.T.);
#3287=EDGE_CURVE('',#4036,#4035,#488,.T.);
#3288=EDGE_CURVE('',#4037,#3937,#489,.T.);
#3289=EDGE_CURVE('',#4037,#4036,#4477,.T.);
#3290=EDGE_CURVE('',#4038,#3936,#490,.T.);
#3291=EDGE_CURVE('',#4038,#4037,#4478,.T.);
#3292=EDGE_CURVE('',#4039,#3935,#491,.T.);
#3293=EDGE_CURVE('',#4039,#4038,#4479,.T.);
#3294=EDGE_CURVE('',#4040,#3934,#492,.T.);
#3295=EDGE_CURVE('',#4040,#4039,#4480,.T.);
#3296=EDGE_CURVE('',#4041,#3933,#493,.T.);
#3297=EDGE_CURVE('',#4041,#4040,#494,.T.);
#3298=EDGE_CURVE('',#4042,#3932,#495,.T.);
#3299=EDGE_CURVE('',#4042,#4041,#496,.T.);
#3300=EDGE_CURVE('',#4043,#3931,#497,.T.);
#3301=EDGE_CURVE('',#4043,#4042,#498,.T.);
#3302=EDGE_CURVE('',#4031,#4043,#4481,.T.);
#3303=EDGE_CURVE('',#4044,#3923,#499,.T.);
#3304=EDGE_CURVE('',#4044,#4045,#500,.T.);
#3305=EDGE_CURVE('',#4045,#3924,#501,.T.);
#3306=EDGE_CURVE('',#4046,#3922,#502,.T.);
#3307=EDGE_CURVE('',#4046,#4044,#503,.T.);
#3308=EDGE_CURVE('',#4047,#3927,#504,.T.);
#3309=EDGE_CURVE('',#4047,#4046,#505,.T.);
#3310=EDGE_CURVE('',#4048,#3926,#506,.T.);
#3311=EDGE_CURVE('',#4048,#4047,#507,.T.);
#3312=EDGE_CURVE('',#4049,#3925,#508,.T.);
#3313=EDGE_CURVE('',#4049,#4048,#509,.T.);
#3314=EDGE_CURVE('',#4045,#4049,#510,.T.);
#3315=EDGE_CURVE('',#4050,#3906,#511,.T.);
#3316=EDGE_CURVE('',#4050,#4051,#4482,.T.);
#3317=EDGE_CURVE('',#4051,#3907,#512,.T.);
#3318=EDGE_CURVE('',#4052,#3905,#513,.T.);
#3319=EDGE_CURVE('',#4052,#4050,#4483,.T.);
#3320=EDGE_CURVE('',#4053,#3921,#514,.T.);
#3321=EDGE_CURVE('',#4053,#4052,#4484,.T.);
#3322=EDGE_CURVE('',#4054,#3920,#515,.T.);
#3323=EDGE_CURVE('',#4054,#4053,#4485,.T.);
#3324=EDGE_CURVE('',#4055,#3919,#516,.T.);
#3325=EDGE_CURVE('',#4055,#4054,#4486,.T.);
#3326=EDGE_CURVE('',#4056,#3918,#517,.T.);
#3327=EDGE_CURVE('',#4056,#4055,#4487,.T.);
#3328=EDGE_CURVE('',#4057,#3917,#518,.T.);
#3329=EDGE_CURVE('',#4057,#4056,#4488,.T.);
#3330=EDGE_CURVE('',#4058,#3916,#519,.T.);
#3331=EDGE_CURVE('',#4058,#4057,#520,.T.);
#3332=EDGE_CURVE('',#4059,#3915,#521,.T.);
#3333=EDGE_CURVE('',#4059,#4058,#4489,.T.);
#3334=EDGE_CURVE('',#4060,#3914,#522,.T.);
#3335=EDGE_CURVE('',#4060,#4059,#4490,.T.);
#3336=EDGE_CURVE('',#4061,#3913,#523,.T.);
#3337=EDGE_CURVE('',#4061,#4060,#4491,.T.);
#3338=EDGE_CURVE('',#4062,#3912,#524,.T.);
#3339=EDGE_CURVE('',#4062,#4061,#4492,.T.);
#3340=EDGE_CURVE('',#4063,#3911,#525,.T.);
#3341=EDGE_CURVE('',#4063,#4062,#4493,.T.);
#3342=EDGE_CURVE('',#4064,#3910,#526,.T.);
#3343=EDGE_CURVE('',#4064,#4063,#4494,.T.);
#3344=EDGE_CURVE('',#4065,#3909,#527,.T.);
#3345=EDGE_CURVE('',#4065,#4064,#4495,.T.);
#3346=EDGE_CURVE('',#4066,#3908,#528,.T.);
#3347=EDGE_CURVE('',#4066,#4065,#4496,.T.);
#3348=EDGE_CURVE('',#4051,#4066,#529,.T.);
#3349=EDGE_CURVE('',#4067,#3894,#530,.T.);
#3350=EDGE_CURVE('',#4067,#4068,#531,.T.);
#3351=EDGE_CURVE('',#4068,#3895,#532,.T.);
#3352=EDGE_CURVE('',#4069,#3893,#533,.T.);
#3353=EDGE_CURVE('',#4069,#4067,#534,.T.);
#3354=EDGE_CURVE('',#4070,#3904,#535,.T.);
#3355=EDGE_CURVE('',#4070,#4069,#536,.T.);
#3356=EDGE_CURVE('',#4071,#3903,#537,.T.);
#3357=EDGE_CURVE('',#4071,#4070,#538,.T.);
#3358=EDGE_CURVE('',#4072,#3902,#539,.T.);
#3359=EDGE_CURVE('',#4072,#4071,#540,.T.);
#3360=EDGE_CURVE('',#4073,#3901,#541,.T.);
#3361=EDGE_CURVE('',#4073,#4072,#542,.T.);
#3362=EDGE_CURVE('',#4074,#3900,#543,.T.);
#3363=EDGE_CURVE('',#4074,#4073,#544,.T.);
#3364=EDGE_CURVE('',#4075,#3899,#545,.T.);
#3365=EDGE_CURVE('',#4075,#4074,#546,.T.);
#3366=EDGE_CURVE('',#4076,#3898,#547,.T.);
#3367=EDGE_CURVE('',#4076,#4075,#548,.T.);
#3368=EDGE_CURVE('',#4077,#3897,#549,.T.);
#3369=EDGE_CURVE('',#4077,#4076,#550,.T.);
#3370=EDGE_CURVE('',#4078,#3896,#551,.T.);
#3371=EDGE_CURVE('',#4078,#4077,#552,.T.);
#3372=EDGE_CURVE('',#4068,#4078,#553,.T.);
#3373=EDGE_CURVE('',#4079,#3877,#554,.T.);
#3374=EDGE_CURVE('',#4079,#4080,#4497,.T.);
#3375=EDGE_CURVE('',#4080,#3878,#555,.T.);
#3376=EDGE_CURVE('',#4081,#3876,#556,.T.);
#3377=EDGE_CURVE('',#4081,#4079,#4498,.T.);
#3378=EDGE_CURVE('',#4082,#3892,#557,.T.);
#3379=EDGE_CURVE('',#4082,#4081,#4499,.T.);
#3380=EDGE_CURVE('',#4083,#3891,#558,.T.);
#3381=EDGE_CURVE('',#4083,#4082,#4500,.T.);
#3382=EDGE_CURVE('',#4084,#3890,#559,.T.);
#3383=EDGE_CURVE('',#4084,#4083,#4501,.T.);
#3384=EDGE_CURVE('',#4085,#3889,#560,.T.);
#3385=EDGE_CURVE('',#4085,#4084,#4502,.T.);
#3386=EDGE_CURVE('',#4086,#3888,#561,.T.);
#3387=EDGE_CURVE('',#4086,#4085,#4503,.T.);
#3388=EDGE_CURVE('',#4087,#3887,#562,.T.);
#3389=EDGE_CURVE('',#4087,#4086,#563,.T.);
#3390=EDGE_CURVE('',#4088,#3886,#564,.T.);
#3391=EDGE_CURVE('',#4088,#4087,#4504,.T.);
#3392=EDGE_CURVE('',#4089,#3885,#565,.T.);
#3393=EDGE_CURVE('',#4089,#4088,#4505,.T.);
#3394=EDGE_CURVE('',#4090,#3884,#566,.T.);
#3395=EDGE_CURVE('',#4090,#4089,#4506,.T.);
#3396=EDGE_CURVE('',#4091,#3883,#567,.T.);
#3397=EDGE_CURVE('',#4091,#4090,#4507,.T.);
#3398=EDGE_CURVE('',#4092,#3882,#568,.T.);
#3399=EDGE_CURVE('',#4092,#4091,#4508,.T.);
#3400=EDGE_CURVE('',#4093,#3881,#569,.T.);
#3401=EDGE_CURVE('',#4093,#4092,#4509,.T.);
#3402=EDGE_CURVE('',#4094,#3880,#570,.T.);
#3403=EDGE_CURVE('',#4094,#4093,#4510,.T.);
#3404=EDGE_CURVE('',#4095,#3879,#571,.T.);
#3405=EDGE_CURVE('',#4095,#4094,#4511,.T.);
#3406=EDGE_CURVE('',#4080,#4095,#572,.T.);
#3407=EDGE_CURVE('',#4096,#4097,#573,.T.);
#3408=EDGE_CURVE('',#4098,#4096,#574,.T.);
#3409=EDGE_CURVE('',#4098,#4099,#575,.T.);
#3410=EDGE_CURVE('',#4099,#4097,#576,.T.);
#3411=EDGE_CURVE('',#4100,#4096,#577,.T.);
#3412=EDGE_CURVE('',#4101,#4100,#578,.T.);
#3413=EDGE_CURVE('',#4101,#4098,#579,.T.);
#3414=EDGE_CURVE('',#4102,#4100,#580,.T.);
#3415=EDGE_CURVE('',#4103,#4102,#581,.T.);
#3416=EDGE_CURVE('',#4103,#4101,#582,.T.);
#3417=EDGE_CURVE('',#4104,#4102,#583,.T.);
#3418=EDGE_CURVE('',#4105,#4104,#584,.T.);
#3419=EDGE_CURVE('',#4105,#4103,#585,.T.);
#3420=EDGE_CURVE('',#4106,#4104,#586,.T.);
#3421=EDGE_CURVE('',#4107,#4106,#587,.T.);
#3422=EDGE_CURVE('',#4107,#4105,#588,.T.);
#3423=EDGE_CURVE('',#4108,#4106,#4512,.T.);
#3424=EDGE_CURVE('',#4109,#4108,#589,.T.);
#3425=EDGE_CURVE('',#4109,#4107,#4513,.T.);
#3426=EDGE_CURVE('',#4110,#3964,#590,.T.);
#3427=EDGE_CURVE('',#4110,#4111,#591,.T.);
#3428=EDGE_CURVE('',#4111,#3965,#592,.T.);
#3429=EDGE_CURVE('',#4112,#3963,#593,.T.);
#3430=EDGE_CURVE('',#4112,#4110,#594,.T.);
#3431=EDGE_CURVE('',#4113,#3970,#595,.T.);
#3432=EDGE_CURVE('',#4113,#4112,#596,.T.);
#3433=EDGE_CURVE('',#4114,#3969,#597,.T.);
#3434=EDGE_CURVE('',#4114,#4113,#598,.T.);
#3435=EDGE_CURVE('',#4115,#3968,#599,.T.);
#3436=EDGE_CURVE('',#4115,#4114,#600,.T.);
#3437=EDGE_CURVE('',#4116,#3967,#601,.T.);
#3438=EDGE_CURVE('',#4116,#4115,#602,.T.);
#3439=EDGE_CURVE('',#4117,#3966,#603,.T.);
#3440=EDGE_CURVE('',#4117,#4116,#604,.T.);
#3441=EDGE_CURVE('',#4111,#4117,#605,.T.);
#3442=EDGE_CURVE('',#4097,#4108,#335,.T.);
#3443=EDGE_CURVE('',#4099,#4109,#336,.T.);
#3444=EDGE_CURVE('',#4118,#3972,#606,.T.);
#3445=EDGE_CURVE('',#4118,#4119,#607,.T.);
#3446=EDGE_CURVE('',#4119,#3973,#608,.T.);
#3447=EDGE_CURVE('',#4120,#3971,#609,.T.);
#3448=EDGE_CURVE('',#4120,#4118,#610,.T.);
#3449=EDGE_CURVE('',#4121,#3982,#611,.T.);
#3450=EDGE_CURVE('',#4121,#4120,#612,.T.);
#3451=EDGE_CURVE('',#4122,#3981,#613,.T.);
#3452=EDGE_CURVE('',#4122,#4121,#614,.T.);
#3453=EDGE_CURVE('',#4123,#3980,#615,.T.);
#3454=EDGE_CURVE('',#4123,#4122,#616,.T.);
#3455=EDGE_CURVE('',#4124,#3979,#617,.T.);
#3456=EDGE_CURVE('',#4124,#4123,#618,.T.);
#3457=EDGE_CURVE('',#4125,#3978,#619,.T.);
#3458=EDGE_CURVE('',#4125,#4124,#620,.T.);
#3459=EDGE_CURVE('',#4126,#3977,#621,.T.);
#3460=EDGE_CURVE('',#4126,#4125,#622,.T.);
#3461=EDGE_CURVE('',#4127,#3976,#623,.T.);
#3462=EDGE_CURVE('',#4127,#4126,#624,.T.);
#3463=EDGE_CURVE('',#4128,#3975,#625,.T.);
#3464=EDGE_CURVE('',#4128,#4127,#626,.T.);
#3465=EDGE_CURVE('',#4129,#3974,#627,.T.);
#3466=EDGE_CURVE('',#4129,#4128,#628,.T.);
#3467=EDGE_CURVE('',#4119,#4129,#629,.T.);
#3468=EDGE_CURVE('',#4130,#4131,#630,.T.);
#3469=EDGE_CURVE('',#4132,#4130,#4514,.T.);
#3470=EDGE_CURVE('',#4133,#4132,#631,.T.);
#3471=EDGE_CURVE('',#4134,#4133,#337,.T.);
#3472=EDGE_CURVE('',#4135,#4134,#4515,.T.);
#3473=EDGE_CURVE('',#4131,#4135,#338,.T.);
#3474=EDGE_CURVE('',#4136,#4137,#632,.T.);
#3475=EDGE_CURVE('',#4138,#4136,#633,.T.);
#3476=EDGE_CURVE('',#4138,#4139,#634,.T.);
#3477=EDGE_CURVE('',#4139,#4137,#635,.T.);
#3478=EDGE_CURVE('',#4140,#4141,#636,.T.);
#3479=EDGE_CURVE('',#4140,#4142,#637,.T.);
#3480=EDGE_CURVE('',#4142,#4143,#638,.T.);
#3481=EDGE_CURVE('',#4141,#4143,#639,.T.);
#3482=EDGE_CURVE('',#4144,#4145,#4516,.T.);
#3483=EDGE_CURVE('',#4146,#4144,#640,.T.);
#3484=EDGE_CURVE('',#4147,#4146,#4517,.T.);
#3485=EDGE_CURVE('',#4148,#4147,#4518,.T.);
#3486=EDGE_CURVE('',#4149,#4148,#641,.T.);
#3487=EDGE_CURVE('',#4150,#4149,#4519,.T.);
#3488=EDGE_CURVE('',#4151,#4150,#642,.T.);
#3489=EDGE_CURVE('',#4152,#4151,#4520,.T.);
#3490=EDGE_CURVE('',#4153,#4152,#643,.T.);
#3491=EDGE_CURVE('',#4154,#4153,#339,.T.);
#3492=EDGE_CURVE('',#4145,#4154,#644,.T.);
#3493=EDGE_CURVE('',#4155,#4156,#4521,.T.);
#3494=EDGE_CURVE('',#4157,#4155,#645,.T.);
#3495=EDGE_CURVE('',#4158,#4157,#4522,.T.);
#3496=EDGE_CURVE('',#4159,#4158,#646,.T.);
#3497=EDGE_CURVE('',#4160,#4159,#4523,.T.);
#3498=EDGE_CURVE('',#4161,#4160,#647,.T.);
#3499=EDGE_CURVE('',#4162,#4161,#4524,.T.);
#3500=EDGE_CURVE('',#4156,#4162,#648,.T.);
#3501=EDGE_CURVE('',#4163,#4164,#4525,.T.);
#3502=EDGE_CURVE('',#4165,#4163,#649,.T.);
#3503=EDGE_CURVE('',#4166,#4165,#340,.T.);
#3504=EDGE_CURVE('',#4167,#4166,#4526,.T.);
#3505=EDGE_CURVE('',#4168,#4167,#4527,.T.);
#3506=EDGE_CURVE('',#4169,#4168,#650,.T.);
#3507=EDGE_CURVE('',#4170,#4169,#4528,.T.);
#3508=EDGE_CURVE('',#4171,#4170,#4529,.T.);
#3509=EDGE_CURVE('',#4172,#4171,#651,.T.);
#3510=EDGE_CURVE('',#4173,#4172,#341,.T.);
#3511=EDGE_CURVE('',#4174,#4173,#652,.T.);
#3512=EDGE_CURVE('',#4175,#4174,#342,.T.);
#3513=EDGE_CURVE('',#4164,#4175,#653,.T.);
#3514=EDGE_CURVE('',#4176,#4177,#343,.T.);
#3515=EDGE_CURVE('',#4178,#4176,#654,.T.);
#3516=EDGE_CURVE('',#4179,#4178,#4530,.T.);
#3517=EDGE_CURVE('',#4180,#4179,#655,.T.);
#3518=EDGE_CURVE('',#4181,#4180,#4531,.T.);
#3519=EDGE_CURVE('',#4182,#4181,#656,.T.);
#3520=EDGE_CURVE('',#4183,#4182,#4532,.T.);
#3521=EDGE_CURVE('',#4177,#4183,#657,.T.);
#3522=EDGE_CURVE('',#4184,#4185,#4533,.T.);
#3523=EDGE_CURVE('',#4186,#4184,#658,.T.);
#3524=EDGE_CURVE('',#4187,#4186,#4534,.T.);
#3525=EDGE_CURVE('',#4185,#4187,#659,.T.);
#3526=EDGE_CURVE('',#4188,#4189,#660,.T.);
#3527=EDGE_CURVE('',#4190,#4188,#661,.T.);
#3528=EDGE_CURVE('',#4191,#4190,#4535,.T.);
#3529=EDGE_CURVE('',#4192,#4191,#662,.T.);
#3530=EDGE_CURVE('',#4193,#4192,#4536,.T.);
#3531=EDGE_CURVE('',#4194,#4193,#4537,.T.);
#3532=EDGE_CURVE('',#4195,#4194,#4538,.T.);
#3533=EDGE_CURVE('',#4196,#4195,#663,.T.);
#3534=EDGE_CURVE('',#4197,#4196,#4539,.T.);
#3535=EDGE_CURVE('',#4198,#4197,#4540,.T.);
#3536=EDGE_CURVE('',#4199,#4198,#4541,.T.);
#3537=EDGE_CURVE('',#4200,#4199,#664,.T.);
#3538=EDGE_CURVE('',#4201,#4200,#665,.T.);
#3539=EDGE_CURVE('',#4202,#4201,#4542,.T.);
#3540=EDGE_CURVE('',#4203,#4202,#666,.T.);
#3541=EDGE_CURVE('',#4204,#4203,#4543,.T.);
#3542=EDGE_CURVE('',#4205,#4204,#667,.T.);
#3543=EDGE_CURVE('',#4206,#4205,#4544,.T.);
#3544=EDGE_CURVE('',#4207,#4206,#344,.T.);
#3545=EDGE_CURVE('',#4208,#4207,#668,.T.);
#3546=EDGE_CURVE('',#4209,#4208,#669,.T.);
#3547=EDGE_CURVE('',#4210,#4209,#4545,.T.);
#3548=EDGE_CURVE('',#4211,#4210,#670,.T.);
#3549=EDGE_CURVE('',#4189,#4211,#4546,.T.);
#3550=EDGE_CURVE('',#4212,#4213,#4547,.T.);
#3551=EDGE_CURVE('',#4214,#4212,#671,.T.);
#3552=EDGE_CURVE('',#4215,#4214,#4548,.T.);
#3553=EDGE_CURVE('',#4213,#4215,#672,.T.);
#3554=EDGE_CURVE('',#4216,#4217,#673,.T.);
#3555=EDGE_CURVE('',#4218,#4216,#674,.T.);
#3556=EDGE_CURVE('',#4218,#4219,#675,.T.);
#3557=EDGE_CURVE('',#4219,#4217,#676,.T.);
#3558=EDGE_CURVE('',#4220,#4221,#677,.T.);
#3559=EDGE_CURVE('',#4220,#4222,#678,.T.);
#3560=EDGE_CURVE('',#4222,#4223,#679,.T.);
#3561=EDGE_CURVE('',#4221,#4223,#680,.T.);
#3562=EDGE_CURVE('',#4224,#4225,#681,.T.);
#3563=EDGE_CURVE('',#4225,#4226,#682,.T.);
#3564=EDGE_CURVE('',#4227,#4226,#683,.T.);
#3565=EDGE_CURVE('',#4228,#4227,#684,.T.);
#3566=EDGE_CURVE('',#4228,#4229,#685,.T.);
#3567=EDGE_CURVE('',#4230,#4229,#686,.T.);
#3568=EDGE_CURVE('',#4231,#4230,#687,.T.);
#3569=EDGE_CURVE('',#4231,#4232,#688,.T.);
#3570=EDGE_CURVE('',#4232,#4233,#689,.T.);
#3571=EDGE_CURVE('',#4234,#4233,#690,.T.);
#3572=EDGE_CURVE('',#4235,#4234,#691,.T.);
#3573=EDGE_CURVE('',#4235,#4224,#692,.T.);
#3574=EDGE_CURVE('',#4236,#4237,#693,.T.);
#3575=EDGE_CURVE('',#4237,#4238,#694,.T.);
#3576=EDGE_CURVE('',#4239,#4238,#695,.T.);
#3577=EDGE_CURVE('',#4236,#4239,#696,.T.);
#3578=EDGE_CURVE('',#4240,#4241,#697,.T.);
#3579=EDGE_CURVE('',#4241,#4242,#698,.T.);
#3580=EDGE_CURVE('',#4243,#4242,#699,.T.);
#3581=EDGE_CURVE('',#4240,#4243,#700,.T.);
#3582=EDGE_CURVE('',#4244,#4245,#701,.T.);
#3583=EDGE_CURVE('',#4245,#4246,#702,.T.);
#3584=EDGE_CURVE('',#4247,#4246,#703,.T.);
#3585=EDGE_CURVE('',#4244,#4247,#704,.T.);
#3586=EDGE_CURVE('',#4248,#4249,#705,.T.);
#3587=EDGE_CURVE('',#4249,#4250,#706,.T.);
#3588=EDGE_CURVE('',#4251,#4250,#707,.T.);
#3589=EDGE_CURVE('',#4248,#4251,#708,.T.);
#3590=EDGE_CURVE('',#4252,#4253,#709,.T.);
#3591=EDGE_CURVE('',#4253,#4254,#710,.T.);
#3592=EDGE_CURVE('',#4255,#4254,#711,.T.);
#3593=EDGE_CURVE('',#4252,#4255,#712,.T.);
#3594=EDGE_CURVE('',#4256,#4257,#713,.T.);
#3595=EDGE_CURVE('',#4257,#4258,#714,.T.);
#3596=EDGE_CURVE('',#4259,#4258,#715,.T.);
#3597=EDGE_CURVE('',#4256,#4259,#716,.T.);
#3598=EDGE_CURVE('',#4260,#4137,#717,.T.);
#3599=EDGE_CURVE('',#4261,#4139,#718,.T.);
#3600=EDGE_CURVE('',#4261,#4260,#719,.T.);
#3601=EDGE_CURVE('',#4262,#4263,#720,.T.);
#3602=EDGE_CURVE('',#4263,#4264,#721,.T.);
#3603=EDGE_CURVE('',#4265,#4264,#722,.T.);
#3604=EDGE_CURVE('',#4262,#4265,#723,.T.);
#3605=EDGE_CURVE('',#4266,#4267,#724,.T.);
#3606=EDGE_CURVE('',#4267,#4268,#725,.T.);
#3607=EDGE_CURVE('',#4269,#4268,#726,.T.);
#3608=EDGE_CURVE('',#4266,#4269,#727,.T.);
#3609=EDGE_CURVE('',#4270,#4260,#728,.T.);
#3610=EDGE_CURVE('',#4271,#4261,#729,.T.);
#3611=EDGE_CURVE('',#4271,#4270,#730,.T.);
#3612=EDGE_CURVE('',#4272,#4273,#731,.T.);
#3613=EDGE_CURVE('',#4273,#4274,#732,.T.);
#3614=EDGE_CURVE('',#4275,#4274,#733,.T.);
#3615=EDGE_CURVE('',#4272,#4275,#734,.T.);
#3616=EDGE_CURVE('',#4276,#4277,#735,.T.);
#3617=EDGE_CURVE('',#4278,#4276,#736,.T.);
#3618=EDGE_CURVE('',#4278,#4235,#737,.T.);
#3619=EDGE_CURVE('',#4279,#4234,#738,.T.);
#3620=EDGE_CURVE('',#4280,#4279,#739,.T.);
#3621=EDGE_CURVE('',#4280,#4231,#740,.T.);
#3622=EDGE_CURVE('',#4281,#4230,#741,.T.);
#3623=EDGE_CURVE('',#4282,#4281,#742,.T.);
#3624=EDGE_CURVE('',#4282,#4283,#743,.T.);
#3625=EDGE_CURVE('',#4283,#4277,#744,.T.);
#3626=EDGE_CURVE('',#4284,#4285,#745,.T.);
#3627=EDGE_CURVE('',#4285,#4286,#746,.T.);
#3628=EDGE_CURVE('',#4287,#4286,#747,.T.);
#3629=EDGE_CURVE('',#4284,#4287,#748,.T.);
#3630=EDGE_CURVE('',#4276,#4288,#749,.T.);
#3631=EDGE_CURVE('',#4289,#4288,#750,.T.);
#3632=EDGE_CURVE('',#4282,#4289,#751,.T.);
#3633=EDGE_CURVE('',#4281,#4290,#752,.T.);
#3634=EDGE_CURVE('',#4291,#4290,#753,.T.);
#3635=EDGE_CURVE('',#4291,#4292,#754,.T.);
#3636=EDGE_CURVE('',#4292,#4293,#755,.T.);
#3637=EDGE_CURVE('',#4294,#4293,#756,.T.);
#3638=EDGE_CURVE('',#4295,#4294,#757,.T.);
#3639=EDGE_CURVE('',#4278,#4295,#758,.T.);
#3640=EDGE_CURVE('',#4225,#4296,#759,.T.);
#3641=EDGE_CURVE('',#4297,#4224,#760,.T.);
#3642=EDGE_CURVE('',#4297,#4298,#761,.T.);
#3643=EDGE_CURVE('',#4298,#4229,#762,.T.);
#3644=EDGE_CURVE('',#4228,#4299,#763,.T.);
#3645=EDGE_CURVE('',#4299,#4296,#764,.T.);
#3646=EDGE_CURVE('',#4270,#4136,#765,.T.);
#3647=EDGE_CURVE('',#4271,#4138,#766,.T.);
#3648=EDGE_CURVE('',#4300,#4300,#345,.T.);
#3649=EDGE_CURVE('',#4301,#4301,#346,.T.);
#3650=EDGE_CURVE('',#4298,#4217,#767,.T.);
#3651=EDGE_CURVE('',#4302,#4219,#768,.T.);
#3652=EDGE_CURVE('',#4302,#4303,#769,.T.);
#3653=EDGE_CURVE('',#4304,#4303,#770,.T.);
#3654=EDGE_CURVE('',#4290,#4304,#771,.T.);
#3655=EDGE_CURVE('',#4305,#4306,#772,.T.);
#3656=EDGE_CURVE('',#4305,#4291,#773,.T.);
#3657=EDGE_CURVE('',#4307,#4304,#774,.T.);
#3658=EDGE_CURVE('',#4295,#4307,#775,.T.);
#3659=EDGE_CURVE('',#4306,#4294,#776,.T.);
#3660=EDGE_CURVE('',#4308,#4218,#777,.T.);
#3661=EDGE_CURVE('',#4308,#4302,#778,.T.);
#3662=EDGE_CURVE('',#4308,#4309,#779,.T.);
#3663=EDGE_CURVE('',#4309,#4303,#780,.T.);
#3664=EDGE_CURVE('',#4307,#4309,#781,.T.);
#3665=EDGE_CURVE('',#4297,#4216,#782,.T.);
#3666=EDGE_CURVE('',#4226,#4310,#783,.T.);
#3667=EDGE_CURVE('',#4311,#4310,#784,.T.);
#3668=EDGE_CURVE('',#4227,#4311,#785,.T.);
#3669=EDGE_CURVE('',#4296,#4310,#786,.T.);
#3670=EDGE_CURVE('',#4299,#4311,#787,.T.);
#3671=EDGE_CURVE('',#4312,#4312,#347,.T.);
#3672=EDGE_CURVE('',#4313,#4313,#348,.T.);
#3673=EDGE_CURVE('',#4305,#4314,#788,.T.);
#3674=EDGE_CURVE('',#4306,#4315,#789,.T.);
#3675=EDGE_CURVE('',#4314,#4315,#790,.T.);
#3676=EDGE_CURVE('',#4316,#4316,#349,.T.);
#3677=EDGE_CURVE('',#4292,#4314,#791,.T.);
#3678=EDGE_CURVE('',#4317,#4317,#350,.T.);
#3679=EDGE_CURVE('',#4293,#4315,#792,.T.);
#3680=EDGE_CURVE('',#4279,#4318,#793,.T.);
#3681=EDGE_CURVE('',#4319,#4318,#794,.T.);
#3682=EDGE_CURVE('',#4280,#4319,#795,.T.);
#3683=EDGE_CURVE('',#4318,#4233,#796,.T.);
#3684=EDGE_CURVE('',#4319,#4232,#797,.T.);
#3685=EDGE_CURVE('',#4320,#4320,#351,.T.);
#3686=EDGE_CURVE('',#4321,#4321,#352,.T.);
#3687=EDGE_CURVE('',#4288,#4322,#798,.T.);
#3688=EDGE_CURVE('',#4323,#4322,#799,.T.);
#3689=EDGE_CURVE('',#4289,#4323,#800,.T.);
#3690=EDGE_CURVE('',#4277,#4322,#801,.T.);
#3691=EDGE_CURVE('',#4283,#4323,#802,.T.);
#3692=EDGE_CURVE('',#4324,#4324,#353,.T.);
#3693=EDGE_CURVE('',#4325,#4325,#354,.T.);
#3694=EDGE_CURVE('',#4326,#4326,#355,.T.);
#3695=EDGE_CURVE('',#4327,#4327,#356,.T.);
#3696=EDGE_CURVE('',#4285,#4273,#803,.T.);
#3697=EDGE_CURVE('',#4286,#4272,#804,.T.);
#3698=EDGE_CURVE('',#4287,#4275,#805,.T.);
#3699=EDGE_CURVE('',#4284,#4274,#806,.T.);
#3700=EDGE_CURVE('',#4237,#4257,#807,.T.);
#3701=EDGE_CURVE('',#4238,#4256,#808,.T.);
#3702=EDGE_CURVE('',#4239,#4259,#809,.T.);
#3703=EDGE_CURVE('',#4236,#4258,#810,.T.);
#3704=EDGE_CURVE('',#4241,#4263,#811,.T.);
#3705=EDGE_CURVE('',#4242,#4262,#812,.T.);
#3706=EDGE_CURVE('',#4243,#4265,#813,.T.);
#3707=EDGE_CURVE('',#4240,#4264,#814,.T.);
#3708=EDGE_CURVE('',#4245,#4253,#815,.T.);
#3709=EDGE_CURVE('',#4246,#4252,#816,.T.);
#3710=EDGE_CURVE('',#4247,#4255,#817,.T.);
#3711=EDGE_CURVE('',#4244,#4254,#818,.T.);
#3712=EDGE_CURVE('',#4249,#4267,#819,.T.);
#3713=EDGE_CURVE('',#4250,#4266,#820,.T.);
#3714=EDGE_CURVE('',#4251,#4269,#821,.T.);
#3715=EDGE_CURVE('',#4248,#4268,#822,.T.);
#3716=EDGE_CURVE('',#4221,#4142,#823,.T.);
#3717=EDGE_CURVE('',#4220,#4140,#824,.T.);
#3718=EDGE_CURVE('',#4222,#4141,#825,.T.);
#3719=EDGE_CURVE('',#4223,#4143,#826,.T.);
#3720=EDGE_CURVE('',#4328,#4131,#827,.T.);
#3721=EDGE_CURVE('',#4329,#4328,#828,.T.);
#3722=EDGE_CURVE('',#4329,#4130,#829,.T.);
#3723=EDGE_CURVE('',#4330,#4135,#830,.T.);
#3724=EDGE_CURVE('',#4328,#4330,#357,.T.);
#3725=EDGE_CURVE('',#4331,#4134,#831,.T.);
#3726=EDGE_CURVE('',#4330,#4331,#4549,.T.);
#3727=EDGE_CURVE('',#4332,#4133,#832,.T.);
#3728=EDGE_CURVE('',#4331,#4332,#358,.T.);
#3729=EDGE_CURVE('',#4333,#4132,#833,.T.);
#3730=EDGE_CURVE('',#4332,#4333,#834,.T.);
#3731=EDGE_CURVE('',#4333,#4329,#4550,.T.);
#3732=EDGE_CURVE('',#4334,#4144,#835,.T.);
#3733=EDGE_CURVE('',#4335,#4334,#836,.T.);
#3734=EDGE_CURVE('',#4335,#4146,#837,.T.);
#3735=EDGE_CURVE('',#4336,#4145,#838,.T.);
#3736=EDGE_CURVE('',#4334,#4336,#4551,.T.);
#3737=EDGE_CURVE('',#4337,#4154,#839,.T.);
#3738=EDGE_CURVE('',#4336,#4337,#840,.T.);
#3739=EDGE_CURVE('',#4338,#4153,#841,.T.);
#3740=EDGE_CURVE('',#4337,#4338,#359,.T.);
#3741=EDGE_CURVE('',#4339,#4152,#842,.T.);
#3742=EDGE_CURVE('',#4338,#4339,#843,.T.);
#3743=EDGE_CURVE('',#4340,#4151,#844,.T.);
#3744=EDGE_CURVE('',#4339,#4340,#4552,.T.);
#3745=EDGE_CURVE('',#4341,#4150,#845,.T.);
#3746=EDGE_CURVE('',#4340,#4341,#846,.T.);
#3747=EDGE_CURVE('',#4342,#4149,#847,.T.);
#3748=EDGE_CURVE('',#4341,#4342,#4553,.T.);
#3749=EDGE_CURVE('',#4343,#4148,#848,.T.);
#3750=EDGE_CURVE('',#4342,#4343,#849,.T.);
#3751=EDGE_CURVE('',#4344,#4147,#850,.T.);
#3752=EDGE_CURVE('',#4343,#4344,#4554,.T.);
#3753=EDGE_CURVE('',#4344,#4335,#4555,.T.);
#3754=EDGE_CURVE('',#4345,#4155,#851,.T.);
#3755=EDGE_CURVE('',#4346,#4345,#852,.T.);
#3756=EDGE_CURVE('',#4346,#4157,#853,.T.);
#3757=EDGE_CURVE('',#4347,#4156,#854,.T.);
#3758=EDGE_CURVE('',#4345,#4347,#4556,.T.);
#3759=EDGE_CURVE('',#4348,#4162,#855,.T.);
#3760=EDGE_CURVE('',#4347,#4348,#856,.T.);
#3761=EDGE_CURVE('',#4349,#4161,#857,.T.);
#3762=EDGE_CURVE('',#4348,#4349,#4557,.T.);
#3763=EDGE_CURVE('',#4350,#4160,#858,.T.);
#3764=EDGE_CURVE('',#4349,#4350,#859,.T.);
#3765=EDGE_CURVE('',#4351,#4159,#860,.T.);
#3766=EDGE_CURVE('',#4350,#4351,#4558,.T.);
#3767=EDGE_CURVE('',#4352,#4158,#861,.T.);
#3768=EDGE_CURVE('',#4351,#4352,#862,.T.);
#3769=EDGE_CURVE('',#4352,#4346,#4559,.T.);
#3770=EDGE_CURVE('',#4353,#4163,#863,.T.);
#3771=EDGE_CURVE('',#4354,#4353,#864,.T.);
#3772=EDGE_CURVE('',#4354,#4165,#865,.T.);
#3773=EDGE_CURVE('',#4355,#4164,#866,.T.);
#3774=EDGE_CURVE('',#4353,#4355,#4560,.T.);
#3775=EDGE_CURVE('',#4356,#4175,#867,.T.);
#3776=EDGE_CURVE('',#4355,#4356,#868,.T.);
#3777=EDGE_CURVE('',#4357,#4174,#869,.T.);
#3778=EDGE_CURVE('',#4356,#4357,#360,.T.);
#3779=EDGE_CURVE('',#4358,#4173,#870,.T.);
#3780=EDGE_CURVE('',#4357,#4358,#871,.T.);
#3781=EDGE_CURVE('',#4359,#4172,#872,.T.);
#3782=EDGE_CURVE('',#4358,#4359,#361,.T.);
#3783=EDGE_CURVE('',#4360,#4171,#873,.T.);
#3784=EDGE_CURVE('',#4359,#4360,#874,.T.);
#3785=EDGE_CURVE('',#4361,#4170,#875,.T.);
#3786=EDGE_CURVE('',#4360,#4361,#4561,.T.);
#3787=EDGE_CURVE('',#4362,#4169,#876,.T.);
#3788=EDGE_CURVE('',#4361,#4362,#4562,.T.);
#3789=EDGE_CURVE('',#4363,#4168,#877,.T.);
#3790=EDGE_CURVE('',#4362,#4363,#878,.T.);
#3791=EDGE_CURVE('',#4364,#4167,#879,.T.);
#3792=EDGE_CURVE('',#4363,#4364,#4563,.T.);
#3793=EDGE_CURVE('',#4365,#4166,#880,.T.);
#3794=EDGE_CURVE('',#4364,#4365,#4564,.T.);
#3795=EDGE_CURVE('',#4365,#4354,#362,.T.);
#3796=EDGE_CURVE('',#4366,#4176,#881,.T.);
#3797=EDGE_CURVE('',#4367,#4366,#882,.T.);
#3798=EDGE_CURVE('',#4367,#4178,#883,.T.);
#3799=EDGE_CURVE('',#4368,#4177,#884,.T.);
#3800=EDGE_CURVE('',#4366,#4368,#363,.T.);
#3801=EDGE_CURVE('',#4369,#4183,#885,.T.);
#3802=EDGE_CURVE('',#4368,#4369,#886,.T.);
#3803=EDGE_CURVE('',#4370,#4182,#887,.T.);
#3804=EDGE_CURVE('',#4369,#4370,#4565,.T.);
#3805=EDGE_CURVE('',#4371,#4181,#888,.T.);
#3806=EDGE_CURVE('',#4370,#4371,#889,.T.);
#3807=EDGE_CURVE('',#4372,#4180,#890,.T.);
#3808=EDGE_CURVE('',#4371,#4372,#4566,.T.);
#3809=EDGE_CURVE('',#4373,#4179,#891,.T.);
#3810=EDGE_CURVE('',#4372,#4373,#892,.T.);
#3811=EDGE_CURVE('',#4373,#4367,#4567,.T.);
#3812=EDGE_CURVE('',#4374,#4184,#893,.T.);
#3813=EDGE_CURVE('',#4375,#4374,#894,.T.);
#3814=EDGE_CURVE('',#4375,#4186,#895,.T.);
#3815=EDGE_CURVE('',#4376,#4185,#896,.T.);
#3816=EDGE_CURVE('',#4374,#4376,#4568,.T.);
#3817=EDGE_CURVE('',#4377,#4187,#897,.T.);
#3818=EDGE_CURVE('',#4376,#4377,#898,.T.);
#3819=EDGE_CURVE('',#4377,#4375,#4569,.T.);
#3820=EDGE_CURVE('',#4378,#4188,#899,.T.);
#3821=EDGE_CURVE('',#4379,#4378,#900,.T.);
#3822=EDGE_CURVE('',#4379,#4190,#901,.T.);
#3823=EDGE_CURVE('',#4380,#4189,#902,.T.);
#3824=EDGE_CURVE('',#4378,#4380,#903,.T.);
#3825=EDGE_CURVE('',#4381,#4211,#904,.T.);
#3826=EDGE_CURVE('',#4380,#4381,#4570,.T.);
#3827=EDGE_CURVE('',#4382,#4210,#905,.T.);
#3828=EDGE_CURVE('',#4381,#4382,#906,.T.);
#3829=EDGE_CURVE('',#4383,#4209,#907,.T.);
#3830=EDGE_CURVE('',#4382,#4383,#4571,.T.);
#3831=EDGE_CURVE('',#4384,#4208,#908,.T.);
#3832=EDGE_CURVE('',#4383,#4384,#909,.T.);
#3833=EDGE_CURVE('',#4385,#4207,#910,.T.);
#3834=EDGE_CURVE('',#4384,#4385,#911,.T.);
#3835=EDGE_CURVE('',#4386,#4206,#912,.T.);
#3836=EDGE_CURVE('',#4385,#4386,#364,.T.);
#3837=EDGE_CURVE('',#4387,#4205,#913,.T.);
#3838=EDGE_CURVE('',#4386,#4387,#4572,.T.);
#3839=EDGE_CURVE('',#4388,#4204,#914,.T.);
#3840=EDGE_CURVE('',#4387,#4388,#915,.T.);
#3841=EDGE_CURVE('',#4389,#4203,#916,.T.);
#3842=EDGE_CURVE('',#4388,#4389,#4573,.T.);
#3843=EDGE_CURVE('',#4390,#4202,#917,.T.);
#3844=EDGE_CURVE('',#4389,#4390,#918,.T.);
#3845=EDGE_CURVE('',#4391,#4201,#919,.T.);
#3846=EDGE_CURVE('',#4390,#4391,#4574,.T.);
#3847=EDGE_CURVE('',#4392,#4200,#920,.T.);
#3848=EDGE_CURVE('',#4391,#4392,#921,.T.);
#3849=EDGE_CURVE('',#4393,#4199,#922,.T.);
#3850=EDGE_CURVE('',#4392,#4393,#923,.T.);
#3851=EDGE_CURVE('',#4394,#4198,#924,.T.);
#3852=EDGE_CURVE('',#4393,#4394,#4575,.T.);
#3853=EDGE_CURVE('',#4395,#4197,#925,.T.);
#3854=EDGE_CURVE('',#4394,#4395,#4576,.T.);
#3855=EDGE_CURVE('',#4396,#4196,#926,.T.);
#3856=EDGE_CURVE('',#4395,#4396,#4577,.T.);
#3857=EDGE_CURVE('',#4397,#4195,#927,.T.);
#3858=EDGE_CURVE('',#4396,#4397,#928,.T.);
#3859=EDGE_CURVE('',#4398,#4194,#929,.T.);
#3860=EDGE_CURVE('',#4397,#4398,#4578,.T.);
#3861=EDGE_CURVE('',#4399,#4193,#930,.T.);
#3862=EDGE_CURVE('',#4398,#4399,#4579,.T.);
#3863=EDGE_CURVE('',#4400,#4192,#931,.T.);
#3864=EDGE_CURVE('',#4399,#4400,#4580,.T.);
#3865=EDGE_CURVE('',#4401,#4191,#932,.T.);
#3866=EDGE_CURVE('',#4400,#4401,#933,.T.);
#3867=EDGE_CURVE('',#4401,#4379,#4581,.T.);
#3868=EDGE_CURVE('',#4402,#4212,#934,.T.);
#3869=EDGE_CURVE('',#4403,#4402,#935,.T.);
#3870=EDGE_CURVE('',#4403,#4214,#936,.T.);
#3871=EDGE_CURVE('',#4404,#4213,#937,.T.);
#3872=EDGE_CURVE('',#4402,#4404,#4582,.T.);
#3873=EDGE_CURVE('',#4405,#4215,#938,.T.);
#3874=EDGE_CURVE('',#4404,#4405,#939,.T.);
#3875=EDGE_CURVE('',#4405,#4403,#4583,.T.);
#3876=VERTEX_POINT('',#8338);
#3877=VERTEX_POINT('',#8339);
#3878=VERTEX_POINT('',#8343);
#3879=VERTEX_POINT('',#8345);
#3880=VERTEX_POINT('',#8349);
#3881=VERTEX_POINT('',#8353);
#3882=VERTEX_POINT('',#8357);
#3883=VERTEX_POINT('',#8361);
#3884=VERTEX_POINT('',#8365);
#3885=VERTEX_POINT('',#8369);
#3886=VERTEX_POINT('',#8373);
#3887=VERTEX_POINT('',#8377);
#3888=VERTEX_POINT('',#8379);
#3889=VERTEX_POINT('',#8383);
#3890=VERTEX_POINT('',#8387);
#3891=VERTEX_POINT('',#8391);
#3892=VERTEX_POINT('',#8395);
#3893=VERTEX_POINT('',#8400);
#3894=VERTEX_POINT('',#8401);
#3895=VERTEX_POINT('',#8403);
#3896=VERTEX_POINT('',#8405);
#3897=VERTEX_POINT('',#8407);
#3898=VERTEX_POINT('',#8409);
#3899=VERTEX_POINT('',#8411);
#3900=VERTEX_POINT('',#8413);
#3901=VERTEX_POINT('',#8415);
#3902=VERTEX_POINT('',#8417);
#3903=VERTEX_POINT('',#8419);
#3904=VERTEX_POINT('',#8421);
#3905=VERTEX_POINT('',#8426);
#3906=VERTEX_POINT('',#8427);
#3907=VERTEX_POINT('',#8431);
#3908=VERTEX_POINT('',#8433);
#3909=VERTEX_POINT('',#8437);
#3910=VERTEX_POINT('',#8441);
#3911=VERTEX_POINT('',#8445);
#3912=VERTEX_POINT('',#8449);
#3913=VERTEX_POINT('',#8453);
#3914=VERTEX_POINT('',#8457);
#3915=VERTEX_POINT('',#8461);
#3916=VERTEX_POINT('',#8465);
#3917=VERTEX_POINT('',#8467);
#3918=VERTEX_POINT('',#8471);
#3919=VERTEX_POINT('',#8475);
#3920=VERTEX_POINT('',#8479);
#3921=VERTEX_POINT('',#8483);
#3922=VERTEX_POINT('',#8488);
#3923=VERTEX_POINT('',#8489);
#3924=VERTEX_POINT('',#8491);
#3925=VERTEX_POINT('',#8493);
#3926=VERTEX_POINT('',#8495);
#3927=VERTEX_POINT('',#8497);
#3928=VERTEX_POINT('',#8502);
#3929=VERTEX_POINT('',#8503);
#3930=VERTEX_POINT('',#8507);
#3931=VERTEX_POINT('',#8511);
#3932=VERTEX_POINT('',#8513);
#3933=VERTEX_POINT('',#8515);
#3934=VERTEX_POINT('',#8517);
#3935=VERTEX_POINT('',#8521);
#3936=VERTEX_POINT('',#8525);
#3937=VERTEX_POINT('',#8529);
#3938=VERTEX_POINT('',#8533);
#3939=VERTEX_POINT('',#8535);
#3940=VERTEX_POINT('',#8537);
#3941=VERTEX_POINT('',#8539);
#3942=VERTEX_POINT('',#8546);
#3943=VERTEX_POINT('',#8547);
#3944=VERTEX_POINT('',#8551);
#3945=VERTEX_POINT('',#8555);
#3946=VERTEX_POINT('',#8557);
#3947=VERTEX_POINT('',#8559);
#3948=VERTEX_POINT('',#8561);
#3949=VERTEX_POINT('',#8565);
#3950=VERTEX_POINT('',#8569);
#3951=VERTEX_POINT('',#8573);
#3952=VERTEX_POINT('',#8577);
#3953=VERTEX_POINT('',#8582);
#3954=VERTEX_POINT('',#8583);
#3955=VERTEX_POINT('',#8585);
#3956=VERTEX_POINT('',#8587);
#3957=VERTEX_POINT('',#8590);
#3958=VERTEX_POINT('',#8592);
#3959=VERTEX_POINT('',#8594);
#3960=VERTEX_POINT('',#8595);
#3961=VERTEX_POINT('',#8597);
#3962=VERTEX_POINT('',#8599);
#3963=VERTEX_POINT('',#8602);
#3964=VERTEX_POINT('',#8603);
#3965=VERTEX_POINT('',#8605);
#3966=VERTEX_POINT('',#8607);
#3967=VERTEX_POINT('',#8609);
#3968=VERTEX_POINT('',#8611);
#3969=VERTEX_POINT('',#8613);
#3970=VERTEX_POINT('',#8615);
#3971=VERTEX_POINT('',#8618);
#3972=VERTEX_POINT('',#8619);
#3973=VERTEX_POINT('',#8621);
#3974=VERTEX_POINT('',#8623);
#3975=VERTEX_POINT('',#8625);
#3976=VERTEX_POINT('',#8627);
#3977=VERTEX_POINT('',#8629);
#3978=VERTEX_POINT('',#8631);
#3979=VERTEX_POINT('',#8633);
#3980=VERTEX_POINT('',#8635);
#3981=VERTEX_POINT('',#8637);
#3982=VERTEX_POINT('',#8639);
#3983=VERTEX_POINT('',#8643);
#3984=VERTEX_POINT('',#8644);
#3985=VERTEX_POINT('',#8649);
#3986=VERTEX_POINT('',#8653);
#3987=VERTEX_POINT('',#8657);
#3988=VERTEX_POINT('',#8658);
#3989=VERTEX_POINT('',#8663);
#3990=VERTEX_POINT('',#8667);
#3991=VERTEX_POINT('',#8671);
#3992=VERTEX_POINT('',#8674);
#3993=VERTEX_POINT('',#8691);
#3994=VERTEX_POINT('',#8692);
#3995=VERTEX_POINT('',#8694);
#3996=VERTEX_POINT('',#8698);
#3997=VERTEX_POINT('',#8711);
#3998=VERTEX_POINT('',#8713);
#3999=VERTEX_POINT('',#8728);
#4000=VERTEX_POINT('',#8730);
#4001=VERTEX_POINT('',#8736);
#4002=VERTEX_POINT('',#8738);
#4003=VERTEX_POINT('',#8742);
#4004=VERTEX_POINT('',#8744);
#4005=VERTEX_POINT('',#8757);
#4006=VERTEX_POINT('',#8758);
#4007=VERTEX_POINT('',#8760);
#4008=VERTEX_POINT('',#8764);
#4009=VERTEX_POINT('',#8777);
#4010=VERTEX_POINT('',#8779);
#4011=VERTEX_POINT('',#8794);
#4012=VERTEX_POINT('',#8796);
#4013=VERTEX_POINT('',#8802);
#4014=VERTEX_POINT('',#8804);
#4015=VERTEX_POINT('',#8808);
#4016=VERTEX_POINT('',#8810);
#4017=VERTEX_POINT('',#8814);
#4018=VERTEX_POINT('',#8816);
#4019=VERTEX_POINT('',#8827);
#4020=VERTEX_POINT('',#8831);
#4021=VERTEX_POINT('',#8842);
#4022=VERTEX_POINT('',#8855);
#4023=VERTEX_POINT('',#8868);
#4024=VERTEX_POINT('',#8881);
#4025=VERTEX_POINT('',#8894);
#4026=VERTEX_POINT('',#8907);
#4027=VERTEX_POINT('',#8913);
#4028=VERTEX_POINT('',#8917);
#4029=VERTEX_POINT('',#8921);
#4030=VERTEX_POINT('',#8962);
#4031=VERTEX_POINT('',#8966);
#4032=VERTEX_POINT('',#8977);
#4033=VERTEX_POINT('',#8990);
#4034=VERTEX_POINT('',#8996);
#4035=VERTEX_POINT('',#9000);
#4036=VERTEX_POINT('',#9004);
#4037=VERTEX_POINT('',#9015);
#4038=VERTEX_POINT('',#9028);
#4039=VERTEX_POINT('',#9041);
#4040=VERTEX_POINT('',#9054);
#4041=VERTEX_POINT('',#9060);
#4042=VERTEX_POINT('',#9064);
#4043=VERTEX_POINT('',#9068);
#4044=VERTEX_POINT('',#9084);
#4045=VERTEX_POINT('',#9086);
#4046=VERTEX_POINT('',#9090);
#4047=VERTEX_POINT('',#9094);
#4048=VERTEX_POINT('',#9098);
#4049=VERTEX_POINT('',#9102);
#4050=VERTEX_POINT('',#9116);
#4051=VERTEX_POINT('',#9120);
#4052=VERTEX_POINT('',#9131);
#4053=VERTEX_POINT('',#9144);
#4054=VERTEX_POINT('',#9157);
#4055=VERTEX_POINT('',#9170);
#4056=VERTEX_POINT('',#9183);
#4057=VERTEX_POINT('',#9196);
#4058=VERTEX_POINT('',#9202);
#4059=VERTEX_POINT('',#9213);
#4060=VERTEX_POINT('',#9226);
#4061=VERTEX_POINT('',#9239);
#4062=VERTEX_POINT('',#9252);
#4063=VERTEX_POINT('',#9265);
#4064=VERTEX_POINT('',#9278);
#4065=VERTEX_POINT('',#9291);
#4066=VERTEX_POINT('',#9304);
#4067=VERTEX_POINT('',#9313);
#4068=VERTEX_POINT('',#9315);
#4069=VERTEX_POINT('',#9319);
#4070=VERTEX_POINT('',#9323);
#4071=VERTEX_POINT('',#9327);
#4072=VERTEX_POINT('',#9331);
#4073=VERTEX_POINT('',#9335);
#4074=VERTEX_POINT('',#9339);
#4075=VERTEX_POINT('',#9343);
#4076=VERTEX_POINT('',#9347);
#4077=VERTEX_POINT('',#9351);
#4078=VERTEX_POINT('',#9355);
#4079=VERTEX_POINT('',#9369);
#4080=VERTEX_POINT('',#9373);
#4081=VERTEX_POINT('',#9384);
#4082=VERTEX_POINT('',#9397);
#4083=VERTEX_POINT('',#9410);
#4084=VERTEX_POINT('',#9423);
#4085=VERTEX_POINT('',#9436);
#4086=VERTEX_POINT('',#9449);
#4087=VERTEX_POINT('',#9455);
#4088=VERTEX_POINT('',#9466);
#4089=VERTEX_POINT('',#9479);
#4090=VERTEX_POINT('',#9492);
#4091=VERTEX_POINT('',#9505);
#4092=VERTEX_POINT('',#9518);
#4093=VERTEX_POINT('',#9531);
#4094=VERTEX_POINT('',#9544);
#4095=VERTEX_POINT('',#9557);
#4096=VERTEX_POINT('',#9566);
#4097=VERTEX_POINT('',#9567);
#4098=VERTEX_POINT('',#9569);
#4099=VERTEX_POINT('',#9571);
#4100=VERTEX_POINT('',#9575);
#4101=VERTEX_POINT('',#9577);
#4102=VERTEX_POINT('',#9581);
#4103=VERTEX_POINT('',#9583);
#4104=VERTEX_POINT('',#9587);
#4105=VERTEX_POINT('',#9589);
#4106=VERTEX_POINT('',#9593);
#4107=VERTEX_POINT('',#9595);
#4108=VERTEX_POINT('',#9608);
#4109=VERTEX_POINT('',#9610);
#4110=VERTEX_POINT('',#9616);
#4111=VERTEX_POINT('',#9618);
#4112=VERTEX_POINT('',#9622);
#4113=VERTEX_POINT('',#9626);
#4114=VERTEX_POINT('',#9630);
#4115=VERTEX_POINT('',#9634);
#4116=VERTEX_POINT('',#9638);
#4117=VERTEX_POINT('',#9642);
#4118=VERTEX_POINT('',#9652);
#4119=VERTEX_POINT('',#9654);
#4120=VERTEX_POINT('',#9658);
#4121=VERTEX_POINT('',#9662);
#4122=VERTEX_POINT('',#9666);
#4123=VERTEX_POINT('',#9670);
#4124=VERTEX_POINT('',#9674);
#4125=VERTEX_POINT('',#9678);
#4126=VERTEX_POINT('',#9682);
#4127=VERTEX_POINT('',#9686);
#4128=VERTEX_POINT('',#9690);
#4129=VERTEX_POINT('',#9694);
#4130=VERTEX_POINT('',#9704);
#4131=VERTEX_POINT('',#9705);
#4132=VERTEX_POINT('',#9710);
#4133=VERTEX_POINT('',#9712);
#4134=VERTEX_POINT('',#9714);
#4135=VERTEX_POINT('',#9719);
#4136=VERTEX_POINT('',#9722);
#4137=VERTEX_POINT('',#9723);
#4138=VERTEX_POINT('',#9725);
#4139=VERTEX_POINT('',#9727);
#4140=VERTEX_POINT('',#9730);
#4141=VERTEX_POINT('',#9731);
#4142=VERTEX_POINT('',#9733);
#4143=VERTEX_POINT('',#9735);
#4144=VERTEX_POINT('',#9741);
#4145=VERTEX_POINT('',#9742);
#4146=VERTEX_POINT('',#9744);
#4147=VERTEX_POINT('',#9749);
#4148=VERTEX_POINT('',#9754);
#4149=VERTEX_POINT('',#9756);
#4150=VERTEX_POINT('',#9761);
#4151=VERTEX_POINT('',#9763);
#4152=VERTEX_POINT('',#9768);
#4153=VERTEX_POINT('',#9770);
#4154=VERTEX_POINT('',#9772);
#4155=VERTEX_POINT('',#9778);
#4156=VERTEX_POINT('',#9779);
#4157=VERTEX_POINT('',#9781);
#4158=VERTEX_POINT('',#9786);
#4159=VERTEX_POINT('',#9788);
#4160=VERTEX_POINT('',#9793);
#4161=VERTEX_POINT('',#9795);
#4162=VERTEX_POINT('',#9800);
#4163=VERTEX_POINT('',#9806);
#4164=VERTEX_POINT('',#9807);
#4165=VERTEX_POINT('',#9809);
#4166=VERTEX_POINT('',#9811);
#4167=VERTEX_POINT('',#9816);
#4168=VERTEX_POINT('',#9821);
#4169=VERTEX_POINT('',#9823);
#4170=VERTEX_POINT('',#9828);
#4171=VERTEX_POINT('',#9833);
#4172=VERTEX_POINT('',#9835);
#4173=VERTEX_POINT('',#9837);
#4174=VERTEX_POINT('',#9839);
#4175=VERTEX_POINT('',#9841);
#4176=VERTEX_POINT('',#9844);
#4177=VERTEX_POINT('',#9845);
#4178=VERTEX_POINT('',#9847);
#4179=VERTEX_POINT('',#9852);
#4180=VERTEX_POINT('',#9854);
#4181=VERTEX_POINT('',#9859);
#4182=VERTEX_POINT('',#9861);
#4183=VERTEX_POINT('',#9866);
#4184=VERTEX_POINT('',#9872);
#4185=VERTEX_POINT('',#9873);
#4186=VERTEX_POINT('',#9875);
#4187=VERTEX_POINT('',#9880);
#4188=VERTEX_POINT('',#9883);
#4189=VERTEX_POINT('',#9884);
#4190=VERTEX_POINT('',#9886);
#4191=VERTEX_POINT('',#9891);
#4192=VERTEX_POINT('',#9893);
#4193=VERTEX_POINT('',#9898);
#4194=VERTEX_POINT('',#9903);
#4195=VERTEX_POINT('',#9908);
#4196=VERTEX_POINT('',#9910);
#4197=VERTEX_POINT('',#9915);
#4198=VERTEX_POINT('',#9920);
#4199=VERTEX_POINT('',#9925);
#4200=VERTEX_POINT('',#9927);
#4201=VERTEX_POINT('',#9929);
#4202=VERTEX_POINT('',#9934);
#4203=VERTEX_POINT('',#9936);
#4204=VERTEX_POINT('',#9941);
#4205=VERTEX_POINT('',#9943);
#4206=VERTEX_POINT('',#9948);
#4207=VERTEX_POINT('',#9950);
#4208=VERTEX_POINT('',#9952);
#4209=VERTEX_POINT('',#9954);
#4210=VERTEX_POINT('',#9959);
#4211=VERTEX_POINT('',#9961);
#4212=VERTEX_POINT('',#9970);
#4213=VERTEX_POINT('',#9971);
#4214=VERTEX_POINT('',#9973);
#4215=VERTEX_POINT('',#9978);
#4216=VERTEX_POINT('',#9982);
#4217=VERTEX_POINT('',#9983);
#4218=VERTEX_POINT('',#9985);
#4219=VERTEX_POINT('',#9987);
#4220=VERTEX_POINT('',#9990);
#4221=VERTEX_POINT('',#9991);
#4222=VERTEX_POINT('',#9993);
#4223=VERTEX_POINT('',#9995);
#4224=VERTEX_POINT('',#9999);
#4225=VERTEX_POINT('',#10000);
#4226=VERTEX_POINT('',#10002);
#4227=VERTEX_POINT('',#10004);
#4228=VERTEX_POINT('',#10006);
#4229=VERTEX_POINT('',#10008);
#4230=VERTEX_POINT('',#10010);
#4231=VERTEX_POINT('',#10012);
#4232=VERTEX_POINT('',#10014);
#4233=VERTEX_POINT('',#10016);
#4234=VERTEX_POINT('',#10018);
#4235=VERTEX_POINT('',#10020);
#4236=VERTEX_POINT('',#10023);
#4237=VERTEX_POINT('',#10024);
#4238=VERTEX_POINT('',#10026);
#4239=VERTEX_POINT('',#10028);
#4240=VERTEX_POINT('',#10031);
#4241=VERTEX_POINT('',#10032);
#4242=VERTEX_POINT('',#10034);
#4243=VERTEX_POINT('',#10036);
#4244=VERTEX_POINT('',#10039);
#4245=VERTEX_POINT('',#10040);
#4246=VERTEX_POINT('',#10042);
#4247=VERTEX_POINT('',#10044);
#4248=VERTEX_POINT('',#10047);
#4249=VERTEX_POINT('',#10048);
#4250=VERTEX_POINT('',#10050);
#4251=VERTEX_POINT('',#10052);
#4252=VERTEX_POINT('',#10056);
#4253=VERTEX_POINT('',#10057);
#4254=VERTEX_POINT('',#10059);
#4255=VERTEX_POINT('',#10061);
#4256=VERTEX_POINT('',#10064);
#4257=VERTEX_POINT('',#10065);
#4258=VERTEX_POINT('',#10067);
#4259=VERTEX_POINT('',#10069);
#4260=VERTEX_POINT('',#10072);
#4261=VERTEX_POINT('',#10074);
#4262=VERTEX_POINT('',#10077);
#4263=VERTEX_POINT('',#10078);
#4264=VERTEX_POINT('',#10080);
#4265=VERTEX_POINT('',#10082);
#4266=VERTEX_POINT('',#10085);
#4267=VERTEX_POINT('',#10086);
#4268=VERTEX_POINT('',#10088);
#4269=VERTEX_POINT('',#10090);
#4270=VERTEX_POINT('',#10094);
#4271=VERTEX_POINT('',#10096);
#4272=VERTEX_POINT('',#10099);
#4273=VERTEX_POINT('',#10100);
#4274=VERTEX_POINT('',#10102);
#4275=VERTEX_POINT('',#10104);
#4276=VERTEX_POINT('',#10108);
#4277=VERTEX_POINT('',#10109);
#4278=VERTEX_POINT('',#10111);
#4279=VERTEX_POINT('',#10114);
#4280=VERTEX_POINT('',#10116);
#4281=VERTEX_POINT('',#10119);
#4282=VERTEX_POINT('',#10121);
#4283=VERTEX_POINT('',#10123);
#4284=VERTEX_POINT('',#10126);
#4285=VERTEX_POINT('',#10127);
#4286=VERTEX_POINT('',#10129);
#4287=VERTEX_POINT('',#10131);
#4288=VERTEX_POINT('',#10135);
#4289=VERTEX_POINT('',#10137);
#4290=VERTEX_POINT('',#10140);
#4291=VERTEX_POINT('',#10142);
#4292=VERTEX_POINT('',#10144);
#4293=VERTEX_POINT('',#10146);
#4294=VERTEX_POINT('',#10148);
#4295=VERTEX_POINT('',#10150);
#4296=VERTEX_POINT('',#10154);
#4297=VERTEX_POINT('',#10156);
#4298=VERTEX_POINT('',#10158);
#4299=VERTEX_POINT('',#10161);
#4300=VERTEX_POINT('',#10168);
#4301=VERTEX_POINT('',#10170);
#4302=VERTEX_POINT('',#10173);
#4303=VERTEX_POINT('',#10175);
#4304=VERTEX_POINT('',#10177);
#4305=VERTEX_POINT('',#10181);
#4306=VERTEX_POINT('',#10182);
#4307=VERTEX_POINT('',#10185);
#4308=VERTEX_POINT('',#10190);
#4309=VERTEX_POINT('',#10194);
#4310=VERTEX_POINT('',#10202);
#4311=VERTEX_POINT('',#10204);
#4312=VERTEX_POINT('',#10211);
#4313=VERTEX_POINT('',#10213);
#4314=VERTEX_POINT('',#10218);
#4315=VERTEX_POINT('',#10220);
#4316=VERTEX_POINT('',#10224);
#4317=VERTEX_POINT('',#10228);
#4318=VERTEX_POINT('',#10234);
#4319=VERTEX_POINT('',#10236);
#4320=VERTEX_POINT('',#10243);
#4321=VERTEX_POINT('',#10245);
#4322=VERTEX_POINT('',#10250);
#4323=VERTEX_POINT('',#10252);
#4324=VERTEX_POINT('',#10259);
#4325=VERTEX_POINT('',#10261);
#4326=VERTEX_POINT('',#10266);
#4327=VERTEX_POINT('',#10270);
#4328=VERTEX_POINT('',#10324);
#4329=VERTEX_POINT('',#10326);
#4330=VERTEX_POINT('',#10330);
#4331=VERTEX_POINT('',#10341);
#4332=VERTEX_POINT('',#10348);
#4333=VERTEX_POINT('',#10352);
#4334=VERTEX_POINT('',#10369);
#4335=VERTEX_POINT('',#10371);
#4336=VERTEX_POINT('',#10382);
#4337=VERTEX_POINT('',#10389);
#4338=VERTEX_POINT('',#10393);
#4339=VERTEX_POINT('',#10397);
#4340=VERTEX_POINT('',#10408);
#4341=VERTEX_POINT('',#10415);
#4342=VERTEX_POINT('',#10426);
#4343=VERTEX_POINT('',#10433);
#4344=VERTEX_POINT('',#10444);
#4345=VERTEX_POINT('',#10464);
#4346=VERTEX_POINT('',#10466);
#4347=VERTEX_POINT('',#10477);
#4348=VERTEX_POINT('',#10484);
#4349=VERTEX_POINT('',#10495);
#4350=VERTEX_POINT('',#10502);
#4351=VERTEX_POINT('',#10513);
#4352=VERTEX_POINT('',#10520);
#4353=VERTEX_POINT('',#10537);
#4354=VERTEX_POINT('',#10539);
#4355=VERTEX_POINT('',#10550);
#4356=VERTEX_POINT('',#10557);
#4357=VERTEX_POINT('',#10561);
#4358=VERTEX_POINT('',#10565);
#4359=VERTEX_POINT('',#10569);
#4360=VERTEX_POINT('',#10573);
#4361=VERTEX_POINT('',#10584);
#4362=VERTEX_POINT('',#10598);
#4363=VERTEX_POINT('',#10605);
#4364=VERTEX_POINT('',#10616);
#4365=VERTEX_POINT('',#10630);
#4366=VERTEX_POINT('',#10640);
#4367=VERTEX_POINT('',#10642);
#4368=VERTEX_POINT('',#10646);
#4369=VERTEX_POINT('',#10650);
#4370=VERTEX_POINT('',#10661);
#4371=VERTEX_POINT('',#10668);
#4372=VERTEX_POINT('',#10679);
#4373=VERTEX_POINT('',#10686);
#4374=VERTEX_POINT('',#10703);
#4375=VERTEX_POINT('',#10705);
#4376=VERTEX_POINT('',#10716);
#4377=VERTEX_POINT('',#10723);
#4378=VERTEX_POINT('',#10740);
#4379=VERTEX_POINT('',#10742);
#4380=VERTEX_POINT('',#10746);
#4381=VERTEX_POINT('',#10757);
#4382=VERTEX_POINT('',#10764);
#4383=VERTEX_POINT('',#10775);
#4384=VERTEX_POINT('',#10782);
#4385=VERTEX_POINT('',#10786);
#4386=VERTEX_POINT('',#10790);
#4387=VERTEX_POINT('',#10801);
#4388=VERTEX_POINT('',#10808);
#4389=VERTEX_POINT('',#10819);
#4390=VERTEX_POINT('',#10826);
#4391=VERTEX_POINT('',#10837);
#4392=VERTEX_POINT('',#10844);
#4393=VERTEX_POINT('',#10848);
#4394=VERTEX_POINT('',#10859);
#4395=VERTEX_POINT('',#10873);
#4396=VERTEX_POINT('',#10887);
#4397=VERTEX_POINT('',#10894);
#4398=VERTEX_POINT('',#10905);
#4399=VERTEX_POINT('',#10919);
#4400=VERTEX_POINT('',#10933);
#4401=VERTEX_POINT('',#10940);
#4402=VERTEX_POINT('',#10957);
#4403=VERTEX_POINT('',#10959);
#4404=VERTEX_POINT('',#10970);
#4405=VERTEX_POINT('',#10977);
#4406=B_SPLINE_CURVE_WITH_KNOTS('',2,(#8335,#8336,#8337),.UNSPECIFIED.,
 .F.,.F.,(3,3),(0.,1.),.PIECEWISE_BEZIER_KNOTS.);
#4407=B_SPLINE_CURVE_WITH_KNOTS('',2,(#8340,#8341,#8342),.UNSPECIFIED.,
 .F.,.F.,(3,3),(0.,1.),.PIECEWISE_BEZIER_KNOTS.);
#4408=B_SPLINE_CURVE_WITH_KNOTS('',2,(#8346,#8347,#8348),.UNSPECIFIED.,
 .F.,.F.,(3,3),(0.,1.),.PIECEWISE_BEZIER_KNOTS.);
#4409=B_SPLINE_CURVE_WITH_KNOTS('',2,(#8350,#8351,#8352),.UNSPECIFIED.,
 .F.,.F.,(3,3),(0.,1.),.PIECEWISE_BEZIER_KNOTS.);
#4410=B_SPLINE_CURVE_WITH_KNOTS('',2,(#8354,#8355,#8356),.UNSPECIFIED.,
 .F.,.F.,(3,3),(0.,1.),.PIECEWISE_BEZIER_KNOTS.);
#4411=B_SPLINE_CURVE_WITH_KNOTS('',2,(#8358,#8359,#8360),.UNSPECIFIED.,
 .F.,.F.,(3,3),(0.,1.),.PIECEWISE_BEZIER_KNOTS.);
#4412=B_SPLINE_CURVE_WITH_KNOTS('',2,(#8362,#8363,#8364),.UNSPECIFIED.,
 .F.,.F.,(3,3),(0.,1.),.PIECEWISE_BEZIER_KNOTS.);
#4413=B_SPLINE_CURVE_WITH_KNOTS('',2,(#8366,#8367,#8368),.UNSPECIFIED.,
 .F.,.F.,(3,3),(0.,1.),.PIECEWISE_BEZIER_KNOTS.);
#4414=B_SPLINE_CURVE_WITH_KNOTS('',2,(#8370,#8371,#8372),.UNSPECIFIED.,
 .F.,.F.,(3,3),(0.,1.),.PIECEWISE_BEZIER_KNOTS.);
#4415=B_SPLINE_CURVE_WITH_KNOTS('',2,(#8374,#8375,#8376),.UNSPECIFIED.,
 .F.,.F.,(3,3),(0.,1.),.PIECEWISE_BEZIER_KNOTS.);
#4416=B_SPLINE_CURVE_WITH_KNOTS('',2,(#8380,#8381,#8382),.UNSPECIFIED.,
 .F.,.F.,(3,3),(0.,1.),.PIECEWISE_BEZIER_KNOTS.);
#4417=B_SPLINE_CURVE_WITH_KNOTS('',2,(#8384,#8385,#8386),.UNSPECIFIED.,
 .F.,.F.,(3,3),(0.,1.),.PIECEWISE_BEZIER_KNOTS.);
#4418=B_SPLINE_CURVE_WITH_KNOTS('',2,(#8388,#8389,#8390),.UNSPECIFIED.,
 .F.,.F.,(3,3),(0.,1.),.PIECEWISE_BEZIER_KNOTS.);
#4419=B_SPLINE_CURVE_WITH_KNOTS('',2,(#8392,#8393,#8394),.UNSPECIFIED.,
 .F.,.F.,(3,3),(0.,1.),.PIECEWISE_BEZIER_KNOTS.);
#4420=B_SPLINE_CURVE_WITH_KNOTS('',2,(#8396,#8397,#8398),.UNSPECIFIED.,
 .F.,.F.,(3,3),(0.,1.),.PIECEWISE_BEZIER_KNOTS.);
#4421=B_SPLINE_CURVE_WITH_KNOTS('',2,(#8423,#8424,#8425),.UNSPECIFIED.,
 .F.,.F.,(3,3),(0.,1.),.PIECEWISE_BEZIER_KNOTS.);
#4422=B_SPLINE_CURVE_WITH_KNOTS('',2,(#8428,#8429,#8430),.UNSPECIFIED.,
 .F.,.F.,(3,3),(0.,1.),.PIECEWISE_BEZIER_KNOTS.);
#4423=B_SPLINE_CURVE_WITH_KNOTS('',2,(#8434,#8435,#8436),.UNSPECIFIED.,
 .F.,.F.,(3,3),(0.,1.),.PIECEWISE_BEZIER_KNOTS.);
#4424=B_SPLINE_CURVE_WITH_KNOTS('',2,(#8438,#8439,#8440),.UNSPECIFIED.,
 .F.,.F.,(3,3),(0.,1.),.PIECEWISE_BEZIER_KNOTS.);
#4425=B_SPLINE_CURVE_WITH_KNOTS('',2,(#8442,#8443,#8444),.UNSPECIFIED.,
 .F.,.F.,(3,3),(0.,1.),.PIECEWISE_BEZIER_KNOTS.);
#4426=B_SPLINE_CURVE_WITH_KNOTS('',2,(#8446,#8447,#8448),.UNSPECIFIED.,
 .F.,.F.,(3,3),(0.,1.),.PIECEWISE_BEZIER_KNOTS.);
#4427=B_SPLINE_CURVE_WITH_KNOTS('',2,(#8450,#8451,#8452),.UNSPECIFIED.,
 .F.,.F.,(3,3),(0.,1.),.PIECEWISE_BEZIER_KNOTS.);
#4428=B_SPLINE_CURVE_WITH_KNOTS('',2,(#8454,#8455,#8456),.UNSPECIFIED.,
 .F.,.F.,(3,3),(0.,1.),.PIECEWISE_BEZIER_KNOTS.);
#4429=B_SPLINE_CURVE_WITH_KNOTS('',2,(#8458,#8459,#8460),.UNSPECIFIED.,
 .F.,.F.,(3,3),(0.,1.),.PIECEWISE_BEZIER_KNOTS.);
#4430=B_SPLINE_CURVE_WITH_KNOTS('',2,(#8462,#8463,#8464),.UNSPECIFIED.,
 .F.,.F.,(3,3),(0.,1.),.PIECEWISE_BEZIER_KNOTS.);
#4431=B_SPLINE_CURVE_WITH_KNOTS('',2,(#8468,#8469,#8470),.UNSPECIFIED.,
 .F.,.F.,(3,3),(0.,1.),.PIECEWISE_BEZIER_KNOTS.);
#4432=B_SPLINE_CURVE_WITH_KNOTS('',2,(#8472,#8473,#8474),.UNSPECIFIED.,
 .F.,.F.,(3,3),(0.,1.),.PIECEWISE_BEZIER_KNOTS.);
#4433=B_SPLINE_CURVE_WITH_KNOTS('',2,(#8476,#8477,#8478),.UNSPECIFIED.,
 .F.,.F.,(3,3),(0.,1.),.PIECEWISE_BEZIER_KNOTS.);
#4434=B_SPLINE_CURVE_WITH_KNOTS('',2,(#8480,#8481,#8482),.UNSPECIFIED.,
 .F.,.F.,(3,3),(0.,1.),.PIECEWISE_BEZIER_KNOTS.);
#4435=B_SPLINE_CURVE_WITH_KNOTS('',2,(#8484,#8485,#8486),.UNSPECIFIED.,
 .F.,.F.,(3,3),(0.,1.),.PIECEWISE_BEZIER_KNOTS.);
#4436=B_SPLINE_CURVE_WITH_KNOTS('',2,(#8499,#8500,#8501),.UNSPECIFIED.,
 .F.,.F.,(3,3),(0.,1.),.PIECEWISE_BEZIER_KNOTS.);
#4437=B_SPLINE_CURVE_WITH_KNOTS('',2,(#8504,#8505,#8506),.UNSPECIFIED.,
 .F.,.F.,(3,3),(0.,1.),.PIECEWISE_BEZIER_KNOTS.);
#4438=B_SPLINE_CURVE_WITH_KNOTS('',2,(#8508,#8509,#8510),.UNSPECIFIED.,
 .F.,.F.,(3,3),(0.,1.),.PIECEWISE_BEZIER_KNOTS.);
#4439=B_SPLINE_CURVE_WITH_KNOTS('',2,(#8518,#8519,#8520),.UNSPECIFIED.,
 .F.,.F.,(3,3),(0.,1.),.PIECEWISE_BEZIER_KNOTS.);
#4440=B_SPLINE_CURVE_WITH_KNOTS('',2,(#8522,#8523,#8524),.UNSPECIFIED.,
 .F.,.F.,(3,3),(0.,1.),.PIECEWISE_BEZIER_KNOTS.);
#4441=B_SPLINE_CURVE_WITH_KNOTS('',2,(#8526,#8527,#8528),.UNSPECIFIED.,
 .F.,.F.,(3,3),(0.,1.),.PIECEWISE_BEZIER_KNOTS.);
#4442=B_SPLINE_CURVE_WITH_KNOTS('',2,(#8530,#8531,#8532),.UNSPECIFIED.,
 .F.,.F.,(3,3),(0.,1.),.PIECEWISE_BEZIER_KNOTS.);
#4443=B_SPLINE_CURVE_WITH_KNOTS('',2,(#8540,#8541,#8542),.UNSPECIFIED.,
 .F.,.F.,(3,3),(0.,1.),.PIECEWISE_BEZIER_KNOTS.);
#4444=B_SPLINE_CURVE_WITH_KNOTS('',2,(#8543,#8544,#8545),.UNSPECIFIED.,
 .F.,.F.,(3,3),(0.,1.),.PIECEWISE_BEZIER_KNOTS.);
#4445=B_SPLINE_CURVE_WITH_KNOTS('',2,(#8548,#8549,#8550),.UNSPECIFIED.,
 .F.,.F.,(3,3),(0.,1.),.PIECEWISE_BEZIER_KNOTS.);
#4446=B_SPLINE_CURVE_WITH_KNOTS('',2,(#8552,#8553,#8554),.UNSPECIFIED.,
 .F.,.F.,(3,3),(0.,1.),.PIECEWISE_BEZIER_KNOTS.);
#4447=B_SPLINE_CURVE_WITH_KNOTS('',2,(#8562,#8563,#8564),.UNSPECIFIED.,
 .F.,.F.,(3,3),(0.,1.),.PIECEWISE_BEZIER_KNOTS.);
#4448=B_SPLINE_CURVE_WITH_KNOTS('',2,(#8566,#8567,#8568),.UNSPECIFIED.,
 .F.,.F.,(3,3),(0.,1.),.PIECEWISE_BEZIER_KNOTS.);
#4449=B_SPLINE_CURVE_WITH_KNOTS('',2,(#8570,#8571,#8572),.UNSPECIFIED.,
 .F.,.F.,(3,3),(0.,1.),.PIECEWISE_BEZIER_KNOTS.);
#4450=B_SPLINE_CURVE_WITH_KNOTS('',2,(#8574,#8575,#8576),.UNSPECIFIED.,
 .F.,.F.,(3,3),(0.,1.),.PIECEWISE_BEZIER_KNOTS.);
#4451=B_SPLINE_CURVE_WITH_KNOTS('',2,(#8578,#8579,#8580),.UNSPECIFIED.,
 .F.,.F.,(3,3),(0.,1.),.PIECEWISE_BEZIER_KNOTS.);
#4452=B_SPLINE_CURVE_WITH_KNOTS('',2,(#8688,#8689,#8690),.UNSPECIFIED.,
 .F.,.F.,(3,3),(0.,1.),.PIECEWISE_BEZIER_KNOTS.);
#4453=B_SPLINE_CURVE_WITH_KNOTS('',2,(#8695,#8696,#8697),.UNSPECIFIED.,
 .F.,.F.,(3,3),(0.,1.),.PIECEWISE_BEZIER_KNOTS.);
#4454=B_SPLINE_CURVE_WITH_KNOTS('',2,(#8708,#8709,#8710),.UNSPECIFIED.,
 .F.,.F.,(3,3),(0.,1.),.PIECEWISE_BEZIER_KNOTS.);
#4455=B_SPLINE_CURVE_WITH_KNOTS('',2,(#8714,#8715,#8716),.UNSPECIFIED.,
 .F.,.F.,(3,3),(0.,1.),.PIECEWISE_BEZIER_KNOTS.);
#4456=B_SPLINE_CURVE_WITH_KNOTS('',2,(#8725,#8726,#8727),.UNSPECIFIED.,
 .F.,.F.,(3,3),(0.,1.),.PIECEWISE_BEZIER_KNOTS.);
#4457=B_SPLINE_CURVE_WITH_KNOTS('',2,(#8731,#8732,#8733),.UNSPECIFIED.,
 .F.,.F.,(3,3),(0.,1.),.PIECEWISE_BEZIER_KNOTS.);
#4458=B_SPLINE_CURVE_WITH_KNOTS('',2,(#8754,#8755,#8756),.UNSPECIFIED.,
 .F.,.F.,(3,3),(0.,1.),.PIECEWISE_BEZIER_KNOTS.);
#4459=B_SPLINE_CURVE_WITH_KNOTS('',2,(#8761,#8762,#8763),.UNSPECIFIED.,
 .F.,.F.,(3,3),(0.,1.),.PIECEWISE_BEZIER_KNOTS.);
#4460=B_SPLINE_CURVE_WITH_KNOTS('',2,(#8774,#8775,#8776),.UNSPECIFIED.,
 .F.,.F.,(3,3),(0.,1.),.PIECEWISE_BEZIER_KNOTS.);
#4461=B_SPLINE_CURVE_WITH_KNOTS('',2,(#8780,#8781,#8782),.UNSPECIFIED.,
 .F.,.F.,(3,3),(0.,1.),.PIECEWISE_BEZIER_KNOTS.);
#4462=B_SPLINE_CURVE_WITH_KNOTS('',2,(#8791,#8792,#8793),.UNSPECIFIED.,
 .F.,.F.,(3,3),(0.,1.),.PIECEWISE_BEZIER_KNOTS.);
#4463=B_SPLINE_CURVE_WITH_KNOTS('',2,(#8797,#8798,#8799),.UNSPECIFIED.,
 .F.,.F.,(3,3),(0.,1.),.PIECEWISE_BEZIER_KNOTS.);
#4464=B_SPLINE_CURVE_WITH_KNOTS('',2,(#8828,#8829,#8830),.UNSPECIFIED.,
 .F.,.F.,(3,3),(0.,1.),.PIECEWISE_BEZIER_KNOTS.);
#4465=B_SPLINE_CURVE_WITH_KNOTS('',2,(#8843,#8844,#8845),.UNSPECIFIED.,
 .F.,.F.,(3,3),(0.,1.),.PIECEWISE_BEZIER_KNOTS.);
#4466=B_SPLINE_CURVE_WITH_KNOTS('',2,(#8856,#8857,#8858),.UNSPECIFIED.,
 .F.,.F.,(3,3),(0.,1.),.PIECEWISE_BEZIER_KNOTS.);
#4467=B_SPLINE_CURVE_WITH_KNOTS('',2,(#8869,#8870,#8871),.UNSPECIFIED.,
 .F.,.F.,(3,3),(0.,1.),.PIECEWISE_BEZIER_KNOTS.);
#4468=B_SPLINE_CURVE_WITH_KNOTS('',2,(#8882,#8883,#8884),.UNSPECIFIED.,
 .F.,.F.,(3,3),(0.,1.),.PIECEWISE_BEZIER_KNOTS.);
#4469=B_SPLINE_CURVE_WITH_KNOTS('',2,(#8895,#8896,#8897),.UNSPECIFIED.,
 .F.,.F.,(3,3),(0.,1.),.PIECEWISE_BEZIER_KNOTS.);
#4470=B_SPLINE_CURVE_WITH_KNOTS('',2,(#8908,#8909,#8910),.UNSPECIFIED.,
 .F.,.F.,(3,3),(0.,1.),.PIECEWISE_BEZIER_KNOTS.);
#4471=B_SPLINE_CURVE_WITH_KNOTS('',2,(#8931,#8932,#8933),.UNSPECIFIED.,
 .F.,.F.,(3,3),(0.,1.),.PIECEWISE_BEZIER_KNOTS.);
#4472=B_SPLINE_CURVE_WITH_KNOTS('',2,(#8934,#8935,#8936),.UNSPECIFIED.,
 .F.,.F.,(3,3),(0.,1.),.PIECEWISE_BEZIER_KNOTS.);
#4473=B_SPLINE_CURVE_WITH_KNOTS('',2,(#8945,#8946,#8947),.UNSPECIFIED.,
 .F.,.F.,(3,3),(0.,1.),.PIECEWISE_BEZIER_KNOTS.);
#4474=B_SPLINE_CURVE_WITH_KNOTS('',2,(#8963,#8964,#8965),.UNSPECIFIED.,
 .F.,.F.,(3,3),(0.,1.),.PIECEWISE_BEZIER_KNOTS.);
#4475=B_SPLINE_CURVE_WITH_KNOTS('',2,(#8978,#8979,#8980),.UNSPECIFIED.,
 .F.,.F.,(3,3),(0.,1.),.PIECEWISE_BEZIER_KNOTS.);
#4476=B_SPLINE_CURVE_WITH_KNOTS('',2,(#8991,#8992,#8993),.UNSPECIFIED.,
 .F.,.F.,(3,3),(0.,1.),.PIECEWISE_BEZIER_KNOTS.);
#4477=B_SPLINE_CURVE_WITH_KNOTS('',2,(#9016,#9017,#9018),.UNSPECIFIED.,
 .F.,.F.,(3,3),(0.,1.),.PIECEWISE_BEZIER_KNOTS.);
#4478=B_SPLINE_CURVE_WITH_KNOTS('',2,(#9029,#9030,#9031),.UNSPECIFIED.,
 .F.,.F.,(3,3),(0.,1.),.PIECEWISE_BEZIER_KNOTS.);
#4479=B_SPLINE_CURVE_WITH_KNOTS('',2,(#9042,#9043,#9044),.UNSPECIFIED.,
 .F.,.F.,(3,3),(0.,1.),.PIECEWISE_BEZIER_KNOTS.);
#4480=B_SPLINE_CURVE_WITH_KNOTS('',2,(#9055,#9056,#9057),.UNSPECIFIED.,
 .F.,.F.,(3,3),(0.,1.),.PIECEWISE_BEZIER_KNOTS.);
#4481=B_SPLINE_CURVE_WITH_KNOTS('',2,(#9078,#9079,#9080),.UNSPECIFIED.,
 .F.,.F.,(3,3),(0.,1.),.PIECEWISE_BEZIER_KNOTS.);
#4482=B_SPLINE_CURVE_WITH_KNOTS('',2,(#9117,#9118,#9119),.UNSPECIFIED.,
 .F.,.F.,(3,3),(0.,1.),.PIECEWISE_BEZIER_KNOTS.);
#4483=B_SPLINE_CURVE_WITH_KNOTS('',2,(#9132,#9133,#9134),.UNSPECIFIED.,
 .F.,.F.,(3,3),(0.,1.),.PIECEWISE_BEZIER_KNOTS.);
#4484=B_SPLINE_CURVE_WITH_KNOTS('',2,(#9145,#9146,#9147),.UNSPECIFIED.,
 .F.,.F.,(3,3),(0.,1.),.PIECEWISE_BEZIER_KNOTS.);
#4485=B_SPLINE_CURVE_WITH_KNOTS('',2,(#9158,#9159,#9160),.UNSPECIFIED.,
 .F.,.F.,(3,3),(0.,1.),.PIECEWISE_BEZIER_KNOTS.);
#4486=B_SPLINE_CURVE_WITH_KNOTS('',2,(#9171,#9172,#9173),.UNSPECIFIED.,
 .F.,.F.,(3,3),(0.,1.),.PIECEWISE_BEZIER_KNOTS.);
#4487=B_SPLINE_CURVE_WITH_KNOTS('',2,(#9184,#9185,#9186),.UNSPECIFIED.,
 .F.,.F.,(3,3),(0.,1.),.PIECEWISE_BEZIER_KNOTS.);
#4488=B_SPLINE_CURVE_WITH_KNOTS('',2,(#9197,#9198,#9199),.UNSPECIFIED.,
 .F.,.F.,(3,3),(0.,1.),.PIECEWISE_BEZIER_KNOTS.);
#4489=B_SPLINE_CURVE_WITH_KNOTS('',2,(#9214,#9215,#9216),.UNSPECIFIED.,
 .F.,.F.,(3,3),(0.,1.),.PIECEWISE_BEZIER_KNOTS.);
#4490=B_SPLINE_CURVE_WITH_KNOTS('',2,(#9227,#9228,#9229),.UNSPECIFIED.,
 .F.,.F.,(3,3),(0.,1.),.PIECEWISE_BEZIER_KNOTS.);
#4491=B_SPLINE_CURVE_WITH_KNOTS('',2,(#9240,#9241,#9242),.UNSPECIFIED.,
 .F.,.F.,(3,3),(0.,1.),.PIECEWISE_BEZIER_KNOTS.);
#4492=B_SPLINE_CURVE_WITH_KNOTS('',2,(#9253,#9254,#9255),.UNSPECIFIED.,
 .F.,.F.,(3,3),(0.,1.),.PIECEWISE_BEZIER_KNOTS.);
#4493=B_SPLINE_CURVE_WITH_KNOTS('',2,(#9266,#9267,#9268),.UNSPECIFIED.,
 .F.,.F.,(3,3),(0.,1.),.PIECEWISE_BEZIER_KNOTS.);
#4494=B_SPLINE_CURVE_WITH_KNOTS('',2,(#9279,#9280,#9281),.UNSPECIFIED.,
 .F.,.F.,(3,3),(0.,1.),.PIECEWISE_BEZIER_KNOTS.);
#4495=B_SPLINE_CURVE_WITH_KNOTS('',2,(#9292,#9293,#9294),.UNSPECIFIED.,
 .F.,.F.,(3,3),(0.,1.),.PIECEWISE_BEZIER_KNOTS.);
#4496=B_SPLINE_CURVE_WITH_KNOTS('',2,(#9305,#9306,#9307),.UNSPECIFIED.,
 .F.,.F.,(3,3),(0.,1.),.PIECEWISE_BEZIER_KNOTS.);
#4497=B_SPLINE_CURVE_WITH_KNOTS('',2,(#9370,#9371,#9372),.UNSPECIFIED.,
 .F.,.F.,(3,3),(0.,1.),.PIECEWISE_BEZIER_KNOTS.);
#4498=B_SPLINE_CURVE_WITH_KNOTS('',2,(#9385,#9386,#9387),.UNSPECIFIED.,
 .F.,.F.,(3,3),(0.,1.),.PIECEWISE_BEZIER_KNOTS.);
#4499=B_SPLINE_CURVE_WITH_KNOTS('',2,(#9398,#9399,#9400),.UNSPECIFIED.,
 .F.,.F.,(3,3),(0.,1.),.PIECEWISE_BEZIER_KNOTS.);
#4500=B_SPLINE_CURVE_WITH_KNOTS('',2,(#9411,#9412,#9413),.UNSPECIFIED.,
 .F.,.F.,(3,3),(0.,1.),.PIECEWISE_BEZIER_KNOTS.);
#4501=B_SPLINE_CURVE_WITH_KNOTS('',2,(#9424,#9425,#9426),.UNSPECIFIED.,
 .F.,.F.,(3,3),(0.,1.),.PIECEWISE_BEZIER_KNOTS.);
#4502=B_SPLINE_CURVE_WITH_KNOTS('',2,(#9437,#9438,#9439),.UNSPECIFIED.,
 .F.,.F.,(3,3),(0.,1.),.PIECEWISE_BEZIER_KNOTS.);
#4503=B_SPLINE_CURVE_WITH_KNOTS('',2,(#9450,#9451,#9452),.UNSPECIFIED.,
 .F.,.F.,(3,3),(0.,1.),.PIECEWISE_BEZIER_KNOTS.);
#4504=B_SPLINE_CURVE_WITH_KNOTS('',2,(#9467,#9468,#9469),.UNSPECIFIED.,
 .F.,.F.,(3,3),(0.,1.),.PIECEWISE_BEZIER_KNOTS.);
#4505=B_SPLINE_CURVE_WITH_KNOTS('',2,(#9480,#9481,#9482),.UNSPECIFIED.,
 .F.,.F.,(3,3),(0.,1.),.PIECEWISE_BEZIER_KNOTS.);
#4506=B_SPLINE_CURVE_WITH_KNOTS('',2,(#9493,#9494,#9495),.UNSPECIFIED.,
 .F.,.F.,(3,3),(0.,1.),.PIECEWISE_BEZIER_KNOTS.);
#4507=B_SPLINE_CURVE_WITH_KNOTS('',2,(#9506,#9507,#9508),.UNSPECIFIED.,
 .F.,.F.,(3,3),(0.,1.),.PIECEWISE_BEZIER_KNOTS.);
#4508=B_SPLINE_CURVE_WITH_KNOTS('',2,(#9519,#9520,#9521),.UNSPECIFIED.,
 .F.,.F.,(3,3),(0.,1.),.PIECEWISE_BEZIER_KNOTS.);
#4509=B_SPLINE_CURVE_WITH_KNOTS('',2,(#9532,#9533,#9534),.UNSPECIFIED.,
 .F.,.F.,(3,3),(0.,1.),.PIECEWISE_BEZIER_KNOTS.);
#4510=B_SPLINE_CURVE_WITH_KNOTS('',2,(#9545,#9546,#9547),.UNSPECIFIED.,
 .F.,.F.,(3,3),(0.,1.),.PIECEWISE_BEZIER_KNOTS.);
#4511=B_SPLINE_CURVE_WITH_KNOTS('',2,(#9558,#9559,#9560),.UNSPECIFIED.,
 .F.,.F.,(3,3),(0.,1.),.PIECEWISE_BEZIER_KNOTS.);
#4512=B_SPLINE_CURVE_WITH_KNOTS('',2,(#9605,#9606,#9607),.UNSPECIFIED.,
 .F.,.F.,(3,3),(0.,1.),.PIECEWISE_BEZIER_KNOTS.);
#4513=B_SPLINE_CURVE_WITH_KNOTS('',2,(#9611,#9612,#9613),.UNSPECIFIED.,
 .F.,.F.,(3,3),(0.,1.),.PIECEWISE_BEZIER_KNOTS.);
#4514=B_SPLINE_CURVE_WITH_KNOTS('',3,(#9706,#9707,#9708,#9709),
 .UNSPECIFIED.,.F.,.F.,(4,4),(0.,1.),.PIECEWISE_BEZIER_KNOTS.);
#4515=B_SPLINE_CURVE_WITH_KNOTS('',3,(#9715,#9716,#9717,#9718),
 .UNSPECIFIED.,.F.,.F.,(4,4),(0.,1.),.PIECEWISE_BEZIER_KNOTS.);
#4516=B_SPLINE_CURVE_WITH_KNOTS('',3,(#9737,#9738,#9739,#9740),
 .UNSPECIFIED.,.F.,.F.,(4,4),(0.,1.),.PIECEWISE_BEZIER_KNOTS.);
#4517=B_SPLINE_CURVE_WITH_KNOTS('',3,(#9745,#9746,#9747,#9748),
 .UNSPECIFIED.,.F.,.F.,(4,4),(0.,1.),.PIECEWISE_BEZIER_KNOTS.);
#4518=B_SPLINE_CURVE_WITH_KNOTS('',3,(#9750,#9751,#9752,#9753),
 .UNSPECIFIED.,.F.,.F.,(4,4),(0.,1.),.PIECEWISE_BEZIER_KNOTS.);
#4519=B_SPLINE_CURVE_WITH_KNOTS('',3,(#9757,#9758,#9759,#9760),
 .UNSPECIFIED.,.F.,.F.,(4,4),(0.,1.),.PIECEWISE_BEZIER_KNOTS.);
#4520=B_SPLINE_CURVE_WITH_KNOTS('',3,(#9764,#9765,#9766,#9767),
 .UNSPECIFIED.,.F.,.F.,(4,4),(0.,1.),.PIECEWISE_BEZIER_KNOTS.);
#4521=B_SPLINE_CURVE_WITH_KNOTS('',3,(#9774,#9775,#9776,#9777),
 .UNSPECIFIED.,.F.,.F.,(4,4),(0.,1.),.PIECEWISE_BEZIER_KNOTS.);
#4522=B_SPLINE_CURVE_WITH_KNOTS('',3,(#9782,#9783,#9784,#9785),
 .UNSPECIFIED.,.F.,.F.,(4,4),(0.,1.),.PIECEWISE_BEZIER_KNOTS.);
#4523=B_SPLINE_CURVE_WITH_KNOTS('',3,(#9789,#9790,#9791,#9792),
 .UNSPECIFIED.,.F.,.F.,(4,4),(0.,1.),.PIECEWISE_BEZIER_KNOTS.);
#4524=B_SPLINE_CURVE_WITH_KNOTS('',3,(#9796,#9797,#9798,#9799),
 .UNSPECIFIED.,.F.,.F.,(4,4),(0.,1.),.PIECEWISE_BEZIER_KNOTS.);
#4525=B_SPLINE_CURVE_WITH_KNOTS('',3,(#9802,#9803,#9804,#9805),
 .UNSPECIFIED.,.F.,.F.,(4,4),(0.,1.),.PIECEWISE_BEZIER_KNOTS.);
#4526=B_SPLINE_CURVE_WITH_KNOTS('',3,(#9812,#9813,#9814,#9815),
 .UNSPECIFIED.,.F.,.F.,(4,4),(0.,1.),.PIECEWISE_BEZIER_KNOTS.);
#4527=B_SPLINE_CURVE_WITH_KNOTS('',3,(#9817,#9818,#9819,#9820),
 .UNSPECIFIED.,.F.,.F.,(4,4),(0.,1.),.PIECEWISE_BEZIER_KNOTS.);
#4528=B_SPLINE_CURVE_WITH_KNOTS('',3,(#9824,#9825,#9826,#9827),
 .UNSPECIFIED.,.F.,.F.,(4,4),(0.,1.),.PIECEWISE_BEZIER_KNOTS.);
#4529=B_SPLINE_CURVE_WITH_KNOTS('',3,(#9829,#9830,#9831,#9832),
 .UNSPECIFIED.,.F.,.F.,(4,4),(0.,1.),.PIECEWISE_BEZIER_KNOTS.);
#4530=B_SPLINE_CURVE_WITH_KNOTS('',3,(#9848,#9849,#9850,#9851),
 .UNSPECIFIED.,.F.,.F.,(4,4),(0.,1.),.PIECEWISE_BEZIER_KNOTS.);
#4531=B_SPLINE_CURVE_WITH_KNOTS('',3,(#9855,#9856,#9857,#9858),
 .UNSPECIFIED.,.F.,.F.,(4,4),(0.,1.),.PIECEWISE_BEZIER_KNOTS.);
#4532=B_SPLINE_CURVE_WITH_KNOTS('',3,(#9862,#9863,#9864,#9865),
 .UNSPECIFIED.,.F.,.F.,(4,4),(0.,1.),.PIECEWISE_BEZIER_KNOTS.);
#4533=B_SPLINE_CURVE_WITH_KNOTS('',3,(#9868,#9869,#9870,#9871),
 .UNSPECIFIED.,.F.,.F.,(4,4),(0.,1.),.PIECEWISE_BEZIER_KNOTS.);
#4534=B_SPLINE_CURVE_WITH_KNOTS('',3,(#9876,#9877,#9878,#9879),
 .UNSPECIFIED.,.F.,.F.,(4,4),(0.,1.),.PIECEWISE_BEZIER_KNOTS.);
#4535=B_SPLINE_CURVE_WITH_KNOTS('',3,(#9887,#9888,#9889,#9890),
 .UNSPECIFIED.,.F.,.F.,(4,4),(0.,1.),.PIECEWISE_BEZIER_KNOTS.);
#4536=B_SPLINE_CURVE_WITH_KNOTS('',3,(#9894,#9895,#9896,#9897),
 .UNSPECIFIED.,.F.,.F.,(4,4),(0.,1.),.PIECEWISE_BEZIER_KNOTS.);
#4537=B_SPLINE_CURVE_WITH_KNOTS('',3,(#9899,#9900,#9901,#9902),
 .UNSPECIFIED.,.F.,.F.,(4,4),(0.,1.),.PIECEWISE_BEZIER_KNOTS.);
#4538=B_SPLINE_CURVE_WITH_KNOTS('',3,(#9904,#9905,#9906,#9907),
 .UNSPECIFIED.,.F.,.F.,(4,4),(0.,1.),.PIECEWISE_BEZIER_KNOTS.);
#4539=B_SPLINE_CURVE_WITH_KNOTS('',3,(#9911,#9912,#9913,#9914),
 .UNSPECIFIED.,.F.,.F.,(4,4),(0.,1.),.PIECEWISE_BEZIER_KNOTS.);
#4540=B_SPLINE_CURVE_WITH_KNOTS('',3,(#9916,#9917,#9918,#9919),
 .UNSPECIFIED.,.F.,.F.,(4,4),(0.,1.),.PIECEWISE_BEZIER_KNOTS.);
#4541=B_SPLINE_CURVE_WITH_KNOTS('',3,(#9921,#9922,#9923,#9924),
 .UNSPECIFIED.,.F.,.F.,(4,4),(0.,1.),.PIECEWISE_BEZIER_KNOTS.);
#4542=B_SPLINE_CURVE_WITH_KNOTS('',3,(#9930,#9931,#9932,#9933),
 .UNSPECIFIED.,.F.,.F.,(4,4),(0.,1.),.PIECEWISE_BEZIER_KNOTS.);
#4543=B_SPLINE_CURVE_WITH_KNOTS('',3,(#9937,#9938,#9939,#9940),
 .UNSPECIFIED.,.F.,.F.,(4,4),(0.,1.),.PIECEWISE_BEZIER_KNOTS.);
#4544=B_SPLINE_CURVE_WITH_KNOTS('',3,(#9944,#9945,#9946,#9947),
 .UNSPECIFIED.,.F.,.F.,(4,4),(0.,1.),.PIECEWISE_BEZIER_KNOTS.);
#4545=B_SPLINE_CURVE_WITH_KNOTS('',3,(#9955,#9956,#9957,#9958),
 .UNSPECIFIED.,.F.,.F.,(4,4),(0.,1.),.PIECEWISE_BEZIER_KNOTS.);
#4546=B_SPLINE_CURVE_WITH_KNOTS('',3,(#9962,#9963,#9964,#9965),
 .UNSPECIFIED.,.F.,.F.,(4,4),(0.,1.),.PIECEWISE_BEZIER_KNOTS.);
#4547=B_SPLINE_CURVE_WITH_KNOTS('',3,(#9966,#9967,#9968,#9969),
 .UNSPECIFIED.,.F.,.F.,(4,4),(0.,1.),.PIECEWISE_BEZIER_KNOTS.);
#4548=B_SPLINE_CURVE_WITH_KNOTS('',3,(#9974,#9975,#9976,#9977),
 .UNSPECIFIED.,.F.,.F.,(4,4),(0.,1.),.PIECEWISE_BEZIER_KNOTS.);
#4549=B_SPLINE_CURVE_WITH_KNOTS('',3,(#10342,#10343,#10344,#10345),
 .UNSPECIFIED.,.F.,.F.,(4,4),(0.,1.),.PIECEWISE_BEZIER_KNOTS.);
#4550=B_SPLINE_CURVE_WITH_KNOTS('',3,(#10362,#10363,#10364,#10365),
 .UNSPECIFIED.,.F.,.F.,(4,4),(0.,1.),.PIECEWISE_BEZIER_KNOTS.);
#4551=B_SPLINE_CURVE_WITH_KNOTS('',3,(#10383,#10384,#10385,#10386),
 .UNSPECIFIED.,.F.,.F.,(4,4),(0.,1.),.PIECEWISE_BEZIER_KNOTS.);
#4552=B_SPLINE_CURVE_WITH_KNOTS('',3,(#10409,#10410,#10411,#10412),
 .UNSPECIFIED.,.F.,.F.,(4,4),(0.,1.),.PIECEWISE_BEZIER_KNOTS.);
#4553=B_SPLINE_CURVE_WITH_KNOTS('',3,(#10427,#10428,#10429,#10430),
 .UNSPECIFIED.,.F.,.F.,(4,4),(0.,1.),.PIECEWISE_BEZIER_KNOTS.);
#4554=B_SPLINE_CURVE_WITH_KNOTS('',3,(#10445,#10446,#10447,#10448),
 .UNSPECIFIED.,.F.,.F.,(4,4),(0.,1.),.PIECEWISE_BEZIER_KNOTS.);
#4555=B_SPLINE_CURVE_WITH_KNOTS('',3,(#10457,#10458,#10459,#10460),
 .UNSPECIFIED.,.F.,.F.,(4,4),(0.,1.),.PIECEWISE_BEZIER_KNOTS.);
#4556=B_SPLINE_CURVE_WITH_KNOTS('',3,(#10478,#10479,#10480,#10481),
 .UNSPECIFIED.,.F.,.F.,(4,4),(0.,1.),.PIECEWISE_BEZIER_KNOTS.);
#4557=B_SPLINE_CURVE_WITH_KNOTS('',3,(#10496,#10497,#10498,#10499),
 .UNSPECIFIED.,.F.,.F.,(4,4),(0.,1.),.PIECEWISE_BEZIER_KNOTS.);
#4558=B_SPLINE_CURVE_WITH_KNOTS('',3,(#10514,#10515,#10516,#10517),
 .UNSPECIFIED.,.F.,.F.,(4,4),(0.,1.),.PIECEWISE_BEZIER_KNOTS.);
#4559=B_SPLINE_CURVE_WITH_KNOTS('',3,(#10530,#10531,#10532,#10533),
 .UNSPECIFIED.,.F.,.F.,(4,4),(0.,1.),.PIECEWISE_BEZIER_KNOTS.);
#4560=B_SPLINE_CURVE_WITH_KNOTS('',3,(#10551,#10552,#10553,#10554),
 .UNSPECIFIED.,.F.,.F.,(4,4),(0.,1.),.PIECEWISE_BEZIER_KNOTS.);
#4561=B_SPLINE_CURVE_WITH_KNOTS('',3,(#10585,#10586,#10587,#10588),
 .UNSPECIFIED.,.F.,.F.,(4,4),(0.,1.),.PIECEWISE_BEZIER_KNOTS.);
#4562=B_SPLINE_CURVE_WITH_KNOTS('',3,(#10599,#10600,#10601,#10602),
 .UNSPECIFIED.,.F.,.F.,(4,4),(0.,1.),.PIECEWISE_BEZIER_KNOTS.);
#4563=B_SPLINE_CURVE_WITH_KNOTS('',3,(#10617,#10618,#10619,#10620),
 .UNSPECIFIED.,.F.,.F.,(4,4),(0.,1.),.PIECEWISE_BEZIER_KNOTS.);
#4564=B_SPLINE_CURVE_WITH_KNOTS('',3,(#10631,#10632,#10633,#10634),
 .UNSPECIFIED.,.F.,.F.,(4,4),(0.,1.),.PIECEWISE_BEZIER_KNOTS.);
#4565=B_SPLINE_CURVE_WITH_KNOTS('',3,(#10662,#10663,#10664,#10665),
 .UNSPECIFIED.,.F.,.F.,(4,4),(0.,1.),.PIECEWISE_BEZIER_KNOTS.);
#4566=B_SPLINE_CURVE_WITH_KNOTS('',3,(#10680,#10681,#10682,#10683),
 .UNSPECIFIED.,.F.,.F.,(4,4),(0.,1.),.PIECEWISE_BEZIER_KNOTS.);
#4567=B_SPLINE_CURVE_WITH_KNOTS('',3,(#10696,#10697,#10698,#10699),
 .UNSPECIFIED.,.F.,.F.,(4,4),(0.,1.),.PIECEWISE_BEZIER_KNOTS.);
#4568=B_SPLINE_CURVE_WITH_KNOTS('',3,(#10717,#10718,#10719,#10720),
 .UNSPECIFIED.,.F.,.F.,(4,4),(0.,1.),.PIECEWISE_BEZIER_KNOTS.);
#4569=B_SPLINE_CURVE_WITH_KNOTS('',3,(#10733,#10734,#10735,#10736),
 .UNSPECIFIED.,.F.,.F.,(4,4),(0.,1.),.PIECEWISE_BEZIER_KNOTS.);
#4570=B_SPLINE_CURVE_WITH_KNOTS('',3,(#10758,#10759,#10760,#10761),
 .UNSPECIFIED.,.F.,.F.,(4,4),(0.,1.),.PIECEWISE_BEZIER_KNOTS.);
#4571=B_SPLINE_CURVE_WITH_KNOTS('',3,(#10776,#10777,#10778,#10779),
 .UNSPECIFIED.,.F.,.F.,(4,4),(0.,1.),.PIECEWISE_BEZIER_KNOTS.);
#4572=B_SPLINE_CURVE_WITH_KNOTS('',3,(#10802,#10803,#10804,#10805),
 .UNSPECIFIED.,.F.,.F.,(4,4),(0.,1.),.PIECEWISE_BEZIER_KNOTS.);
#4573=B_SPLINE_CURVE_WITH_KNOTS('',3,(#10820,#10821,#10822,#10823),
 .UNSPECIFIED.,.F.,.F.,(4,4),(0.,1.),.PIECEWISE_BEZIER_KNOTS.);
#4574=B_SPLINE_CURVE_WITH_KNOTS('',3,(#10838,#10839,#10840,#10841),
 .UNSPECIFIED.,.F.,.F.,(4,4),(0.,1.),.PIECEWISE_BEZIER_KNOTS.);
#4575=B_SPLINE_CURVE_WITH_KNOTS('',3,(#10860,#10861,#10862,#10863),
 .UNSPECIFIED.,.F.,.F.,(4,4),(0.,1.),.PIECEWISE_BEZIER_KNOTS.);
#4576=B_SPLINE_CURVE_WITH_KNOTS('',3,(#10874,#10875,#10876,#10877),
 .UNSPECIFIED.,.F.,.F.,(4,4),(0.,1.),.PIECEWISE_BEZIER_KNOTS.);
#4577=B_SPLINE_CURVE_WITH_KNOTS('',3,(#10888,#10889,#10890,#10891),
 .UNSPECIFIED.,.F.,.F.,(4,4),(0.,1.),.PIECEWISE_BEZIER_KNOTS.);
#4578=B_SPLINE_CURVE_WITH_KNOTS('',3,(#10906,#10907,#10908,#10909),
 .UNSPECIFIED.,.F.,.F.,(4,4),(0.,1.),.PIECEWISE_BEZIER_KNOTS.);
#4579=B_SPLINE_CURVE_WITH_KNOTS('',3,(#10920,#10921,#10922,#10923),
 .UNSPECIFIED.,.F.,.F.,(4,4),(0.,1.),.PIECEWISE_BEZIER_KNOTS.);
#4580=B_SPLINE_CURVE_WITH_KNOTS('',3,(#10934,#10935,#10936,#10937),
 .UNSPECIFIED.,.F.,.F.,(4,4),(0.,1.),.PIECEWISE_BEZIER_KNOTS.);
#4581=B_SPLINE_CURVE_WITH_KNOTS('',3,(#10950,#10951,#10952,#10953),
 .UNSPECIFIED.,.F.,.F.,(4,4),(0.,1.),.PIECEWISE_BEZIER_KNOTS.);
#4582=B_SPLINE_CURVE_WITH_KNOTS('',3,(#10971,#10972,#10973,#10974),
 .UNSPECIFIED.,.F.,.F.,(4,4),(0.,1.),.PIECEWISE_BEZIER_KNOTS.);
#4583=B_SPLINE_CURVE_WITH_KNOTS('',3,(#10987,#10988,#10989,#10990),
 .UNSPECIFIED.,.F.,.F.,(4,4),(0.,1.),.PIECEWISE_BEZIER_KNOTS.);
#4584=EDGE_LOOP('',(#1515,#1516,#1517,#1518,#1519,#1520,#1521,#1522,#1523,
#1524,#1525,#1526,#1527,#1528,#1529,#1530,#1531));
#4585=EDGE_LOOP('',(#1532,#1533,#1534,#1535,#1536,#1537,#1538,#1539,#1540,
#1541,#1542,#1543));
#4586=EDGE_LOOP('',(#1544,#1545,#1546,#1547,#1548,#1549,#1550,#1551,#1552,
#1553,#1554,#1555,#1556,#1557,#1558,#1559,#1560));
#4587=EDGE_LOOP('',(#1561,#1562,#1563,#1564,#1565,#1566));
#4588=EDGE_LOOP('',(#1567,#1568,#1569,#1570,#1571,#1572,#1573,#1574,#1575,
#1576,#1577,#1578,#1579,#1580));
#4589=EDGE_LOOP('',(#1581,#1582,#1583,#1584,#1585,#1586,#1587,#1588,#1589,
#1590,#1591));
#4590=EDGE_LOOP('',(#1592,#1593,#1594,#1595));
#4591=EDGE_LOOP('',(#1596));
#4592=EDGE_LOOP('',(#1597));
#4593=EDGE_LOOP('',(#1598,#1599,#1600,#1601));
#4594=EDGE_LOOP('',(#1602,#1603,#1604,#1605,#1606,#1607,#1608,#1609));
#4595=EDGE_LOOP('',(#1610,#1611,#1612,#1613,#1614,#1615,#1616,#1617,#1618,
#1619,#1620,#1621));
#4596=EDGE_LOOP('',(#1622,#1623,#1624,#1625));
#4597=EDGE_LOOP('',(#1626,#1627,#1628,#1629));
#4598=EDGE_LOOP('',(#1630,#1631,#1632,#1633));
#4599=EDGE_LOOP('',(#1634,#1635,#1636,#1637));
#4600=EDGE_LOOP('',(#1638,#1639,#1640,#1641));
#4601=EDGE_LOOP('',(#1642,#1643,#1644,#1645));
#4602=EDGE_LOOP('',(#1646));
#4603=EDGE_LOOP('',(#1647));
#4604=EDGE_LOOP('',(#1648));
#4605=EDGE_LOOP('',(#1649));
#4606=EDGE_LOOP('',(#1650,#1651,#1652,#1653));
#4607=EDGE_LOOP('',(#1654,#1655,#1656,#1657));
#4608=EDGE_LOOP('',(#1658,#1659,#1660,#1661));
#4609=EDGE_LOOP('',(#1662));
#4610=EDGE_LOOP('',(#1663));
#4611=EDGE_LOOP('',(#1664,#1665,#1666,#1667));
#4612=EDGE_LOOP('',(#1668,#1669,#1670,#1671));
#4613=EDGE_LOOP('',(#1672,#1673,#1674,#1675));
#4614=EDGE_LOOP('',(#1676,#1677,#1678,#1679));
#4615=EDGE_LOOP('',(#1680,#1681,#1682,#1683));
#4616=EDGE_LOOP('',(#1684,#1685,#1686,#1687));
#4617=EDGE_LOOP('',(#1688,#1689,#1690,#1691));
#4618=EDGE_LOOP('',(#1692,#1693,#1694,#1695));
#4619=EDGE_LOOP('',(#1696,#1697,#1698,#1699));
#4620=EDGE_LOOP('',(#1700,#1701,#1702,#1703));
#4621=EDGE_LOOP('',(#1704,#1705,#1706,#1707));
#4622=EDGE_LOOP('',(#1708,#1709,#1710,#1711));
#4623=EDGE_LOOP('',(#1712,#1713,#1714,#1715));
#4624=EDGE_LOOP('',(#1716,#1717,#1718,#1719));
#4625=EDGE_LOOP('',(#1720,#1721,#1722,#1723));
#4626=EDGE_LOOP('',(#1724,#1725,#1726,#1727));
#4627=EDGE_LOOP('',(#1728,#1729,#1730,#1731));
#4628=EDGE_LOOP('',(#1732,#1733,#1734,#1735));
#4629=EDGE_LOOP('',(#1736,#1737,#1738,#1739));
#4630=EDGE_LOOP('',(#1740,#1741,#1742,#1743));
#4631=EDGE_LOOP('',(#1744,#1745,#1746,#1747));
#4632=EDGE_LOOP('',(#1748,#1749,#1750,#1751));
#4633=EDGE_LOOP('',(#1752,#1753,#1754,#1755));
#4634=EDGE_LOOP('',(#1756,#1757,#1758,#1759));
#4635=EDGE_LOOP('',(#1760,#1761,#1762,#1763));
#4636=EDGE_LOOP('',(#1764,#1765,#1766,#1767,#1768,#1769,#1770,#1771,#1772,
#1773,#1774));
#4637=EDGE_LOOP('',(#1775,#1776,#1777,#1778,#1779,#1780,#1781));
#4638=EDGE_LOOP('',(#1782,#1783,#1784,#1785,#1786,#1787));
#4639=EDGE_LOOP('',(#1788,#1789,#1790,#1791,#1792,#1793,#1794));
#4640=EDGE_LOOP('',(#1795,#1796,#1797,#1798));
#4641=EDGE_LOOP('',(#1799,#1800,#1801,#1802));
#4642=EDGE_LOOP('',(#1803,#1804,#1805,#1806));
#4643=EDGE_LOOP('',(#1807,#1808,#1809,#1810));
#4644=EDGE_LOOP('',(#1811,#1812,#1813,#1814));
#4645=EDGE_LOOP('',(#1815,#1816,#1817,#1818));
#4646=EDGE_LOOP('',(#1819,#1820,#1821,#1822));
#4647=EDGE_LOOP('',(#1823,#1824,#1825,#1826));
#4648=EDGE_LOOP('',(#1827,#1828,#1829,#1830));
#4649=EDGE_LOOP('',(#1831,#1832,#1833,#1834));
#4650=EDGE_LOOP('',(#1835,#1836,#1837,#1838));
#4651=EDGE_LOOP('',(#1839,#1840,#1841,#1842));
#4652=EDGE_LOOP('',(#1843,#1844,#1845,#1846));
#4653=EDGE_LOOP('',(#1847,#1848,#1849,#1850));
#4654=EDGE_LOOP('',(#1851,#1852,#1853,#1854,#1855,#1856,#1857,#1858,#1859,
#1860,#1861,#1862,#1863,#1864));
#4655=EDGE_LOOP('',(#1865,#1866,#1867,#1868));
#4656=EDGE_LOOP('',(#1869,#1870,#1871,#1872));
#4657=EDGE_LOOP('',(#1873,#1874,#1875,#1876));
#4658=EDGE_LOOP('',(#1877,#1878,#1879,#1880));
#4659=EDGE_LOOP('',(#1881,#1882,#1883,#1884));
#4660=EDGE_LOOP('',(#1885,#1886,#1887,#1888));
#4661=EDGE_LOOP('',(#1889,#1890,#1891,#1892,#1893,#1894));
#4662=EDGE_LOOP('',(#1895,#1896,#1897,#1898));
#4663=EDGE_LOOP('',(#1899,#1900,#1901,#1902));
#4664=EDGE_LOOP('',(#1903,#1904,#1905,#1906));
#4665=EDGE_LOOP('',(#1907,#1908,#1909,#1910));
#4666=EDGE_LOOP('',(#1911,#1912,#1913,#1914));
#4667=EDGE_LOOP('',(#1915,#1916,#1917,#1918));
#4668=EDGE_LOOP('',(#1919,#1920,#1921,#1922));
#4669=EDGE_LOOP('',(#1923,#1924,#1925,#1926));
#4670=EDGE_LOOP('',(#1927,#1928,#1929,#1930));
#4671=EDGE_LOOP('',(#1931,#1932,#1933,#1934));
#4672=EDGE_LOOP('',(#1935,#1936,#1937,#1938));
#4673=EDGE_LOOP('',(#1939,#1940,#1941,#1942));
#4674=EDGE_LOOP('',(#1943,#1944,#1945,#1946));
#4675=EDGE_LOOP('',(#1947,#1948,#1949,#1950));
#4676=EDGE_LOOP('',(#1951,#1952,#1953,#1954));
#4677=EDGE_LOOP('',(#1955,#1956,#1957,#1958));
#4678=EDGE_LOOP('',(#1959,#1960,#1961,#1962));
#4679=EDGE_LOOP('',(#1963,#1964,#1965,#1966,#1967,#1968,#1969,#1970,#1971,
#1972,#1973,#1974,#1975,#1976,#1977,#1978,#1979));
#4680=EDGE_LOOP('',(#1980,#1981,#1982,#1983));
#4681=EDGE_LOOP('',(#1984,#1985,#1986,#1987));
#4682=EDGE_LOOP('',(#1988,#1989,#1990,#1991));
#4683=EDGE_LOOP('',(#1992,#1993,#1994,#1995));
#4684=EDGE_LOOP('',(#1996,#1997,#1998,#1999));
#4685=EDGE_LOOP('',(#2000,#2001,#2002,#2003));
#4686=EDGE_LOOP('',(#2004,#2005,#2006,#2007));
#4687=EDGE_LOOP('',(#2008,#2009,#2010,#2011));
#4688=EDGE_LOOP('',(#2012,#2013,#2014,#2015));
#4689=EDGE_LOOP('',(#2016,#2017,#2018,#2019));
#4690=EDGE_LOOP('',(#2020,#2021,#2022,#2023));
#4691=EDGE_LOOP('',(#2024,#2025,#2026,#2027));
#4692=EDGE_LOOP('',(#2028,#2029,#2030,#2031,#2032,#2033,#2034,#2035,#2036,
#2037,#2038,#2039));
#4693=EDGE_LOOP('',(#2040,#2041,#2042,#2043));
#4694=EDGE_LOOP('',(#2044,#2045,#2046,#2047));
#4695=EDGE_LOOP('',(#2048,#2049,#2050,#2051));
#4696=EDGE_LOOP('',(#2052,#2053,#2054,#2055));
#4697=EDGE_LOOP('',(#2056,#2057,#2058,#2059));
#4698=EDGE_LOOP('',(#2060,#2061,#2062,#2063));
#4699=EDGE_LOOP('',(#2064,#2065,#2066,#2067));
#4700=EDGE_LOOP('',(#2068,#2069,#2070,#2071));
#4701=EDGE_LOOP('',(#2072,#2073,#2074,#2075));
#4702=EDGE_LOOP('',(#2076,#2077,#2078,#2079));
#4703=EDGE_LOOP('',(#2080,#2081,#2082,#2083));
#4704=EDGE_LOOP('',(#2084,#2085,#2086,#2087));
#4705=EDGE_LOOP('',(#2088,#2089,#2090,#2091));
#4706=EDGE_LOOP('',(#2092,#2093,#2094,#2095));
#4707=EDGE_LOOP('',(#2096,#2097,#2098,#2099));
#4708=EDGE_LOOP('',(#2100,#2101,#2102,#2103));
#4709=EDGE_LOOP('',(#2104,#2105,#2106,#2107));
#4710=EDGE_LOOP('',(#2108,#2109,#2110,#2111,#2112,#2113,#2114,#2115,#2116,
#2117,#2118,#2119,#2120,#2121,#2122,#2123,#2124));
#4711=EDGE_LOOP('',(#2125,#2126,#2127,#2128));
#4712=EDGE_LOOP('',(#2129,#2130,#2131,#2132));
#4713=EDGE_LOOP('',(#2133,#2134,#2135,#2136));
#4714=EDGE_LOOP('',(#2137,#2138,#2139,#2140));
#4715=EDGE_LOOP('',(#2141,#2142,#2143,#2144));
#4716=EDGE_LOOP('',(#2145,#2146,#2147,#2148));
#4717=EDGE_LOOP('',(#2149,#2150,#2151,#2152));
#4718=EDGE_LOOP('',(#2153,#2154,#2155,#2156));
#4719=EDGE_LOOP('',(#2157,#2158,#2159,#2160));
#4720=EDGE_LOOP('',(#2161,#2162,#2163,#2164));
#4721=EDGE_LOOP('',(#2165,#2166,#2167,#2168));
#4722=EDGE_LOOP('',(#2169,#2170,#2171,#2172));
#4723=EDGE_LOOP('',(#2173,#2174,#2175,#2176));
#4724=EDGE_LOOP('',(#2177,#2178,#2179,#2180));
#4725=EDGE_LOOP('',(#2181,#2182,#2183,#2184));
#4726=EDGE_LOOP('',(#2185,#2186,#2187,#2188,#2189,#2190,#2191,#2192));
#4727=EDGE_LOOP('',(#2193,#2194,#2195,#2196,#2197,#2198,#2199));
#4728=EDGE_LOOP('',(#2200,#2201,#2202,#2203));
#4729=EDGE_LOOP('',(#2204,#2205,#2206,#2207));
#4730=EDGE_LOOP('',(#2208,#2209,#2210,#2211));
#4731=EDGE_LOOP('',(#2212,#2213,#2214,#2215));
#4732=EDGE_LOOP('',(#2216,#2217,#2218,#2219));
#4733=EDGE_LOOP('',(#2220,#2221,#2222,#2223));
#4734=EDGE_LOOP('',(#2224,#2225,#2226,#2227));
#4735=EDGE_LOOP('',(#2228,#2229,#2230,#2231));
#4736=EDGE_LOOP('',(#2232,#2233,#2234,#2235));
#4737=EDGE_LOOP('',(#2236,#2237,#2238,#2239));
#4738=EDGE_LOOP('',(#2240,#2241,#2242,#2243));
#4739=EDGE_LOOP('',(#2244,#2245,#2246,#2247));
#4740=EDGE_LOOP('',(#2248,#2249,#2250,#2251,#2252,#2253,#2254,#2255,#2256,
#2257,#2258,#2259));
#4741=EDGE_LOOP('',(#2260,#2261,#2262,#2263,#2264,#2265));
#4742=EDGE_LOOP('',(#2266,#2267,#2268,#2269,#2270,#2271,#2272));
#4743=EDGE_LOOP('',(#2273,#2274,#2275,#2276,#2277,#2278));
#4744=EDGE_LOOP('',(#2279,#2280,#2281,#2282));
#4745=EDGE_LOOP('',(#2283,#2284,#2285,#2286));
#4746=EDGE_LOOP('',(#2287,#2288,#2289,#2290,#2291,#2292,#2293,#2294,#2295,
#2296,#2297));
#4747=EDGE_LOOP('',(#2298,#2299,#2300,#2301,#2302,#2303,#2304,#2305));
#4748=EDGE_LOOP('',(#2306,#2307,#2308,#2309,#2310,#2311,#2312,#2313,#2314,
#2315,#2316,#2317,#2318));
#4749=EDGE_LOOP('',(#2319,#2320,#2321,#2322,#2323,#2324,#2325,#2326));
#4750=EDGE_LOOP('',(#2327,#2328,#2329,#2330));
#4751=EDGE_LOOP('',(#2331,#2332,#2333,#2334,#2335,#2336,#2337,#2338,#2339,
#2340,#2341,#2342,#2343,#2344,#2345,#2346,#2347,#2348,#2349,#2350,#2351,
#2352,#2353,#2354));
#4752=EDGE_LOOP('',(#2355,#2356,#2357,#2358));
#4753=EDGE_LOOP('',(#2359,#2360,#2361,#2362));
#4754=EDGE_LOOP('',(#2363,#2364,#2365,#2366));
#4755=EDGE_LOOP('',(#2367,#2368,#2369,#2370,#2371,#2372,#2373,#2374,#2375,
#2376,#2377,#2378));
#4756=EDGE_LOOP('',(#2379,#2380,#2381,#2382));
#4757=EDGE_LOOP('',(#2383,#2384,#2385,#2386));
#4758=EDGE_LOOP('',(#2387,#2388,#2389,#2390));
#4759=EDGE_LOOP('',(#2391,#2392,#2393,#2394));
#4760=EDGE_LOOP('',(#2395,#2396,#2397,#2398));
#4761=EDGE_LOOP('',(#2399,#2400,#2401,#2402));
#4762=EDGE_LOOP('',(#2403,#2404,#2405,#2406));
#4763=EDGE_LOOP('',(#2407,#2408,#2409,#2410));
#4764=EDGE_LOOP('',(#2411,#2412,#2413,#2414));
#4765=EDGE_LOOP('',(#2415,#2416,#2417,#2418));
#4766=EDGE_LOOP('',(#2419,#2420,#2421,#2422));
#4767=EDGE_LOOP('',(#2423,#2424,#2425,#2426,#2427,#2428,#2429,#2430,#2431,
#2432,#2433,#2434));
#4768=EDGE_LOOP('',(#2435,#2436,#2437,#2438));
#4769=EDGE_LOOP('',(#2439,#2440,#2441,#2442,#2443,#2444,#2445,#2446,#2447,
#2448,#2449,#2450));
#4770=EDGE_LOOP('',(#2451,#2452,#2453,#2454,#2455,#2456,#2457,#2458));
#4771=EDGE_LOOP('',(#2459,#2460,#2461,#2462));
#4772=EDGE_LOOP('',(#2463));
#4773=EDGE_LOOP('',(#2464));
#4774=EDGE_LOOP('',(#2465,#2466,#2467,#2468,#2469,#2470,#2471,#2472,#2473,
#2474));
#4775=EDGE_LOOP('',(#2475,#2476,#2477,#2478));
#4776=EDGE_LOOP('',(#2479,#2480,#2481,#2482,#2483,#2484,#2485,#2486));
#4777=EDGE_LOOP('',(#2487,#2488,#2489,#2490));
#4778=EDGE_LOOP('',(#2491,#2492,#2493,#2494));
#4779=EDGE_LOOP('',(#2495,#2496,#2497,#2498));
#4780=EDGE_LOOP('',(#2499,#2500,#2501,#2502));
#4781=EDGE_LOOP('',(#2503,#2504,#2505,#2506));
#4782=EDGE_LOOP('',(#2507,#2508,#2509,#2510));
#4783=EDGE_LOOP('',(#2511));
#4784=EDGE_LOOP('',(#2512));
#4785=EDGE_LOOP('',(#2513,#2514,#2515,#2516));
#4786=EDGE_LOOP('',(#2517));
#4787=EDGE_LOOP('',(#2518,#2519,#2520,#2521));
#4788=EDGE_LOOP('',(#2522));
#4789=EDGE_LOOP('',(#2523,#2524,#2525,#2526));
#4790=EDGE_LOOP('',(#2527));
#4791=EDGE_LOOP('',(#2528,#2529,#2530,#2531));
#4792=EDGE_LOOP('',(#2532));
#4793=EDGE_LOOP('',(#2533,#2534,#2535,#2536));
#4794=EDGE_LOOP('',(#2537,#2538,#2539,#2540));
#4795=EDGE_LOOP('',(#2541));
#4796=EDGE_LOOP('',(#2542));
#4797=EDGE_LOOP('',(#2543,#2544,#2545,#2546));
#4798=EDGE_LOOP('',(#2547,#2548,#2549,#2550));
#4799=EDGE_LOOP('',(#2551));
#4800=EDGE_LOOP('',(#2552));
#4801=EDGE_LOOP('',(#2553,#2554,#2555,#2556));
#4802=EDGE_LOOP('',(#2557));
#4803=EDGE_LOOP('',(#2558,#2559,#2560,#2561));
#4804=EDGE_LOOP('',(#2562));
#4805=EDGE_LOOP('',(#2563,#2564,#2565,#2566));
#4806=EDGE_LOOP('',(#2567,#2568,#2569,#2570));
#4807=EDGE_LOOP('',(#2571));
#4808=EDGE_LOOP('',(#2572));
#4809=EDGE_LOOP('',(#2573,#2574,#2575,#2576));
#4810=EDGE_LOOP('',(#2577));
#4811=EDGE_LOOP('',(#2578,#2579,#2580,#2581));
#4812=EDGE_LOOP('',(#2582));
#4813=EDGE_LOOP('',(#2583));
#4814=EDGE_LOOP('',(#2584));
#4815=EDGE_LOOP('',(#2585));
#4816=EDGE_LOOP('',(#2586));
#4817=EDGE_LOOP('',(#2587));
#4818=EDGE_LOOP('',(#2588));
#4819=EDGE_LOOP('',(#2589,#2590,#2591,#2592,#2593,#2594,#2595,#2596,#2597,
#2598));
#4820=EDGE_LOOP('',(#2599,#2600,#2601,#2602));
#4821=EDGE_LOOP('',(#2603,#2604,#2605,#2606));
#4822=EDGE_LOOP('',(#2607,#2608,#2609,#2610));
#4823=EDGE_LOOP('',(#2611,#2612,#2613,#2614));
#4824=EDGE_LOOP('',(#2615,#2616,#2617,#2618));
#4825=EDGE_LOOP('',(#2619,#2620,#2621,#2622));
#4826=EDGE_LOOP('',(#2623,#2624,#2625,#2626));
#4827=EDGE_LOOP('',(#2627,#2628,#2629,#2630));
#4828=EDGE_LOOP('',(#2631,#2632,#2633,#2634));
#4829=EDGE_LOOP('',(#2635,#2636,#2637,#2638));
#4830=EDGE_LOOP('',(#2639,#2640,#2641,#2642));
#4831=EDGE_LOOP('',(#2643,#2644,#2645,#2646));
#4832=EDGE_LOOP('',(#2647,#2648,#2649,#2650));
#4833=EDGE_LOOP('',(#2651,#2652,#2653,#2654));
#4834=EDGE_LOOP('',(#2655,#2656,#2657,#2658));
#4835=EDGE_LOOP('',(#2659,#2660,#2661,#2662));
#4836=EDGE_LOOP('',(#2663,#2664,#2665,#2666));
#4837=EDGE_LOOP('',(#2667,#2668,#2669,#2670));
#4838=EDGE_LOOP('',(#2671,#2672,#2673,#2674));
#4839=EDGE_LOOP('',(#2675,#2676,#2677,#2678));
#4840=EDGE_LOOP('',(#2679,#2680,#2681,#2682));
#4841=EDGE_LOOP('',(#2683,#2684,#2685,#2686));
#4842=EDGE_LOOP('',(#2687,#2688,#2689,#2690));
#4843=EDGE_LOOP('',(#2691,#2692,#2693,#2694));
#4844=EDGE_LOOP('',(#2695,#2696,#2697,#2698));
#4845=EDGE_LOOP('',(#2699,#2700,#2701,#2702));
#4846=EDGE_LOOP('',(#2703,#2704,#2705,#2706));
#4847=EDGE_LOOP('',(#2707,#2708,#2709,#2710));
#4848=EDGE_LOOP('',(#2711,#2712,#2713,#2714));
#4849=EDGE_LOOP('',(#2715,#2716,#2717,#2718));
#4850=EDGE_LOOP('',(#2719,#2720,#2721,#2722));
#4851=EDGE_LOOP('',(#2723,#2724,#2725,#2726,#2727,#2728));
#4852=EDGE_LOOP('',(#2729,#2730,#2731,#2732));
#4853=EDGE_LOOP('',(#2733,#2734,#2735,#2736));
#4854=EDGE_LOOP('',(#2737,#2738,#2739,#2740));
#4855=EDGE_LOOP('',(#2741,#2742,#2743,#2744));
#4856=EDGE_LOOP('',(#2745,#2746,#2747,#2748));
#4857=EDGE_LOOP('',(#2749,#2750,#2751,#2752));
#4858=EDGE_LOOP('',(#2753,#2754,#2755,#2756));
#4859=EDGE_LOOP('',(#2757,#2758,#2759,#2760));
#4860=EDGE_LOOP('',(#2761,#2762,#2763,#2764));
#4861=EDGE_LOOP('',(#2765,#2766,#2767,#2768));
#4862=EDGE_LOOP('',(#2769,#2770,#2771,#2772));
#4863=EDGE_LOOP('',(#2773,#2774,#2775,#2776,#2777,#2778,#2779,#2780,#2781,
#2782,#2783));
#4864=EDGE_LOOP('',(#2784,#2785,#2786,#2787));
#4865=EDGE_LOOP('',(#2788,#2789,#2790,#2791));
#4866=EDGE_LOOP('',(#2792,#2793,#2794,#2795));
#4867=EDGE_LOOP('',(#2796,#2797,#2798,#2799));
#4868=EDGE_LOOP('',(#2800,#2801,#2802,#2803));
#4869=EDGE_LOOP('',(#2804,#2805,#2806,#2807));
#4870=EDGE_LOOP('',(#2808,#2809,#2810,#2811));
#4871=EDGE_LOOP('',(#2812,#2813,#2814,#2815));
#4872=EDGE_LOOP('',(#2816,#2817,#2818,#2819,#2820,#2821,#2822,#2823));
#4873=EDGE_LOOP('',(#2824,#2825,#2826,#2827));
#4874=EDGE_LOOP('',(#2828,#2829,#2830,#2831));
#4875=EDGE_LOOP('',(#2832,#2833,#2834,#2835));
#4876=EDGE_LOOP('',(#2836,#2837,#2838,#2839));
#4877=EDGE_LOOP('',(#2840,#2841,#2842,#2843));
#4878=EDGE_LOOP('',(#2844,#2845,#2846,#2847));
#4879=EDGE_LOOP('',(#2848,#2849,#2850,#2851));
#4880=EDGE_LOOP('',(#2852,#2853,#2854,#2855));
#4881=EDGE_LOOP('',(#2856,#2857,#2858,#2859));
#4882=EDGE_LOOP('',(#2860,#2861,#2862,#2863));
#4883=EDGE_LOOP('',(#2864,#2865,#2866,#2867));
#4884=EDGE_LOOP('',(#2868,#2869,#2870,#2871));
#4885=EDGE_LOOP('',(#2872,#2873,#2874,#2875));
#4886=EDGE_LOOP('',(#2876,#2877,#2878,#2879,#2880,#2881,#2882,#2883,#2884,
#2885,#2886,#2887,#2888));
#4887=EDGE_LOOP('',(#2889,#2890,#2891,#2892));
#4888=EDGE_LOOP('',(#2893,#2894,#2895,#2896));
#4889=EDGE_LOOP('',(#2897,#2898,#2899,#2900));
#4890=EDGE_LOOP('',(#2901,#2902,#2903,#2904));
#4891=EDGE_LOOP('',(#2905,#2906,#2907,#2908));
#4892=EDGE_LOOP('',(#2909,#2910,#2911,#2912));
#4893=EDGE_LOOP('',(#2913,#2914,#2915,#2916));
#4894=EDGE_LOOP('',(#2917,#2918,#2919,#2920));
#4895=EDGE_LOOP('',(#2921,#2922,#2923,#2924,#2925,#2926,#2927,#2928));
#4896=EDGE_LOOP('',(#2929,#2930,#2931,#2932));
#4897=EDGE_LOOP('',(#2933,#2934,#2935,#2936));
#4898=EDGE_LOOP('',(#2937,#2938,#2939,#2940));
#4899=EDGE_LOOP('',(#2941,#2942,#2943,#2944));
#4900=EDGE_LOOP('',(#2945,#2946,#2947,#2948));
#4901=EDGE_LOOP('',(#2949,#2950,#2951,#2952));
#4902=EDGE_LOOP('',(#2953,#2954,#2955,#2956));
#4903=EDGE_LOOP('',(#2957,#2958,#2959,#2960));
#4904=EDGE_LOOP('',(#2961,#2962,#2963,#2964));
#4905=EDGE_LOOP('',(#2965,#2966,#2967,#2968));
#4906=EDGE_LOOP('',(#2969,#2970,#2971,#2972));
#4907=EDGE_LOOP('',(#2973,#2974,#2975,#2976));
#4908=EDGE_LOOP('',(#2977,#2978,#2979,#2980));
#4909=EDGE_LOOP('',(#2981,#2982,#2983,#2984));
#4910=EDGE_LOOP('',(#2985,#2986,#2987,#2988));
#4911=EDGE_LOOP('',(#2989,#2990,#2991,#2992));
#4912=EDGE_LOOP('',(#2993,#2994,#2995,#2996));
#4913=EDGE_LOOP('',(#2997,#2998,#2999,#3000));
#4914=EDGE_LOOP('',(#3001,#3002,#3003,#3004));
#4915=EDGE_LOOP('',(#3005,#3006,#3007,#3008));
#4916=EDGE_LOOP('',(#3009,#3010,#3011,#3012));
#4917=EDGE_LOOP('',(#3013,#3014,#3015,#3016));
#4918=EDGE_LOOP('',(#3017,#3018,#3019,#3020));
#4919=EDGE_LOOP('',(#3021,#3022,#3023,#3024));
#4920=EDGE_LOOP('',(#3025,#3026,#3027,#3028));
#4921=EDGE_LOOP('',(#3029,#3030,#3031,#3032));
#4922=EDGE_LOOP('',(#3033,#3034,#3035,#3036));
#4923=EDGE_LOOP('',(#3037,#3038,#3039,#3040));
#4924=EDGE_LOOP('',(#3041,#3042,#3043,#3044));
#4925=EDGE_LOOP('',(#3045,#3046,#3047,#3048,#3049,#3050,#3051,#3052,#3053,
#3054,#3055,#3056,#3057,#3058,#3059,#3060,#3061,#3062,#3063,#3064,#3065,
#3066,#3067,#3068));
#4926=EDGE_LOOP('',(#3069,#3070,#3071,#3072));
#4927=EDGE_LOOP('',(#3073,#3074,#3075,#3076));
#4928=EDGE_LOOP('',(#3077,#3078,#3079,#3080));
#4929=EDGE_LOOP('',(#3081,#3082,#3083,#3084));
#4930=EDGE_LOOP('',(#3085,#3086,#3087,#3088));
#4931=FACE_BOUND('',#4584,.T.);
#4932=FACE_BOUND('',#4585,.T.);
#4933=FACE_BOUND('',#4586,.T.);
#4934=FACE_BOUND('',#4587,.T.);
#4935=FACE_BOUND('',#4588,.T.);
#4936=FACE_BOUND('',#4589,.T.);
#4937=FACE_BOUND('',#4590,.T.);
#4938=FACE_BOUND('',#4591,.T.);
#4939=FACE_BOUND('',#4592,.T.);
#4940=FACE_BOUND('',#4593,.T.);
#4941=FACE_BOUND('',#4594,.T.);
#4942=FACE_BOUND('',#4595,.T.);
#4943=FACE_BOUND('',#4596,.T.);
#4944=FACE_BOUND('',#4597,.T.);
#4945=FACE_BOUND('',#4598,.T.);
#4946=FACE_BOUND('',#4599,.T.);
#4947=FACE_BOUND('',#4600,.T.);
#4948=FACE_BOUND('',#4601,.T.);
#4949=FACE_BOUND('',#4602,.T.);
#4950=FACE_BOUND('',#4603,.T.);
#4951=FACE_BOUND('',#4604,.T.);
#4952=FACE_BOUND('',#4605,.T.);
#4953=FACE_BOUND('',#4606,.T.);
#4954=FACE_BOUND('',#4607,.T.);
#4955=FACE_BOUND('',#4608,.T.);
#4956=FACE_BOUND('',#4609,.T.);
#4957=FACE_BOUND('',#4610,.T.);
#4958=FACE_BOUND('',#4611,.T.);
#4959=FACE_BOUND('',#4612,.T.);
#4960=FACE_BOUND('',#4613,.T.);
#4961=FACE_BOUND('',#4614,.T.);
#4962=FACE_BOUND('',#4615,.T.);
#4963=FACE_BOUND('',#4616,.T.);
#4964=FACE_BOUND('',#4617,.T.);
#4965=FACE_BOUND('',#4618,.T.);
#4966=FACE_BOUND('',#4619,.T.);
#4967=FACE_BOUND('',#4620,.T.);
#4968=FACE_BOUND('',#4621,.T.);
#4969=FACE_BOUND('',#4622,.T.);
#4970=FACE_BOUND('',#4623,.T.);
#4971=FACE_BOUND('',#4624,.T.);
#4972=FACE_BOUND('',#4625,.T.);
#4973=FACE_BOUND('',#4626,.T.);
#4974=FACE_BOUND('',#4627,.T.);
#4975=FACE_BOUND('',#4628,.T.);
#4976=FACE_BOUND('',#4629,.T.);
#4977=FACE_BOUND('',#4630,.T.);
#4978=FACE_BOUND('',#4631,.T.);
#4979=FACE_BOUND('',#4632,.T.);
#4980=FACE_BOUND('',#4633,.T.);
#4981=FACE_BOUND('',#4634,.T.);
#4982=FACE_BOUND('',#4635,.T.);
#4983=FACE_BOUND('',#4636,.T.);
#4984=FACE_BOUND('',#4637,.T.);
#4985=FACE_BOUND('',#4638,.T.);
#4986=FACE_BOUND('',#4639,.T.);
#4987=FACE_BOUND('',#4640,.T.);
#4988=FACE_BOUND('',#4641,.T.);
#4989=FACE_BOUND('',#4642,.T.);
#4990=FACE_BOUND('',#4643,.T.);
#4991=FACE_BOUND('',#4644,.T.);
#4992=FACE_BOUND('',#4645,.T.);
#4993=FACE_BOUND('',#4646,.T.);
#4994=FACE_BOUND('',#4647,.T.);
#4995=FACE_BOUND('',#4648,.T.);
#4996=FACE_BOUND('',#4649,.T.);
#4997=FACE_BOUND('',#4650,.T.);
#4998=FACE_BOUND('',#4651,.T.);
#4999=FACE_BOUND('',#4652,.T.);
#5000=FACE_BOUND('',#4653,.T.);
#5001=FACE_BOUND('',#4654,.T.);
#5002=FACE_BOUND('',#4655,.T.);
#5003=FACE_BOUND('',#4656,.T.);
#5004=FACE_BOUND('',#4657,.T.);
#5005=FACE_BOUND('',#4658,.T.);
#5006=FACE_BOUND('',#4659,.T.);
#5007=FACE_BOUND('',#4660,.T.);
#5008=FACE_BOUND('',#4661,.T.);
#5009=FACE_BOUND('',#4662,.T.);
#5010=FACE_BOUND('',#4663,.T.);
#5011=FACE_BOUND('',#4664,.T.);
#5012=FACE_BOUND('',#4665,.T.);
#5013=FACE_BOUND('',#4666,.T.);
#5014=FACE_BOUND('',#4667,.T.);
#5015=FACE_BOUND('',#4668,.T.);
#5016=FACE_BOUND('',#4669,.T.);
#5017=FACE_BOUND('',#4670,.T.);
#5018=FACE_BOUND('',#4671,.T.);
#5019=FACE_BOUND('',#4672,.T.);
#5020=FACE_BOUND('',#4673,.T.);
#5021=FACE_BOUND('',#4674,.T.);
#5022=FACE_BOUND('',#4675,.T.);
#5023=FACE_BOUND('',#4676,.T.);
#5024=FACE_BOUND('',#4677,.T.);
#5025=FACE_BOUND('',#4678,.T.);
#5026=FACE_BOUND('',#4679,.T.);
#5027=FACE_BOUND('',#4680,.T.);
#5028=FACE_BOUND('',#4681,.T.);
#5029=FACE_BOUND('',#4682,.T.);
#5030=FACE_BOUND('',#4683,.T.);
#5031=FACE_BOUND('',#4684,.T.);
#5032=FACE_BOUND('',#4685,.T.);
#5033=FACE_BOUND('',#4686,.T.);
#5034=FACE_BOUND('',#4687,.T.);
#5035=FACE_BOUND('',#4688,.T.);
#5036=FACE_BOUND('',#4689,.T.);
#5037=FACE_BOUND('',#4690,.T.);
#5038=FACE_BOUND('',#4691,.T.);
#5039=FACE_BOUND('',#4692,.T.);
#5040=FACE_BOUND('',#4693,.T.);
#5041=FACE_BOUND('',#4694,.T.);
#5042=FACE_BOUND('',#4695,.T.);
#5043=FACE_BOUND('',#4696,.T.);
#5044=FACE_BOUND('',#4697,.T.);
#5045=FACE_BOUND('',#4698,.T.);
#5046=FACE_BOUND('',#4699,.T.);
#5047=FACE_BOUND('',#4700,.T.);
#5048=FACE_BOUND('',#4701,.T.);
#5049=FACE_BOUND('',#4702,.T.);
#5050=FACE_BOUND('',#4703,.T.);
#5051=FACE_BOUND('',#4704,.T.);
#5052=FACE_BOUND('',#4705,.T.);
#5053=FACE_BOUND('',#4706,.T.);
#5054=FACE_BOUND('',#4707,.T.);
#5055=FACE_BOUND('',#4708,.T.);
#5056=FACE_BOUND('',#4709,.T.);
#5057=FACE_BOUND('',#4710,.T.);
#5058=FACE_BOUND('',#4711,.T.);
#5059=FACE_BOUND('',#4712,.T.);
#5060=FACE_BOUND('',#4713,.T.);
#5061=FACE_BOUND('',#4714,.T.);
#5062=FACE_BOUND('',#4715,.T.);
#5063=FACE_BOUND('',#4716,.T.);
#5064=FACE_BOUND('',#4717,.T.);
#5065=FACE_BOUND('',#4718,.T.);
#5066=FACE_BOUND('',#4719,.T.);
#5067=FACE_BOUND('',#4720,.T.);
#5068=FACE_BOUND('',#4721,.T.);
#5069=FACE_BOUND('',#4722,.T.);
#5070=FACE_BOUND('',#4723,.T.);
#5071=FACE_BOUND('',#4724,.T.);
#5072=FACE_BOUND('',#4725,.T.);
#5073=FACE_BOUND('',#4726,.T.);
#5074=FACE_BOUND('',#4727,.T.);
#5075=FACE_BOUND('',#4728,.T.);
#5076=FACE_BOUND('',#4729,.T.);
#5077=FACE_BOUND('',#4730,.T.);
#5078=FACE_BOUND('',#4731,.T.);
#5079=FACE_BOUND('',#4732,.T.);
#5080=FACE_BOUND('',#4733,.T.);
#5081=FACE_BOUND('',#4734,.T.);
#5082=FACE_BOUND('',#4735,.T.);
#5083=FACE_BOUND('',#4736,.T.);
#5084=FACE_BOUND('',#4737,.T.);
#5085=FACE_BOUND('',#4738,.T.);
#5086=FACE_BOUND('',#4739,.T.);
#5087=FACE_BOUND('',#4740,.T.);
#5088=FACE_BOUND('',#4741,.T.);
#5089=FACE_BOUND('',#4742,.T.);
#5090=FACE_BOUND('',#4743,.T.);
#5091=FACE_BOUND('',#4744,.T.);
#5092=FACE_BOUND('',#4745,.T.);
#5093=FACE_BOUND('',#4746,.T.);
#5094=FACE_BOUND('',#4747,.T.);
#5095=FACE_BOUND('',#4748,.T.);
#5096=FACE_BOUND('',#4749,.T.);
#5097=FACE_BOUND('',#4750,.T.);
#5098=FACE_BOUND('',#4751,.T.);
#5099=FACE_BOUND('',#4752,.T.);
#5100=FACE_BOUND('',#4753,.T.);
#5101=FACE_BOUND('',#4754,.T.);
#5102=FACE_BOUND('',#4755,.T.);
#5103=FACE_BOUND('',#4756,.T.);
#5104=FACE_BOUND('',#4757,.T.);
#5105=FACE_BOUND('',#4758,.T.);
#5106=FACE_BOUND('',#4759,.T.);
#5107=FACE_BOUND('',#4760,.T.);
#5108=FACE_BOUND('',#4761,.T.);
#5109=FACE_BOUND('',#4762,.T.);
#5110=FACE_BOUND('',#4763,.T.);
#5111=FACE_BOUND('',#4764,.T.);
#5112=FACE_BOUND('',#4765,.T.);
#5113=FACE_BOUND('',#4766,.T.);
#5114=FACE_BOUND('',#4767,.T.);
#5115=FACE_BOUND('',#4768,.T.);
#5116=FACE_BOUND('',#4769,.T.);
#5117=FACE_BOUND('',#4770,.T.);
#5118=FACE_BOUND('',#4771,.T.);
#5119=FACE_BOUND('',#4772,.T.);
#5120=FACE_BOUND('',#4773,.T.);
#5121=FACE_BOUND('',#4774,.T.);
#5122=FACE_BOUND('',#4775,.T.);
#5123=FACE_BOUND('',#4776,.T.);
#5124=FACE_BOUND('',#4777,.T.);
#5125=FACE_BOUND('',#4778,.T.);
#5126=FACE_BOUND('',#4779,.T.);
#5127=FACE_BOUND('',#4780,.T.);
#5128=FACE_BOUND('',#4781,.T.);
#5129=FACE_BOUND('',#4782,.T.);
#5130=FACE_BOUND('',#4783,.T.);
#5131=FACE_BOUND('',#4784,.T.);
#5132=FACE_BOUND('',#4785,.T.);
#5133=FACE_BOUND('',#4786,.T.);
#5134=FACE_BOUND('',#4787,.T.);
#5135=FACE_BOUND('',#4788,.T.);
#5136=FACE_BOUND('',#4789,.T.);
#5137=FACE_BOUND('',#4790,.T.);
#5138=FACE_BOUND('',#4791,.T.);
#5139=FACE_BOUND('',#4792,.T.);
#5140=FACE_BOUND('',#4793,.T.);
#5141=FACE_BOUND('',#4794,.T.);
#5142=FACE_BOUND('',#4795,.T.);
#5143=FACE_BOUND('',#4796,.T.);
#5144=FACE_BOUND('',#4797,.T.);
#5145=FACE_BOUND('',#4798,.T.);
#5146=FACE_BOUND('',#4799,.T.);
#5147=FACE_BOUND('',#4800,.T.);
#5148=FACE_BOUND('',#4801,.T.);
#5149=FACE_BOUND('',#4802,.T.);
#5150=FACE_BOUND('',#4803,.T.);
#5151=FACE_BOUND('',#4804,.T.);
#5152=FACE_BOUND('',#4805,.T.);
#5153=FACE_BOUND('',#4806,.T.);
#5154=FACE_BOUND('',#4807,.T.);
#5155=FACE_BOUND('',#4808,.T.);
#5156=FACE_BOUND('',#4809,.T.);
#5157=FACE_BOUND('',#4810,.T.);
#5158=FACE_BOUND('',#4811,.T.);
#5159=FACE_BOUND('',#4812,.T.);
#5160=FACE_BOUND('',#4813,.T.);
#5161=FACE_BOUND('',#4814,.T.);
#5162=FACE_BOUND('',#4815,.T.);
#5163=FACE_BOUND('',#4816,.T.);
#5164=FACE_BOUND('',#4817,.T.);
#5165=FACE_BOUND('',#4818,.T.);
#5166=FACE_BOUND('',#4819,.T.);
#5167=FACE_BOUND('',#4820,.T.);
#5168=FACE_BOUND('',#4821,.T.);
#5169=FACE_BOUND('',#4822,.T.);
#5170=FACE_BOUND('',#4823,.T.);
#5171=FACE_BOUND('',#4824,.T.);
#5172=FACE_BOUND('',#4825,.T.);
#5173=FACE_BOUND('',#4826,.T.);
#5174=FACE_BOUND('',#4827,.T.);
#5175=FACE_BOUND('',#4828,.T.);
#5176=FACE_BOUND('',#4829,.T.);
#5177=FACE_BOUND('',#4830,.T.);
#5178=FACE_BOUND('',#4831,.T.);
#5179=FACE_BOUND('',#4832,.T.);
#5180=FACE_BOUND('',#4833,.T.);
#5181=FACE_BOUND('',#4834,.T.);
#5182=FACE_BOUND('',#4835,.T.);
#5183=FACE_BOUND('',#4836,.T.);
#5184=FACE_BOUND('',#4837,.T.);
#5185=FACE_BOUND('',#4838,.T.);
#5186=FACE_BOUND('',#4839,.T.);
#5187=FACE_BOUND('',#4840,.T.);
#5188=FACE_BOUND('',#4841,.T.);
#5189=FACE_BOUND('',#4842,.T.);
#5190=FACE_BOUND('',#4843,.T.);
#5191=FACE_BOUND('',#4844,.T.);
#5192=FACE_BOUND('',#4845,.T.);
#5193=FACE_BOUND('',#4846,.T.);
#5194=FACE_BOUND('',#4847,.T.);
#5195=FACE_BOUND('',#4848,.T.);
#5196=FACE_BOUND('',#4849,.T.);
#5197=FACE_BOUND('',#4850,.T.);
#5198=FACE_BOUND('',#4851,.T.);
#5199=FACE_BOUND('',#4852,.T.);
#5200=FACE_BOUND('',#4853,.T.);
#5201=FACE_BOUND('',#4854,.T.);
#5202=FACE_BOUND('',#4855,.T.);
#5203=FACE_BOUND('',#4856,.T.);
#5204=FACE_BOUND('',#4857,.T.);
#5205=FACE_BOUND('',#4858,.T.);
#5206=FACE_BOUND('',#4859,.T.);
#5207=FACE_BOUND('',#4860,.T.);
#5208=FACE_BOUND('',#4861,.T.);
#5209=FACE_BOUND('',#4862,.T.);
#5210=FACE_BOUND('',#4863,.T.);
#5211=FACE_BOUND('',#4864,.T.);
#5212=FACE_BOUND('',#4865,.T.);
#5213=FACE_BOUND('',#4866,.T.);
#5214=FACE_BOUND('',#4867,.T.);
#5215=FACE_BOUND('',#4868,.T.);
#5216=FACE_BOUND('',#4869,.T.);
#5217=FACE_BOUND('',#4870,.T.);
#5218=FACE_BOUND('',#4871,.T.);
#5219=FACE_BOUND('',#4872,.T.);
#5220=FACE_BOUND('',#4873,.T.);
#5221=FACE_BOUND('',#4874,.T.);
#5222=FACE_BOUND('',#4875,.T.);
#5223=FACE_BOUND('',#4876,.T.);
#5224=FACE_BOUND('',#4877,.T.);
#5225=FACE_BOUND('',#4878,.T.);
#5226=FACE_BOUND('',#4879,.T.);
#5227=FACE_BOUND('',#4880,.T.);
#5228=FACE_BOUND('',#4881,.T.);
#5229=FACE_BOUND('',#4882,.T.);
#5230=FACE_BOUND('',#4883,.T.);
#5231=FACE_BOUND('',#4884,.T.);
#5232=FACE_BOUND('',#4885,.T.);
#5233=FACE_BOUND('',#4886,.T.);
#5234=FACE_BOUND('',#4887,.T.);
#5235=FACE_BOUND('',#4888,.T.);
#5236=FACE_BOUND('',#4889,.T.);
#5237=FACE_BOUND('',#4890,.T.);
#5238=FACE_BOUND('',#4891,.T.);
#5239=FACE_BOUND('',#4892,.T.);
#5240=FACE_BOUND('',#4893,.T.);
#5241=FACE_BOUND('',#4894,.T.);
#5242=FACE_BOUND('',#4895,.T.);
#5243=FACE_BOUND('',#4896,.T.);
#5244=FACE_BOUND('',#4897,.T.);
#5245=FACE_BOUND('',#4898,.T.);
#5246=FACE_BOUND('',#4899,.T.);
#5247=FACE_BOUND('',#4900,.T.);
#5248=FACE_BOUND('',#4901,.T.);
#5249=FACE_BOUND('',#4902,.T.);
#5250=FACE_BOUND('',#4903,.T.);
#5251=FACE_BOUND('',#4904,.T.);
#5252=FACE_BOUND('',#4905,.T.);
#5253=FACE_BOUND('',#4906,.T.);
#5254=FACE_BOUND('',#4907,.T.);
#5255=FACE_BOUND('',#4908,.T.);
#5256=FACE_BOUND('',#4909,.T.);
#5257=FACE_BOUND('',#4910,.T.);
#5258=FACE_BOUND('',#4911,.T.);
#5259=FACE_BOUND('',#4912,.T.);
#5260=FACE_BOUND('',#4913,.T.);
#5261=FACE_BOUND('',#4914,.T.);
#5262=FACE_BOUND('',#4915,.T.);
#5263=FACE_BOUND('',#4916,.T.);
#5264=FACE_BOUND('',#4917,.T.);
#5265=FACE_BOUND('',#4918,.T.);
#5266=FACE_BOUND('',#4919,.T.);
#5267=FACE_BOUND('',#4920,.T.);
#5268=FACE_BOUND('',#4921,.T.);
#5269=FACE_BOUND('',#4922,.T.);
#5270=FACE_BOUND('',#4923,.T.);
#5271=FACE_BOUND('',#4924,.T.);
#5272=FACE_BOUND('',#4925,.T.);
#5273=FACE_BOUND('',#4926,.T.);
#5274=FACE_BOUND('',#4927,.T.);
#5275=FACE_BOUND('',#4928,.T.);
#5276=FACE_BOUND('',#4929,.T.);
#5277=FACE_BOUND('',#4930,.T.);
#5278=PLANE('',#7045);
#5279=PLANE('',#7048);
#5280=PLANE('',#7049);
#5281=PLANE('',#7050);
#5282=PLANE('',#7051);
#5283=PLANE('',#7052);
#5284=PLANE('',#7053);
#5285=PLANE('',#7058);
#5286=PLANE('',#7059);
#5287=PLANE('',#7060);
#5288=PLANE('',#7061);
#5289=PLANE('',#7062);
#5290=PLANE('',#7063);
#5291=PLANE('',#7064);
#5292=PLANE('',#7065);
#5293=PLANE('',#7066);
#5294=PLANE('',#7067);
#5295=PLANE('',#7068);
#5296=PLANE('',#7069);
#5297=PLANE('',#7070);
#5298=PLANE('',#7071);
#5299=PLANE('',#7072);
#5300=PLANE('',#7073);
#5301=PLANE('',#7074);
#5302=PLANE('',#7075);
#5303=PLANE('',#7076);
#5304=PLANE('',#7077);
#5305=PLANE('',#7078);
#5306=PLANE('',#7079);
#5307=PLANE('',#7080);
#5308=PLANE('',#7081);
#5309=PLANE('',#7082);
#5310=PLANE('',#7083);
#5311=PLANE('',#7084);
#5312=PLANE('',#7085);
#5313=PLANE('',#7086);
#5314=PLANE('',#7087);
#5315=PLANE('',#7088);
#5316=PLANE('',#7089);
#5317=PLANE('',#7090);
#5318=PLANE('',#7091);
#5319=PLANE('',#7092);
#5320=PLANE('',#7093);
#5321=PLANE('',#7094);
#5322=PLANE('',#7095);
#5323=PLANE('',#7096);
#5324=PLANE('',#7097);
#5325=PLANE('',#7098);
#5326=PLANE('',#7099);
#5327=PLANE('',#7100);
#5328=PLANE('',#7101);
#5329=PLANE('',#7102);
#5330=PLANE('',#7103);
#5331=PLANE('',#7104);
#5332=PLANE('',#7105);
#5333=PLANE('',#7106);
#5334=PLANE('',#7107);
#5335=PLANE('',#7108);
#5336=PLANE('',#7109);
#5337=PLANE('',#7110);
#5338=PLANE('',#7111);
#5339=PLANE('',#7112);
#5340=PLANE('',#7113);
#5341=PLANE('',#7114);
#5342=PLANE('',#7115);
#5343=PLANE('',#7116);
#5344=PLANE('',#7117);
#5345=PLANE('',#7121);
#5346=PLANE('',#7122);
#5347=PLANE('',#7123);
#5348=PLANE('',#7124);
#5349=PLANE('',#7125);
#5350=PLANE('',#7126);
#5351=PLANE('',#7127);
#5352=PLANE('',#7128);
#5353=PLANE('',#7129);
#5354=PLANE('',#7130);
#5355=PLANE('',#7131);
#5356=PLANE('',#7132);
#5357=PLANE('',#7133);
#5358=PLANE('',#7134);
#5359=PLANE('',#7135);
#5360=PLANE('',#7136);
#5361=PLANE('',#7138);
#5362=PLANE('',#7147);
#5363=PLANE('',#7148);
#5364=PLANE('',#7149);
#5365=PLANE('',#7150);
#5366=PLANE('',#7151);
#5367=PLANE('',#7152);
#5368=PLANE('',#7153);
#5369=PLANE('',#7154);
#5370=PLANE('',#7155);
#5371=PLANE('',#7158);
#5372=PLANE('',#7159);
#5373=PLANE('',#7160);
#5374=PLANE('',#7161);
#5375=PLANE('',#7162);
#5376=PLANE('',#7163);
#5377=PLANE('',#7164);
#5378=PLANE('',#7168);
#5379=PLANE('',#7169);
#5380=PLANE('',#7170);
#5381=PLANE('',#7171);
#5382=PLANE('',#7173);
#5383=PLANE('',#7175);
#5384=PLANE('',#7177);
#5385=PLANE('',#7178);
#5386=PLANE('',#7182);
#5387=PLANE('',#7183);
#5388=PLANE('',#7184);
#5389=PLANE('',#7185);
#5390=PLANE('',#7189);
#5391=PLANE('',#7190);
#5392=PLANE('',#7193);
#5393=PLANE('',#7196);
#5394=PLANE('',#7197);
#5395=PLANE('',#7198);
#5396=PLANE('',#7199);
#5397=PLANE('',#7200);
#5398=PLANE('',#7201);
#5399=PLANE('',#7202);
#5400=PLANE('',#7203);
#5401=PLANE('',#7204);
#5402=PLANE('',#7205);
#5403=PLANE('',#7206);
#5404=PLANE('',#7207);
#5405=PLANE('',#7208);
#5406=PLANE('',#7209);
#5407=PLANE('',#7210);
#5408=PLANE('',#7211);
#5409=PLANE('',#7212);
#5410=PLANE('',#7213);
#5411=PLANE('',#7214);
#5412=PLANE('',#7215);
#5413=PLANE('',#7216);
#5414=PLANE('',#7217);
#5415=PLANE('',#7218);
#5416=PLANE('',#7219);
#5417=PLANE('',#7220);
#5418=PLANE('',#7221);
#5419=PLANE('',#7222);
#5420=PLANE('',#7223);
#5421=PLANE('',#7228);
#5422=PLANE('',#7229);
#5423=PLANE('',#7230);
#5424=PLANE('',#7231);
#5425=PLANE('',#7234);
#5426=PLANE('',#7235);
#5427=PLANE('',#7236);
#5428=PLANE('',#7237);
#5429=PLANE('',#7238);
#5430=PLANE('',#7239);
#5431=PLANE('',#7240);
#5432=PLANE('',#7241);
#5433=PLANE('',#7242);
#5434=PLANE('',#7243);
#5435=PLANE('',#7244);
#5436=PLANE('',#7247);
#5437=PLANE('',#7250);
#5438=PLANE('',#7251);
#5439=PLANE('',#7254);
#5440=PLANE('',#7255);
#5441=PLANE('',#7258);
#5442=PLANE('',#7259);
#5443=PLANE('',#7260);
#5444=PLANE('',#7261);
#5445=PLANE('',#7262);
#5446=PLANE('',#7263);
#5447=PLANE('',#7264);
#5448=PLANE('',#7265);
#5449=PLANE('',#7266);
#5450=PLANE('',#7267);
#5451=PLANE('',#7268);
#5452=PLANE('',#7269);
#5453=PLANE('',#7272);
#5454=PLANE('',#7273);
#5455=PLANE('',#7274);
#5456=PLANE('',#7275);
#5457=PLANE('',#7276);
#5458=PLANE('',#7277);
#5459=PLANE('',#7278);
#5460=PLANE('',#7279);
#5461=PLANE('',#7280);
#5462=PLANE('',#7281);
#5463=ADVANCED_FACE('',(#4931,#4932,#4933,#4934,#4935,#4936,#4937,#4938,
#4939,#4940,#4941,#4942),#5278,.T.);
#5464=ADVANCED_FACE('',(#4943),#5279,.T.);
#5465=ADVANCED_FACE('',(#4944),#5280,.F.);
#5466=ADVANCED_FACE('',(#4945),#5281,.F.);
#5467=ADVANCED_FACE('',(#4946),#5282,.T.);
#5468=ADVANCED_FACE('',(#4947),#5283,.F.);
#5469=ADVANCED_FACE('',(#4948),#5284,.F.);
#5470=ADVANCED_FACE('',(#4949,#4950),#314,.F.);
#5471=ADVANCED_FACE('',(#4951,#4952),#315,.F.);
#5472=ADVANCED_FACE('',(#4953),#5285,.T.);
#5473=ADVANCED_FACE('',(#4954),#5286,.T.);
#5474=ADVANCED_FACE('',(#4955,#4956,#4957,#4958),#5287,.F.);
#5475=ADVANCED_FACE('Face appearance 3',(#4959),#14,.T.);
#5476=ADVANCED_FACE('Face appearance 3',(#4960),#15,.T.);
#5477=ADVANCED_FACE('Face appearance 3',(#4961),#16,.T.);
#5478=ADVANCED_FACE('Face appearance 3',(#4962),#5288,.T.);
#5479=ADVANCED_FACE('Face appearance 3',(#4963),#5289,.T.);
#5480=ADVANCED_FACE('Face appearance 3',(#4964),#17,.T.);
#5481=ADVANCED_FACE('Face appearance 3',(#4965),#18,.T.);
#5482=ADVANCED_FACE('Face appearance 3',(#4966),#19,.T.);
#5483=ADVANCED_FACE('Face appearance 3',(#4967),#5290,.T.);
#5484=ADVANCED_FACE('Face appearance 3',(#4968),#5291,.T.);
#5485=ADVANCED_FACE('Face appearance 3',(#4969),#5292,.T.);
#5486=ADVANCED_FACE('Face appearance 3',(#4970),#20,.T.);
#5487=ADVANCED_FACE('Face appearance 3',(#4971),#21,.T.);
#5488=ADVANCED_FACE('Face appearance 3',(#4972),#22,.T.);
#5489=ADVANCED_FACE('Face appearance 3',(#4973),#23,.T.);
#5490=ADVANCED_FACE('Face appearance 3',(#4974),#24,.T.);
#5491=ADVANCED_FACE('Face appearance 3',(#4975),#25,.T.);
#5492=ADVANCED_FACE('Face appearance 3',(#4976),#26,.T.);
#5493=ADVANCED_FACE('Face appearance 3',(#4977),#5293,.T.);
#5494=ADVANCED_FACE('Face appearance 3',(#4978),#5294,.T.);
#5495=ADVANCED_FACE('Face appearance 3',(#4979),#5295,.T.);
#5496=ADVANCED_FACE('Face appearance 3',(#4980),#27,.T.);
#5497=ADVANCED_FACE('Face appearance 3',(#4981),#28,.T.);
#5498=ADVANCED_FACE('Face appearance 3',(#4982),#5296,.T.);
#5499=ADVANCED_FACE('Face appearance 3',(#4983,#4984,#4985),#5297,.T.);
#5500=ADVANCED_FACE('',(#4986),#5298,.T.);
#5501=ADVANCED_FACE('Face appearance 3',(#4987),#29,.T.);
#5502=ADVANCED_FACE('Face appearance 3',(#4988),#30,.T.);
#5503=ADVANCED_FACE('Face appearance 3',(#4989),#31,.T.);
#5504=ADVANCED_FACE('Face appearance 3',(#4990),#5299,.T.);
#5505=ADVANCED_FACE('Face appearance 3',(#4991),#5300,.T.);
#5506=ADVANCED_FACE('Face appearance 3',(#4992),#5301,.T.);
#5507=ADVANCED_FACE('Face appearance 3',(#4993),#32,.T.);
#5508=ADVANCED_FACE('Face appearance 3',(#4994),#33,.T.);
#5509=ADVANCED_FACE('Face appearance 3',(#4995),#34,.T.);
#5510=ADVANCED_FACE('Face appearance 3',(#4996),#35,.T.);
#5511=ADVANCED_FACE('Face appearance 3',(#4997),#5302,.T.);
#5512=ADVANCED_FACE('Face appearance 3',(#4998),#5303,.T.);
#5513=ADVANCED_FACE('Face appearance 3',(#4999),#5304,.T.);
#5514=ADVANCED_FACE('Face appearance 3',(#5000),#36,.T.);
#5515=ADVANCED_FACE('Face appearance 3',(#5001),#5305,.T.);
#5516=ADVANCED_FACE('Face appearance 3',(#5002),#5306,.T.);
#5517=ADVANCED_FACE('Face appearance 3',(#5003),#5307,.T.);
#5518=ADVANCED_FACE('Face appearance 3',(#5004),#5308,.T.);
#5519=ADVANCED_FACE('Face appearance 3',(#5005),#5309,.T.);
#5520=ADVANCED_FACE('Face appearance 3',(#5006),#5310,.T.);
#5521=ADVANCED_FACE('Face appearance 3',(#5007),#5311,.T.);
#5522=ADVANCED_FACE('Face appearance 3',(#5008),#5312,.T.);
#5523=ADVANCED_FACE('Face appearance 3',(#5009),#37,.T.);
#5524=ADVANCED_FACE('Face appearance 3',(#5010),#38,.T.);
#5525=ADVANCED_FACE('Face appearance 3',(#5011),#39,.T.);
#5526=ADVANCED_FACE('Face appearance 3',(#5012),#40,.T.);
#5527=ADVANCED_FACE('Face appearance 3',(#5013),#41,.T.);
#5528=ADVANCED_FACE('Face appearance 3',(#5014),#42,.T.);
#5529=ADVANCED_FACE('Face appearance 3',(#5015),#43,.T.);
#5530=ADVANCED_FACE('Face appearance 3',(#5016),#5313,.T.);
#5531=ADVANCED_FACE('Face appearance 3',(#5017),#44,.T.);
#5532=ADVANCED_FACE('Face appearance 3',(#5018),#45,.T.);
#5533=ADVANCED_FACE('Face appearance 3',(#5019),#46,.T.);
#5534=ADVANCED_FACE('Face appearance 3',(#5020),#47,.T.);
#5535=ADVANCED_FACE('Face appearance 3',(#5021),#48,.T.);
#5536=ADVANCED_FACE('Face appearance 3',(#5022),#49,.T.);
#5537=ADVANCED_FACE('Face appearance 3',(#5023),#50,.T.);
#5538=ADVANCED_FACE('Face appearance 3',(#5024),#51,.T.);
#5539=ADVANCED_FACE('Face appearance 3',(#5025),#5314,.T.);
#5540=ADVANCED_FACE('Face appearance 3',(#5026),#5315,.T.);
#5541=ADVANCED_FACE('Face appearance 3',(#5027),#5316,.T.);
#5542=ADVANCED_FACE('Face appearance 3',(#5028),#5317,.T.);
#5543=ADVANCED_FACE('Face appearance 3',(#5029),#5318,.T.);
#5544=ADVANCED_FACE('Face appearance 3',(#5030),#5319,.T.);
#5545=ADVANCED_FACE('Face appearance 3',(#5031),#5320,.T.);
#5546=ADVANCED_FACE('Face appearance 3',(#5032),#5321,.T.);
#5547=ADVANCED_FACE('Face appearance 3',(#5033),#5322,.T.);
#5548=ADVANCED_FACE('Face appearance 3',(#5034),#5323,.T.);
#5549=ADVANCED_FACE('Face appearance 3',(#5035),#5324,.T.);
#5550=ADVANCED_FACE('Face appearance 3',(#5036),#5325,.T.);
#5551=ADVANCED_FACE('Face appearance 3',(#5037),#5326,.T.);
#5552=ADVANCED_FACE('Face appearance 3',(#5038),#5327,.T.);
#5553=ADVANCED_FACE('Face appearance 3',(#5039),#5328,.T.);
#5554=ADVANCED_FACE('Face appearance 3',(#5040),#52,.T.);
#5555=ADVANCED_FACE('Face appearance 3',(#5041),#53,.T.);
#5556=ADVANCED_FACE('Face appearance 3',(#5042),#54,.T.);
#5557=ADVANCED_FACE('Face appearance 3',(#5043),#55,.T.);
#5558=ADVANCED_FACE('Face appearance 3',(#5044),#56,.T.);
#5559=ADVANCED_FACE('Face appearance 3',(#5045),#57,.T.);
#5560=ADVANCED_FACE('Face appearance 3',(#5046),#58,.T.);
#5561=ADVANCED_FACE('Face appearance 3',(#5047),#5329,.T.);
#5562=ADVANCED_FACE('Face appearance 3',(#5048),#59,.T.);
#5563=ADVANCED_FACE('Face appearance 3',(#5049),#60,.T.);
#5564=ADVANCED_FACE('Face appearance 3',(#5050),#61,.T.);
#5565=ADVANCED_FACE('Face appearance 3',(#5051),#62,.T.);
#5566=ADVANCED_FACE('Face appearance 3',(#5052),#63,.T.);
#5567=ADVANCED_FACE('Face appearance 3',(#5053),#64,.T.);
#5568=ADVANCED_FACE('Face appearance 3',(#5054),#65,.T.);
#5569=ADVANCED_FACE('Face appearance 3',(#5055),#66,.T.);
#5570=ADVANCED_FACE('Face appearance 3',(#5056),#5330,.T.);
#5571=ADVANCED_FACE('Face appearance 3',(#5057),#5331,.T.);
#5572=ADVANCED_FACE('Face appearance 3',(#5058),#5332,.T.);
#5573=ADVANCED_FACE('Face appearance 3',(#5059),#5333,.T.);
#5574=ADVANCED_FACE('Face appearance 3',(#5060),#5334,.T.);
#5575=ADVANCED_FACE('Face appearance 3',(#5061),#5335,.T.);
#5576=ADVANCED_FACE('Face appearance 3',(#5062),#5336,.T.);
#5577=ADVANCED_FACE('Face appearance 3',(#5063),#67,.T.);
#5578=ADVANCED_FACE('Face appearance 3',(#5064),#5337,.T.);
#5579=ADVANCED_FACE('Face appearance 3',(#5065),#5338,.T.);
#5580=ADVANCED_FACE('Face appearance 3',(#5066),#5339,.T.);
#5581=ADVANCED_FACE('Face appearance 3',(#5067),#5340,.T.);
#5582=ADVANCED_FACE('Face appearance 3',(#5068),#5341,.T.);
#5583=ADVANCED_FACE('Face appearance 3',(#5069),#5342,.T.);
#5584=ADVANCED_FACE('Face appearance 3',(#5070),#5343,.T.);
#5585=ADVANCED_FACE('Face appearance 3',(#5071),#5344,.T.);
#5586=ADVANCED_FACE('Face appearance 3',(#5072),#316,.T.);
#5587=ADVANCED_FACE('Face appearance 3',(#5073,#5074),#5345,.T.);
#5588=ADVANCED_FACE('Face appearance 3',(#5075),#5346,.T.);
#5589=ADVANCED_FACE('Face appearance 3',(#5076),#5347,.T.);
#5590=ADVANCED_FACE('Face appearance 3',(#5077),#5348,.T.);
#5591=ADVANCED_FACE('Face appearance 3',(#5078),#5349,.T.);
#5592=ADVANCED_FACE('Face appearance 3',(#5079),#5350,.T.);
#5593=ADVANCED_FACE('Face appearance 3',(#5080),#5351,.T.);
#5594=ADVANCED_FACE('Face appearance 3',(#5081),#5352,.T.);
#5595=ADVANCED_FACE('Face appearance 3',(#5082),#5353,.T.);
#5596=ADVANCED_FACE('Face appearance 3',(#5083),#5354,.T.);
#5597=ADVANCED_FACE('Face appearance 3',(#5084),#5355,.T.);
#5598=ADVANCED_FACE('Face appearance 3',(#5085),#5356,.T.);
#5599=ADVANCED_FACE('Face appearance 3',(#5086),#5357,.T.);
#5600=ADVANCED_FACE('Face appearance 3',(#5087),#5358,.T.);
#5601=ADVANCED_FACE('',(#5088),#5359,.T.);
#5602=ADVANCED_FACE('',(#5089),#5360,.T.);
#5603=ADVANCED_FACE('',(#5090,#5091,#5092,#5093,#5094,#5095,#5096,#5097,
#5098,#5099),#5361,.T.);
#5604=ADVANCED_FACE('',(#5100,#5101),#5362,.F.);
#5605=ADVANCED_FACE('',(#5102,#5103,#5104,#5105,#5106),#5363,.T.);
#5606=ADVANCED_FACE('',(#5107,#5108,#5109,#5110,#5111),#5364,.F.);
#5607=ADVANCED_FACE('',(#5112,#5113),#5365,.F.);
#5608=ADVANCED_FACE('',(#5114,#5115),#5366,.T.);
#5609=ADVANCED_FACE('',(#5116),#5367,.F.);
#5610=ADVANCED_FACE('',(#5117),#5368,.F.);
#5611=ADVANCED_FACE('',(#5118),#5369,.T.);
#5612=ADVANCED_FACE('',(#5119,#5120,#5121,#5122),#5370,.T.);
#5613=ADVANCED_FACE('',(#5123),#5371,.F.);
#5614=ADVANCED_FACE('',(#5124),#5372,.F.);
#5615=ADVANCED_FACE('',(#5125),#5373,.T.);
#5616=ADVANCED_FACE('',(#5126),#5374,.F.);
#5617=ADVANCED_FACE('',(#5127),#5375,.T.);
#5618=ADVANCED_FACE('',(#5128),#5376,.F.);
#5619=ADVANCED_FACE('',(#5129),#5377,.T.);
#5620=ADVANCED_FACE('',(#5130,#5131),#317,.F.);
#5621=ADVANCED_FACE('',(#5132,#5133),#5378,.T.);
#5622=ADVANCED_FACE('',(#5134,#5135),#5379,.F.);
#5623=ADVANCED_FACE('',(#5136),#5380,.F.);
#5624=ADVANCED_FACE('',(#5137,#5138),#5381,.T.);
#5625=ADVANCED_FACE('',(#5139,#5140),#5382,.F.);
#5626=ADVANCED_FACE('',(#5141),#5383,.T.);
#5627=ADVANCED_FACE('',(#5142,#5143),#318,.F.);
#5628=ADVANCED_FACE('',(#5144),#5384,.F.);
#5629=ADVANCED_FACE('',(#5145),#5385,.F.);
#5630=ADVANCED_FACE('',(#5146,#5147),#319,.F.);
#5631=ADVANCED_FACE('',(#5148,#5149),#5386,.T.);
#5632=ADVANCED_FACE('',(#5150,#5151),#5387,.F.);
#5633=ADVANCED_FACE('',(#5152),#5388,.F.);
#5634=ADVANCED_FACE('',(#5153),#5389,.T.);
#5635=ADVANCED_FACE('',(#5154,#5155),#320,.F.);
#5636=ADVANCED_FACE('',(#5156,#5157),#5390,.T.);
#5637=ADVANCED_FACE('',(#5158,#5159),#5391,.F.);
#5638=ADVANCED_FACE('',(#5160,#5161),#321,.F.);
#5639=ADVANCED_FACE('',(#5162),#5392,.T.);
#5640=ADVANCED_FACE('',(#5163,#5164),#322,.F.);
#5641=ADVANCED_FACE('',(#5165),#5393,.T.);
#5642=ADVANCED_FACE('',(#5166),#5394,.F.);
#5643=ADVANCED_FACE('',(#5167),#5395,.T.);
#5644=ADVANCED_FACE('',(#5168),#5396,.T.);
#5645=ADVANCED_FACE('',(#5169),#5397,.F.);
#5646=ADVANCED_FACE('',(#5170),#5398,.F.);
#5647=ADVANCED_FACE('',(#5171),#5399,.T.);
#5648=ADVANCED_FACE('',(#5172),#5400,.T.);
#5649=ADVANCED_FACE('',(#5173),#5401,.F.);
#5650=ADVANCED_FACE('',(#5174),#5402,.F.);
#5651=ADVANCED_FACE('',(#5175),#5403,.T.);
#5652=ADVANCED_FACE('',(#5176),#5404,.T.);
#5653=ADVANCED_FACE('',(#5177),#5405,.F.);
#5654=ADVANCED_FACE('',(#5178),#5406,.F.);
#5655=ADVANCED_FACE('',(#5179),#5407,.T.);
#5656=ADVANCED_FACE('',(#5180),#5408,.T.);
#5657=ADVANCED_FACE('',(#5181),#5409,.F.);
#5658=ADVANCED_FACE('',(#5182),#5410,.F.);
#5659=ADVANCED_FACE('',(#5183),#5411,.T.);
#5660=ADVANCED_FACE('',(#5184),#5412,.T.);
#5661=ADVANCED_FACE('',(#5185),#5413,.F.);
#5662=ADVANCED_FACE('',(#5186),#5414,.F.);
#5663=ADVANCED_FACE('',(#5187),#5415,.T.);
#5664=ADVANCED_FACE('',(#5188),#5416,.T.);
#5665=ADVANCED_FACE('',(#5189),#5417,.F.);
#5666=ADVANCED_FACE('',(#5190),#5418,.F.);
#5667=ADVANCED_FACE('',(#5191),#5419,.T.);
#5668=ADVANCED_FACE('Face appearance 1',(#5192),#5420,.F.);
#5669=ADVANCED_FACE('Face appearance 1',(#5193),#323,.F.);
#5670=ADVANCED_FACE('Face appearance 1',(#5194),#68,.F.);
#5671=ADVANCED_FACE('Face appearance 1',(#5195),#324,.F.);
#5672=ADVANCED_FACE('Face appearance 1',(#5196),#5421,.F.);
#5673=ADVANCED_FACE('Face appearance 1',(#5197),#69,.F.);
#5674=ADVANCED_FACE('Face appearance 1',(#5198),#5422,.T.);
#5675=ADVANCED_FACE('Face appearance 1',(#5199),#5423,.F.);
#5676=ADVANCED_FACE('Face appearance 1',(#5200),#70,.F.);
#5677=ADVANCED_FACE('Face appearance 1',(#5201),#5424,.F.);
#5678=ADVANCED_FACE('Face appearance 1',(#5202),#325,.F.);
#5679=ADVANCED_FACE('Face appearance 1',(#5203),#5425,.F.);
#5680=ADVANCED_FACE('Face appearance 1',(#5204),#71,.F.);
#5681=ADVANCED_FACE('Face appearance 1',(#5205),#5426,.F.);
#5682=ADVANCED_FACE('Face appearance 1',(#5206),#72,.F.);
#5683=ADVANCED_FACE('Face appearance 1',(#5207),#5427,.F.);
#5684=ADVANCED_FACE('Face appearance 1',(#5208),#73,.F.);
#5685=ADVANCED_FACE('Face appearance 1',(#5209),#74,.F.);
#5686=ADVANCED_FACE('Face appearance 1',(#5210),#5428,.T.);
#5687=ADVANCED_FACE('Face appearance 1',(#5211),#5429,.F.);
#5688=ADVANCED_FACE('Face appearance 1',(#5212),#75,.F.);
#5689=ADVANCED_FACE('Face appearance 1',(#5213),#5430,.F.);
#5690=ADVANCED_FACE('Face appearance 1',(#5214),#76,.F.);
#5691=ADVANCED_FACE('Face appearance 1',(#5215),#5431,.F.);
#5692=ADVANCED_FACE('Face appearance 1',(#5216),#77,.F.);
#5693=ADVANCED_FACE('Face appearance 1',(#5217),#5432,.F.);
#5694=ADVANCED_FACE('Face appearance 1',(#5218),#78,.F.);
#5695=ADVANCED_FACE('Face appearance 1',(#5219),#5433,.T.);
#5696=ADVANCED_FACE('Face appearance 1',(#5220),#5434,.F.);
#5697=ADVANCED_FACE('Face appearance 1',(#5221),#79,.F.);
#5698=ADVANCED_FACE('Face appearance 1',(#5222),#5435,.F.);
#5699=ADVANCED_FACE('Face appearance 1',(#5223),#326,.F.);
#5700=ADVANCED_FACE('Face appearance 1',(#5224),#5436,.F.);
#5701=ADVANCED_FACE('Face appearance 1',(#5225),#327,.F.);
#5702=ADVANCED_FACE('Face appearance 1',(#5226),#5437,.F.);
#5703=ADVANCED_FACE('Face appearance 1',(#5227),#80,.F.);
#5704=ADVANCED_FACE('Face appearance 1',(#5228),#81,.F.);
#5705=ADVANCED_FACE('Face appearance 1',(#5229),#5438,.F.);
#5706=ADVANCED_FACE('Face appearance 1',(#5230),#82,.F.);
#5707=ADVANCED_FACE('Face appearance 1',(#5231),#83,.F.);
#5708=ADVANCED_FACE('Face appearance 1',(#5232),#328,.F.);
#5709=ADVANCED_FACE('Face appearance 1',(#5233),#5439,.T.);
#5710=ADVANCED_FACE('Face appearance 1',(#5234),#5440,.F.);
#5711=ADVANCED_FACE('Face appearance 1',(#5235),#329,.F.);
#5712=ADVANCED_FACE('Face appearance 1',(#5236),#5441,.F.);
#5713=ADVANCED_FACE('Face appearance 1',(#5237),#84,.F.);
#5714=ADVANCED_FACE('Face appearance 1',(#5238),#5442,.F.);
#5715=ADVANCED_FACE('Face appearance 1',(#5239),#85,.F.);
#5716=ADVANCED_FACE('Face appearance 1',(#5240),#5443,.F.);
#5717=ADVANCED_FACE('Face appearance 1',(#5241),#86,.F.);
#5718=ADVANCED_FACE('Face appearance 1',(#5242),#5444,.T.);
#5719=ADVANCED_FACE('Face appearance 1',(#5243),#5445,.F.);
#5720=ADVANCED_FACE('Face appearance 1',(#5244),#87,.F.);
#5721=ADVANCED_FACE('Face appearance 1',(#5245),#5446,.F.);
#5722=ADVANCED_FACE('Face appearance 1',(#5246),#88,.F.);
#5723=ADVANCED_FACE('Face appearance 1',(#5247),#5447,.T.);
#5724=ADVANCED_FACE('Face appearance 1',(#5248),#5448,.F.);
#5725=ADVANCED_FACE('Face appearance 1',(#5249),#5449,.F.);
#5726=ADVANCED_FACE('Face appearance 1',(#5250),#89,.F.);
#5727=ADVANCED_FACE('Face appearance 1',(#5251),#5450,.F.);
#5728=ADVANCED_FACE('Face appearance 1',(#5252),#90,.F.);
#5729=ADVANCED_FACE('Face appearance 1',(#5253),#5451,.F.);
#5730=ADVANCED_FACE('Face appearance 1',(#5254),#5452,.F.);
#5731=ADVANCED_FACE('Face appearance 1',(#5255),#330,.F.);
#5732=ADVANCED_FACE('Face appearance 1',(#5256),#91,.F.);
#5733=ADVANCED_FACE('Face appearance 1',(#5257),#5453,.F.);
#5734=ADVANCED_FACE('Face appearance 1',(#5258),#92,.F.);
#5735=ADVANCED_FACE('Face appearance 1',(#5259),#5454,.F.);
#5736=ADVANCED_FACE('Face appearance 1',(#5260),#93,.F.);
#5737=ADVANCED_FACE('Face appearance 1',(#5261),#5455,.F.);
#5738=ADVANCED_FACE('Face appearance 1',(#5262),#5456,.F.);
#5739=ADVANCED_FACE('Face appearance 1',(#5263),#94,.F.);
#5740=ADVANCED_FACE('Face appearance 1',(#5264),#95,.F.);
#5741=ADVANCED_FACE('Face appearance 1',(#5265),#96,.F.);
#5742=ADVANCED_FACE('Face appearance 1',(#5266),#5457,.F.);
#5743=ADVANCED_FACE('Face appearance 1',(#5267),#97,.F.);
#5744=ADVANCED_FACE('Face appearance 1',(#5268),#98,.F.);
#5745=ADVANCED_FACE('Face appearance 1',(#5269),#99,.F.);
#5746=ADVANCED_FACE('Face appearance 1',(#5270),#5458,.F.);
#5747=ADVANCED_FACE('Face appearance 1',(#5271),#100,.F.);
#5748=ADVANCED_FACE('Face appearance 1',(#5272),#5459,.T.);
#5749=ADVANCED_FACE('Face appearance 1',(#5273),#5460,.F.);
#5750=ADVANCED_FACE('Face appearance 1',(#5274),#101,.F.);
#5751=ADVANCED_FACE('Face appearance 1',(#5275),#5461,.F.);
#5752=ADVANCED_FACE('Face appearance 1',(#5276),#102,.F.);
#5753=ADVANCED_FACE('Face appearance 1',(#5277),#5462,.T.);
#5754=CLOSED_SHELL('',(#5463,#5464,#5465,#5466,#5467,#5468,#5469,#5470,
#5471,#5472,#5473,#5474,#5475,#5476,#5477,#5478,#5479,#5480,#5481,#5482,
#5483,#5484,#5485,#5486,#5487,#5488,#5489,#5490,#5491,#5492,#5493,#5494,
#5495,#5496,#5497,#5498,#5499,#5500,#5501,#5502,#5503,#5504,#5505,#5506,
#5507,#5508,#5509,#5510,#5511,#5512,#5513,#5514,#5515,#5516,#5517,#5518,
#5519,#5520,#5521,#5522,#5523,#5524,#5525,#5526,#5527,#5528,#5529,#5530,
#5531,#5532,#5533,#5534,#5535,#5536,#5537,#5538,#5539,#5540,#5541,#5542,
#5543,#5544,#5545,#5546,#5547,#5548,#5549,#5550,#5551,#5552,#5553,#5554,
#5555,#5556,#5557,#5558,#5559,#5560,#5561,#5562,#5563,#5564,#5565,#5566,
#5567,#5568,#5569,#5570,#5571,#5572,#5573,#5574,#5575,#5576,#5577,#5578,
#5579,#5580,#5581,#5582,#5583,#5584,#5585,#5586,#5587,#5588,#5589,#5590,
#5591,#5592,#5593,#5594,#5595,#5596,#5597,#5598,#5599,#5600,#5601,#5602));
#5755=CLOSED_SHELL('',(#5603,#5604,#5605,#5606,#5607,#5608,#5609,#5610,
#5611,#5612,#5613,#5614,#5615,#5616,#5617,#5618,#5619,#5620,#5621,#5622,
#5623,#5624,#5625,#5626,#5627,#5628,#5629,#5630,#5631,#5632,#5633,#5634,
#5635,#5636,#5637,#5638,#5639,#5640,#5641,#5642,#5643,#5644,#5645,#5646,
#5647,#5648,#5649,#5650,#5651,#5652,#5653,#5654,#5655,#5656,#5657,#5658,
#5659,#5660,#5661,#5662,#5663,#5664,#5665,#5666,#5667,#5668,#5669,#5670,
#5671,#5672,#5673,#5674,#5675,#5676,#5677,#5678,#5679,#5680,#5681,#5682,
#5683,#5684,#5685,#5686,#5687,#5688,#5689,#5690,#5691,#5692,#5693,#5694,
#5695,#5696,#5697,#5698,#5699,#5700,#5701,#5702,#5703,#5704,#5705,#5706,
#5707,#5708,#5709,#5710,#5711,#5712,#5713,#5714,#5715,#5716,#5717,#5718,
#5719,#5720,#5721,#5722,#5723,#5724,#5725,#5726,#5727,#5728,#5729,#5730,
#5731,#5732,#5733,#5734,#5735,#5736,#5737,#5738,#5739,#5740,#5741,#5742,
#5743,#5744,#5745,#5746,#5747,#5748,#5749,#5750,#5751,#5752,#5753));
#5756=STYLED_ITEM('',(#5758),#7038);
#5757=STYLED_ITEM('',(#5884),#7039);
#5758=PRESENTATION_STYLE_ASSIGNMENT((#5971));
#5759=PRESENTATION_STYLE_ASSIGNMENT((#5972));
#5760=PRESENTATION_STYLE_ASSIGNMENT((#5973));
#5761=PRESENTATION_STYLE_ASSIGNMENT((#5974));
#5762=PRESENTATION_STYLE_ASSIGNMENT((#5975));
#5763=PRESENTATION_STYLE_ASSIGNMENT((#5976));
#5764=PRESENTATION_STYLE_ASSIGNMENT((#5977));
#5765=PRESENTATION_STYLE_ASSIGNMENT((#5978));
#5766=PRESENTATION_STYLE_ASSIGNMENT((#5979));
#5767=PRESENTATION_STYLE_ASSIGNMENT((#5980));
#5768=PRESENTATION_STYLE_ASSIGNMENT((#5981));
#5769=PRESENTATION_STYLE_ASSIGNMENT((#5982));
#5770=PRESENTATION_STYLE_ASSIGNMENT((#5983));
#5771=PRESENTATION_STYLE_ASSIGNMENT((#5984));
#5772=PRESENTATION_STYLE_ASSIGNMENT((#5985));
#5773=PRESENTATION_STYLE_ASSIGNMENT((#5986));
#5774=PRESENTATION_STYLE_ASSIGNMENT((#5987));
#5775=PRESENTATION_STYLE_ASSIGNMENT((#5988));
#5776=PRESENTATION_STYLE_ASSIGNMENT((#5989));
#5777=PRESENTATION_STYLE_ASSIGNMENT((#5990));
#5778=PRESENTATION_STYLE_ASSIGNMENT((#5991));
#5779=PRESENTATION_STYLE_ASSIGNMENT((#5992));
#5780=PRESENTATION_STYLE_ASSIGNMENT((#5993));
#5781=PRESENTATION_STYLE_ASSIGNMENT((#5994));
#5782=PRESENTATION_STYLE_ASSIGNMENT((#5995));
#5783=PRESENTATION_STYLE_ASSIGNMENT((#5996));
#5784=PRESENTATION_STYLE_ASSIGNMENT((#5997));
#5785=PRESENTATION_STYLE_ASSIGNMENT((#5998));
#5786=PRESENTATION_STYLE_ASSIGNMENT((#5999));
#5787=PRESENTATION_STYLE_ASSIGNMENT((#6000));
#5788=PRESENTATION_STYLE_ASSIGNMENT((#6001));
#5789=PRESENTATION_STYLE_ASSIGNMENT((#6002));
#5790=PRESENTATION_STYLE_ASSIGNMENT((#6003));
#5791=PRESENTATION_STYLE_ASSIGNMENT((#6004));
#5792=PRESENTATION_STYLE_ASSIGNMENT((#6005));
#5793=PRESENTATION_STYLE_ASSIGNMENT((#6006));
#5794=PRESENTATION_STYLE_ASSIGNMENT((#6007));
#5795=PRESENTATION_STYLE_ASSIGNMENT((#6008));
#5796=PRESENTATION_STYLE_ASSIGNMENT((#6009));
#5797=PRESENTATION_STYLE_ASSIGNMENT((#6010));
#5798=PRESENTATION_STYLE_ASSIGNMENT((#6011));
#5799=PRESENTATION_STYLE_ASSIGNMENT((#6012));
#5800=PRESENTATION_STYLE_ASSIGNMENT((#6013));
#5801=PRESENTATION_STYLE_ASSIGNMENT((#6014));
#5802=PRESENTATION_STYLE_ASSIGNMENT((#6015));
#5803=PRESENTATION_STYLE_ASSIGNMENT((#6016));
#5804=PRESENTATION_STYLE_ASSIGNMENT((#6017));
#5805=PRESENTATION_STYLE_ASSIGNMENT((#6018));
#5806=PRESENTATION_STYLE_ASSIGNMENT((#6019));
#5807=PRESENTATION_STYLE_ASSIGNMENT((#6020));
#5808=PRESENTATION_STYLE_ASSIGNMENT((#6021));
#5809=PRESENTATION_STYLE_ASSIGNMENT((#6022));
#5810=PRESENTATION_STYLE_ASSIGNMENT((#6023));
#5811=PRESENTATION_STYLE_ASSIGNMENT((#6024));
#5812=PRESENTATION_STYLE_ASSIGNMENT((#6025));
#5813=PRESENTATION_STYLE_ASSIGNMENT((#6026));
#5814=PRESENTATION_STYLE_ASSIGNMENT((#6027));
#5815=PRESENTATION_STYLE_ASSIGNMENT((#6028));
#5816=PRESENTATION_STYLE_ASSIGNMENT((#6029));
#5817=PRESENTATION_STYLE_ASSIGNMENT((#6030));
#5818=PRESENTATION_STYLE_ASSIGNMENT((#6031));
#5819=PRESENTATION_STYLE_ASSIGNMENT((#6032));
#5820=PRESENTATION_STYLE_ASSIGNMENT((#6033));
#5821=PRESENTATION_STYLE_ASSIGNMENT((#6034));
#5822=PRESENTATION_STYLE_ASSIGNMENT((#6035));
#5823=PRESENTATION_STYLE_ASSIGNMENT((#6036));
#5824=PRESENTATION_STYLE_ASSIGNMENT((#6037));
#5825=PRESENTATION_STYLE_ASSIGNMENT((#6038));
#5826=PRESENTATION_STYLE_ASSIGNMENT((#6039));
#5827=PRESENTATION_STYLE_ASSIGNMENT((#6040));
#5828=PRESENTATION_STYLE_ASSIGNMENT((#6041));
#5829=PRESENTATION_STYLE_ASSIGNMENT((#6042));
#5830=PRESENTATION_STYLE_ASSIGNMENT((#6043));
#5831=PRESENTATION_STYLE_ASSIGNMENT((#6044));
#5832=PRESENTATION_STYLE_ASSIGNMENT((#6045));
#5833=PRESENTATION_STYLE_ASSIGNMENT((#6046));
#5834=PRESENTATION_STYLE_ASSIGNMENT((#6047));
#5835=PRESENTATION_STYLE_ASSIGNMENT((#6048));
#5836=PRESENTATION_STYLE_ASSIGNMENT((#6049));
#5837=PRESENTATION_STYLE_ASSIGNMENT((#6050));
#5838=PRESENTATION_STYLE_ASSIGNMENT((#6051));
#5839=PRESENTATION_STYLE_ASSIGNMENT((#6052));
#5840=PRESENTATION_STYLE_ASSIGNMENT((#6053));
#5841=PRESENTATION_STYLE_ASSIGNMENT((#6054));
#5842=PRESENTATION_STYLE_ASSIGNMENT((#6055));
#5843=PRESENTATION_STYLE_ASSIGNMENT((#6056));
#5844=PRESENTATION_STYLE_ASSIGNMENT((#6057));
#5845=PRESENTATION_STYLE_ASSIGNMENT((#6058));
#5846=PRESENTATION_STYLE_ASSIGNMENT((#6059));
#5847=PRESENTATION_STYLE_ASSIGNMENT((#6060));
#5848=PRESENTATION_STYLE_ASSIGNMENT((#6061));
#5849=PRESENTATION_STYLE_ASSIGNMENT((#6062));
#5850=PRESENTATION_STYLE_ASSIGNMENT((#6063));
#5851=PRESENTATION_STYLE_ASSIGNMENT((#6064));
#5852=PRESENTATION_STYLE_ASSIGNMENT((#6065));
#5853=PRESENTATION_STYLE_ASSIGNMENT((#6066));
#5854=PRESENTATION_STYLE_ASSIGNMENT((#6067));
#5855=PRESENTATION_STYLE_ASSIGNMENT((#6068));
#5856=PRESENTATION_STYLE_ASSIGNMENT((#6069));
#5857=PRESENTATION_STYLE_ASSIGNMENT((#6070));
#5858=PRESENTATION_STYLE_ASSIGNMENT((#6071));
#5859=PRESENTATION_STYLE_ASSIGNMENT((#6072));
#5860=PRESENTATION_STYLE_ASSIGNMENT((#6073));
#5861=PRESENTATION_STYLE_ASSIGNMENT((#6074));
#5862=PRESENTATION_STYLE_ASSIGNMENT((#6075));
#5863=PRESENTATION_STYLE_ASSIGNMENT((#6076));
#5864=PRESENTATION_STYLE_ASSIGNMENT((#6077));
#5865=PRESENTATION_STYLE_ASSIGNMENT((#6078));
#5866=PRESENTATION_STYLE_ASSIGNMENT((#6079));
#5867=PRESENTATION_STYLE_ASSIGNMENT((#6080));
#5868=PRESENTATION_STYLE_ASSIGNMENT((#6081));
#5869=PRESENTATION_STYLE_ASSIGNMENT((#6082));
#5870=PRESENTATION_STYLE_ASSIGNMENT((#6083));
#5871=PRESENTATION_STYLE_ASSIGNMENT((#6084));
#5872=PRESENTATION_STYLE_ASSIGNMENT((#6085));
#5873=PRESENTATION_STYLE_ASSIGNMENT((#6086));
#5874=PRESENTATION_STYLE_ASSIGNMENT((#6087));
#5875=PRESENTATION_STYLE_ASSIGNMENT((#6088));
#5876=PRESENTATION_STYLE_ASSIGNMENT((#6089));
#5877=PRESENTATION_STYLE_ASSIGNMENT((#6090));
#5878=PRESENTATION_STYLE_ASSIGNMENT((#6091));
#5879=PRESENTATION_STYLE_ASSIGNMENT((#6092));
#5880=PRESENTATION_STYLE_ASSIGNMENT((#6093));
#5881=PRESENTATION_STYLE_ASSIGNMENT((#6094));
#5882=PRESENTATION_STYLE_ASSIGNMENT((#6095));
#5883=PRESENTATION_STYLE_ASSIGNMENT((#6096));
#5884=PRESENTATION_STYLE_ASSIGNMENT((#6097));
#5885=PRESENTATION_STYLE_ASSIGNMENT((#6098));
#5886=PRESENTATION_STYLE_ASSIGNMENT((#6099));
#5887=PRESENTATION_STYLE_ASSIGNMENT((#6100));
#5888=PRESENTATION_STYLE_ASSIGNMENT((#6101));
#5889=PRESENTATION_STYLE_ASSIGNMENT((#6102));
#5890=PRESENTATION_STYLE_ASSIGNMENT((#6103));
#5891=PRESENTATION_STYLE_ASSIGNMENT((#6104));
#5892=PRESENTATION_STYLE_ASSIGNMENT((#6105));
#5893=PRESENTATION_STYLE_ASSIGNMENT((#6106));
#5894=PRESENTATION_STYLE_ASSIGNMENT((#6107));
#5895=PRESENTATION_STYLE_ASSIGNMENT((#6108));
#5896=PRESENTATION_STYLE_ASSIGNMENT((#6109));
#5897=PRESENTATION_STYLE_ASSIGNMENT((#6110));
#5898=PRESENTATION_STYLE_ASSIGNMENT((#6111));
#5899=PRESENTATION_STYLE_ASSIGNMENT((#6112));
#5900=PRESENTATION_STYLE_ASSIGNMENT((#6113));
#5901=PRESENTATION_STYLE_ASSIGNMENT((#6114));
#5902=PRESENTATION_STYLE_ASSIGNMENT((#6115));
#5903=PRESENTATION_STYLE_ASSIGNMENT((#6116));
#5904=PRESENTATION_STYLE_ASSIGNMENT((#6117));
#5905=PRESENTATION_STYLE_ASSIGNMENT((#6118));
#5906=PRESENTATION_STYLE_ASSIGNMENT((#6119));
#5907=PRESENTATION_STYLE_ASSIGNMENT((#6120));
#5908=PRESENTATION_STYLE_ASSIGNMENT((#6121));
#5909=PRESENTATION_STYLE_ASSIGNMENT((#6122));
#5910=PRESENTATION_STYLE_ASSIGNMENT((#6123));
#5911=PRESENTATION_STYLE_ASSIGNMENT((#6124));
#5912=PRESENTATION_STYLE_ASSIGNMENT((#6125));
#5913=PRESENTATION_STYLE_ASSIGNMENT((#6126));
#5914=PRESENTATION_STYLE_ASSIGNMENT((#6127));
#5915=PRESENTATION_STYLE_ASSIGNMENT((#6128));
#5916=PRESENTATION_STYLE_ASSIGNMENT((#6129));
#5917=PRESENTATION_STYLE_ASSIGNMENT((#6130));
#5918=PRESENTATION_STYLE_ASSIGNMENT((#6131));
#5919=PRESENTATION_STYLE_ASSIGNMENT((#6132));
#5920=PRESENTATION_STYLE_ASSIGNMENT((#6133));
#5921=PRESENTATION_STYLE_ASSIGNMENT((#6134));
#5922=PRESENTATION_STYLE_ASSIGNMENT((#6135));
#5923=PRESENTATION_STYLE_ASSIGNMENT((#6136));
#5924=PRESENTATION_STYLE_ASSIGNMENT((#6137));
#5925=PRESENTATION_STYLE_ASSIGNMENT((#6138));
#5926=PRESENTATION_STYLE_ASSIGNMENT((#6139));
#5927=PRESENTATION_STYLE_ASSIGNMENT((#6140));
#5928=PRESENTATION_STYLE_ASSIGNMENT((#6141));
#5929=PRESENTATION_STYLE_ASSIGNMENT((#6142));
#5930=PRESENTATION_STYLE_ASSIGNMENT((#6143));
#5931=PRESENTATION_STYLE_ASSIGNMENT((#6144));
#5932=PRESENTATION_STYLE_ASSIGNMENT((#6145));
#5933=PRESENTATION_STYLE_ASSIGNMENT((#6146));
#5934=PRESENTATION_STYLE_ASSIGNMENT((#6147));
#5935=PRESENTATION_STYLE_ASSIGNMENT((#6148));
#5936=PRESENTATION_STYLE_ASSIGNMENT((#6149));
#5937=PRESENTATION_STYLE_ASSIGNMENT((#6150));
#5938=PRESENTATION_STYLE_ASSIGNMENT((#6151));
#5939=PRESENTATION_STYLE_ASSIGNMENT((#6152));
#5940=PRESENTATION_STYLE_ASSIGNMENT((#6153));
#5941=PRESENTATION_STYLE_ASSIGNMENT((#6154));
#5942=PRESENTATION_STYLE_ASSIGNMENT((#6155));
#5943=PRESENTATION_STYLE_ASSIGNMENT((#6156));
#5944=PRESENTATION_STYLE_ASSIGNMENT((#6157));
#5945=PRESENTATION_STYLE_ASSIGNMENT((#6158));
#5946=PRESENTATION_STYLE_ASSIGNMENT((#6159));
#5947=PRESENTATION_STYLE_ASSIGNMENT((#6160));
#5948=PRESENTATION_STYLE_ASSIGNMENT((#6161));
#5949=PRESENTATION_STYLE_ASSIGNMENT((#6162));
#5950=PRESENTATION_STYLE_ASSIGNMENT((#6163));
#5951=PRESENTATION_STYLE_ASSIGNMENT((#6164));
#5952=PRESENTATION_STYLE_ASSIGNMENT((#6165));
#5953=PRESENTATION_STYLE_ASSIGNMENT((#6166));
#5954=PRESENTATION_STYLE_ASSIGNMENT((#6167));
#5955=PRESENTATION_STYLE_ASSIGNMENT((#6168));
#5956=PRESENTATION_STYLE_ASSIGNMENT((#6169));
#5957=PRESENTATION_STYLE_ASSIGNMENT((#6170));
#5958=PRESENTATION_STYLE_ASSIGNMENT((#6171));
#5959=PRESENTATION_STYLE_ASSIGNMENT((#6172));
#5960=PRESENTATION_STYLE_ASSIGNMENT((#6173));
#5961=PRESENTATION_STYLE_ASSIGNMENT((#6174));
#5962=PRESENTATION_STYLE_ASSIGNMENT((#6175));
#5963=PRESENTATION_STYLE_ASSIGNMENT((#6176));
#5964=PRESENTATION_STYLE_ASSIGNMENT((#6177));
#5965=PRESENTATION_STYLE_ASSIGNMENT((#6178));
#5966=PRESENTATION_STYLE_ASSIGNMENT((#6179));
#5967=PRESENTATION_STYLE_ASSIGNMENT((#6180));
#5968=PRESENTATION_STYLE_ASSIGNMENT((#6181));
#5969=PRESENTATION_STYLE_ASSIGNMENT((#6182));
#5970=PRESENTATION_STYLE_ASSIGNMENT((#6183));
#5971=SURFACE_STYLE_USAGE(.BOTH.,#6184);
#5972=SURFACE_STYLE_USAGE(.BOTH.,#6185);
#5973=SURFACE_STYLE_USAGE(.BOTH.,#6186);
#5974=SURFACE_STYLE_USAGE(.BOTH.,#6187);
#5975=SURFACE_STYLE_USAGE(.BOTH.,#6188);
#5976=SURFACE_STYLE_USAGE(.BOTH.,#6189);
#5977=SURFACE_STYLE_USAGE(.BOTH.,#6190);
#5978=SURFACE_STYLE_USAGE(.BOTH.,#6191);
#5979=SURFACE_STYLE_USAGE(.BOTH.,#6192);
#5980=SURFACE_STYLE_USAGE(.BOTH.,#6193);
#5981=SURFACE_STYLE_USAGE(.BOTH.,#6194);
#5982=SURFACE_STYLE_USAGE(.BOTH.,#6195);
#5983=SURFACE_STYLE_USAGE(.BOTH.,#6196);
#5984=SURFACE_STYLE_USAGE(.BOTH.,#6197);
#5985=SURFACE_STYLE_USAGE(.BOTH.,#6198);
#5986=SURFACE_STYLE_USAGE(.BOTH.,#6199);
#5987=SURFACE_STYLE_USAGE(.BOTH.,#6200);
#5988=SURFACE_STYLE_USAGE(.BOTH.,#6201);
#5989=SURFACE_STYLE_USAGE(.BOTH.,#6202);
#5990=SURFACE_STYLE_USAGE(.BOTH.,#6203);
#5991=SURFACE_STYLE_USAGE(.BOTH.,#6204);
#5992=SURFACE_STYLE_USAGE(.BOTH.,#6205);
#5993=SURFACE_STYLE_USAGE(.BOTH.,#6206);
#5994=SURFACE_STYLE_USAGE(.BOTH.,#6207);
#5995=SURFACE_STYLE_USAGE(.BOTH.,#6208);
#5996=SURFACE_STYLE_USAGE(.BOTH.,#6209);
#5997=SURFACE_STYLE_USAGE(.BOTH.,#6210);
#5998=SURFACE_STYLE_USAGE(.BOTH.,#6211);
#5999=SURFACE_STYLE_USAGE(.BOTH.,#6212);
#6000=SURFACE_STYLE_USAGE(.BOTH.,#6213);
#6001=SURFACE_STYLE_USAGE(.BOTH.,#6214);
#6002=SURFACE_STYLE_USAGE(.BOTH.,#6215);
#6003=SURFACE_STYLE_USAGE(.BOTH.,#6216);
#6004=SURFACE_STYLE_USAGE(.BOTH.,#6217);
#6005=SURFACE_STYLE_USAGE(.BOTH.,#6218);
#6006=SURFACE_STYLE_USAGE(.BOTH.,#6219);
#6007=SURFACE_STYLE_USAGE(.BOTH.,#6220);
#6008=SURFACE_STYLE_USAGE(.BOTH.,#6221);
#6009=SURFACE_STYLE_USAGE(.BOTH.,#6222);
#6010=SURFACE_STYLE_USAGE(.BOTH.,#6223);
#6011=SURFACE_STYLE_USAGE(.BOTH.,#6224);
#6012=SURFACE_STYLE_USAGE(.BOTH.,#6225);
#6013=SURFACE_STYLE_USAGE(.BOTH.,#6226);
#6014=SURFACE_STYLE_USAGE(.BOTH.,#6227);
#6015=SURFACE_STYLE_USAGE(.BOTH.,#6228);
#6016=SURFACE_STYLE_USAGE(.BOTH.,#6229);
#6017=SURFACE_STYLE_USAGE(.BOTH.,#6230);
#6018=SURFACE_STYLE_USAGE(.BOTH.,#6231);
#6019=SURFACE_STYLE_USAGE(.BOTH.,#6232);
#6020=SURFACE_STYLE_USAGE(.BOTH.,#6233);
#6021=SURFACE_STYLE_USAGE(.BOTH.,#6234);
#6022=SURFACE_STYLE_USAGE(.BOTH.,#6235);
#6023=SURFACE_STYLE_USAGE(.BOTH.,#6236);
#6024=SURFACE_STYLE_USAGE(.BOTH.,#6237);
#6025=SURFACE_STYLE_USAGE(.BOTH.,#6238);
#6026=SURFACE_STYLE_USAGE(.BOTH.,#6239);
#6027=SURFACE_STYLE_USAGE(.BOTH.,#6240);
#6028=SURFACE_STYLE_USAGE(.BOTH.,#6241);
#6029=SURFACE_STYLE_USAGE(.BOTH.,#6242);
#6030=SURFACE_STYLE_USAGE(.BOTH.,#6243);
#6031=SURFACE_STYLE_USAGE(.BOTH.,#6244);
#6032=SURFACE_STYLE_USAGE(.BOTH.,#6245);
#6033=SURFACE_STYLE_USAGE(.BOTH.,#6246);
#6034=SURFACE_STYLE_USAGE(.BOTH.,#6247);
#6035=SURFACE_STYLE_USAGE(.BOTH.,#6248);
#6036=SURFACE_STYLE_USAGE(.BOTH.,#6249);
#6037=SURFACE_STYLE_USAGE(.BOTH.,#6250);
#6038=SURFACE_STYLE_USAGE(.BOTH.,#6251);
#6039=SURFACE_STYLE_USAGE(.BOTH.,#6252);
#6040=SURFACE_STYLE_USAGE(.BOTH.,#6253);
#6041=SURFACE_STYLE_USAGE(.BOTH.,#6254);
#6042=SURFACE_STYLE_USAGE(.BOTH.,#6255);
#6043=SURFACE_STYLE_USAGE(.BOTH.,#6256);
#6044=SURFACE_STYLE_USAGE(.BOTH.,#6257);
#6045=SURFACE_STYLE_USAGE(.BOTH.,#6258);
#6046=SURFACE_STYLE_USAGE(.BOTH.,#6259);
#6047=SURFACE_STYLE_USAGE(.BOTH.,#6260);
#6048=SURFACE_STYLE_USAGE(.BOTH.,#6261);
#6049=SURFACE_STYLE_USAGE(.BOTH.,#6262);
#6050=SURFACE_STYLE_USAGE(.BOTH.,#6263);
#6051=SURFACE_STYLE_USAGE(.BOTH.,#6264);
#6052=SURFACE_STYLE_USAGE(.BOTH.,#6265);
#6053=SURFACE_STYLE_USAGE(.BOTH.,#6266);
#6054=SURFACE_STYLE_USAGE(.BOTH.,#6267);
#6055=SURFACE_STYLE_USAGE(.BOTH.,#6268);
#6056=SURFACE_STYLE_USAGE(.BOTH.,#6269);
#6057=SURFACE_STYLE_USAGE(.BOTH.,#6270);
#6058=SURFACE_STYLE_USAGE(.BOTH.,#6271);
#6059=SURFACE_STYLE_USAGE(.BOTH.,#6272);
#6060=SURFACE_STYLE_USAGE(.BOTH.,#6273);
#6061=SURFACE_STYLE_USAGE(.BOTH.,#6274);
#6062=SURFACE_STYLE_USAGE(.BOTH.,#6275);
#6063=SURFACE_STYLE_USAGE(.BOTH.,#6276);
#6064=SURFACE_STYLE_USAGE(.BOTH.,#6277);
#6065=SURFACE_STYLE_USAGE(.BOTH.,#6278);
#6066=SURFACE_STYLE_USAGE(.BOTH.,#6279);
#6067=SURFACE_STYLE_USAGE(.BOTH.,#6280);
#6068=SURFACE_STYLE_USAGE(.BOTH.,#6281);
#6069=SURFACE_STYLE_USAGE(.BOTH.,#6282);
#6070=SURFACE_STYLE_USAGE(.BOTH.,#6283);
#6071=SURFACE_STYLE_USAGE(.BOTH.,#6284);
#6072=SURFACE_STYLE_USAGE(.BOTH.,#6285);
#6073=SURFACE_STYLE_USAGE(.BOTH.,#6286);
#6074=SURFACE_STYLE_USAGE(.BOTH.,#6287);
#6075=SURFACE_STYLE_USAGE(.BOTH.,#6288);
#6076=SURFACE_STYLE_USAGE(.BOTH.,#6289);
#6077=SURFACE_STYLE_USAGE(.BOTH.,#6290);
#6078=SURFACE_STYLE_USAGE(.BOTH.,#6291);
#6079=SURFACE_STYLE_USAGE(.BOTH.,#6292);
#6080=SURFACE_STYLE_USAGE(.BOTH.,#6293);
#6081=SURFACE_STYLE_USAGE(.BOTH.,#6294);
#6082=SURFACE_STYLE_USAGE(.BOTH.,#6295);
#6083=SURFACE_STYLE_USAGE(.BOTH.,#6296);
#6084=SURFACE_STYLE_USAGE(.BOTH.,#6297);
#6085=SURFACE_STYLE_USAGE(.BOTH.,#6298);
#6086=SURFACE_STYLE_USAGE(.BOTH.,#6299);
#6087=SURFACE_STYLE_USAGE(.BOTH.,#6300);
#6088=SURFACE_STYLE_USAGE(.BOTH.,#6301);
#6089=SURFACE_STYLE_USAGE(.BOTH.,#6302);
#6090=SURFACE_STYLE_USAGE(.BOTH.,#6303);
#6091=SURFACE_STYLE_USAGE(.BOTH.,#6304);
#6092=SURFACE_STYLE_USAGE(.BOTH.,#6305);
#6093=SURFACE_STYLE_USAGE(.BOTH.,#6306);
#6094=SURFACE_STYLE_USAGE(.BOTH.,#6307);
#6095=SURFACE_STYLE_USAGE(.BOTH.,#6308);
#6096=SURFACE_STYLE_USAGE(.BOTH.,#6309);
#6097=SURFACE_STYLE_USAGE(.BOTH.,#6310);
#6098=SURFACE_STYLE_USAGE(.BOTH.,#6311);
#6099=SURFACE_STYLE_USAGE(.BOTH.,#6312);
#6100=SURFACE_STYLE_USAGE(.BOTH.,#6313);
#6101=SURFACE_STYLE_USAGE(.BOTH.,#6314);
#6102=SURFACE_STYLE_USAGE(.BOTH.,#6315);
#6103=SURFACE_STYLE_USAGE(.BOTH.,#6316);
#6104=SURFACE_STYLE_USAGE(.BOTH.,#6317);
#6105=SURFACE_STYLE_USAGE(.BOTH.,#6318);
#6106=SURFACE_STYLE_USAGE(.BOTH.,#6319);
#6107=SURFACE_STYLE_USAGE(.BOTH.,#6320);
#6108=SURFACE_STYLE_USAGE(.BOTH.,#6321);
#6109=SURFACE_STYLE_USAGE(.BOTH.,#6322);
#6110=SURFACE_STYLE_USAGE(.BOTH.,#6323);
#6111=SURFACE_STYLE_USAGE(.BOTH.,#6324);
#6112=SURFACE_STYLE_USAGE(.BOTH.,#6325);
#6113=SURFACE_STYLE_USAGE(.BOTH.,#6326);
#6114=SURFACE_STYLE_USAGE(.BOTH.,#6327);
#6115=SURFACE_STYLE_USAGE(.BOTH.,#6328);
#6116=SURFACE_STYLE_USAGE(.BOTH.,#6329);
#6117=SURFACE_STYLE_USAGE(.BOTH.,#6330);
#6118=SURFACE_STYLE_USAGE(.BOTH.,#6331);
#6119=SURFACE_STYLE_USAGE(.BOTH.,#6332);
#6120=SURFACE_STYLE_USAGE(.BOTH.,#6333);
#6121=SURFACE_STYLE_USAGE(.BOTH.,#6334);
#6122=SURFACE_STYLE_USAGE(.BOTH.,#6335);
#6123=SURFACE_STYLE_USAGE(.BOTH.,#6336);
#6124=SURFACE_STYLE_USAGE(.BOTH.,#6337);
#6125=SURFACE_STYLE_USAGE(.BOTH.,#6338);
#6126=SURFACE_STYLE_USAGE(.BOTH.,#6339);
#6127=SURFACE_STYLE_USAGE(.BOTH.,#6340);
#6128=SURFACE_STYLE_USAGE(.BOTH.,#6341);
#6129=SURFACE_STYLE_USAGE(.BOTH.,#6342);
#6130=SURFACE_STYLE_USAGE(.BOTH.,#6343);
#6131=SURFACE_STYLE_USAGE(.BOTH.,#6344);
#6132=SURFACE_STYLE_USAGE(.BOTH.,#6345);
#6133=SURFACE_STYLE_USAGE(.BOTH.,#6346);
#6134=SURFACE_STYLE_USAGE(.BOTH.,#6347);
#6135=SURFACE_STYLE_USAGE(.BOTH.,#6348);
#6136=SURFACE_STYLE_USAGE(.BOTH.,#6349);
#6137=SURFACE_STYLE_USAGE(.BOTH.,#6350);
#6138=SURFACE_STYLE_USAGE(.BOTH.,#6351);
#6139=SURFACE_STYLE_USAGE(.BOTH.,#6352);
#6140=SURFACE_STYLE_USAGE(.BOTH.,#6353);
#6141=SURFACE_STYLE_USAGE(.BOTH.,#6354);
#6142=SURFACE_STYLE_USAGE(.BOTH.,#6355);
#6143=SURFACE_STYLE_USAGE(.BOTH.,#6356);
#6144=SURFACE_STYLE_USAGE(.BOTH.,#6357);
#6145=SURFACE_STYLE_USAGE(.BOTH.,#6358);
#6146=SURFACE_STYLE_USAGE(.BOTH.,#6359);
#6147=SURFACE_STYLE_USAGE(.BOTH.,#6360);
#6148=SURFACE_STYLE_USAGE(.BOTH.,#6361);
#6149=SURFACE_STYLE_USAGE(.BOTH.,#6362);
#6150=SURFACE_STYLE_USAGE(.BOTH.,#6363);
#6151=SURFACE_STYLE_USAGE(.BOTH.,#6364);
#6152=SURFACE_STYLE_USAGE(.BOTH.,#6365);
#6153=SURFACE_STYLE_USAGE(.BOTH.,#6366);
#6154=SURFACE_STYLE_USAGE(.BOTH.,#6367);
#6155=SURFACE_STYLE_USAGE(.BOTH.,#6368);
#6156=SURFACE_STYLE_USAGE(.BOTH.,#6369);
#6157=SURFACE_STYLE_USAGE(.BOTH.,#6370);
#6158=SURFACE_STYLE_USAGE(.BOTH.,#6371);
#6159=SURFACE_STYLE_USAGE(.BOTH.,#6372);
#6160=SURFACE_STYLE_USAGE(.BOTH.,#6373);
#6161=SURFACE_STYLE_USAGE(.BOTH.,#6374);
#6162=SURFACE_STYLE_USAGE(.BOTH.,#6375);
#6163=SURFACE_STYLE_USAGE(.BOTH.,#6376);
#6164=SURFACE_STYLE_USAGE(.BOTH.,#6377);
#6165=SURFACE_STYLE_USAGE(.BOTH.,#6378);
#6166=SURFACE_STYLE_USAGE(.BOTH.,#6379);
#6167=SURFACE_STYLE_USAGE(.BOTH.,#6380);
#6168=SURFACE_STYLE_USAGE(.BOTH.,#6381);
#6169=SURFACE_STYLE_USAGE(.BOTH.,#6382);
#6170=SURFACE_STYLE_USAGE(.BOTH.,#6383);
#6171=SURFACE_STYLE_USAGE(.BOTH.,#6384);
#6172=SURFACE_STYLE_USAGE(.BOTH.,#6385);
#6173=SURFACE_STYLE_USAGE(.BOTH.,#6386);
#6174=SURFACE_STYLE_USAGE(.BOTH.,#6387);
#6175=SURFACE_STYLE_USAGE(.BOTH.,#6388);
#6176=SURFACE_STYLE_USAGE(.BOTH.,#6389);
#6177=SURFACE_STYLE_USAGE(.BOTH.,#6390);
#6178=SURFACE_STYLE_USAGE(.BOTH.,#6391);
#6179=SURFACE_STYLE_USAGE(.BOTH.,#6392);
#6180=SURFACE_STYLE_USAGE(.BOTH.,#6393);
#6181=SURFACE_STYLE_USAGE(.BOTH.,#6394);
#6182=SURFACE_STYLE_USAGE(.BOTH.,#6395);
#6183=SURFACE_STYLE_USAGE(.BOTH.,#6396);
#6184=SURFACE_SIDE_STYLE('',(#6397));
#6185=SURFACE_SIDE_STYLE('',(#6398));
#6186=SURFACE_SIDE_STYLE('',(#6399));
#6187=SURFACE_SIDE_STYLE('',(#6400));
#6188=SURFACE_SIDE_STYLE('',(#6401));
#6189=SURFACE_SIDE_STYLE('',(#6402));
#6190=SURFACE_SIDE_STYLE('',(#6403));
#6191=SURFACE_SIDE_STYLE('',(#6404));
#6192=SURFACE_SIDE_STYLE('',(#6405));
#6193=SURFACE_SIDE_STYLE('',(#6406));
#6194=SURFACE_SIDE_STYLE('',(#6407));
#6195=SURFACE_SIDE_STYLE('',(#6408));
#6196=SURFACE_SIDE_STYLE('',(#6409));
#6197=SURFACE_SIDE_STYLE('',(#6410));
#6198=SURFACE_SIDE_STYLE('',(#6411));
#6199=SURFACE_SIDE_STYLE('',(#6412));
#6200=SURFACE_SIDE_STYLE('',(#6413));
#6201=SURFACE_SIDE_STYLE('',(#6414));
#6202=SURFACE_SIDE_STYLE('',(#6415));
#6203=SURFACE_SIDE_STYLE('',(#6416));
#6204=SURFACE_SIDE_STYLE('',(#6417));
#6205=SURFACE_SIDE_STYLE('',(#6418));
#6206=SURFACE_SIDE_STYLE('',(#6419));
#6207=SURFACE_SIDE_STYLE('',(#6420));
#6208=SURFACE_SIDE_STYLE('',(#6421));
#6209=SURFACE_SIDE_STYLE('',(#6422));
#6210=SURFACE_SIDE_STYLE('',(#6423));
#6211=SURFACE_SIDE_STYLE('',(#6424));
#6212=SURFACE_SIDE_STYLE('',(#6425));
#6213=SURFACE_SIDE_STYLE('',(#6426));
#6214=SURFACE_SIDE_STYLE('',(#6427));
#6215=SURFACE_SIDE_STYLE('',(#6428));
#6216=SURFACE_SIDE_STYLE('',(#6429));
#6217=SURFACE_SIDE_STYLE('',(#6430));
#6218=SURFACE_SIDE_STYLE('',(#6431));
#6219=SURFACE_SIDE_STYLE('',(#6432));
#6220=SURFACE_SIDE_STYLE('',(#6433));
#6221=SURFACE_SIDE_STYLE('',(#6434));
#6222=SURFACE_SIDE_STYLE('',(#6435));
#6223=SURFACE_SIDE_STYLE('',(#6436));
#6224=SURFACE_SIDE_STYLE('',(#6437));
#6225=SURFACE_SIDE_STYLE('',(#6438));
#6226=SURFACE_SIDE_STYLE('',(#6439));
#6227=SURFACE_SIDE_STYLE('',(#6440));
#6228=SURFACE_SIDE_STYLE('',(#6441));
#6229=SURFACE_SIDE_STYLE('',(#6442));
#6230=SURFACE_SIDE_STYLE('',(#6443));
#6231=SURFACE_SIDE_STYLE('',(#6444));
#6232=SURFACE_SIDE_STYLE('',(#6445));
#6233=SURFACE_SIDE_STYLE('',(#6446));
#6234=SURFACE_SIDE_STYLE('',(#6447));
#6235=SURFACE_SIDE_STYLE('',(#6448));
#6236=SURFACE_SIDE_STYLE('',(#6449));
#6237=SURFACE_SIDE_STYLE('',(#6450));
#6238=SURFACE_SIDE_STYLE('',(#6451));
#6239=SURFACE_SIDE_STYLE('',(#6452));
#6240=SURFACE_SIDE_STYLE('',(#6453));
#6241=SURFACE_SIDE_STYLE('',(#6454));
#6242=SURFACE_SIDE_STYLE('',(#6455));
#6243=SURFACE_SIDE_STYLE('',(#6456));
#6244=SURFACE_SIDE_STYLE('',(#6457));
#6245=SURFACE_SIDE_STYLE('',(#6458));
#6246=SURFACE_SIDE_STYLE('',(#6459));
#6247=SURFACE_SIDE_STYLE('',(#6460));
#6248=SURFACE_SIDE_STYLE('',(#6461));
#6249=SURFACE_SIDE_STYLE('',(#6462));
#6250=SURFACE_SIDE_STYLE('',(#6463));
#6251=SURFACE_SIDE_STYLE('',(#6464));
#6252=SURFACE_SIDE_STYLE('',(#6465));
#6253=SURFACE_SIDE_STYLE('',(#6466));
#6254=SURFACE_SIDE_STYLE('',(#6467));
#6255=SURFACE_SIDE_STYLE('',(#6468));
#6256=SURFACE_SIDE_STYLE('',(#6469));
#6257=SURFACE_SIDE_STYLE('',(#6470));
#6258=SURFACE_SIDE_STYLE('',(#6471));
#6259=SURFACE_SIDE_STYLE('',(#6472));
#6260=SURFACE_SIDE_STYLE('',(#6473));
#6261=SURFACE_SIDE_STYLE('',(#6474));
#6262=SURFACE_SIDE_STYLE('',(#6475));
#6263=SURFACE_SIDE_STYLE('',(#6476));
#6264=SURFACE_SIDE_STYLE('',(#6477));
#6265=SURFACE_SIDE_STYLE('',(#6478));
#6266=SURFACE_SIDE_STYLE('',(#6479));
#6267=SURFACE_SIDE_STYLE('',(#6480));
#6268=SURFACE_SIDE_STYLE('',(#6481));
#6269=SURFACE_SIDE_STYLE('',(#6482));
#6270=SURFACE_SIDE_STYLE('',(#6483));
#6271=SURFACE_SIDE_STYLE('',(#6484));
#6272=SURFACE_SIDE_STYLE('',(#6485));
#6273=SURFACE_SIDE_STYLE('',(#6486));
#6274=SURFACE_SIDE_STYLE('',(#6487));
#6275=SURFACE_SIDE_STYLE('',(#6488));
#6276=SURFACE_SIDE_STYLE('',(#6489));
#6277=SURFACE_SIDE_STYLE('',(#6490));
#6278=SURFACE_SIDE_STYLE('',(#6491));
#6279=SURFACE_SIDE_STYLE('',(#6492));
#6280=SURFACE_SIDE_STYLE('',(#6493));
#6281=SURFACE_SIDE_STYLE('',(#6494));
#6282=SURFACE_SIDE_STYLE('',(#6495));
#6283=SURFACE_SIDE_STYLE('',(#6496));
#6284=SURFACE_SIDE_STYLE('',(#6497));
#6285=SURFACE_SIDE_STYLE('',(#6498));
#6286=SURFACE_SIDE_STYLE('',(#6499));
#6287=SURFACE_SIDE_STYLE('',(#6500));
#6288=SURFACE_SIDE_STYLE('',(#6501));
#6289=SURFACE_SIDE_STYLE('',(#6502));
#6290=SURFACE_SIDE_STYLE('',(#6503));
#6291=SURFACE_SIDE_STYLE('',(#6504));
#6292=SURFACE_SIDE_STYLE('',(#6505));
#6293=SURFACE_SIDE_STYLE('',(#6506));
#6294=SURFACE_SIDE_STYLE('',(#6507));
#6295=SURFACE_SIDE_STYLE('',(#6508));
#6296=SURFACE_SIDE_STYLE('',(#6509));
#6297=SURFACE_SIDE_STYLE('',(#6510));
#6298=SURFACE_SIDE_STYLE('',(#6511));
#6299=SURFACE_SIDE_STYLE('',(#6512));
#6300=SURFACE_SIDE_STYLE('',(#6513));
#6301=SURFACE_SIDE_STYLE('',(#6514));
#6302=SURFACE_SIDE_STYLE('',(#6515));
#6303=SURFACE_SIDE_STYLE('',(#6516));
#6304=SURFACE_SIDE_STYLE('',(#6517));
#6305=SURFACE_SIDE_STYLE('',(#6518));
#6306=SURFACE_SIDE_STYLE('',(#6519));
#6307=SURFACE_SIDE_STYLE('',(#6520));
#6308=SURFACE_SIDE_STYLE('',(#6521));
#6309=SURFACE_SIDE_STYLE('',(#6522));
#6310=SURFACE_SIDE_STYLE('',(#6523));
#6311=SURFACE_SIDE_STYLE('',(#6524));
#6312=SURFACE_SIDE_STYLE('',(#6525));
#6313=SURFACE_SIDE_STYLE('',(#6526));
#6314=SURFACE_SIDE_STYLE('',(#6527));
#6315=SURFACE_SIDE_STYLE('',(#6528));
#6316=SURFACE_SIDE_STYLE('',(#6529));
#6317=SURFACE_SIDE_STYLE('',(#6530));
#6318=SURFACE_SIDE_STYLE('',(#6531));
#6319=SURFACE_SIDE_STYLE('',(#6532));
#6320=SURFACE_SIDE_STYLE('',(#6533));
#6321=SURFACE_SIDE_STYLE('',(#6534));
#6322=SURFACE_SIDE_STYLE('',(#6535));
#6323=SURFACE_SIDE_STYLE('',(#6536));
#6324=SURFACE_SIDE_STYLE('',(#6537));
#6325=SURFACE_SIDE_STYLE('',(#6538));
#6326=SURFACE_SIDE_STYLE('',(#6539));
#6327=SURFACE_SIDE_STYLE('',(#6540));
#6328=SURFACE_SIDE_STYLE('',(#6541));
#6329=SURFACE_SIDE_STYLE('',(#6542));
#6330=SURFACE_SIDE_STYLE('',(#6543));
#6331=SURFACE_SIDE_STYLE('',(#6544));
#6332=SURFACE_SIDE_STYLE('',(#6545));
#6333=SURFACE_SIDE_STYLE('',(#6546));
#6334=SURFACE_SIDE_STYLE('',(#6547));
#6335=SURFACE_SIDE_STYLE('',(#6548));
#6336=SURFACE_SIDE_STYLE('',(#6549));
#6337=SURFACE_SIDE_STYLE('',(#6550));
#6338=SURFACE_SIDE_STYLE('',(#6551));
#6339=SURFACE_SIDE_STYLE('',(#6552));
#6340=SURFACE_SIDE_STYLE('',(#6553));
#6341=SURFACE_SIDE_STYLE('',(#6554));
#6342=SURFACE_SIDE_STYLE('',(#6555));
#6343=SURFACE_SIDE_STYLE('',(#6556));
#6344=SURFACE_SIDE_STYLE('',(#6557));
#6345=SURFACE_SIDE_STYLE('',(#6558));
#6346=SURFACE_SIDE_STYLE('',(#6559));
#6347=SURFACE_SIDE_STYLE('',(#6560));
#6348=SURFACE_SIDE_STYLE('',(#6561));
#6349=SURFACE_SIDE_STYLE('',(#6562));
#6350=SURFACE_SIDE_STYLE('',(#6563));
#6351=SURFACE_SIDE_STYLE('',(#6564));
#6352=SURFACE_SIDE_STYLE('',(#6565));
#6353=SURFACE_SIDE_STYLE('',(#6566));
#6354=SURFACE_SIDE_STYLE('',(#6567));
#6355=SURFACE_SIDE_STYLE('',(#6568));
#6356=SURFACE_SIDE_STYLE('',(#6569));
#6357=SURFACE_SIDE_STYLE('',(#6570));
#6358=SURFACE_SIDE_STYLE('',(#6571));
#6359=SURFACE_SIDE_STYLE('',(#6572));
#6360=SURFACE_SIDE_STYLE('',(#6573));
#6361=SURFACE_SIDE_STYLE('',(#6574));
#6362=SURFACE_SIDE_STYLE('',(#6575));
#6363=SURFACE_SIDE_STYLE('',(#6576));
#6364=SURFACE_SIDE_STYLE('',(#6577));
#6365=SURFACE_SIDE_STYLE('',(#6578));
#6366=SURFACE_SIDE_STYLE('',(#6579));
#6367=SURFACE_SIDE_STYLE('',(#6580));
#6368=SURFACE_SIDE_STYLE('',(#6581));
#6369=SURFACE_SIDE_STYLE('',(#6582));
#6370=SURFACE_SIDE_STYLE('',(#6583));
#6371=SURFACE_SIDE_STYLE('',(#6584));
#6372=SURFACE_SIDE_STYLE('',(#6585));
#6373=SURFACE_SIDE_STYLE('',(#6586));
#6374=SURFACE_SIDE_STYLE('',(#6587));
#6375=SURFACE_SIDE_STYLE('',(#6588));
#6376=SURFACE_SIDE_STYLE('',(#6589));
#6377=SURFACE_SIDE_STYLE('',(#6590));
#6378=SURFACE_SIDE_STYLE('',(#6591));
#6379=SURFACE_SIDE_STYLE('',(#6592));
#6380=SURFACE_SIDE_STYLE('',(#6593));
#6381=SURFACE_SIDE_STYLE('',(#6594));
#6382=SURFACE_SIDE_STYLE('',(#6595));
#6383=SURFACE_SIDE_STYLE('',(#6596));
#6384=SURFACE_SIDE_STYLE('',(#6597));
#6385=SURFACE_SIDE_STYLE('',(#6598));
#6386=SURFACE_SIDE_STYLE('',(#6599));
#6387=SURFACE_SIDE_STYLE('',(#6600));
#6388=SURFACE_SIDE_STYLE('',(#6601));
#6389=SURFACE_SIDE_STYLE('',(#6602));
#6390=SURFACE_SIDE_STYLE('',(#6603));
#6391=SURFACE_SIDE_STYLE('',(#6604));
#6392=SURFACE_SIDE_STYLE('',(#6605));
#6393=SURFACE_SIDE_STYLE('',(#6606));
#6394=SURFACE_SIDE_STYLE('',(#6607));
#6395=SURFACE_SIDE_STYLE('',(#6608));
#6396=SURFACE_SIDE_STYLE('',(#6609));
#6397=SURFACE_STYLE_FILL_AREA(#6610);
#6398=SURFACE_STYLE_FILL_AREA(#6611);
#6399=SURFACE_STYLE_FILL_AREA(#6612);
#6400=SURFACE_STYLE_FILL_AREA(#6613);
#6401=SURFACE_STYLE_FILL_AREA(#6614);
#6402=SURFACE_STYLE_FILL_AREA(#6615);
#6403=SURFACE_STYLE_FILL_AREA(#6616);
#6404=SURFACE_STYLE_FILL_AREA(#6617);
#6405=SURFACE_STYLE_FILL_AREA(#6618);
#6406=SURFACE_STYLE_FILL_AREA(#6619);
#6407=SURFACE_STYLE_FILL_AREA(#6620);
#6408=SURFACE_STYLE_FILL_AREA(#6621);
#6409=SURFACE_STYLE_FILL_AREA(#6622);
#6410=SURFACE_STYLE_FILL_AREA(#6623);
#6411=SURFACE_STYLE_FILL_AREA(#6624);
#6412=SURFACE_STYLE_FILL_AREA(#6625);
#6413=SURFACE_STYLE_FILL_AREA(#6626);
#6414=SURFACE_STYLE_FILL_AREA(#6627);
#6415=SURFACE_STYLE_FILL_AREA(#6628);
#6416=SURFACE_STYLE_FILL_AREA(#6629);
#6417=SURFACE_STYLE_FILL_AREA(#6630);
#6418=SURFACE_STYLE_FILL_AREA(#6631);
#6419=SURFACE_STYLE_FILL_AREA(#6632);
#6420=SURFACE_STYLE_FILL_AREA(#6633);
#6421=SURFACE_STYLE_FILL_AREA(#6634);
#6422=SURFACE_STYLE_FILL_AREA(#6635);
#6423=SURFACE_STYLE_FILL_AREA(#6636);
#6424=SURFACE_STYLE_FILL_AREA(#6637);
#6425=SURFACE_STYLE_FILL_AREA(#6638);
#6426=SURFACE_STYLE_FILL_AREA(#6639);
#6427=SURFACE_STYLE_FILL_AREA(#6640);
#6428=SURFACE_STYLE_FILL_AREA(#6641);
#6429=SURFACE_STYLE_FILL_AREA(#6642);
#6430=SURFACE_STYLE_FILL_AREA(#6643);
#6431=SURFACE_STYLE_FILL_AREA(#6644);
#6432=SURFACE_STYLE_FILL_AREA(#6645);
#6433=SURFACE_STYLE_FILL_AREA(#6646);
#6434=SURFACE_STYLE_FILL_AREA(#6647);
#6435=SURFACE_STYLE_FILL_AREA(#6648);
#6436=SURFACE_STYLE_FILL_AREA(#6649);
#6437=SURFACE_STYLE_FILL_AREA(#6650);
#6438=SURFACE_STYLE_FILL_AREA(#6651);
#6439=SURFACE_STYLE_FILL_AREA(#6652);
#6440=SURFACE_STYLE_FILL_AREA(#6653);
#6441=SURFACE_STYLE_FILL_AREA(#6654);
#6442=SURFACE_STYLE_FILL_AREA(#6655);
#6443=SURFACE_STYLE_FILL_AREA(#6656);
#6444=SURFACE_STYLE_FILL_AREA(#6657);
#6445=SURFACE_STYLE_FILL_AREA(#6658);
#6446=SURFACE_STYLE_FILL_AREA(#6659);
#6447=SURFACE_STYLE_FILL_AREA(#6660);
#6448=SURFACE_STYLE_FILL_AREA(#6661);
#6449=SURFACE_STYLE_FILL_AREA(#6662);
#6450=SURFACE_STYLE_FILL_AREA(#6663);
#6451=SURFACE_STYLE_FILL_AREA(#6664);
#6452=SURFACE_STYLE_FILL_AREA(#6665);
#6453=SURFACE_STYLE_FILL_AREA(#6666);
#6454=SURFACE_STYLE_FILL_AREA(#6667);
#6455=SURFACE_STYLE_FILL_AREA(#6668);
#6456=SURFACE_STYLE_FILL_AREA(#6669);
#6457=SURFACE_STYLE_FILL_AREA(#6670);
#6458=SURFACE_STYLE_FILL_AREA(#6671);
#6459=SURFACE_STYLE_FILL_AREA(#6672);
#6460=SURFACE_STYLE_FILL_AREA(#6673);
#6461=SURFACE_STYLE_FILL_AREA(#6674);
#6462=SURFACE_STYLE_FILL_AREA(#6675);
#6463=SURFACE_STYLE_FILL_AREA(#6676);
#6464=SURFACE_STYLE_FILL_AREA(#6677);
#6465=SURFACE_STYLE_FILL_AREA(#6678);
#6466=SURFACE_STYLE_FILL_AREA(#6679);
#6467=SURFACE_STYLE_FILL_AREA(#6680);
#6468=SURFACE_STYLE_FILL_AREA(#6681);
#6469=SURFACE_STYLE_FILL_AREA(#6682);
#6470=SURFACE_STYLE_FILL_AREA(#6683);
#6471=SURFACE_STYLE_FILL_AREA(#6684);
#6472=SURFACE_STYLE_FILL_AREA(#6685);
#6473=SURFACE_STYLE_FILL_AREA(#6686);
#6474=SURFACE_STYLE_FILL_AREA(#6687);
#6475=SURFACE_STYLE_FILL_AREA(#6688);
#6476=SURFACE_STYLE_FILL_AREA(#6689);
#6477=SURFACE_STYLE_FILL_AREA(#6690);
#6478=SURFACE_STYLE_FILL_AREA(#6691);
#6479=SURFACE_STYLE_FILL_AREA(#6692);
#6480=SURFACE_STYLE_FILL_AREA(#6693);
#6481=SURFACE_STYLE_FILL_AREA(#6694);
#6482=SURFACE_STYLE_FILL_AREA(#6695);
#6483=SURFACE_STYLE_FILL_AREA(#6696);
#6484=SURFACE_STYLE_FILL_AREA(#6697);
#6485=SURFACE_STYLE_FILL_AREA(#6698);
#6486=SURFACE_STYLE_FILL_AREA(#6699);
#6487=SURFACE_STYLE_FILL_AREA(#6700);
#6488=SURFACE_STYLE_FILL_AREA(#6701);
#6489=SURFACE_STYLE_FILL_AREA(#6702);
#6490=SURFACE_STYLE_FILL_AREA(#6703);
#6491=SURFACE_STYLE_FILL_AREA(#6704);
#6492=SURFACE_STYLE_FILL_AREA(#6705);
#6493=SURFACE_STYLE_FILL_AREA(#6706);
#6494=SURFACE_STYLE_FILL_AREA(#6707);
#6495=SURFACE_STYLE_FILL_AREA(#6708);
#6496=SURFACE_STYLE_FILL_AREA(#6709);
#6497=SURFACE_STYLE_FILL_AREA(#6710);
#6498=SURFACE_STYLE_FILL_AREA(#6711);
#6499=SURFACE_STYLE_FILL_AREA(#6712);
#6500=SURFACE_STYLE_FILL_AREA(#6713);
#6501=SURFACE_STYLE_FILL_AREA(#6714);
#6502=SURFACE_STYLE_FILL_AREA(#6715);
#6503=SURFACE_STYLE_FILL_AREA(#6716);
#6504=SURFACE_STYLE_FILL_AREA(#6717);
#6505=SURFACE_STYLE_FILL_AREA(#6718);
#6506=SURFACE_STYLE_FILL_AREA(#6719);
#6507=SURFACE_STYLE_FILL_AREA(#6720);
#6508=SURFACE_STYLE_FILL_AREA(#6721);
#6509=SURFACE_STYLE_FILL_AREA(#6722);
#6510=SURFACE_STYLE_FILL_AREA(#6723);
#6511=SURFACE_STYLE_FILL_AREA(#6724);
#6512=SURFACE_STYLE_FILL_AREA(#6725);
#6513=SURFACE_STYLE_FILL_AREA(#6726);
#6514=SURFACE_STYLE_FILL_AREA(#6727);
#6515=SURFACE_STYLE_FILL_AREA(#6728);
#6516=SURFACE_STYLE_FILL_AREA(#6729);
#6517=SURFACE_STYLE_FILL_AREA(#6730);
#6518=SURFACE_STYLE_FILL_AREA(#6731);
#6519=SURFACE_STYLE_FILL_AREA(#6732);
#6520=SURFACE_STYLE_FILL_AREA(#6733);
#6521=SURFACE_STYLE_FILL_AREA(#6734);
#6522=SURFACE_STYLE_FILL_AREA(#6735);
#6523=SURFACE_STYLE_FILL_AREA(#6736);
#6524=SURFACE_STYLE_FILL_AREA(#6737);
#6525=SURFACE_STYLE_FILL_AREA(#6738);
#6526=SURFACE_STYLE_FILL_AREA(#6739);
#6527=SURFACE_STYLE_FILL_AREA(#6740);
#6528=SURFACE_STYLE_FILL_AREA(#6741);
#6529=SURFACE_STYLE_FILL_AREA(#6742);
#6530=SURFACE_STYLE_FILL_AREA(#6743);
#6531=SURFACE_STYLE_FILL_AREA(#6744);
#6532=SURFACE_STYLE_FILL_AREA(#6745);
#6533=SURFACE_STYLE_FILL_AREA(#6746);
#6534=SURFACE_STYLE_FILL_AREA(#6747);
#6535=SURFACE_STYLE_FILL_AREA(#6748);
#6536=SURFACE_STYLE_FILL_AREA(#6749);
#6537=SURFACE_STYLE_FILL_AREA(#6750);
#6538=SURFACE_STYLE_FILL_AREA(#6751);
#6539=SURFACE_STYLE_FILL_AREA(#6752);
#6540=SURFACE_STYLE_FILL_AREA(#6753);
#6541=SURFACE_STYLE_FILL_AREA(#6754);
#6542=SURFACE_STYLE_FILL_AREA(#6755);
#6543=SURFACE_STYLE_FILL_AREA(#6756);
#6544=SURFACE_STYLE_FILL_AREA(#6757);
#6545=SURFACE_STYLE_FILL_AREA(#6758);
#6546=SURFACE_STYLE_FILL_AREA(#6759);
#6547=SURFACE_STYLE_FILL_AREA(#6760);
#6548=SURFACE_STYLE_FILL_AREA(#6761);
#6549=SURFACE_STYLE_FILL_AREA(#6762);
#6550=SURFACE_STYLE_FILL_AREA(#6763);
#6551=SURFACE_STYLE_FILL_AREA(#6764);
#6552=SURFACE_STYLE_FILL_AREA(#6765);
#6553=SURFACE_STYLE_FILL_AREA(#6766);
#6554=SURFACE_STYLE_FILL_AREA(#6767);
#6555=SURFACE_STYLE_FILL_AREA(#6768);
#6556=SURFACE_STYLE_FILL_AREA(#6769);
#6557=SURFACE_STYLE_FILL_AREA(#6770);
#6558=SURFACE_STYLE_FILL_AREA(#6771);
#6559=SURFACE_STYLE_FILL_AREA(#6772);
#6560=SURFACE_STYLE_FILL_AREA(#6773);
#6561=SURFACE_STYLE_FILL_AREA(#6774);
#6562=SURFACE_STYLE_FILL_AREA(#6775);
#6563=SURFACE_STYLE_FILL_AREA(#6776);
#6564=SURFACE_STYLE_FILL_AREA(#6777);
#6565=SURFACE_STYLE_FILL_AREA(#6778);
#6566=SURFACE_STYLE_FILL_AREA(#6779);
#6567=SURFACE_STYLE_FILL_AREA(#6780);
#6568=SURFACE_STYLE_FILL_AREA(#6781);
#6569=SURFACE_STYLE_FILL_AREA(#6782);
#6570=SURFACE_STYLE_FILL_AREA(#6783);
#6571=SURFACE_STYLE_FILL_AREA(#6784);
#6572=SURFACE_STYLE_FILL_AREA(#6785);
#6573=SURFACE_STYLE_FILL_AREA(#6786);
#6574=SURFACE_STYLE_FILL_AREA(#6787);
#6575=SURFACE_STYLE_FILL_AREA(#6788);
#6576=SURFACE_STYLE_FILL_AREA(#6789);
#6577=SURFACE_STYLE_FILL_AREA(#6790);
#6578=SURFACE_STYLE_FILL_AREA(#6791);
#6579=SURFACE_STYLE_FILL_AREA(#6792);
#6580=SURFACE_STYLE_FILL_AREA(#6793);
#6581=SURFACE_STYLE_FILL_AREA(#6794);
#6582=SURFACE_STYLE_FILL_AREA(#6795);
#6583=SURFACE_STYLE_FILL_AREA(#6796);
#6584=SURFACE_STYLE_FILL_AREA(#6797);
#6585=SURFACE_STYLE_FILL_AREA(#6798);
#6586=SURFACE_STYLE_FILL_AREA(#6799);
#6587=SURFACE_STYLE_FILL_AREA(#6800);
#6588=SURFACE_STYLE_FILL_AREA(#6801);
#6589=SURFACE_STYLE_FILL_AREA(#6802);
#6590=SURFACE_STYLE_FILL_AREA(#6803);
#6591=SURFACE_STYLE_FILL_AREA(#6804);
#6592=SURFACE_STYLE_FILL_AREA(#6805);
#6593=SURFACE_STYLE_FILL_AREA(#6806);
#6594=SURFACE_STYLE_FILL_AREA(#6807);
#6595=SURFACE_STYLE_FILL_AREA(#6808);
#6596=SURFACE_STYLE_FILL_AREA(#6809);
#6597=SURFACE_STYLE_FILL_AREA(#6810);
#6598=SURFACE_STYLE_FILL_AREA(#6811);
#6599=SURFACE_STYLE_FILL_AREA(#6812);
#6600=SURFACE_STYLE_FILL_AREA(#6813);
#6601=SURFACE_STYLE_FILL_AREA(#6814);
#6602=SURFACE_STYLE_FILL_AREA(#6815);
#6603=SURFACE_STYLE_FILL_AREA(#6816);
#6604=SURFACE_STYLE_FILL_AREA(#6817);
#6605=SURFACE_STYLE_FILL_AREA(#6818);
#6606=SURFACE_STYLE_FILL_AREA(#6819);
#6607=SURFACE_STYLE_FILL_AREA(#6820);
#6608=SURFACE_STYLE_FILL_AREA(#6821);
#6609=SURFACE_STYLE_FILL_AREA(#6822);
#6610=FILL_AREA_STYLE('',(#6823));
#6611=FILL_AREA_STYLE('',(#6824));
#6612=FILL_AREA_STYLE('',(#6825));
#6613=FILL_AREA_STYLE('',(#6826));
#6614=FILL_AREA_STYLE('',(#6827));
#6615=FILL_AREA_STYLE('',(#6828));
#6616=FILL_AREA_STYLE('',(#6829));
#6617=FILL_AREA_STYLE('',(#6830));
#6618=FILL_AREA_STYLE('',(#6831));
#6619=FILL_AREA_STYLE('',(#6832));
#6620=FILL_AREA_STYLE('',(#6833));
#6621=FILL_AREA_STYLE('',(#6834));
#6622=FILL_AREA_STYLE('',(#6835));
#6623=FILL_AREA_STYLE('',(#6836));
#6624=FILL_AREA_STYLE('',(#6837));
#6625=FILL_AREA_STYLE('',(#6838));
#6626=FILL_AREA_STYLE('',(#6839));
#6627=FILL_AREA_STYLE('',(#6840));
#6628=FILL_AREA_STYLE('',(#6841));
#6629=FILL_AREA_STYLE('',(#6842));
#6630=FILL_AREA_STYLE('',(#6843));
#6631=FILL_AREA_STYLE('',(#6844));
#6632=FILL_AREA_STYLE('',(#6845));
#6633=FILL_AREA_STYLE('',(#6846));
#6634=FILL_AREA_STYLE('',(#6847));
#6635=FILL_AREA_STYLE('',(#6848));
#6636=FILL_AREA_STYLE('',(#6849));
#6637=FILL_AREA_STYLE('',(#6850));
#6638=FILL_AREA_STYLE('',(#6851));
#6639=FILL_AREA_STYLE('',(#6852));
#6640=FILL_AREA_STYLE('',(#6853));
#6641=FILL_AREA_STYLE('',(#6854));
#6642=FILL_AREA_STYLE('',(#6855));
#6643=FILL_AREA_STYLE('',(#6856));
#6644=FILL_AREA_STYLE('',(#6857));
#6645=FILL_AREA_STYLE('',(#6858));
#6646=FILL_AREA_STYLE('',(#6859));
#6647=FILL_AREA_STYLE('',(#6860));
#6648=FILL_AREA_STYLE('',(#6861));
#6649=FILL_AREA_STYLE('',(#6862));
#6650=FILL_AREA_STYLE('',(#6863));
#6651=FILL_AREA_STYLE('',(#6864));
#6652=FILL_AREA_STYLE('',(#6865));
#6653=FILL_AREA_STYLE('',(#6866));
#6654=FILL_AREA_STYLE('',(#6867));
#6655=FILL_AREA_STYLE('',(#6868));
#6656=FILL_AREA_STYLE('',(#6869));
#6657=FILL_AREA_STYLE('',(#6870));
#6658=FILL_AREA_STYLE('',(#6871));
#6659=FILL_AREA_STYLE('',(#6872));
#6660=FILL_AREA_STYLE('',(#6873));
#6661=FILL_AREA_STYLE('',(#6874));
#6662=FILL_AREA_STYLE('',(#6875));
#6663=FILL_AREA_STYLE('',(#6876));
#6664=FILL_AREA_STYLE('',(#6877));
#6665=FILL_AREA_STYLE('',(#6878));
#6666=FILL_AREA_STYLE('',(#6879));
#6667=FILL_AREA_STYLE('',(#6880));
#6668=FILL_AREA_STYLE('',(#6881));
#6669=FILL_AREA_STYLE('',(#6882));
#6670=FILL_AREA_STYLE('',(#6883));
#6671=FILL_AREA_STYLE('',(#6884));
#6672=FILL_AREA_STYLE('',(#6885));
#6673=FILL_AREA_STYLE('',(#6886));
#6674=FILL_AREA_STYLE('',(#6887));
#6675=FILL_AREA_STYLE('',(#6888));
#6676=FILL_AREA_STYLE('',(#6889));
#6677=FILL_AREA_STYLE('',(#6890));
#6678=FILL_AREA_STYLE('',(#6891));
#6679=FILL_AREA_STYLE('',(#6892));
#6680=FILL_AREA_STYLE('',(#6893));
#6681=FILL_AREA_STYLE('',(#6894));
#6682=FILL_AREA_STYLE('',(#6895));
#6683=FILL_AREA_STYLE('',(#6896));
#6684=FILL_AREA_STYLE('',(#6897));
#6685=FILL_AREA_STYLE('',(#6898));
#6686=FILL_AREA_STYLE('',(#6899));
#6687=FILL_AREA_STYLE('',(#6900));
#6688=FILL_AREA_STYLE('',(#6901));
#6689=FILL_AREA_STYLE('',(#6902));
#6690=FILL_AREA_STYLE('',(#6903));
#6691=FILL_AREA_STYLE('',(#6904));
#6692=FILL_AREA_STYLE('',(#6905));
#6693=FILL_AREA_STYLE('',(#6906));
#6694=FILL_AREA_STYLE('',(#6907));
#6695=FILL_AREA_STYLE('',(#6908));
#6696=FILL_AREA_STYLE('',(#6909));
#6697=FILL_AREA_STYLE('',(#6910));
#6698=FILL_AREA_STYLE('',(#6911));
#6699=FILL_AREA_STYLE('',(#6912));
#6700=FILL_AREA_STYLE('',(#6913));
#6701=FILL_AREA_STYLE('',(#6914));
#6702=FILL_AREA_STYLE('',(#6915));
#6703=FILL_AREA_STYLE('',(#6916));
#6704=FILL_AREA_STYLE('',(#6917));
#6705=FILL_AREA_STYLE('',(#6918));
#6706=FILL_AREA_STYLE('',(#6919));
#6707=FILL_AREA_STYLE('',(#6920));
#6708=FILL_AREA_STYLE('',(#6921));
#6709=FILL_AREA_STYLE('',(#6922));
#6710=FILL_AREA_STYLE('',(#6923));
#6711=FILL_AREA_STYLE('',(#6924));
#6712=FILL_AREA_STYLE('',(#6925));
#6713=FILL_AREA_STYLE('',(#6926));
#6714=FILL_AREA_STYLE('',(#6927));
#6715=FILL_AREA_STYLE('',(#6928));
#6716=FILL_AREA_STYLE('',(#6929));
#6717=FILL_AREA_STYLE('',(#6930));
#6718=FILL_AREA_STYLE('',(#6931));
#6719=FILL_AREA_STYLE('',(#6932));
#6720=FILL_AREA_STYLE('',(#6933));
#6721=FILL_AREA_STYLE('',(#6934));
#6722=FILL_AREA_STYLE('',(#6935));
#6723=FILL_AREA_STYLE('',(#6936));
#6724=FILL_AREA_STYLE('',(#6937));
#6725=FILL_AREA_STYLE('',(#6938));
#6726=FILL_AREA_STYLE('',(#6939));
#6727=FILL_AREA_STYLE('',(#6940));
#6728=FILL_AREA_STYLE('',(#6941));
#6729=FILL_AREA_STYLE('',(#6942));
#6730=FILL_AREA_STYLE('',(#6943));
#6731=FILL_AREA_STYLE('',(#6944));
#6732=FILL_AREA_STYLE('',(#6945));
#6733=FILL_AREA_STYLE('',(#6946));
#6734=FILL_AREA_STYLE('',(#6947));
#6735=FILL_AREA_STYLE('',(#6948));
#6736=FILL_AREA_STYLE('',(#6949));
#6737=FILL_AREA_STYLE('',(#6950));
#6738=FILL_AREA_STYLE('',(#6951));
#6739=FILL_AREA_STYLE('',(#6952));
#6740=FILL_AREA_STYLE('',(#6953));
#6741=FILL_AREA_STYLE('',(#6954));
#6742=FILL_AREA_STYLE('',(#6955));
#6743=FILL_AREA_STYLE('',(#6956));
#6744=FILL_AREA_STYLE('',(#6957));
#6745=FILL_AREA_STYLE('',(#6958));
#6746=FILL_AREA_STYLE('',(#6959));
#6747=FILL_AREA_STYLE('',(#6960));
#6748=FILL_AREA_STYLE('',(#6961));
#6749=FILL_AREA_STYLE('',(#6962));
#6750=FILL_AREA_STYLE('',(#6963));
#6751=FILL_AREA_STYLE('',(#6964));
#6752=FILL_AREA_STYLE('',(#6965));
#6753=FILL_AREA_STYLE('',(#6966));
#6754=FILL_AREA_STYLE('',(#6967));
#6755=FILL_AREA_STYLE('',(#6968));
#6756=FILL_AREA_STYLE('',(#6969));
#6757=FILL_AREA_STYLE('',(#6970));
#6758=FILL_AREA_STYLE('',(#6971));
#6759=FILL_AREA_STYLE('',(#6972));
#6760=FILL_AREA_STYLE('',(#6973));
#6761=FILL_AREA_STYLE('',(#6974));
#6762=FILL_AREA_STYLE('',(#6975));
#6763=FILL_AREA_STYLE('',(#6976));
#6764=FILL_AREA_STYLE('',(#6977));
#6765=FILL_AREA_STYLE('',(#6978));
#6766=FILL_AREA_STYLE('',(#6979));
#6767=FILL_AREA_STYLE('',(#6980));
#6768=FILL_AREA_STYLE('',(#6981));
#6769=FILL_AREA_STYLE('',(#6982));
#6770=FILL_AREA_STYLE('',(#6983));
#6771=FILL_AREA_STYLE('',(#6984));
#6772=FILL_AREA_STYLE('',(#6985));
#6773=FILL_AREA_STYLE('',(#6986));
#6774=FILL_AREA_STYLE('',(#6987));
#6775=FILL_AREA_STYLE('',(#6988));
#6776=FILL_AREA_STYLE('',(#6989));
#6777=FILL_AREA_STYLE('',(#6990));
#6778=FILL_AREA_STYLE('',(#6991));
#6779=FILL_AREA_STYLE('',(#6992));
#6780=FILL_AREA_STYLE('',(#6993));
#6781=FILL_AREA_STYLE('',(#6994));
#6782=FILL_AREA_STYLE('',(#6995));
#6783=FILL_AREA_STYLE('',(#6996));
#6784=FILL_AREA_STYLE('',(#6997));
#6785=FILL_AREA_STYLE('',(#6998));
#6786=FILL_AREA_STYLE('',(#6999));
#6787=FILL_AREA_STYLE('',(#7000));
#6788=FILL_AREA_STYLE('',(#7001));
#6789=FILL_AREA_STYLE('',(#7002));
#6790=FILL_AREA_STYLE('',(#7003));
#6791=FILL_AREA_STYLE('',(#7004));
#6792=FILL_AREA_STYLE('',(#7005));
#6793=FILL_AREA_STYLE('',(#7006));
#6794=FILL_AREA_STYLE('',(#7007));
#6795=FILL_AREA_STYLE('',(#7008));
#6796=FILL_AREA_STYLE('',(#7009));
#6797=FILL_AREA_STYLE('',(#7010));
#6798=FILL_AREA_STYLE('',(#7011));
#6799=FILL_AREA_STYLE('',(#7012));
#6800=FILL_AREA_STYLE('',(#7013));
#6801=FILL_AREA_STYLE('',(#7014));
#6802=FILL_AREA_STYLE('',(#7015));
#6803=FILL_AREA_STYLE('',(#7016));
#6804=FILL_AREA_STYLE('',(#7017));
#6805=FILL_AREA_STYLE('',(#7018));
#6806=FILL_AREA_STYLE('',(#7019));
#6807=FILL_AREA_STYLE('',(#7020));
#6808=FILL_AREA_STYLE('',(#7021));
#6809=FILL_AREA_STYLE('',(#7022));
#6810=FILL_AREA_STYLE('',(#7023));
#6811=FILL_AREA_STYLE('',(#7024));
#6812=FILL_AREA_STYLE('',(#7025));
#6813=FILL_AREA_STYLE('',(#7026));
#6814=FILL_AREA_STYLE('',(#7027));
#6815=FILL_AREA_STYLE('',(#7028));
#6816=FILL_AREA_STYLE('',(#7029));
#6817=FILL_AREA_STYLE('',(#7030));
#6818=FILL_AREA_STYLE('',(#7031));
#6819=FILL_AREA_STYLE('',(#7032));
#6820=FILL_AREA_STYLE('',(#7033));
#6821=FILL_AREA_STYLE('',(#7034));
#6822=FILL_AREA_STYLE('',(#7035));
#6823=FILL_AREA_STYLE_COLOUR('',#7036);
#6824=FILL_AREA_STYLE_COLOUR('',#7037);
#6825=FILL_AREA_STYLE_COLOUR('',#7037);
#6826=FILL_AREA_STYLE_COLOUR('',#7037);
#6827=FILL_AREA_STYLE_COLOUR('',#7037);
#6828=FILL_AREA_STYLE_COLOUR('',#7037);
#6829=FILL_AREA_STYLE_COLOUR('',#7037);
#6830=FILL_AREA_STYLE_COLOUR('',#7037);
#6831=FILL_AREA_STYLE_COLOUR('',#7037);
#6832=FILL_AREA_STYLE_COLOUR('',#7037);
#6833=FILL_AREA_STYLE_COLOUR('',#7037);
#6834=FILL_AREA_STYLE_COLOUR('',#7037);
#6835=FILL_AREA_STYLE_COLOUR('',#7037);
#6836=FILL_AREA_STYLE_COLOUR('',#7037);
#6837=FILL_AREA_STYLE_COLOUR('',#7037);
#6838=FILL_AREA_STYLE_COLOUR('',#7037);
#6839=FILL_AREA_STYLE_COLOUR('',#7037);
#6840=FILL_AREA_STYLE_COLOUR('',#7037);
#6841=FILL_AREA_STYLE_COLOUR('',#7037);
#6842=FILL_AREA_STYLE_COLOUR('',#7037);
#6843=FILL_AREA_STYLE_COLOUR('',#7037);
#6844=FILL_AREA_STYLE_COLOUR('',#7037);
#6845=FILL_AREA_STYLE_COLOUR('',#7037);
#6846=FILL_AREA_STYLE_COLOUR('',#7037);
#6847=FILL_AREA_STYLE_COLOUR('',#7037);
#6848=FILL_AREA_STYLE_COLOUR('',#7037);
#6849=FILL_AREA_STYLE_COLOUR('',#7037);
#6850=FILL_AREA_STYLE_COLOUR('',#7037);
#6851=FILL_AREA_STYLE_COLOUR('',#7037);
#6852=FILL_AREA_STYLE_COLOUR('',#7037);
#6853=FILL_AREA_STYLE_COLOUR('',#7037);
#6854=FILL_AREA_STYLE_COLOUR('',#7037);
#6855=FILL_AREA_STYLE_COLOUR('',#7037);
#6856=FILL_AREA_STYLE_COLOUR('',#7037);
#6857=FILL_AREA_STYLE_COLOUR('',#7037);
#6858=FILL_AREA_STYLE_COLOUR('',#7037);
#6859=FILL_AREA_STYLE_COLOUR('',#7037);
#6860=FILL_AREA_STYLE_COLOUR('',#7037);
#6861=FILL_AREA_STYLE_COLOUR('',#7037);
#6862=FILL_AREA_STYLE_COLOUR('',#7037);
#6863=FILL_AREA_STYLE_COLOUR('',#7037);
#6864=FILL_AREA_STYLE_COLOUR('',#7037);
#6865=FILL_AREA_STYLE_COLOUR('',#7037);
#6866=FILL_AREA_STYLE_COLOUR('',#7037);
#6867=FILL_AREA_STYLE_COLOUR('',#7037);
#6868=FILL_AREA_STYLE_COLOUR('',#7037);
#6869=FILL_AREA_STYLE_COLOUR('',#7037);
#6870=FILL_AREA_STYLE_COLOUR('',#7037);
#6871=FILL_AREA_STYLE_COLOUR('',#7037);
#6872=FILL_AREA_STYLE_COLOUR('',#7037);
#6873=FILL_AREA_STYLE_COLOUR('',#7037);
#6874=FILL_AREA_STYLE_COLOUR('',#7037);
#6875=FILL_AREA_STYLE_COLOUR('',#7037);
#6876=FILL_AREA_STYLE_COLOUR('',#7037);
#6877=FILL_AREA_STYLE_COLOUR('',#7037);
#6878=FILL_AREA_STYLE_COLOUR('',#7037);
#6879=FILL_AREA_STYLE_COLOUR('',#7037);
#6880=FILL_AREA_STYLE_COLOUR('',#7037);
#6881=FILL_AREA_STYLE_COLOUR('',#7037);
#6882=FILL_AREA_STYLE_COLOUR('',#7037);
#6883=FILL_AREA_STYLE_COLOUR('',#7037);
#6884=FILL_AREA_STYLE_COLOUR('',#7037);
#6885=FILL_AREA_STYLE_COLOUR('',#7037);
#6886=FILL_AREA_STYLE_COLOUR('',#7037);
#6887=FILL_AREA_STYLE_COLOUR('',#7037);
#6888=FILL_AREA_STYLE_COLOUR('',#7037);
#6889=FILL_AREA_STYLE_COLOUR('',#7037);
#6890=FILL_AREA_STYLE_COLOUR('',#7037);
#6891=FILL_AREA_STYLE_COLOUR('',#7037);
#6892=FILL_AREA_STYLE_COLOUR('',#7037);
#6893=FILL_AREA_STYLE_COLOUR('',#7037);
#6894=FILL_AREA_STYLE_COLOUR('',#7037);
#6895=FILL_AREA_STYLE_COLOUR('',#7037);
#6896=FILL_AREA_STYLE_COLOUR('',#7037);
#6897=FILL_AREA_STYLE_COLOUR('',#7037);
#6898=FILL_AREA_STYLE_COLOUR('',#7037);
#6899=FILL_AREA_STYLE_COLOUR('',#7037);
#6900=FILL_AREA_STYLE_COLOUR('',#7037);
#6901=FILL_AREA_STYLE_COLOUR('',#7037);
#6902=FILL_AREA_STYLE_COLOUR('',#7037);
#6903=FILL_AREA_STYLE_COLOUR('',#7037);
#6904=FILL_AREA_STYLE_COLOUR('',#7037);
#6905=FILL_AREA_STYLE_COLOUR('',#7037);
#6906=FILL_AREA_STYLE_COLOUR('',#7037);
#6907=FILL_AREA_STYLE_COLOUR('',#7037);
#6908=FILL_AREA_STYLE_COLOUR('',#7037);
#6909=FILL_AREA_STYLE_COLOUR('',#7037);
#6910=FILL_AREA_STYLE_COLOUR('',#7037);
#6911=FILL_AREA_STYLE_COLOUR('',#7037);
#6912=FILL_AREA_STYLE_COLOUR('',#7037);
#6913=FILL_AREA_STYLE_COLOUR('',#7037);
#6914=FILL_AREA_STYLE_COLOUR('',#7037);
#6915=FILL_AREA_STYLE_COLOUR('',#7037);
#6916=FILL_AREA_STYLE_COLOUR('',#7037);
#6917=FILL_AREA_STYLE_COLOUR('',#7037);
#6918=FILL_AREA_STYLE_COLOUR('',#7037);
#6919=FILL_AREA_STYLE_COLOUR('',#7037);
#6920=FILL_AREA_STYLE_COLOUR('',#7037);
#6921=FILL_AREA_STYLE_COLOUR('',#7037);
#6922=FILL_AREA_STYLE_COLOUR('',#7037);
#6923=FILL_AREA_STYLE_COLOUR('',#7037);
#6924=FILL_AREA_STYLE_COLOUR('',#7037);
#6925=FILL_AREA_STYLE_COLOUR('',#7037);
#6926=FILL_AREA_STYLE_COLOUR('',#7037);
#6927=FILL_AREA_STYLE_COLOUR('',#7037);
#6928=FILL_AREA_STYLE_COLOUR('',#7037);
#6929=FILL_AREA_STYLE_COLOUR('',#7037);
#6930=FILL_AREA_STYLE_COLOUR('',#7037);
#6931=FILL_AREA_STYLE_COLOUR('',#7037);
#6932=FILL_AREA_STYLE_COLOUR('',#7037);
#6933=FILL_AREA_STYLE_COLOUR('',#7037);
#6934=FILL_AREA_STYLE_COLOUR('',#7037);
#6935=FILL_AREA_STYLE_COLOUR('',#7037);
#6936=FILL_AREA_STYLE_COLOUR('',#7037);
#6937=FILL_AREA_STYLE_COLOUR('',#7037);
#6938=FILL_AREA_STYLE_COLOUR('',#7037);
#6939=FILL_AREA_STYLE_COLOUR('',#7037);
#6940=FILL_AREA_STYLE_COLOUR('',#7037);
#6941=FILL_AREA_STYLE_COLOUR('',#7037);
#6942=FILL_AREA_STYLE_COLOUR('',#7037);
#6943=FILL_AREA_STYLE_COLOUR('',#7037);
#6944=FILL_AREA_STYLE_COLOUR('',#7037);
#6945=FILL_AREA_STYLE_COLOUR('',#7037);
#6946=FILL_AREA_STYLE_COLOUR('',#7037);
#6947=FILL_AREA_STYLE_COLOUR('',#7037);
#6948=FILL_AREA_STYLE_COLOUR('',#7037);
#6949=FILL_AREA_STYLE_COLOUR('',#7037);
#6950=FILL_AREA_STYLE_COLOUR('',#7036);
#6951=FILL_AREA_STYLE_COLOUR('',#7036);
#6952=FILL_AREA_STYLE_COLOUR('',#7036);
#6953=FILL_AREA_STYLE_COLOUR('',#7036);
#6954=FILL_AREA_STYLE_COLOUR('',#7036);
#6955=FILL_AREA_STYLE_COLOUR('',#7036);
#6956=FILL_AREA_STYLE_COLOUR('',#7036);
#6957=FILL_AREA_STYLE_COLOUR('',#7036);
#6958=FILL_AREA_STYLE_COLOUR('',#7036);
#6959=FILL_AREA_STYLE_COLOUR('',#7036);
#6960=FILL_AREA_STYLE_COLOUR('',#7036);
#6961=FILL_AREA_STYLE_COLOUR('',#7036);
#6962=FILL_AREA_STYLE_COLOUR('',#7036);
#6963=FILL_AREA_STYLE_COLOUR('',#7036);
#6964=FILL_AREA_STYLE_COLOUR('',#7036);
#6965=FILL_AREA_STYLE_COLOUR('',#7036);
#6966=FILL_AREA_STYLE_COLOUR('',#7036);
#6967=FILL_AREA_STYLE_COLOUR('',#7036);
#6968=FILL_AREA_STYLE_COLOUR('',#7036);
#6969=FILL_AREA_STYLE_COLOUR('',#7036);
#6970=FILL_AREA_STYLE_COLOUR('',#7036);
#6971=FILL_AREA_STYLE_COLOUR('',#7036);
#6972=FILL_AREA_STYLE_COLOUR('',#7036);
#6973=FILL_AREA_STYLE_COLOUR('',#7036);
#6974=FILL_AREA_STYLE_COLOUR('',#7036);
#6975=FILL_AREA_STYLE_COLOUR('',#7036);
#6976=FILL_AREA_STYLE_COLOUR('',#7036);
#6977=FILL_AREA_STYLE_COLOUR('',#7036);
#6978=FILL_AREA_STYLE_COLOUR('',#7036);
#6979=FILL_AREA_STYLE_COLOUR('',#7036);
#6980=FILL_AREA_STYLE_COLOUR('',#7036);
#6981=FILL_AREA_STYLE_COLOUR('',#7036);
#6982=FILL_AREA_STYLE_COLOUR('',#7036);
#6983=FILL_AREA_STYLE_COLOUR('',#7036);
#6984=FILL_AREA_STYLE_COLOUR('',#7036);
#6985=FILL_AREA_STYLE_COLOUR('',#7036);
#6986=FILL_AREA_STYLE_COLOUR('',#7036);
#6987=FILL_AREA_STYLE_COLOUR('',#7036);
#6988=FILL_AREA_STYLE_COLOUR('',#7036);
#6989=FILL_AREA_STYLE_COLOUR('',#7036);
#6990=FILL_AREA_STYLE_COLOUR('',#7036);
#6991=FILL_AREA_STYLE_COLOUR('',#7036);
#6992=FILL_AREA_STYLE_COLOUR('',#7036);
#6993=FILL_AREA_STYLE_COLOUR('',#7036);
#6994=FILL_AREA_STYLE_COLOUR('',#7036);
#6995=FILL_AREA_STYLE_COLOUR('',#7036);
#6996=FILL_AREA_STYLE_COLOUR('',#7036);
#6997=FILL_AREA_STYLE_COLOUR('',#7036);
#6998=FILL_AREA_STYLE_COLOUR('',#7036);
#6999=FILL_AREA_STYLE_COLOUR('',#7036);
#7000=FILL_AREA_STYLE_COLOUR('',#7036);
#7001=FILL_AREA_STYLE_COLOUR('',#7036);
#7002=FILL_AREA_STYLE_COLOUR('',#7036);
#7003=FILL_AREA_STYLE_COLOUR('',#7036);
#7004=FILL_AREA_STYLE_COLOUR('',#7036);
#7005=FILL_AREA_STYLE_COLOUR('',#7036);
#7006=FILL_AREA_STYLE_COLOUR('',#7036);
#7007=FILL_AREA_STYLE_COLOUR('',#7036);
#7008=FILL_AREA_STYLE_COLOUR('',#7036);
#7009=FILL_AREA_STYLE_COLOUR('',#7036);
#7010=FILL_AREA_STYLE_COLOUR('',#7036);
#7011=FILL_AREA_STYLE_COLOUR('',#7036);
#7012=FILL_AREA_STYLE_COLOUR('',#7036);
#7013=FILL_AREA_STYLE_COLOUR('',#7036);
#7014=FILL_AREA_STYLE_COLOUR('',#7036);
#7015=FILL_AREA_STYLE_COLOUR('',#7036);
#7016=FILL_AREA_STYLE_COLOUR('',#7036);
#7017=FILL_AREA_STYLE_COLOUR('',#7036);
#7018=FILL_AREA_STYLE_COLOUR('',#7036);
#7019=FILL_AREA_STYLE_COLOUR('',#7036);
#7020=FILL_AREA_STYLE_COLOUR('',#7036);
#7021=FILL_AREA_STYLE_COLOUR('',#7036);
#7022=FILL_AREA_STYLE_COLOUR('',#7036);
#7023=FILL_AREA_STYLE_COLOUR('',#7036);
#7024=FILL_AREA_STYLE_COLOUR('',#7036);
#7025=FILL_AREA_STYLE_COLOUR('',#7036);
#7026=FILL_AREA_STYLE_COLOUR('',#7036);
#7027=FILL_AREA_STYLE_COLOUR('',#7036);
#7028=FILL_AREA_STYLE_COLOUR('',#7036);
#7029=FILL_AREA_STYLE_COLOUR('',#7036);
#7030=FILL_AREA_STYLE_COLOUR('',#7036);
#7031=FILL_AREA_STYLE_COLOUR('',#7036);
#7032=FILL_AREA_STYLE_COLOUR('',#7036);
#7033=FILL_AREA_STYLE_COLOUR('',#7036);
#7034=FILL_AREA_STYLE_COLOUR('',#7036);
#7035=FILL_AREA_STYLE_COLOUR('',#7036);
#7036=DRAUGHTING_PRE_DEFINED_COLOUR('white');
#7037=DRAUGHTING_PRE_DEFINED_COLOUR('black');
#7038=MANIFOLD_SOLID_BREP('Part 2',#5754);
#7039=MANIFOLD_SOLID_BREP('Part 1',#5755);
#7040=SHAPE_DEFINITION_REPRESENTATION(#11004,#7042);
#7041=SHAPE_DEFINITION_REPRESENTATION(#11005,#7043);
#7042=SHAPE_REPRESENTATION('Part 2',(#7044),#10994);
#7043=SHAPE_REPRESENTATION('Part 1',(#7137),#10995);
#7044=AXIS2_PLACEMENT_3D('',#8333,#7282,#7283);
#7045=AXIS2_PLACEMENT_3D('',#8334,#7284,#7285);
#7046=AXIS2_PLACEMENT_3D('',#8589,#7321,#7322);
#7047=AXIS2_PLACEMENT_3D('',#8591,#7323,#7324);
#7048=AXIS2_PLACEMENT_3D('',#8641,#7349,#7350);
#7049=AXIS2_PLACEMENT_3D('',#8647,#7354,#7355);
#7050=AXIS2_PLACEMENT_3D('',#8651,#7358,#7359);
#7051=AXIS2_PLACEMENT_3D('',#8655,#7362,#7363);
#7052=AXIS2_PLACEMENT_3D('',#8661,#7367,#7368);
#7053=AXIS2_PLACEMENT_3D('',#8665,#7371,#7372);
#7054=AXIS2_PLACEMENT_3D('',#8669,#7375,#7376);
#7055=AXIS2_PLACEMENT_3D('',#8670,#7377,#7378);
#7056=AXIS2_PLACEMENT_3D('',#8672,#7379,#7380);
#7057=AXIS2_PLACEMENT_3D('',#8673,#7381,#7382);
#7058=AXIS2_PLACEMENT_3D('',#8675,#7383,#7384);
#7059=AXIS2_PLACEMENT_3D('',#8677,#7386,#7387);
#7060=AXIS2_PLACEMENT_3D('',#8679,#7389,#7390);
#7061=AXIS2_PLACEMENT_3D('',#8734,#7395,#7396);
#7062=AXIS2_PLACEMENT_3D('',#8740,#7400,#7401);
#7063=AXIS2_PLACEMENT_3D('',#8800,#7409,#7410);
#7064=AXIS2_PLACEMENT_3D('',#8806,#7414,#7415);
#7065=AXIS2_PLACEMENT_3D('',#8812,#7419,#7420);
#7066=AXIS2_PLACEMENT_3D('',#8911,#7432,#7433);
#7067=AXIS2_PLACEMENT_3D('',#8915,#7436,#7437);
#7068=AXIS2_PLACEMENT_3D('',#8919,#7440,#7441);
#7069=AXIS2_PLACEMENT_3D('',#8948,#7444,#7445);
#7070=AXIS2_PLACEMENT_3D('',#8951,#7448,#7449);
#7071=AXIS2_PLACEMENT_3D('',#8952,#7450,#7451);
#7072=AXIS2_PLACEMENT_3D('',#8994,#7456,#7457);
#7073=AXIS2_PLACEMENT_3D('',#8998,#7460,#7461);
#7074=AXIS2_PLACEMENT_3D('',#9002,#7464,#7465);
#7075=AXIS2_PLACEMENT_3D('',#9058,#7472,#7473);
#7076=AXIS2_PLACEMENT_3D('',#9062,#7476,#7477);
#7077=AXIS2_PLACEMENT_3D('',#9066,#7480,#7481);
#7078=AXIS2_PLACEMENT_3D('',#9081,#7484,#7485);
#7079=AXIS2_PLACEMENT_3D('',#9082,#7486,#7487);
#7080=AXIS2_PLACEMENT_3D('',#9088,#7491,#7492);
#7081=AXIS2_PLACEMENT_3D('',#9092,#7495,#7496);
#7082=AXIS2_PLACEMENT_3D('',#9096,#7499,#7500);
#7083=AXIS2_PLACEMENT_3D('',#9100,#7503,#7504);
#7084=AXIS2_PLACEMENT_3D('',#9104,#7507,#7508);
#7085=AXIS2_PLACEMENT_3D('',#9106,#7510,#7511);
#7086=AXIS2_PLACEMENT_3D('',#9200,#7520,#7521);
#7087=AXIS2_PLACEMENT_3D('',#9308,#7532,#7533);
#7088=AXIS2_PLACEMENT_3D('',#9310,#7535,#7536);
#7089=AXIS2_PLACEMENT_3D('',#9311,#7537,#7538);
#7090=AXIS2_PLACEMENT_3D('',#9317,#7542,#7543);
#7091=AXIS2_PLACEMENT_3D('',#9321,#7546,#7547);
#7092=AXIS2_PLACEMENT_3D('',#9325,#7550,#7551);
#7093=AXIS2_PLACEMENT_3D('',#9329,#7554,#7555);
#7094=AXIS2_PLACEMENT_3D('',#9333,#7558,#7559);
#7095=AXIS2_PLACEMENT_3D('',#9337,#7562,#7563);
#7096=AXIS2_PLACEMENT_3D('',#9341,#7566,#7567);
#7097=AXIS2_PLACEMENT_3D('',#9345,#7570,#7571);
#7098=AXIS2_PLACEMENT_3D('',#9349,#7574,#7575);
#7099=AXIS2_PLACEMENT_3D('',#9353,#7578,#7579);
#7100=AXIS2_PLACEMENT_3D('',#9357,#7582,#7583);
#7101=AXIS2_PLACEMENT_3D('',#9359,#7585,#7586);
#7102=AXIS2_PLACEMENT_3D('',#9453,#7595,#7596);
#7103=AXIS2_PLACEMENT_3D('',#9561,#7607,#7608);
#7104=AXIS2_PLACEMENT_3D('',#9563,#7610,#7611);
#7105=AXIS2_PLACEMENT_3D('',#9564,#7612,#7613);
#7106=AXIS2_PLACEMENT_3D('',#9573,#7618,#7619);
#7107=AXIS2_PLACEMENT_3D('',#9579,#7623,#7624);
#7108=AXIS2_PLACEMENT_3D('',#9585,#7628,#7629);
#7109=AXIS2_PLACEMENT_3D('',#9591,#7633,#7634);
#7110=AXIS2_PLACEMENT_3D('',#9614,#7639,#7640);
#7111=AXIS2_PLACEMENT_3D('',#9620,#7644,#7645);
#7112=AXIS2_PLACEMENT_3D('',#9624,#7648,#7649);
#7113=AXIS2_PLACEMENT_3D('',#9628,#7652,#7653);
#7114=AXIS2_PLACEMENT_3D('',#9632,#7656,#7657);
#7115=AXIS2_PLACEMENT_3D('',#9636,#7660,#7661);
#7116=AXIS2_PLACEMENT_3D('',#9640,#7664,#7665);
#7117=AXIS2_PLACEMENT_3D('',#9644,#7668,#7669);
#7118=AXIS2_PLACEMENT_3D('',#9646,#7671,#7672);
#7119=AXIS2_PLACEMENT_3D('',#9647,#7673,#7674);
#7120=AXIS2_PLACEMENT_3D('',#9648,#7675,#7676);
#7121=AXIS2_PLACEMENT_3D('',#9649,#7677,#7678);
#7122=AXIS2_PLACEMENT_3D('',#9650,#7679,#7680);
#7123=AXIS2_PLACEMENT_3D('',#9656,#7684,#7685);
#7124=AXIS2_PLACEMENT_3D('',#9660,#7688,#7689);
#7125=AXIS2_PLACEMENT_3D('',#9664,#7692,#7693);
#7126=AXIS2_PLACEMENT_3D('',#9668,#7696,#7697);
#7127=AXIS2_PLACEMENT_3D('',#9672,#7700,#7701);
#7128=AXIS2_PLACEMENT_3D('',#9676,#7704,#7705);
#7129=AXIS2_PLACEMENT_3D('',#9680,#7708,#7709);
#7130=AXIS2_PLACEMENT_3D('',#9684,#7712,#7713);
#7131=AXIS2_PLACEMENT_3D('',#9688,#7716,#7717);
#7132=AXIS2_PLACEMENT_3D('',#9692,#7720,#7721);
#7133=AXIS2_PLACEMENT_3D('',#9696,#7724,#7725);
#7134=AXIS2_PLACEMENT_3D('',#9698,#7727,#7728);
#7135=AXIS2_PLACEMENT_3D('',#9699,#7729,#7730);
#7136=AXIS2_PLACEMENT_3D('',#9700,#7731,#7732);
#7137=AXIS2_PLACEMENT_3D('',#9701,#7733,#7734);
#7138=AXIS2_PLACEMENT_3D('',#9702,#7735,#7736);
#7139=AXIS2_PLACEMENT_3D('',#9713,#7739,#7740);
#7140=AXIS2_PLACEMENT_3D('',#9720,#7741,#7742);
#7141=AXIS2_PLACEMENT_3D('',#9771,#7755,#7756);
#7142=AXIS2_PLACEMENT_3D('',#9810,#7763,#7764);
#7143=AXIS2_PLACEMENT_3D('',#9836,#7767,#7768);
#7144=AXIS2_PLACEMENT_3D('',#9840,#7770,#7771);
#7145=AXIS2_PLACEMENT_3D('',#9843,#7773,#7774);
#7146=AXIS2_PLACEMENT_3D('',#9949,#7789,#7790);
#7147=AXIS2_PLACEMENT_3D('',#9980,#7796,#7797);
#7148=AXIS2_PLACEMENT_3D('',#9997,#7806,#7807);
#7149=AXIS2_PLACEMENT_3D('',#10054,#7836,#7837);
#7150=AXIS2_PLACEMENT_3D('',#10092,#7857,#7858);
#7151=AXIS2_PLACEMENT_3D('',#10106,#7866,#7867);
#7152=AXIS2_PLACEMENT_3D('',#10133,#7882,#7883);
#7153=AXIS2_PLACEMENT_3D('',#10152,#7894,#7895);
#7154=AXIS2_PLACEMENT_3D('',#10163,#7902,#7903);
#7155=AXIS2_PLACEMENT_3D('',#10166,#7906,#7907);
#7156=AXIS2_PLACEMENT_3D('',#10167,#7908,#7909);
#7157=AXIS2_PLACEMENT_3D('',#10169,#7910,#7911);
#7158=AXIS2_PLACEMENT_3D('',#10179,#7917,#7918);
#7159=AXIS2_PLACEMENT_3D('',#10188,#7924,#7925);
#7160=AXIS2_PLACEMENT_3D('',#10192,#7928,#7929);
#7161=AXIS2_PLACEMENT_3D('',#10196,#7932,#7933);
#7162=AXIS2_PLACEMENT_3D('',#10198,#7935,#7936);
#7163=AXIS2_PLACEMENT_3D('',#10200,#7938,#7939);
#7164=AXIS2_PLACEMENT_3D('',#10206,#7943,#7944);
#7165=AXIS2_PLACEMENT_3D('',#10209,#7947,#7948);
#7166=AXIS2_PLACEMENT_3D('',#10210,#7949,#7950);
#7167=AXIS2_PLACEMENT_3D('',#10212,#7951,#7952);
#7168=AXIS2_PLACEMENT_3D('',#10214,#7953,#7954);
#7169=AXIS2_PLACEMENT_3D('',#10215,#7955,#7956);
#7170=AXIS2_PLACEMENT_3D('',#10216,#7957,#7958);
#7171=AXIS2_PLACEMENT_3D('',#10222,#7962,#7963);
#7172=AXIS2_PLACEMENT_3D('',#10223,#7964,#7965);
#7173=AXIS2_PLACEMENT_3D('',#10226,#7967,#7968);
#7174=AXIS2_PLACEMENT_3D('',#10227,#7969,#7970);
#7175=AXIS2_PLACEMENT_3D('',#10230,#7972,#7973);
#7176=AXIS2_PLACEMENT_3D('',#10231,#7974,#7975);
#7177=AXIS2_PLACEMENT_3D('',#10232,#7976,#7977);
#7178=AXIS2_PLACEMENT_3D('',#10238,#7981,#7982);
#7179=AXIS2_PLACEMENT_3D('',#10241,#7985,#7986);
#7180=AXIS2_PLACEMENT_3D('',#10242,#7987,#7988);
#7181=AXIS2_PLACEMENT_3D('',#10244,#7989,#7990);
#7182=AXIS2_PLACEMENT_3D('',#10246,#7991,#7992);
#7183=AXIS2_PLACEMENT_3D('',#10247,#7993,#7994);
#7184=AXIS2_PLACEMENT_3D('',#10248,#7995,#7996);
#7185=AXIS2_PLACEMENT_3D('',#10254,#8000,#8001);
#7186=AXIS2_PLACEMENT_3D('',#10257,#8004,#8005);
#7187=AXIS2_PLACEMENT_3D('',#10258,#8006,#8007);
#7188=AXIS2_PLACEMENT_3D('',#10260,#8008,#8009);
#7189=AXIS2_PLACEMENT_3D('',#10262,#8010,#8011);
#7190=AXIS2_PLACEMENT_3D('',#10263,#8012,#8013);
#7191=AXIS2_PLACEMENT_3D('',#10264,#8014,#8015);
#7192=AXIS2_PLACEMENT_3D('',#10265,#8016,#8017);
#7193=AXIS2_PLACEMENT_3D('',#10267,#8018,#8019);
#7194=AXIS2_PLACEMENT_3D('',#10268,#8020,#8021);
#7195=AXIS2_PLACEMENT_3D('',#10269,#8022,#8023);
#7196=AXIS2_PLACEMENT_3D('',#10271,#8024,#8025);
#7197=AXIS2_PLACEMENT_3D('',#10272,#8026,#8027);
#7198=AXIS2_PLACEMENT_3D('',#10273,#8028,#8029);
#7199=AXIS2_PLACEMENT_3D('',#10274,#8030,#8031);
#7200=AXIS2_PLACEMENT_3D('',#10277,#8034,#8035);
#7201=AXIS2_PLACEMENT_3D('',#10279,#8037,#8038);
#7202=AXIS2_PLACEMENT_3D('',#10281,#8040,#8041);
#7203=AXIS2_PLACEMENT_3D('',#10282,#8042,#8043);
#7204=AXIS2_PLACEMENT_3D('',#10285,#8046,#8047);
#7205=AXIS2_PLACEMENT_3D('',#10287,#8049,#8050);
#7206=AXIS2_PLACEMENT_3D('',#10289,#8052,#8053);
#7207=AXIS2_PLACEMENT_3D('',#10290,#8054,#8055);
#7208=AXIS2_PLACEMENT_3D('',#10293,#8058,#8059);
#7209=AXIS2_PLACEMENT_3D('',#10295,#8061,#8062);
#7210=AXIS2_PLACEMENT_3D('',#10297,#8064,#8065);
#7211=AXIS2_PLACEMENT_3D('',#10298,#8066,#8067);
#7212=AXIS2_PLACEMENT_3D('',#10301,#8070,#8071);
#7213=AXIS2_PLACEMENT_3D('',#10303,#8073,#8074);
#7214=AXIS2_PLACEMENT_3D('',#10305,#8076,#8077);
#7215=AXIS2_PLACEMENT_3D('',#10306,#8078,#8079);
#7216=AXIS2_PLACEMENT_3D('',#10309,#8082,#8083);
#7217=AXIS2_PLACEMENT_3D('',#10311,#8085,#8086);
#7218=AXIS2_PLACEMENT_3D('',#10313,#8088,#8089);
#7219=AXIS2_PLACEMENT_3D('',#10314,#8090,#8091);
#7220=AXIS2_PLACEMENT_3D('',#10317,#8094,#8095);
#7221=AXIS2_PLACEMENT_3D('',#10319,#8097,#8098);
#7222=AXIS2_PLACEMENT_3D('',#10321,#8100,#8101);
#7223=AXIS2_PLACEMENT_3D('',#10322,#8102,#8103);
#7224=AXIS2_PLACEMENT_3D('',#10328,#8107,#8108);
#7225=AXIS2_PLACEMENT_3D('',#10331,#8110,#8111);
#7226=AXIS2_PLACEMENT_3D('',#10346,#8113,#8114);
#7227=AXIS2_PLACEMENT_3D('',#10349,#8116,#8117);
#7228=AXIS2_PLACEMENT_3D('',#10350,#8118,#8119);
#7229=AXIS2_PLACEMENT_3D('',#10366,#8122,#8123);
#7230=AXIS2_PLACEMENT_3D('',#10367,#8124,#8125);
#7231=AXIS2_PLACEMENT_3D('',#10387,#8130,#8131);
#7232=AXIS2_PLACEMENT_3D('',#10391,#8134,#8135);
#7233=AXIS2_PLACEMENT_3D('',#10394,#8137,#8138);
#7234=AXIS2_PLACEMENT_3D('',#10395,#8139,#8140);
#7235=AXIS2_PLACEMENT_3D('',#10413,#8144,#8145);
#7236=AXIS2_PLACEMENT_3D('',#10431,#8149,#8150);
#7237=AXIS2_PLACEMENT_3D('',#10461,#8154,#8155);
#7238=AXIS2_PLACEMENT_3D('',#10462,#8156,#8157);
#7239=AXIS2_PLACEMENT_3D('',#10482,#8162,#8163);
#7240=AXIS2_PLACEMENT_3D('',#10500,#8167,#8168);
#7241=AXIS2_PLACEMENT_3D('',#10518,#8172,#8173);
#7242=AXIS2_PLACEMENT_3D('',#10534,#8176,#8177);
#7243=AXIS2_PLACEMENT_3D('',#10535,#8178,#8179);
#7244=AXIS2_PLACEMENT_3D('',#10555,#8184,#8185);
#7245=AXIS2_PLACEMENT_3D('',#10559,#8188,#8189);
#7246=AXIS2_PLACEMENT_3D('',#10562,#8191,#8192);
#7247=AXIS2_PLACEMENT_3D('',#10563,#8193,#8194);
#7248=AXIS2_PLACEMENT_3D('',#10567,#8197,#8198);
#7249=AXIS2_PLACEMENT_3D('',#10570,#8200,#8201);
#7250=AXIS2_PLACEMENT_3D('',#10571,#8202,#8203);
#7251=AXIS2_PLACEMENT_3D('',#10603,#8208,#8209);
#7252=AXIS2_PLACEMENT_3D('',#10635,#8214,#8215);
#7253=AXIS2_PLACEMENT_3D('',#10636,#8216,#8217);
#7254=AXIS2_PLACEMENT_3D('',#10637,#8218,#8219);
#7255=AXIS2_PLACEMENT_3D('',#10638,#8220,#8221);
#7256=AXIS2_PLACEMENT_3D('',#10644,#8225,#8226);
#7257=AXIS2_PLACEMENT_3D('',#10647,#8228,#8229);
#7258=AXIS2_PLACEMENT_3D('',#10648,#8230,#8231);
#7259=AXIS2_PLACEMENT_3D('',#10666,#8235,#8236);
#7260=AXIS2_PLACEMENT_3D('',#10684,#8240,#8241);
#7261=AXIS2_PLACEMENT_3D('',#10700,#8244,#8245);
#7262=AXIS2_PLACEMENT_3D('',#10701,#8246,#8247);
#7263=AXIS2_PLACEMENT_3D('',#10721,#8252,#8253);
#7264=AXIS2_PLACEMENT_3D('',#10737,#8256,#8257);
#7265=AXIS2_PLACEMENT_3D('',#10738,#8258,#8259);
#7266=AXIS2_PLACEMENT_3D('',#10744,#8263,#8264);
#7267=AXIS2_PLACEMENT_3D('',#10762,#8268,#8269);
#7268=AXIS2_PLACEMENT_3D('',#10780,#8273,#8274);
#7269=AXIS2_PLACEMENT_3D('',#10784,#8277,#8278);
#7270=AXIS2_PLACEMENT_3D('',#10788,#8281,#8282);
#7271=AXIS2_PLACEMENT_3D('',#10791,#8284,#8285);
#7272=AXIS2_PLACEMENT_3D('',#10806,#8287,#8288);
#7273=AXIS2_PLACEMENT_3D('',#10824,#8292,#8293);
#7274=AXIS2_PLACEMENT_3D('',#10842,#8297,#8298);
#7275=AXIS2_PLACEMENT_3D('',#10846,#8301,#8302);
#7276=AXIS2_PLACEMENT_3D('',#10892,#8308,#8309);
#7277=AXIS2_PLACEMENT_3D('',#10938,#8315,#8316);
#7278=AXIS2_PLACEMENT_3D('',#10954,#8319,#8320);
#7279=AXIS2_PLACEMENT_3D('',#10955,#8321,#8322);
#7280=AXIS2_PLACEMENT_3D('',#10975,#8327,#8328);
#7281=AXIS2_PLACEMENT_3D('',#10991,#8331,#8332);
#7282=DIRECTION('',(0.,0.,1.));
#7283=DIRECTION('',(1.,0.,0.));
#7284=DIRECTION('',(0.,0.,1.));
#7285=DIRECTION('',(1.,0.,0.));
#7286=DIRECTION('',(0.935608980466417,-0.353038008818585,0.));
#7287=DIRECTION('',(-0.964681627046001,-0.263418599267175,0.));
#7288=DIRECTION('',(-1.,0.,0.));
#7289=DIRECTION('',(-0.615961533374384,0.787776230539535,0.));
#7290=DIRECTION('',(-0.794357832977196,-0.607450107570797,0.));
#7291=DIRECTION('',(0.,-1.,0.));
#7292=DIRECTION('',(-1.,0.,0.));
#7293=DIRECTION('',(-2.16937448808227E-16,1.,0.));
#7294=DIRECTION('',(1.,0.,0.));
#7295=DIRECTION('',(0.,-1.,0.));
#7296=DIRECTION('',(0.704793958291016,0.709412063864495,0.));
#7297=DIRECTION('',(1.,0.,0.));
#7298=DIRECTION('',(-0.71068699955556,-0.703508342994392,0.));
#7299=DIRECTION('',(0.625107028490341,-0.780539046385237,0.));
#7300=DIRECTION('',(0.935608980466417,-0.353038008818586,0.));
#7301=DIRECTION('',(-0.964681627046001,-0.263418599267174,0.));
#7302=DIRECTION('',(-1.,-1.45384412039973E-16,0.));
#7303=DIRECTION('',(0.,1.,0.));
#7304=DIRECTION('',(1.,0.,0.));
#7305=DIRECTION('',(0.,-1.,0.));
#7306=DIRECTION('',(1.,2.0211078863788E-16,0.));
#7307=DIRECTION('',(0.,-1.,0.));
#7308=DIRECTION('',(0.,1.,0.));
#7309=DIRECTION('',(1.,0.,0.));
#7310=DIRECTION('',(0.,-1.,0.));
#7311=DIRECTION('',(0.,1.,0.));
#7312=DIRECTION('',(1.,0.,0.));
#7313=DIRECTION('',(0.,-1.,0.));
#7314=DIRECTION('',(-1.,-2.16789738334685E-16,0.));
#7315=DIRECTION('',(0.,1.,0.));
#7316=DIRECTION('',(1.,0.,0.));
#7317=DIRECTION('',(0.,-1.,0.));
#7318=DIRECTION('',(1.,4.12483064183374E-16,0.));
#7319=DIRECTION('',(0.,-1.,0.));
#7320=DIRECTION('',(1.,3.66651612607444E-16,0.));
#7321=DIRECTION('',(0.,0.,1.));
#7322=DIRECTION('',(1.,0.,0.));
#7323=DIRECTION('',(0.,0.,1.));
#7324=DIRECTION('',(1.,0.,0.));
#7325=DIRECTION('',(1.,1.46699659702056E-16,0.));
#7326=DIRECTION('',(2.37889935373608E-16,-1.,0.));
#7327=DIRECTION('',(1.,1.46699659702056E-16,0.));
#7328=DIRECTION('',(2.37889935373608E-16,-1.,0.));
#7329=DIRECTION('',(-1.,0.,0.));
#7330=DIRECTION('',(-0.328292656975926,0.944576059073957,0.));
#7331=DIRECTION('',(-1.,0.,0.));
#7332=DIRECTION('',(-0.328292656975926,-0.944576059073957,0.));
#7333=DIRECTION('',(-1.,0.,0.));
#7334=DIRECTION('',(0.342856301459447,0.939387862679495,0.));
#7335=DIRECTION('',(1.,0.,0.));
#7336=DIRECTION('',(0.341537384580202,-0.939868190191644,0.));
#7337=DIRECTION('',(-1.,0.,0.));
#7338=DIRECTION('',(0.,1.,0.));
#7339=DIRECTION('',(-1.,0.,0.));
#7340=DIRECTION('',(0.,-1.,0.));
#7341=DIRECTION('',(-1.,0.,0.));
#7342=DIRECTION('',(0.,1.,0.));
#7343=DIRECTION('',(1.,0.,0.));
#7344=DIRECTION('',(0.,-1.,0.));
#7345=DIRECTION('',(1.,0.,0.));
#7346=DIRECTION('',(0.,1.,0.));
#7347=DIRECTION('',(1.,0.,0.));
#7348=DIRECTION('',(0.,-1.,0.));
#7349=DIRECTION('',(-1.46699659702056E-16,1.,0.));
#7350=DIRECTION('',(-1.,-1.46699659702056E-16,0.));
#7351=DIRECTION('',(1.,1.46699659702056E-16,0.));
#7352=DIRECTION('',(0.,0.,-1.));
#7353=DIRECTION('',(0.,0.,-1.));
#7354=DIRECTION('',(1.,2.37889935373608E-16,0.));
#7355=DIRECTION('',(-2.37889935373608E-16,1.,0.));
#7356=DIRECTION('',(2.37889935373608E-16,-1.,0.));
#7357=DIRECTION('',(0.,0.,-1.));
#7358=DIRECTION('',(-1.46699659702056E-16,1.,0.));
#7359=DIRECTION('',(-1.,-1.46699659702056E-16,0.));
#7360=DIRECTION('',(1.,1.46699659702056E-16,0.));
#7361=DIRECTION('',(0.,0.,-1.));
#7362=DIRECTION('',(1.,0.,0.));
#7363=DIRECTION('',(0.,0.,-1.));
#7364=DIRECTION('',(0.,-1.,0.));
#7365=DIRECTION('',(0.,0.,-1.));
#7366=DIRECTION('',(0.,0.,-1.));
#7367=DIRECTION('',(-4.12483064183374E-16,1.,0.));
#7368=DIRECTION('',(-1.,-4.12483064183374E-16,0.));
#7369=DIRECTION('',(1.,4.12483064183374E-16,0.));
#7370=DIRECTION('',(0.,0.,-1.));
#7371=DIRECTION('',(1.,0.,0.));
#7372=DIRECTION('',(0.,0.,-1.));
#7373=DIRECTION('',(0.,-1.,0.));
#7374=DIRECTION('',(0.,0.,-1.));
#7375=DIRECTION('',(0.,0.,-1.));
#7376=DIRECTION('',(-1.,0.,0.));
#7377=DIRECTION('',(0.,0.,1.));
#7378=DIRECTION('',(1.,0.,0.));
#7379=DIRECTION('',(0.,0.,-1.));
#7380=DIRECTION('',(-1.,0.,0.));
#7381=DIRECTION('',(0.,0.,1.));
#7382=DIRECTION('',(1.,0.,0.));
#7383=DIRECTION('',(-3.66651612607444E-16,1.,0.));
#7384=DIRECTION('',(-1.,-3.66651612607444E-16,0.));
#7385=DIRECTION('',(1.,3.66651612607444E-16,0.));
#7386=DIRECTION('',(1.,2.37889935373608E-16,0.));
#7387=DIRECTION('',(-2.37889935373608E-16,1.,0.));
#7388=DIRECTION('',(2.37889935373608E-16,-1.,0.));
#7389=DIRECTION('',(0.,0.,1.));
#7390=DIRECTION('',(1.,0.,0.));
#7391=DIRECTION('',(0.,0.,-1.));
#7392=DIRECTION('',(0.,0.,-1.));
#7393=DIRECTION('',(0.,0.,-1.));
#7394=DIRECTION('',(0.,0.,-1.));
#7395=DIRECTION('',(0.,1.,0.));
#7396=DIRECTION('',(0.,0.,1.));
#7397=DIRECTION('',(1.,0.,0.));
#7398=DIRECTION('',(0.,0.,-1.));
#7399=DIRECTION('',(1.,0.,0.));
#7400=DIRECTION('',(1.,0.,0.));
#7401=DIRECTION('',(0.,0.,-1.));
#7402=DIRECTION('',(0.,-1.,0.));
#7403=DIRECTION('',(0.,0.,-1.));
#7404=DIRECTION('',(0.,-1.,0.));
#7405=DIRECTION('',(0.,0.,-1.));
#7406=DIRECTION('',(0.,0.,-1.));
#7407=DIRECTION('',(0.,0.,-1.));
#7408=DIRECTION('',(0.,0.,-1.));
#7409=DIRECTION('',(0.,1.,0.));
#7410=DIRECTION('',(0.,0.,1.));
#7411=DIRECTION('',(1.,0.,0.));
#7412=DIRECTION('',(0.,0.,-1.));
#7413=DIRECTION('',(1.,0.,0.));
#7414=DIRECTION('',(1.,0.,0.));
#7415=DIRECTION('',(0.,0.,-1.));
#7416=DIRECTION('',(0.,-1.,0.));
#7417=DIRECTION('',(0.,0.,-1.));
#7418=DIRECTION('',(0.,-1.,0.));
#7419=DIRECTION('',(0.,-1.,0.));
#7420=DIRECTION('',(0.,0.,-1.));
#7421=DIRECTION('',(-1.,0.,0.));
#7422=DIRECTION('',(0.,0.,-1.));
#7423=DIRECTION('',(-1.,0.,0.));
#7424=DIRECTION('',(0.,0.,-1.));
#7425=DIRECTION('',(0.,0.,-1.));
#7426=DIRECTION('',(0.,0.,-1.));
#7427=DIRECTION('',(0.,0.,-1.));
#7428=DIRECTION('',(0.,0.,-1.));
#7429=DIRECTION('',(0.,0.,-1.));
#7430=DIRECTION('',(0.,0.,-1.));
#7431=DIRECTION('',(0.,0.,-1.));
#7432=DIRECTION('',(0.,1.,0.));
#7433=DIRECTION('',(0.,0.,1.));
#7434=DIRECTION('',(0.,0.,-1.));
#7435=DIRECTION('',(1.,0.,0.));
#7436=DIRECTION('',(-1.,0.,0.));
#7437=DIRECTION('',(0.,0.,1.));
#7438=DIRECTION('',(0.,0.,-1.));
#7439=DIRECTION('',(0.,1.,0.));
#7440=DIRECTION('',(2.16789738334685E-16,-1.,0.));
#7441=DIRECTION('',(1.,2.16789738334685E-16,0.));
#7442=DIRECTION('',(0.,0.,-1.));
#7443=DIRECTION('',(-1.,-2.16789738334685E-16,0.));
#7444=DIRECTION('',(0.,-1.,0.));
#7445=DIRECTION('',(0.,0.,-1.));
#7446=DIRECTION('',(-1.,0.,0.));
#7447=DIRECTION('',(-1.,0.,0.));
#7448=DIRECTION('',(0.,0.,1.));
#7449=DIRECTION('',(1.,0.,0.));
#7450=DIRECTION('',(0.,0.,1.));
#7451=DIRECTION('',(1.,0.,0.));
#7452=DIRECTION('',(0.,0.,-1.));
#7453=DIRECTION('',(0.,0.,-1.));
#7454=DIRECTION('',(0.,0.,-1.));
#7455=DIRECTION('',(0.,0.,-1.));
#7456=DIRECTION('',(1.,0.,0.));
#7457=DIRECTION('',(0.,0.,-1.));
#7458=DIRECTION('',(0.,0.,-1.));
#7459=DIRECTION('',(0.,-1.,0.));
#7460=DIRECTION('',(0.,1.,0.));
#7461=DIRECTION('',(0.,0.,1.));
#7462=DIRECTION('',(0.,0.,-1.));
#7463=DIRECTION('',(1.,0.,0.));
#7464=DIRECTION('',(-1.,0.,0.));
#7465=DIRECTION('',(0.,0.,1.));
#7466=DIRECTION('',(0.,0.,-1.));
#7467=DIRECTION('',(0.,1.,0.));
#7468=DIRECTION('',(0.,0.,-1.));
#7469=DIRECTION('',(0.,0.,-1.));
#7470=DIRECTION('',(0.,0.,-1.));
#7471=DIRECTION('',(0.,0.,-1.));
#7472=DIRECTION('',(1.,0.,0.));
#7473=DIRECTION('',(0.,0.,-1.));
#7474=DIRECTION('',(0.,0.,-1.));
#7475=DIRECTION('',(0.,-1.,0.));
#7476=DIRECTION('',(0.,1.,0.));
#7477=DIRECTION('',(0.,0.,1.));
#7478=DIRECTION('',(0.,0.,-1.));
#7479=DIRECTION('',(1.,0.,0.));
#7480=DIRECTION('',(-1.,0.,0.));
#7481=DIRECTION('',(0.,0.,1.));
#7482=DIRECTION('',(0.,0.,-1.));
#7483=DIRECTION('',(0.,1.,0.));
#7484=DIRECTION('',(0.,0.,1.));
#7485=DIRECTION('',(1.,0.,0.));
#7486=DIRECTION('',(-1.,0.,0.));
#7487=DIRECTION('',(0.,0.,1.));
#7488=DIRECTION('',(0.,0.,-1.));
#7489=DIRECTION('',(0.,1.,0.));
#7490=DIRECTION('',(0.,0.,-1.));
#7491=DIRECTION('',(1.45384412039973E-16,-1.,0.));
#7492=DIRECTION('',(1.,1.45384412039973E-16,0.));
#7493=DIRECTION('',(0.,0.,-1.));
#7494=DIRECTION('',(-1.,-1.45384412039973E-16,0.));
#7495=DIRECTION('',(1.,0.,0.));
#7496=DIRECTION('',(0.,0.,-1.));
#7497=DIRECTION('',(0.,0.,-1.));
#7498=DIRECTION('',(0.,-1.,0.));
#7499=DIRECTION('',(-2.0211078863788E-16,1.,0.));
#7500=DIRECTION('',(-1.,-2.0211078863788E-16,0.));
#7501=DIRECTION('',(0.,0.,-1.));
#7502=DIRECTION('',(1.,2.0211078863788E-16,0.));
#7503=DIRECTION('',(1.,0.,0.));
#7504=DIRECTION('',(0.,0.,-1.));
#7505=DIRECTION('',(0.,0.,-1.));
#7506=DIRECTION('',(0.,-1.,0.));
#7507=DIRECTION('',(0.,1.,0.));
#7508=DIRECTION('',(0.,0.,1.));
#7509=DIRECTION('',(1.,0.,0.));
#7510=DIRECTION('',(0.,0.,1.));
#7511=DIRECTION('',(1.,0.,0.));
#7512=DIRECTION('',(0.,0.,-1.));
#7513=DIRECTION('',(0.,0.,-1.));
#7514=DIRECTION('',(0.,0.,-1.));
#7515=DIRECTION('',(0.,0.,-1.));
#7516=DIRECTION('',(0.,0.,-1.));
#7517=DIRECTION('',(0.,0.,-1.));
#7518=DIRECTION('',(0.,0.,-1.));
#7519=DIRECTION('',(0.,0.,-1.));
#7520=DIRECTION('',(0.263418599267174,-0.964681627046001,0.));
#7521=DIRECTION('',(0.964681627046001,0.263418599267174,0.));
#7522=DIRECTION('',(0.,0.,-1.));
#7523=DIRECTION('',(-0.964681627046001,-0.263418599267174,0.));
#7524=DIRECTION('',(0.,0.,-1.));
#7525=DIRECTION('',(0.,0.,-1.));
#7526=DIRECTION('',(0.,0.,-1.));
#7527=DIRECTION('',(0.,0.,-1.));
#7528=DIRECTION('',(0.,0.,-1.));
#7529=DIRECTION('',(0.,0.,-1.));
#7530=DIRECTION('',(0.,0.,-1.));
#7531=DIRECTION('',(0.,0.,-1.));
#7532=DIRECTION('',(0.353038008818586,0.935608980466417,0.));
#7533=DIRECTION('',(-0.935608980466417,0.353038008818586,0.));
#7534=DIRECTION('',(0.935608980466417,-0.353038008818586,0.));
#7535=DIRECTION('',(0.,0.,1.));
#7536=DIRECTION('',(1.,0.,0.));
#7537=DIRECTION('',(-0.787776230539534,-0.615961533374384,0.));
#7538=DIRECTION('',(0.615961533374384,-0.787776230539534,0.));
#7539=DIRECTION('',(0.,0.,-1.));
#7540=DIRECTION('',(-0.615961533374384,0.787776230539535,0.));
#7541=DIRECTION('',(0.,0.,-1.));
#7542=DIRECTION('',(0.,-1.,0.));
#7543=DIRECTION('',(0.,0.,-1.));
#7544=DIRECTION('',(0.,0.,-1.));
#7545=DIRECTION('',(-1.,0.,0.));
#7546=DIRECTION('',(0.780539046385237,0.625107028490341,0.));
#7547=DIRECTION('',(-0.625107028490341,0.780539046385237,0.));
#7548=DIRECTION('',(0.,0.,-1.));
#7549=DIRECTION('',(0.625107028490341,-0.780539046385237,0.));
#7550=DIRECTION('',(0.703508342994392,-0.71068699955556,0.));
#7551=DIRECTION('',(0.71068699955556,0.703508342994392,0.));
#7552=DIRECTION('',(0.,0.,-1.));
#7553=DIRECTION('',(-0.71068699955556,-0.703508342994392,0.));
#7554=DIRECTION('',(0.,1.,0.));
#7555=DIRECTION('',(0.,0.,1.));
#7556=DIRECTION('',(0.,0.,-1.));
#7557=DIRECTION('',(1.,0.,0.));
#7558=DIRECTION('',(-0.709412063864495,0.704793958291016,0.));
#7559=DIRECTION('',(-0.704793958291016,-0.709412063864495,0.));
#7560=DIRECTION('',(0.,0.,-1.));
#7561=DIRECTION('',(0.704793958291016,0.709412063864495,0.));
#7562=DIRECTION('',(1.,0.,0.));
#7563=DIRECTION('',(0.,0.,-1.));
#7564=DIRECTION('',(0.,0.,-1.));
#7565=DIRECTION('',(0.,-1.,0.));
#7566=DIRECTION('',(0.,1.,0.));
#7567=DIRECTION('',(0.,0.,1.));
#7568=DIRECTION('',(0.,0.,-1.));
#7569=DIRECTION('',(1.,0.,0.));
#7570=DIRECTION('',(-1.,-2.16937448808227E-16,0.));
#7571=DIRECTION('',(2.16937448808227E-16,-1.,0.));
#7572=DIRECTION('',(0.,0.,-1.));
#7573=DIRECTION('',(-2.16937448808227E-16,1.,0.));
#7574=DIRECTION('',(0.,-1.,0.));
#7575=DIRECTION('',(0.,0.,-1.));
#7576=DIRECTION('',(0.,0.,-1.));
#7577=DIRECTION('',(-1.,0.,0.));
#7578=DIRECTION('',(1.,0.,0.));
#7579=DIRECTION('',(0.,0.,-1.));
#7580=DIRECTION('',(0.,0.,-1.));
#7581=DIRECTION('',(0.,-1.,0.));
#7582=DIRECTION('',(0.607450107570797,-0.794357832977196,0.));
#7583=DIRECTION('',(0.794357832977196,0.607450107570797,0.));
#7584=DIRECTION('',(-0.794357832977196,-0.607450107570797,0.));
#7585=DIRECTION('',(0.,0.,1.));
#7586=DIRECTION('',(1.,0.,0.));
#7587=DIRECTION('',(0.,0.,-1.));
#7588=DIRECTION('',(0.,0.,-1.));
#7589=DIRECTION('',(0.,0.,-1.));
#7590=DIRECTION('',(0.,0.,-1.));
#7591=DIRECTION('',(0.,0.,-1.));
#7592=DIRECTION('',(0.,0.,-1.));
#7593=DIRECTION('',(0.,0.,-1.));
#7594=DIRECTION('',(0.,0.,-1.));
#7595=DIRECTION('',(0.263418599267175,-0.964681627046001,0.));
#7596=DIRECTION('',(0.964681627046001,0.263418599267175,0.));
#7597=DIRECTION('',(0.,0.,-1.));
#7598=DIRECTION('',(-0.964681627046001,-0.263418599267175,0.));
#7599=DIRECTION('',(0.,0.,-1.));
#7600=DIRECTION('',(0.,0.,-1.));
#7601=DIRECTION('',(0.,0.,-1.));
#7602=DIRECTION('',(0.,0.,-1.));
#7603=DIRECTION('',(0.,0.,-1.));
#7604=DIRECTION('',(0.,0.,-1.));
#7605=DIRECTION('',(0.,0.,-1.));
#7606=DIRECTION('',(0.,0.,-1.));
#7607=DIRECTION('',(0.353038008818585,0.935608980466417,0.));
#7608=DIRECTION('',(-0.935608980466417,0.353038008818585,0.));
#7609=DIRECTION('',(0.935608980466417,-0.353038008818585,0.));
#7610=DIRECTION('',(0.,0.,1.));
#7611=DIRECTION('',(1.,0.,0.));
#7612=DIRECTION('',(0.967617272396843,-0.252421897147005,0.));
#7613=DIRECTION('',(0.252421897147005,0.967617272396843,0.));
#7614=DIRECTION('',(-0.252421897147005,-0.967617272396843,0.));
#7615=DIRECTION('',(0.,0.,-1.));
#7616=DIRECTION('',(-0.252421897147005,-0.967617272396843,0.));
#7617=DIRECTION('',(0.,0.,-1.));
#7618=DIRECTION('',(-0.956351571051341,-0.292218535599015,0.));
#7619=DIRECTION('',(0.292218535599015,-0.956351571051341,0.));
#7620=DIRECTION('',(-0.292218535599015,0.95635157105134,0.));
#7621=DIRECTION('',(0.,0.,-1.));
#7622=DIRECTION('',(-0.292218535599015,0.95635157105134,0.));
#7623=DIRECTION('',(-0.953718228392326,-0.300701747304873,0.));
#7624=DIRECTION('',(0.300701747304873,-0.953718228392326,0.));
#7625=DIRECTION('',(-0.300701747304873,0.953718228392326,0.));
#7626=DIRECTION('',(0.,0.,-1.));
#7627=DIRECTION('',(-0.300701747304873,0.953718228392326,0.));
#7628=DIRECTION('',(-0.94565068502263,-0.325184227656002,0.));
#7629=DIRECTION('',(0.325184227656002,-0.94565068502263,0.));
#7630=DIRECTION('',(-0.325184227656002,0.94565068502263,0.));
#7631=DIRECTION('',(0.,0.,-1.));
#7632=DIRECTION('',(-0.325184227656002,0.94565068502263,0.));
#7633=DIRECTION('',(0.,1.,0.));
#7634=DIRECTION('',(0.,0.,1.));
#7635=DIRECTION('',(1.,0.,0.));
#7636=DIRECTION('',(0.,0.,-1.));
#7637=DIRECTION('',(1.,0.,0.));
#7638=DIRECTION('',(0.,0.,-1.));
#7639=DIRECTION('',(-0.944576059073957,-0.328292656975926,0.));
#7640=DIRECTION('',(0.328292656975926,-0.944576059073957,0.));
#7641=DIRECTION('',(0.,0.,-1.));
#7642=DIRECTION('',(-0.328292656975926,0.944576059073957,0.));
#7643=DIRECTION('',(0.,0.,-1.));
#7644=DIRECTION('',(0.,-1.,0.));
#7645=DIRECTION('',(0.,0.,-1.));
#7646=DIRECTION('',(0.,0.,-1.));
#7647=DIRECTION('',(-1.,0.,0.));
#7648=DIRECTION('',(0.939868190191643,0.341537384580202,0.));
#7649=DIRECTION('',(-0.341537384580202,0.939868190191643,0.));
#7650=DIRECTION('',(0.,0.,-1.));
#7651=DIRECTION('',(0.341537384580202,-0.939868190191644,0.));
#7652=DIRECTION('',(0.,1.,0.));
#7653=DIRECTION('',(0.,0.,1.));
#7654=DIRECTION('',(0.,0.,-1.));
#7655=DIRECTION('',(1.,0.,0.));
#7656=DIRECTION('',(-0.939387862679495,0.342856301459447,0.));
#7657=DIRECTION('',(-0.342856301459447,-0.939387862679495,0.));
#7658=DIRECTION('',(0.,0.,-1.));
#7659=DIRECTION('',(0.342856301459447,0.939387862679495,0.));
#7660=DIRECTION('',(0.,-1.,0.));
#7661=DIRECTION('',(0.,0.,-1.));
#7662=DIRECTION('',(0.,0.,-1.));
#7663=DIRECTION('',(-1.,0.,0.));
#7664=DIRECTION('',(0.944576059073957,-0.328292656975926,0.));
#7665=DIRECTION('',(0.328292656975926,0.944576059073957,0.));
#7666=DIRECTION('',(0.,0.,-1.));
#7667=DIRECTION('',(-0.328292656975926,-0.944576059073957,0.));
#7668=DIRECTION('',(0.,-1.,0.));
#7669=DIRECTION('',(0.,0.,-1.));
#7670=DIRECTION('',(-1.,0.,0.));
#7671=DIRECTION('',(0.,0.,-1.));
#7672=DIRECTION('',(0.959244155016043,-0.28257857503278,0.));
#7673=DIRECTION('',(0.,0.,-1.));
#7674=DIRECTION('',(-1.,0.,0.));
#7675=DIRECTION('',(0.,0.,-1.));
#7676=DIRECTION('',(-1.,0.,0.));
#7677=DIRECTION('',(0.,0.,1.));
#7678=DIRECTION('',(1.,0.,0.));
#7679=DIRECTION('',(-1.,0.,0.));
#7680=DIRECTION('',(0.,0.,1.));
#7681=DIRECTION('',(0.,0.,-1.));
#7682=DIRECTION('',(0.,1.,0.));
#7683=DIRECTION('',(0.,0.,-1.));
#7684=DIRECTION('',(0.,-1.,0.));
#7685=DIRECTION('',(0.,0.,-1.));
#7686=DIRECTION('',(0.,0.,-1.));
#7687=DIRECTION('',(-1.,0.,0.));
#7688=DIRECTION('',(1.,0.,0.));
#7689=DIRECTION('',(0.,0.,-1.));
#7690=DIRECTION('',(0.,0.,-1.));
#7691=DIRECTION('',(0.,-1.,0.));
#7692=DIRECTION('',(0.,1.,0.));
#7693=DIRECTION('',(0.,0.,1.));
#7694=DIRECTION('',(0.,0.,-1.));
#7695=DIRECTION('',(1.,0.,0.));
#7696=DIRECTION('',(-1.,0.,0.));
#7697=DIRECTION('',(0.,0.,1.));
#7698=DIRECTION('',(0.,0.,-1.));
#7699=DIRECTION('',(0.,1.,0.));
#7700=DIRECTION('',(0.,1.,0.));
#7701=DIRECTION('',(0.,0.,1.));
#7702=DIRECTION('',(0.,0.,-1.));
#7703=DIRECTION('',(1.,0.,0.));
#7704=DIRECTION('',(1.,0.,0.));
#7705=DIRECTION('',(0.,0.,-1.));
#7706=DIRECTION('',(0.,0.,-1.));
#7707=DIRECTION('',(0.,-1.,0.));
#7708=DIRECTION('',(0.,1.,0.));
#7709=DIRECTION('',(0.,0.,1.));
#7710=DIRECTION('',(0.,0.,-1.));
#7711=DIRECTION('',(1.,0.,0.));
#7712=DIRECTION('',(-1.,0.,0.));
#7713=DIRECTION('',(0.,0.,1.));
#7714=DIRECTION('',(0.,0.,-1.));
#7715=DIRECTION('',(0.,1.,0.));
#7716=DIRECTION('',(0.,-1.,0.));
#7717=DIRECTION('',(0.,0.,-1.));
#7718=DIRECTION('',(0.,0.,-1.));
#7719=DIRECTION('',(-1.,0.,0.));
#7720=DIRECTION('',(1.,0.,0.));
#7721=DIRECTION('',(0.,0.,-1.));
#7722=DIRECTION('',(0.,0.,-1.));
#7723=DIRECTION('',(0.,-1.,0.));
#7724=DIRECTION('',(0.,-1.,0.));
#7725=DIRECTION('',(0.,0.,-1.));
#7726=DIRECTION('',(-1.,0.,0.));
#7727=DIRECTION('',(0.,0.,1.));
#7728=DIRECTION('',(1.,0.,0.));
#7729=DIRECTION('',(0.,0.,1.));
#7730=DIRECTION('',(1.,0.,0.));
#7731=DIRECTION('',(0.,0.,1.));
#7732=DIRECTION('',(1.,0.,0.));
#7733=DIRECTION('',(0.,0.,1.));
#7734=DIRECTION('',(1.,0.,0.));
#7735=DIRECTION('',(1.46699659702056E-16,-1.,0.));
#7736=DIRECTION('',(1.,1.46699659702056E-16,0.));
#7737=DIRECTION('',(-1.,-1.46699659702056E-16,0.));
#7738=DIRECTION('',(0.773910889078805,1.13532464067576E-16,-0.633294509501902));
#7739=DIRECTION('',(-1.46699659702056E-16,1.,0.));
#7740=DIRECTION('',(-1.,-1.46699659702056E-16,0.));
#7741=DIRECTION('',(-1.46699659702056E-16,1.,0.));
#7742=DIRECTION('',(-1.,-1.46699659702056E-16,0.));
#7743=DIRECTION('',(1.,1.46699659702056E-16,0.));
#7744=DIRECTION('',(0.,0.,1.));
#7745=DIRECTION('',(1.,1.46699659702056E-16,0.));
#7746=DIRECTION('',(0.,0.,1.));
#7747=DIRECTION('',(0.,0.,-1.));
#7748=DIRECTION('',(1.,1.46699659702056E-16,0.));
#7749=DIRECTION('',(0.,0.,-1.));
#7750=DIRECTION('',(1.,1.46699659702056E-16,0.));
#7751=DIRECTION('',(-0.734528376102629,-1.07755062815759E-16,0.678577972454187));
#7752=DIRECTION('',(0.778096542539455,1.14146498005884E-16,-0.628144705054613));
#7753=DIRECTION('',(1.,1.46699659702056E-16,2.46715491014476E-16));
#7754=DIRECTION('',(0.,0.,-1.));
#7755=DIRECTION('',(-1.46699659702056E-16,1.,0.));
#7756=DIRECTION('',(-1.,-1.46699659702056E-16,0.));
#7757=DIRECTION('',(-1.,-1.46699659702056E-16,0.));
#7758=DIRECTION('',(0.,0.,-1.));
#7759=DIRECTION('',(-1.,-1.46699659702056E-16,-2.3932192232827E-16));
#7760=DIRECTION('',(-2.04614290309021E-16,-3.0016846758511E-32,1.));
#7761=DIRECTION('',(1.,1.46699659702056E-16,2.3932192232827E-16));
#7762=DIRECTION('',(-0.8508372518864,-1.24817535313567E-16,0.52542932046318));
#7763=DIRECTION('',(-1.46699659702056E-16,1.,0.));
#7764=DIRECTION('',(-1.,-1.46699659702056E-16,0.));
#7765=DIRECTION('',(0.662819653603404,9.72354176274537E-17,-0.748779077430095));
#7766=DIRECTION('',(1.,1.46699659702056E-16,1.33055555975779E-16));
#7767=DIRECTION('',(-1.46699659702056E-16,1.,0.));
#7768=DIRECTION('',(-1.,-1.46699659702056E-16,0.));
#7769=DIRECTION('',(2.47160290577603E-16,3.62583305195955E-32,-1.));
#7770=DIRECTION('',(-1.46699659702056E-16,1.,0.));
#7771=DIRECTION('',(-1.,-1.46699659702056E-16,0.));
#7772=DIRECTION('',(-1.,-1.46699659702056E-16,-2.59643133536068E-16));
#7773=DIRECTION('',(-1.46699659702056E-16,1.,0.));
#7774=DIRECTION('',(-1.,-1.46699659702056E-16,0.));
#7775=DIRECTION('',(0.,0.,-1.));
#7776=DIRECTION('',(-1.,-1.46699659702056E-16,0.));
#7777=DIRECTION('',(0.,0.,1.));
#7778=DIRECTION('',(1.,1.46699659702056E-16,3.35597489613326E-16));
#7779=DIRECTION('',(0.920718870132159,1.35069144929649E-16,0.390226552380232));
#7780=DIRECTION('',(-0.926825426595381,-1.35964974684755E-16,-0.375492514727377));
#7781=DIRECTION('',(0.,0.,1.));
#7782=DIRECTION('',(-1.,-1.46699659702056E-16,0.));
#7783=DIRECTION('',(-0.851286100438567,-1.24883381243428E-16,0.524701796452135));
#7784=DIRECTION('',(0.655155216287728,9.61110472814363E-17,-0.755494303466929));
#7785=DIRECTION('',(1.,1.46699659702056E-16,2.59152314758117E-16));
#7786=DIRECTION('',(0.,0.,1.));
#7787=DIRECTION('',(1.,1.46699659702056E-16,0.));
#7788=DIRECTION('',(0.,0.,-1.));
#7789=DIRECTION('',(-1.46699659702056E-16,1.,0.));
#7790=DIRECTION('',(-1.,-1.46699659702056E-16,0.));
#7791=DIRECTION('',(-1.,-1.46699659702056E-16,0.));
#7792=DIRECTION('',(0.,0.,-1.));
#7793=DIRECTION('',(-1.,-1.46699659702056E-16,0.));
#7794=DIRECTION('',(-0.922698077688701,-1.35359494004673E-16,-0.385523355232309));
#7795=DIRECTION('',(0.918107462076048,1.34686052256474E-16,0.396331538084314));
#7796=DIRECTION('',(0.,-1.,0.));
#7797=DIRECTION('',(0.,0.,-1.));
#7798=DIRECTION('',(0.,0.,1.));
#7799=DIRECTION('',(1.,0.,0.));
#7800=DIRECTION('',(0.,0.,1.));
#7801=DIRECTION('',(1.,0.,0.));
#7802=DIRECTION('',(1.,0.,0.));
#7803=DIRECTION('',(0.,0.,-1.));
#7804=DIRECTION('',(1.,0.,0.));
#7805=DIRECTION('',(0.,0.,-1.));
#7806=DIRECTION('',(-1.,0.,0.));
#7807=DIRECTION('',(0.,0.,1.));
#7808=DIRECTION('',(0.,0.,1.));
#7809=DIRECTION('',(0.,1.,0.));
#7810=DIRECTION('',(0.,0.,-1.));
#7811=DIRECTION('',(0.,1.,0.));
#7812=DIRECTION('',(0.,0.,1.));
#7813=DIRECTION('',(0.,-1.,0.));
#7814=DIRECTION('',(0.,0.,1.));
#7815=DIRECTION('',(0.,-1.,0.));
#7816=DIRECTION('',(0.,0.,-1.));
#7817=DIRECTION('',(0.,-1.,0.));
#7818=DIRECTION('',(0.,0.,1.));
#7819=DIRECTION('',(0.,-1.,0.));
#7820=DIRECTION('',(0.,0.,1.));
#7821=DIRECTION('',(0.,-1.,0.));
#7822=DIRECTION('',(0.,0.,1.));
#7823=DIRECTION('',(0.,-1.,0.));
#7824=DIRECTION('',(0.,0.,1.));
#7825=DIRECTION('',(0.,-1.,0.));
#7826=DIRECTION('',(0.,0.,1.));
#7827=DIRECTION('',(0.,-1.,0.));
#7828=DIRECTION('',(0.,0.,1.));
#7829=DIRECTION('',(0.,-1.,0.));
#7830=DIRECTION('',(0.,0.,1.));
#7831=DIRECTION('',(0.,-1.,0.));
#7832=DIRECTION('',(0.,0.,1.));
#7833=DIRECTION('',(0.,-1.,0.));
#7834=DIRECTION('',(0.,0.,1.));
#7835=DIRECTION('',(0.,-1.,0.));
#7836=DIRECTION('',(-1.,-2.37889935373608E-16,0.));
#7837=DIRECTION('',(2.37889935373608E-16,-1.,0.));
#7838=DIRECTION('',(-2.37889935373608E-16,1.,0.));
#7839=DIRECTION('',(0.,0.,-1.));
#7840=DIRECTION('',(-2.37889935373608E-16,1.,0.));
#7841=DIRECTION('',(0.,0.,-1.));
#7842=DIRECTION('',(-2.37889935373608E-16,1.,0.));
#7843=DIRECTION('',(0.,0.,-1.));
#7844=DIRECTION('',(-2.37889935373608E-16,1.,0.));
#7845=DIRECTION('',(0.,0.,-1.));
#7846=DIRECTION('',(2.37889935373608E-16,-1.,0.));
#7847=DIRECTION('',(2.37889935373608E-16,-1.,0.));
#7848=DIRECTION('',(0.,0.,1.));
#7849=DIRECTION('',(-2.37889935373608E-16,1.,0.));
#7850=DIRECTION('',(0.,0.,-1.));
#7851=DIRECTION('',(-2.37889935373608E-16,1.,0.));
#7852=DIRECTION('',(0.,0.,-1.));
#7853=DIRECTION('',(-2.37889935373608E-16,1.,0.));
#7854=DIRECTION('',(0.,0.,-1.));
#7855=DIRECTION('',(-2.37889935373608E-16,1.,0.));
#7856=DIRECTION('',(0.,0.,-1.));
#7857=DIRECTION('',(1.46699659702056E-16,-1.,0.));
#7858=DIRECTION('',(1.,1.46699659702056E-16,0.));
#7859=DIRECTION('',(1.,1.46699659702056E-16,0.));
#7860=DIRECTION('',(1.,1.46699659702056E-16,0.));
#7861=DIRECTION('',(0.,0.,1.));
#7862=DIRECTION('',(-1.,-1.46699659702056E-16,0.));
#7863=DIRECTION('',(0.,0.,-1.));
#7864=DIRECTION('',(-1.,-1.46699659702056E-16,0.));
#7865=DIRECTION('',(0.,0.,-1.));
#7866=DIRECTION('',(0.,-1.,0.));
#7867=DIRECTION('',(0.,0.,-1.));
#7868=DIRECTION('',(1.,0.,0.));
#7869=DIRECTION('',(0.,0.,1.));
#7870=DIRECTION('',(1.,0.,0.));
#7871=DIRECTION('',(1.,0.,0.));
#7872=DIRECTION('',(0.,0.,-1.));
#7873=DIRECTION('',(1.,0.,0.));
#7874=DIRECTION('',(1.,0.,0.));
#7875=DIRECTION('',(0.,0.,1.));
#7876=DIRECTION('',(1.,0.,0.));
#7877=DIRECTION('',(0.,0.,-1.));
#7878=DIRECTION('',(0.,0.,1.));
#7879=DIRECTION('',(1.,0.,0.));
#7880=DIRECTION('',(0.,0.,1.));
#7881=DIRECTION('',(1.,0.,0.));
#7882=DIRECTION('',(-1.,-1.26767862558587E-16,0.));
#7883=DIRECTION('',(1.26767862558587E-16,-1.,0.));
#7884=DIRECTION('',(0.,-1.,0.));
#7885=DIRECTION('',(0.,0.,-1.));
#7886=DIRECTION('',(0.,-1.,0.));
#7887=DIRECTION('',(1.26767862558587E-16,-1.,0.));
#7888=DIRECTION('',(0.,0.,1.));
#7889=DIRECTION('',(0.,1.,0.));
#7890=DIRECTION('',(0.,0.,-1.));
#7891=DIRECTION('',(0.,1.,0.));
#7892=DIRECTION('',(0.,0.,1.));
#7893=DIRECTION('',(1.26767862558587E-16,-1.,0.));
#7894=DIRECTION('',(0.,-1.,0.));
#7895=DIRECTION('',(0.,0.,-1.));
#7896=DIRECTION('',(-1.,0.,0.));
#7897=DIRECTION('',(1.,0.,0.));
#7898=DIRECTION('',(0.,0.,1.));
#7899=DIRECTION('',(1.,0.,0.));
#7900=DIRECTION('',(-1.,0.,0.));
#7901=DIRECTION('',(0.,0.,-1.));
#7902=DIRECTION('',(-1.,-2.37889935373608E-16,0.));
#7903=DIRECTION('',(2.37889935373608E-16,-1.,0.));
#7904=DIRECTION('',(2.37889935373608E-16,-1.,0.));
#7905=DIRECTION('',(2.37889935373608E-16,-1.,0.));
#7906=DIRECTION('',(0.,0.,1.));
#7907=DIRECTION('',(1.,0.,0.));
#7908=DIRECTION('',(0.,0.,1.));
#7909=DIRECTION('',(1.,0.,0.));
#7910=DIRECTION('',(0.,0.,1.));
#7911=DIRECTION('',(1.,0.,0.));
#7912=DIRECTION('',(0.,-1.,0.));
#7913=DIRECTION('',(0.,-1.,0.));
#7914=DIRECTION('',(1.,9.85918429085995E-17,0.));
#7915=DIRECTION('',(0.,-1.,0.));
#7916=DIRECTION('',(1.,9.85918429085995E-17,0.));
#7917=DIRECTION('',(9.85918429085995E-17,-1.,0.));
#7918=DIRECTION('',(1.,9.85918429085995E-17,0.));
#7919=DIRECTION('',(0.,0.,-1.));
#7920=DIRECTION('',(-1.,-9.85918429085995E-17,0.));
#7921=DIRECTION('',(0.,0.,1.));
#7922=DIRECTION('',(1.,9.85918429085995E-17,0.));
#7923=DIRECTION('',(-1.,-9.85918429085995E-17,0.));
#7924=DIRECTION('',(-1.,0.,0.));
#7925=DIRECTION('',(0.,0.,1.));
#7926=DIRECTION('',(0.,-1.,0.));
#7927=DIRECTION('',(0.,0.,1.));
#7928=DIRECTION('',(9.85918429085995E-17,-1.,0.));
#7929=DIRECTION('',(1.,9.85918429085995E-17,0.));
#7930=DIRECTION('',(1.,9.85918429085995E-17,0.));
#7931=DIRECTION('',(0.,0.,1.));
#7932=DIRECTION('',(-1.,0.,0.));
#7933=DIRECTION('',(0.,0.,1.));
#7934=DIRECTION('',(0.,-1.,0.));
#7935=DIRECTION('',(-1.,0.,0.));
#7936=DIRECTION('',(0.,0.,1.));
#7937=DIRECTION('',(0.,-1.,0.));
#7938=DIRECTION('',(0.,-1.,0.));
#7939=DIRECTION('',(0.,0.,-1.));
#7940=DIRECTION('',(-1.,0.,0.));
#7941=DIRECTION('',(0.,0.,-1.));
#7942=DIRECTION('',(-1.,0.,0.));
#7943=DIRECTION('',(-1.,0.,0.));
#7944=DIRECTION('',(0.,0.,1.));
#7945=DIRECTION('',(0.,1.,0.));
#7946=DIRECTION('',(0.,1.,0.));
#7947=DIRECTION('',(0.,0.,-1.));
#7948=DIRECTION('',(-1.,0.,0.));
#7949=DIRECTION('',(0.,0.,1.));
#7950=DIRECTION('',(1.,0.,0.));
#7951=DIRECTION('',(0.,0.,1.));
#7952=DIRECTION('',(1.,0.,0.));
#7953=DIRECTION('',(0.,0.,1.));
#7954=DIRECTION('',(1.,0.,0.));
#7955=DIRECTION('',(0.,0.,1.));
#7956=DIRECTION('',(1.,0.,0.));
#7957=DIRECTION('',(-1.,0.,0.));
#7958=DIRECTION('',(0.,0.,1.));
#7959=DIRECTION('',(0.,1.,0.));
#7960=DIRECTION('',(0.,1.,0.));
#7961=DIRECTION('',(0.,0.,-1.));
#7962=DIRECTION('',(0.,0.,1.));
#7963=DIRECTION('',(1.,0.,0.));
#7964=DIRECTION('',(0.,0.,1.));
#7965=DIRECTION('',(1.,0.,0.));
#7966=DIRECTION('',(1.,0.,0.));
#7967=DIRECTION('',(0.,0.,1.));
#7968=DIRECTION('',(1.,0.,0.));
#7969=DIRECTION('',(0.,0.,1.));
#7970=DIRECTION('',(1.,0.,0.));
#7971=DIRECTION('',(1.,0.,0.));
#7972=DIRECTION('',(0.,1.,0.));
#7973=DIRECTION('',(0.,0.,1.));
#7974=DIRECTION('',(0.,0.,-1.));
#7975=DIRECTION('',(-1.,0.,0.));
#7976=DIRECTION('',(1.,0.,0.));
#7977=DIRECTION('',(0.,0.,-1.));
#7978=DIRECTION('',(0.,-1.,0.));
#7979=DIRECTION('',(0.,0.,-1.));
#7980=DIRECTION('',(0.,-1.,0.));
#7981=DIRECTION('',(-2.19585250123647E-16,1.,0.));
#7982=DIRECTION('',(-1.,-2.19585250123647E-16,0.));
#7983=DIRECTION('',(1.,2.19585250123647E-16,0.));
#7984=DIRECTION('',(1.,2.19585250123647E-16,0.));
#7985=DIRECTION('',(0.,0.,-1.));
#7986=DIRECTION('',(-1.,0.,0.));
#7987=DIRECTION('',(0.,0.,1.));
#7988=DIRECTION('',(1.,0.,0.));
#7989=DIRECTION('',(0.,0.,1.));
#7990=DIRECTION('',(1.,0.,0.));
#7991=DIRECTION('',(0.,0.,1.));
#7992=DIRECTION('',(1.,0.,0.));
#7993=DIRECTION('',(0.,0.,1.));
#7994=DIRECTION('',(1.,0.,0.));
#7995=DIRECTION('',(-3.2937787518547E-16,1.,0.));
#7996=DIRECTION('',(-1.,-3.2937787518547E-16,0.));
#7997=DIRECTION('',(1.,3.2937787518547E-16,0.));
#7998=DIRECTION('',(0.,0.,-1.));
#7999=DIRECTION('',(1.,3.2937787518547E-16,0.));
#8000=DIRECTION('',(1.,0.,0.));
#8001=DIRECTION('',(0.,0.,-1.));
#8002=DIRECTION('',(0.,-1.,0.));
#8003=DIRECTION('',(0.,-1.,0.));
#8004=DIRECTION('',(0.,0.,-1.));
#8005=DIRECTION('',(-1.,0.,0.));
#8006=DIRECTION('',(0.,0.,1.));
#8007=DIRECTION('',(1.,0.,0.));
#8008=DIRECTION('',(0.,0.,1.));
#8009=DIRECTION('',(1.,0.,0.));
#8010=DIRECTION('',(0.,0.,1.));
#8011=DIRECTION('',(1.,0.,0.));
#8012=DIRECTION('',(0.,0.,1.));
#8013=DIRECTION('',(1.,0.,0.));
#8014=DIRECTION('',(0.,0.,1.));
#8015=DIRECTION('',(1.,0.,0.));
#8016=DIRECTION('',(0.,0.,1.));
#8017=DIRECTION('',(1.,0.,0.));
#8018=DIRECTION('',(0.,0.,1.));
#8019=DIRECTION('',(1.,0.,0.));
#8020=DIRECTION('',(0.,0.,1.));
#8021=DIRECTION('',(1.,0.,0.));
#8022=DIRECTION('',(0.,0.,1.));
#8023=DIRECTION('',(1.,0.,0.));
#8024=DIRECTION('',(0.,0.,1.));
#8025=DIRECTION('',(1.,0.,0.));
#8026=DIRECTION('',(0.,0.,-1.));
#8027=DIRECTION('',(1.,0.,0.));
#8028=DIRECTION('',(0.,0.,-1.));
#8029=DIRECTION('',(1.,0.,0.));
#8030=DIRECTION('',(0.,0.,-1.));
#8031=DIRECTION('',(-1.,0.,0.));
#8032=DIRECTION('',(-1.46699659702056E-16,1.,0.));
#8033=DIRECTION('',(-1.46699659702056E-16,1.,0.));
#8034=DIRECTION('',(1.,1.46699659702056E-16,0.));
#8035=DIRECTION('',(-1.46699659702056E-16,1.,0.));
#8036=DIRECTION('',(-1.46699659702056E-16,1.,0.));
#8037=DIRECTION('',(0.,0.,-1.));
#8038=DIRECTION('',(-1.,0.,0.));
#8039=DIRECTION('',(-1.46699659702056E-16,1.,0.));
#8040=DIRECTION('',(1.,1.46699659702056E-16,0.));
#8041=DIRECTION('',(-1.46699659702056E-16,1.,0.));
#8042=DIRECTION('',(0.,0.,-1.));
#8043=DIRECTION('',(-1.,0.,0.));
#8044=DIRECTION('',(1.,2.37889935373608E-16,0.));
#8045=DIRECTION('',(1.,2.37889935373608E-16,0.));
#8046=DIRECTION('',(2.37889935373608E-16,-1.,0.));
#8047=DIRECTION('',(1.,2.37889935373608E-16,0.));
#8048=DIRECTION('',(1.,2.37889935373608E-16,0.));
#8049=DIRECTION('',(0.,0.,-1.));
#8050=DIRECTION('',(-1.,0.,0.));
#8051=DIRECTION('',(1.,2.37889935373608E-16,0.));
#8052=DIRECTION('',(2.37889935373608E-16,-1.,0.));
#8053=DIRECTION('',(1.,2.37889935373608E-16,0.));
#8054=DIRECTION('',(0.,0.,-1.));
#8055=DIRECTION('',(-1.,0.,0.));
#8056=DIRECTION('',(1.,2.37889935373608E-16,0.));
#8057=DIRECTION('',(1.,2.37889935373608E-16,0.));
#8058=DIRECTION('',(2.37889935373608E-16,-1.,0.));
#8059=DIRECTION('',(1.,2.37889935373608E-16,0.));
#8060=DIRECTION('',(1.,2.37889935373608E-16,0.));
#8061=DIRECTION('',(0.,0.,-1.));
#8062=DIRECTION('',(-1.,0.,0.));
#8063=DIRECTION('',(1.,2.37889935373608E-16,0.));
#8064=DIRECTION('',(2.37889935373608E-16,-1.,0.));
#8065=DIRECTION('',(1.,2.37889935373608E-16,0.));
#8066=DIRECTION('',(0.,0.,-1.));
#8067=DIRECTION('',(-1.,0.,0.));
#8068=DIRECTION('',(1.,2.37889935373608E-16,0.));
#8069=DIRECTION('',(1.,2.37889935373608E-16,0.));
#8070=DIRECTION('',(2.37889935373608E-16,-1.,0.));
#8071=DIRECTION('',(1.,2.37889935373608E-16,0.));
#8072=DIRECTION('',(1.,2.37889935373608E-16,0.));
#8073=DIRECTION('',(0.,0.,-1.));
#8074=DIRECTION('',(-1.,0.,0.));
#8075=DIRECTION('',(1.,2.37889935373608E-16,0.));
#8076=DIRECTION('',(2.37889935373608E-16,-1.,0.));
#8077=DIRECTION('',(1.,2.37889935373608E-16,0.));
#8078=DIRECTION('',(0.,0.,-1.));
#8079=DIRECTION('',(-1.,0.,0.));
#8080=DIRECTION('',(1.,2.37889935373608E-16,0.));
#8081=DIRECTION('',(1.,2.37889935373608E-16,0.));
#8082=DIRECTION('',(2.37889935373608E-16,-1.,0.));
#8083=DIRECTION('',(1.,2.37889935373608E-16,0.));
#8084=DIRECTION('',(1.,2.37889935373608E-16,0.));
#8085=DIRECTION('',(0.,0.,-1.));
#8086=DIRECTION('',(-1.,0.,0.));
#8087=DIRECTION('',(1.,2.37889935373608E-16,0.));
#8088=DIRECTION('',(2.37889935373608E-16,-1.,0.));
#8089=DIRECTION('',(1.,2.37889935373608E-16,0.));
#8090=DIRECTION('',(0.,0.,-1.));
#8091=DIRECTION('',(-1.,0.,0.));
#8092=DIRECTION('',(1.46699659702056E-16,-1.,0.));
#8093=DIRECTION('',(1.46699659702056E-16,-1.,0.));
#8094=DIRECTION('',(-1.,-1.46699659702056E-16,0.));
#8095=DIRECTION('',(1.46699659702056E-16,-1.,0.));
#8096=DIRECTION('',(1.46699659702056E-16,-1.,0.));
#8097=DIRECTION('',(0.,0.,-1.));
#8098=DIRECTION('',(-1.,0.,0.));
#8099=DIRECTION('',(1.46699659702056E-16,-1.,0.));
#8100=DIRECTION('',(-1.,-1.46699659702056E-16,0.));
#8101=DIRECTION('',(1.46699659702056E-16,-1.,0.));
#8102=DIRECTION('',(0.,0.,-1.));
#8103=DIRECTION('',(-1.,0.,0.));
#8104=DIRECTION('',(-1.46699659702056E-16,1.,0.));
#8105=DIRECTION('',(-1.,-1.46699659702056E-16,0.));
#8106=DIRECTION('',(-1.46699659702056E-16,1.,0.));
#8107=DIRECTION('',(-1.46699659702056E-16,1.,0.));
#8108=DIRECTION('',(0.997031294786335,0.,0.0769973844794986));
#8109=DIRECTION('',(-1.46699659702056E-16,1.,0.));
#8110=DIRECTION('',(-1.46699659702056E-16,1.,0.));
#8111=DIRECTION('',(-1.,-1.46699659702056E-16,0.));
#8112=DIRECTION('',(-1.46699659702056E-16,1.,0.));
#8113=DIRECTION('',(-1.46699659702056E-16,1.,0.));
#8114=DIRECTION('',(0.454327429176093,0.,-0.890834769807647));
#8115=DIRECTION('',(-1.46699659702056E-16,1.,0.));
#8116=DIRECTION('',(-1.46699659702056E-16,1.,0.));
#8117=DIRECTION('',(-1.,-1.46699659702056E-16,0.));
#8118=DIRECTION('',(0.633294509501902,9.29040890351092E-17,0.773910889078804));
#8119=DIRECTION('',(0.773910889078805,0.,-0.633294509501902));
#8120=DIRECTION('',(-1.46699659702056E-16,1.,0.));
#8121=DIRECTION('',(0.773910889078805,1.13532464067576E-16,-0.633294509501902));
#8122=DIRECTION('',(1.46699659702056E-16,-1.,0.));
#8123=DIRECTION('',(1.,1.46699659702056E-16,0.));
#8124=DIRECTION('',(-0.678577972454187,-9.954715764034E-17,-0.734528376102629));
#8125=DIRECTION('',(-0.734528376102629,0.,0.678577972454187));
#8126=DIRECTION('',(-1.46699659702056E-16,1.,0.));
#8127=DIRECTION('',(-0.734528376102629,-1.07755062815759E-16,0.678577972454187));
#8128=DIRECTION('',(-1.46699659702056E-16,1.,0.));
#8129=DIRECTION('',(-1.46699659702056E-16,1.,0.));
#8130=DIRECTION('',(0.,0.,-1.));
#8131=DIRECTION('',(-1.,0.,0.));
#8132=DIRECTION('',(-1.46699659702056E-16,1.,0.));
#8133=DIRECTION('',(-1.,-1.46699659702056E-16,0.));
#8134=DIRECTION('',(-1.46699659702056E-16,1.,0.));
#8135=DIRECTION('',(-0.0837437457087832,0.,-0.996487323077751));
#8136=DIRECTION('',(-1.46699659702056E-16,1.,0.));
#8137=DIRECTION('',(-1.46699659702056E-16,1.,0.));
#8138=DIRECTION('',(-1.,-1.46699659702056E-16,0.));
#8139=DIRECTION('',(1.,1.46699659702056E-16,0.));
#8140=DIRECTION('',(-1.46699659702056E-16,1.,0.));
#8141=DIRECTION('',(-1.46699659702056E-16,1.,0.));
#8142=DIRECTION('',(0.,0.,-1.));
#8143=DIRECTION('',(-1.46699659702056E-16,1.,0.));
#8144=DIRECTION('',(-2.46715491014476E-16,-3.61930785750492E-32,1.));
#8145=DIRECTION('',(1.,0.,2.46715491014476E-16));
#8146=DIRECTION('',(-1.46699659702056E-16,1.,0.));
#8147=DIRECTION('',(1.,1.46699659702056E-16,2.46715491014476E-16));
#8148=DIRECTION('',(-1.46699659702056E-16,1.,0.));
#8149=DIRECTION('',(0.628144705054613,9.21486144751598E-17,0.778096542539455));
#8150=DIRECTION('',(0.778096542539455,0.,-0.628144705054613));
#8151=DIRECTION('',(-1.46699659702056E-16,1.,0.));
#8152=DIRECTION('',(0.778096542539455,1.14146498005884E-16,-0.628144705054613));
#8153=DIRECTION('',(-1.46699659702056E-16,1.,0.));
#8154=DIRECTION('',(1.46699659702056E-16,-1.,0.));
#8155=DIRECTION('',(1.,1.46699659702056E-16,0.));
#8156=DIRECTION('',(1.,1.46699659702056E-16,0.));
#8157=DIRECTION('',(-1.46699659702056E-16,1.,0.));
#8158=DIRECTION('',(-1.46699659702056E-16,1.,0.));
#8159=DIRECTION('',(0.,0.,-1.));
#8160=DIRECTION('',(-1.46699659702056E-16,1.,0.));
#8161=DIRECTION('',(-1.46699659702056E-16,1.,0.));
#8162=DIRECTION('',(-2.3932192232827E-16,-3.51084445647989E-32,1.));
#8163=DIRECTION('',(1.,0.,2.3932192232827E-16));
#8164=DIRECTION('',(-1.46699659702056E-16,1.,0.));
#8165=DIRECTION('',(1.,1.46699659702056E-16,2.3932192232827E-16));
#8166=DIRECTION('',(-1.46699659702056E-16,1.,0.));
#8167=DIRECTION('',(-1.,-1.46699659702056E-16,-2.04614290309021E-16));
#8168=DIRECTION('',(-2.04614290309021E-16,0.,1.));
#8169=DIRECTION('',(-1.46699659702056E-16,1.,0.));
#8170=DIRECTION('',(-2.04614290309021E-16,-3.0016846758511E-32,1.));
#8171=DIRECTION('',(-1.46699659702056E-16,1.,0.));
#8172=DIRECTION('',(2.3932192232827E-16,3.51084445647989E-32,-1.));
#8173=DIRECTION('',(-1.,0.,-2.3932192232827E-16));
#8174=DIRECTION('',(-1.46699659702056E-16,1.,0.));
#8175=DIRECTION('',(-1.,-1.46699659702056E-16,-2.3932192232827E-16));
#8176=DIRECTION('',(1.46699659702056E-16,-1.,0.));
#8177=DIRECTION('',(1.,1.46699659702056E-16,0.));
#8178=DIRECTION('',(-0.52542932046318,-7.70803025094308E-17,-0.8508372518864));
#8179=DIRECTION('',(-0.8508372518864,0.,0.52542932046318));
#8180=DIRECTION('',(-1.46699659702056E-16,1.,0.));
#8181=DIRECTION('',(-0.8508372518864,-1.24817535313567E-16,0.52542932046318));
#8182=DIRECTION('',(-1.46699659702056E-16,1.,0.));
#8183=DIRECTION('',(-1.46699659702056E-16,1.,0.));
#8184=DIRECTION('',(2.59643133536068E-16,3.80895593337165E-32,-1.));
#8185=DIRECTION('',(-1.,0.,-2.59643133536068E-16));
#8186=DIRECTION('',(-1.46699659702056E-16,1.,0.));
#8187=DIRECTION('',(-1.,-1.46699659702056E-16,-2.59643133536068E-16));
#8188=DIRECTION('',(-1.46699659702056E-16,1.,0.));
#8189=DIRECTION('',(-0.0486972892858212,0.,-0.998813583215713));
#8190=DIRECTION('',(-1.46699659702056E-16,1.,0.));
#8191=DIRECTION('',(-1.46699659702056E-16,1.,0.));
#8192=DIRECTION('',(-1.,-1.46699659702056E-16,0.));
#8193=DIRECTION('',(1.,1.46699659702056E-16,2.47160290577603E-16));
#8194=DIRECTION('',(2.47160290577603E-16,0.,-1.));
#8195=DIRECTION('',(-1.46699659702056E-16,1.,0.));
#8196=DIRECTION('',(2.47160290577603E-16,3.62583305195955E-32,-1.));
#8197=DIRECTION('',(-1.46699659702056E-16,1.,0.));
#8198=DIRECTION('',(-0.0371167507949415,0.,0.999310936000615));
#8199=DIRECTION('',(-1.46699659702056E-16,1.,0.));
#8200=DIRECTION('',(-1.46699659702056E-16,1.,0.));
#8201=DIRECTION('',(-1.,-1.46699659702056E-16,0.));
#8202=DIRECTION('',(-1.33055555975779E-16,-1.95192047831146E-32,1.));
#8203=DIRECTION('',(1.,0.,1.33055555975779E-16));
#8204=DIRECTION('',(-1.46699659702056E-16,1.,0.));
#8205=DIRECTION('',(1.,1.46699659702056E-16,1.33055555975779E-16));
#8206=DIRECTION('',(-1.46699659702056E-16,1.,0.));
#8207=DIRECTION('',(-1.46699659702056E-16,1.,0.));
#8208=DIRECTION('',(0.748779077430095,1.09845635851014E-16,0.662819653603404));
#8209=DIRECTION('',(0.662819653603404,0.,-0.748779077430095));
#8210=DIRECTION('',(-1.46699659702056E-16,1.,0.));
#8211=DIRECTION('',(0.662819653603404,9.72354176274537E-17,-0.748779077430095));
#8212=DIRECTION('',(-1.46699659702056E-16,1.,0.));
#8213=DIRECTION('',(-1.46699659702056E-16,1.,0.));
#8214=DIRECTION('',(-1.46699659702056E-16,1.,0.));
#8215=DIRECTION('',(-0.91203269259084,0.,0.410117504680674));
#8216=DIRECTION('',(-1.46699659702056E-16,1.,0.));
#8217=DIRECTION('',(-1.,-1.46699659702056E-16,0.));
#8218=DIRECTION('',(1.46699659702056E-16,-1.,0.));
#8219=DIRECTION('',(1.,1.46699659702056E-16,0.));
#8220=DIRECTION('',(1.,1.46699659702056E-16,0.));
#8221=DIRECTION('',(-1.46699659702056E-16,1.,0.));
#8222=DIRECTION('',(-1.46699659702056E-16,1.,0.));
#8223=DIRECTION('',(0.,0.,-1.));
#8224=DIRECTION('',(-1.46699659702056E-16,1.,0.));
#8225=DIRECTION('',(-1.46699659702056E-16,1.,0.));
#8226=DIRECTION('',(-0.028228776091431,0.,0.99960148869456));
#8227=DIRECTION('',(-1.46699659702056E-16,1.,0.));
#8228=DIRECTION('',(-1.46699659702056E-16,1.,0.));
#8229=DIRECTION('',(-1.,-1.46699659702056E-16,0.));
#8230=DIRECTION('',(-3.35597489613326E-16,-4.92320375231391E-32,1.));
#8231=DIRECTION('',(1.,0.,3.35597489613326E-16));
#8232=DIRECTION('',(-1.46699659702056E-16,1.,0.));
#8233=DIRECTION('',(1.,1.46699659702056E-16,3.35597489613326E-16));
#8234=DIRECTION('',(-1.46699659702056E-16,1.,0.));
#8235=DIRECTION('',(-1.,-1.46699659702056E-16,0.));
#8236=DIRECTION('',(1.46699659702056E-16,-1.,0.));
#8237=DIRECTION('',(-1.46699659702056E-16,1.,0.));
#8238=DIRECTION('',(0.,0.,1.));
#8239=DIRECTION('',(-1.46699659702056E-16,1.,0.));
#8240=DIRECTION('',(0.,0.,-1.));
#8241=DIRECTION('',(-1.,0.,0.));
#8242=DIRECTION('',(-1.46699659702056E-16,1.,0.));
#8243=DIRECTION('',(-1.,-1.46699659702056E-16,0.));
#8244=DIRECTION('',(1.46699659702056E-16,-1.,0.));
#8245=DIRECTION('',(1.,1.46699659702056E-16,0.));
#8246=DIRECTION('',(-0.390226552380231,-5.72461024408863E-17,0.920718870132158));
#8247=DIRECTION('',(0.920718870132159,0.,0.390226552380232));
#8248=DIRECTION('',(-1.46699659702056E-16,1.,0.));
#8249=DIRECTION('',(0.920718870132159,1.35069144929649E-16,0.390226552380232));
#8250=DIRECTION('',(-1.46699659702056E-16,1.,0.));
#8251=DIRECTION('',(-1.46699659702056E-16,1.,0.));
#8252=DIRECTION('',(0.375492514727377,5.50846241311754E-17,-0.926825426595381));
#8253=DIRECTION('',(-0.926825426595381,0.,-0.375492514727377));
#8254=DIRECTION('',(-1.46699659702056E-16,1.,0.));
#8255=DIRECTION('',(-0.926825426595381,-1.35964974684755E-16,-0.375492514727377));
#8256=DIRECTION('',(1.46699659702056E-16,-1.,0.));
#8257=DIRECTION('',(1.,1.46699659702056E-16,0.));
#8258=DIRECTION('',(0.,0.,-1.));
#8259=DIRECTION('',(-1.,0.,0.));
#8260=DIRECTION('',(-1.46699659702056E-16,1.,0.));
#8261=DIRECTION('',(-1.,-1.46699659702056E-16,0.));
#8262=DIRECTION('',(-1.46699659702056E-16,1.,0.));
#8263=DIRECTION('',(-1.,-1.46699659702056E-16,0.));
#8264=DIRECTION('',(1.46699659702056E-16,-1.,0.));
#8265=DIRECTION('',(-1.46699659702056E-16,1.,0.));
#8266=DIRECTION('',(0.,0.,1.));
#8267=DIRECTION('',(-1.46699659702056E-16,1.,0.));
#8268=DIRECTION('',(0.,0.,-1.));
#8269=DIRECTION('',(-1.,0.,0.));
#8270=DIRECTION('',(-1.46699659702056E-16,1.,0.));
#8271=DIRECTION('',(-1.,-1.46699659702056E-16,0.));
#8272=DIRECTION('',(-1.46699659702056E-16,1.,0.));
#8273=DIRECTION('',(1.,1.46699659702056E-16,0.));
#8274=DIRECTION('',(-1.46699659702056E-16,1.,0.));
#8275=DIRECTION('',(-1.46699659702056E-16,1.,0.));
#8276=DIRECTION('',(0.,0.,-1.));
#8277=DIRECTION('',(0.,0.,-1.));
#8278=DIRECTION('',(-1.,0.,0.));
#8279=DIRECTION('',(-1.46699659702056E-16,1.,0.));
#8280=DIRECTION('',(-1.,-1.46699659702056E-16,0.));
#8281=DIRECTION('',(-1.46699659702056E-16,1.,0.));
#8282=DIRECTION('',(-0.0403827354603847,0.,-0.999184284642596));
#8283=DIRECTION('',(-1.46699659702056E-16,1.,0.));
#8284=DIRECTION('',(-1.46699659702056E-16,1.,0.));
#8285=DIRECTION('',(-1.,-1.46699659702056E-16,0.));
#8286=DIRECTION('',(-1.46699659702056E-16,1.,0.));
#8287=DIRECTION('',(1.,1.46699659702056E-16,0.));
#8288=DIRECTION('',(-1.46699659702056E-16,1.,0.));
#8289=DIRECTION('',(-1.46699659702056E-16,1.,0.));
#8290=DIRECTION('',(0.,0.,-1.));
#8291=DIRECTION('',(-1.46699659702056E-16,1.,0.));
#8292=DIRECTION('',(0.,0.,1.));
#8293=DIRECTION('',(1.,0.,0.));
#8294=DIRECTION('',(-1.46699659702056E-16,1.,0.));
#8295=DIRECTION('',(1.,1.46699659702056E-16,0.));
#8296=DIRECTION('',(-1.46699659702056E-16,1.,0.));
#8297=DIRECTION('',(-1.,-1.46699659702056E-16,0.));
#8298=DIRECTION('',(1.46699659702056E-16,-1.,0.));
#8299=DIRECTION('',(-1.46699659702056E-16,1.,0.));
#8300=DIRECTION('',(0.,0.,1.));
#8301=DIRECTION('',(-2.59152314758117E-16,-3.80175563860158E-32,1.));
#8302=DIRECTION('',(1.,0.,2.59152314758117E-16));
#8303=DIRECTION('',(-1.46699659702056E-16,1.,0.));
#8304=DIRECTION('',(1.,1.46699659702056E-16,2.59152314758117E-16));
#8305=DIRECTION('',(-1.46699659702056E-16,1.,0.));
#8306=DIRECTION('',(-1.46699659702056E-16,1.,0.));
#8307=DIRECTION('',(-1.46699659702056E-16,1.,0.));
#8308=DIRECTION('',(0.755494303466929,1.1083075722544E-16,0.655155216287728));
#8309=DIRECTION('',(0.655155216287728,0.,-0.755494303466929));
#8310=DIRECTION('',(-1.46699659702056E-16,1.,0.));
#8311=DIRECTION('',(0.655155216287728,9.61110472814363E-17,-0.755494303466929));
#8312=DIRECTION('',(-1.46699659702056E-16,1.,0.));
#8313=DIRECTION('',(-1.46699659702056E-16,1.,0.));
#8314=DIRECTION('',(-1.46699659702056E-16,1.,0.));
#8315=DIRECTION('',(-0.524701796452135,-7.69735749845854E-17,-0.851286100438567));
#8316=DIRECTION('',(-0.851286100438567,0.,0.524701796452135));
#8317=DIRECTION('',(-1.46699659702056E-16,1.,0.));
#8318=DIRECTION('',(-0.851286100438567,-1.24883381243428E-16,0.524701796452135));
#8319=DIRECTION('',(1.46699659702056E-16,-1.,0.));
#8320=DIRECTION('',(1.,1.46699659702056E-16,0.));
#8321=DIRECTION('',(0.385523355232309,5.65561450197743E-17,-0.9226980776887));
#8322=DIRECTION('',(-0.922698077688701,0.,-0.385523355232309));
#8323=DIRECTION('',(-1.46699659702056E-16,1.,0.));
#8324=DIRECTION('',(-0.922698077688701,-1.35359494004673E-16,-0.385523355232309));
#8325=DIRECTION('',(-1.46699659702056E-16,1.,0.));
#8326=DIRECTION('',(-1.46699659702056E-16,1.,0.));
#8327=DIRECTION('',(-0.396331538084314,-5.81417017661612E-17,0.918107462076048));
#8328=DIRECTION('',(0.918107462076048,0.,0.396331538084314));
#8329=DIRECTION('',(-1.46699659702056E-16,1.,0.));
#8330=DIRECTION('',(0.918107462076048,1.34686052256474E-16,0.396331538084314));
#8331=DIRECTION('',(1.46699659702056E-16,-1.,0.));
#8332=DIRECTION('',(1.,1.46699659702056E-16,0.));
#8333=CARTESIAN_POINT('',(0.,0.,0.));
#8334=CARTESIAN_POINT('',(-0.000366441750526428,-0.010828666085685,0.0136));
#8335=CARTESIAN_POINT('',(-0.0135946485807429,0.00413074643307078,0.0136));
#8336=CARTESIAN_POINT('',(-0.0129907852036314,0.00340429425007944,0.0136));
#8337=CARTESIAN_POINT('',(-0.011850255276335,0.00340429425007944,0.0136));
#8338=CARTESIAN_POINT('',(-0.0135946485807429,0.00413074643307078,0.0136));
#8339=CARTESIAN_POINT('',(-0.011850255276335,0.00340429425007944,0.0136));
#8340=CARTESIAN_POINT('',(-0.011850255276335,0.00340429425007944,0.0136));
#8341=CARTESIAN_POINT('',(-0.0103337863443406,0.00340429425007945,0.0136));
#8342=CARTESIAN_POINT('',(-0.00974354394566017,0.0049243954429888,0.0136));
#8343=CARTESIAN_POINT('',(-0.00974354394566017,0.0049243954429888,0.0136));
#8344=CARTESIAN_POINT('',(-0.00901436756698263,0.00464925167868083,0.0136));
#8345=CARTESIAN_POINT('',(-0.00828519118830508,0.00437410791437287,0.0136));
#8346=CARTESIAN_POINT('',(-0.00828519118830508,0.00437410791437287,0.0136));
#8347=CARTESIAN_POINT('',(-0.00875556897679197,0.0032154166825017,0.0136));
#8348=CARTESIAN_POINT('',(-0.00966726646644608,0.00265060011022595,0.0136));
#8349=CARTESIAN_POINT('',(-0.00966726646644608,0.00265060011022595,0.0136));
#8350=CARTESIAN_POINT('',(-0.00966726646644608,0.00265060011022595,0.0136));
#8351=CARTESIAN_POINT('',(-0.0105789639561002,0.00208578353795019,0.0136));
#8352=CARTESIAN_POINT('',(-0.011850255276335,0.00208578353795019,0.0136));
#8353=CARTESIAN_POINT('',(-0.011850255276335,0.00208578353795019,0.0136));
#8354=CARTESIAN_POINT('',(-0.011850255276335,0.00208578353795019,0.0136));
#8355=CARTESIAN_POINT('',(-0.013778985822177,0.00208578353795019,0.0136));
#8356=CARTESIAN_POINT('',(-0.0148314334222857,0.00317909407335214,0.0136));
#8357=CARTESIAN_POINT('',(-0.0148314334222857,0.00317909407335214,0.0136));
#8358=CARTESIAN_POINT('',(-0.0148314334222857,0.00317909407335214,0.0136));
#8359=CARTESIAN_POINT('',(-0.0158838810223943,0.00427240460875408,0.0136));
#8360=CARTESIAN_POINT('',(-0.0158838810223943,0.00623564163328814,0.0136));
#8361=CARTESIAN_POINT('',(-0.0158838810223943,0.00623564163328814,0.0136));
#8362=CARTESIAN_POINT('',(-0.0158838810223943,0.00623564163328814,0.0136));
#8363=CARTESIAN_POINT('',(-0.0158838810223943,0.00820432704919464,0.0136));
#8364=CARTESIAN_POINT('',(-0.014868664096664,0.00926040691021828,0.0136));
#8365=CARTESIAN_POINT('',(-0.014868664096664,0.00926040691021828,0.0136));
#8366=CARTESIAN_POINT('',(-0.014868664096664,0.00926040691021828,0.0136));
#8367=CARTESIAN_POINT('',(-0.0138534471709336,0.0103164867712419,0.0136));
#8368=CARTESIAN_POINT('',(-0.0119229004946341,0.0103164867712419,0.0136));
#8369=CARTESIAN_POINT('',(-0.0119229004946341,0.0103164867712419,0.0136));
#8370=CARTESIAN_POINT('',(-0.0119229004946341,0.0103164867712419,0.0136));
#8371=CARTESIAN_POINT('',(-0.0105153993900885,0.0103164867712419,0.0136));
#8372=CARTESIAN_POINT('',(-0.00963003579206778,0.00975167019896616,0.0136));
#8373=CARTESIAN_POINT('',(-0.00963003579206778,0.00975167019896616,0.0136));
#8374=CARTESIAN_POINT('',(-0.00963003579206778,0.00975167019896616,0.0136));
#8375=CARTESIAN_POINT('',(-0.0087446721940471,0.00918685362669041,0.0136));
#8376=CARTESIAN_POINT('',(-0.00838689449392387,0.00809172696083098,0.0136));
#8377=CARTESIAN_POINT('',(-0.00838689449392387,0.00809172696083098,0.0136));
#8378=CARTESIAN_POINT('',(-0.00912515152488881,0.00789013648005089,0.0136));
#8379=CARTESIAN_POINT('',(-0.00986340855585374,0.00768854599927079,0.0136));
#8380=CARTESIAN_POINT('',(-0.00986340855585374,0.00768854599927079,0.0136));
#8381=CARTESIAN_POINT('',(-0.010050469992974,0.00828968518069612,0.0136));
#8382=CARTESIAN_POINT('',(-0.0105980333259037,0.00864473868513313,0.0136));
#8383=CARTESIAN_POINT('',(-0.0105980333259037,0.00864473868513313,0.0136));
#8384=CARTESIAN_POINT('',(-0.0105980333259037,0.00864473868513313,0.0136));
#8385=CARTESIAN_POINT('',(-0.0111455966588334,0.00899979218957014,0.0136));
#8386=CARTESIAN_POINT('',(-0.0118883940159421,0.00899979218957014,0.0136));
#8387=CARTESIAN_POINT('',(-0.0118883940159421,0.00899979218957014,0.0136));
#8388=CARTESIAN_POINT('',(-0.0118883940159421,0.00899979218957014,0.0136));
#8389=CARTESIAN_POINT('',(-0.013023475551866,0.00899979218957014,0.0136));
#8390=CARTESIAN_POINT('',(-0.0136109937548602,0.00829604163729729,0.0136));
#8391=CARTESIAN_POINT('',(-0.0136109937548602,0.00829604163729729,0.0136));
#8392=CARTESIAN_POINT('',(-0.0136109937548602,0.00829604163729729,0.0136));
#8393=CARTESIAN_POINT('',(-0.0141985119578545,0.00759229108502444,0.0136));
#8394=CARTESIAN_POINT('',(-0.0141985119578545,0.00623564163328814,0.0136));
#8395=CARTESIAN_POINT('',(-0.0141985119578545,0.00623564163328814,0.0136));
#8396=CARTESIAN_POINT('',(-0.0141985119578545,0.00623564163328814,0.0136));
#8397=CARTESIAN_POINT('',(-0.0141985119578545,0.0048571986160621,0.0136));
#8398=CARTESIAN_POINT('',(-0.0135946485807429,0.00413074643307078,0.0136));
#8399=CARTESIAN_POINT('',(-0.000668340049641031,0.00220019975677132,0.0136));
#8400=CARTESIAN_POINT('',(0.000319634919227173,0.00220019975677132,0.0136));
#8401=CARTESIAN_POINT('',(-0.00165631501850923,0.00220019975677132,0.0136));
#8402=CARTESIAN_POINT('',(-0.00309196614514585,0.00403630764928191,0.0136));
#8403=CARTESIAN_POINT('',(-0.00452761727178245,0.00587241554179248,0.0136));
#8404=CARTESIAN_POINT('',(-0.00502160475621655,0.00549466040663699,0.0136));
#8405=CARTESIAN_POINT('',(-0.00551559224065066,0.0051169052714815,0.0136));
#8406=CARTESIAN_POINT('',(-0.00551559224065066,0.00365855251412641,0.0136));
#8407=CARTESIAN_POINT('',(-0.00551559224065066,0.00220019975677132,0.0136));
#8408=CARTESIAN_POINT('',(-0.00635282838154816,0.00220019975677132,0.0136));
#8409=CARTESIAN_POINT('',(-0.00719006452244566,0.00220019975677132,0.0136));
#8410=CARTESIAN_POINT('',(-0.00719006452244566,0.00619841095890984,0.0136));
#8411=CARTESIAN_POINT('',(-0.00719006452244566,0.0101966221610483,0.0136));
#8412=CARTESIAN_POINT('',(-0.00635282838154816,0.0101966221610483,0.0136));
#8413=CARTESIAN_POINT('',(-0.00551559224065066,0.0101966221610483,0.0136));
#8414=CARTESIAN_POINT('',(-0.00551559224065066,0.00838321589925625,0.0136));
#8415=CARTESIAN_POINT('',(-0.00551559224065066,0.00656980963746415,0.0136));
#8416=CARTESIAN_POINT('',(-0.00371399082683217,0.00838321589925625,0.0136));
#8417=CARTESIAN_POINT('',(-0.00191238941301368,0.0101966221610483,0.0136));
#8418=CARTESIAN_POINT('',(-0.000936219292119079,0.0101966221610483,0.0136));
#8419=CARTESIAN_POINT('',(3.99508287755171E-5,0.0101966221610483,0.0136));
#8420=CARTESIAN_POINT('',(-0.00166811986648284,0.00850580470513604,0.0136));
#8421=CARTESIAN_POINT('',(-0.0033761905617412,0.00681498724922373,0.0136));
#8422=CARTESIAN_POINT('',(-0.00152827782125701,0.00450759350299753,0.0136));
#8423=CARTESIAN_POINT('',(0.0031936613681866,0.00413074643307078,0.0136));
#8424=CARTESIAN_POINT('',(0.00379752474529815,0.00340429425007945,0.0136));
#8425=CARTESIAN_POINT('',(0.00493805467259453,0.00340429425007945,0.0136));
#8426=CARTESIAN_POINT('',(0.0031936613681866,0.00413074643307078,0.0136));
#8427=CARTESIAN_POINT('',(0.00493805467259453,0.00340429425007945,0.0136));
#8428=CARTESIAN_POINT('',(0.00493805467259453,0.00340429425007945,0.0136));
#8429=CARTESIAN_POINT('',(0.00645452360458892,0.00340429425007945,0.0136));
#8430=CARTESIAN_POINT('',(0.00704476600326938,0.0049243954429888,0.0136));
#8431=CARTESIAN_POINT('',(0.00704476600326938,0.0049243954429888,0.0136));
#8432=CARTESIAN_POINT('',(0.00777394238194692,0.00464925167868084,0.0136));
#8433=CARTESIAN_POINT('',(0.00850311876062446,0.00437410791437287,0.0136));
#8434=CARTESIAN_POINT('',(0.00850311876062446,0.00437410791437287,0.0136));
#8435=CARTESIAN_POINT('',(0.00803274097213758,0.0032154166825017,0.0136));
#8436=CARTESIAN_POINT('',(0.00712104348248347,0.00265060011022595,0.0136));
#8437=CARTESIAN_POINT('',(0.00712104348248347,0.00265060011022595,0.0136));
#8438=CARTESIAN_POINT('',(0.00712104348248347,0.00265060011022595,0.0136));
#8439=CARTESIAN_POINT('',(0.00620934599282935,0.00208578353795019,0.0136));
#8440=CARTESIAN_POINT('',(0.00493805467259453,0.00208578353795019,0.0136));
#8441=CARTESIAN_POINT('',(0.00493805467259453,0.00208578353795019,0.0136));
#8442=CARTESIAN_POINT('',(0.00493805467259453,0.00208578353795019,0.0136));
#8443=CARTESIAN_POINT('',(0.00300932412675256,0.00208578353795019,0.0136));
#8444=CARTESIAN_POINT('',(0.00195687652664388,0.00317909407335214,0.0136));
#8445=CARTESIAN_POINT('',(0.00195687652664388,0.00317909407335214,0.0136));
#8446=CARTESIAN_POINT('',(0.00195687652664388,0.00317909407335214,0.0136));
#8447=CARTESIAN_POINT('',(0.000904428926535195,0.00427240460875408,0.0136));
#8448=CARTESIAN_POINT('',(0.000904428926535195,0.00623564163328814,0.0136));
#8449=CARTESIAN_POINT('',(0.000904428926535195,0.00623564163328814,0.0136));
#8450=CARTESIAN_POINT('',(0.000904428926535195,0.00623564163328814,0.0136));
#8451=CARTESIAN_POINT('',(0.000904428926535195,0.00820432704919464,0.0136));
#8452=CARTESIAN_POINT('',(0.00191964585226557,0.00926040691021828,0.0136));
#8453=CARTESIAN_POINT('',(0.00191964585226557,0.00926040691021828,0.0136));
#8454=CARTESIAN_POINT('',(0.00191964585226557,0.00926040691021828,0.0136));
#8455=CARTESIAN_POINT('',(0.00293486277799595,0.0103164867712419,0.0136));
#8456=CARTESIAN_POINT('',(0.0048654094542954,0.0103164867712419,0.0136));
#8457=CARTESIAN_POINT('',(0.0048654094542954,0.0103164867712419,0.0136));
#8458=CARTESIAN_POINT('',(0.0048654094542954,0.0103164867712419,0.0136));
#8459=CARTESIAN_POINT('',(0.00627291055884109,0.0103164867712419,0.0136));
#8460=CARTESIAN_POINT('',(0.00715827415686177,0.00975167019896617,0.0136));
#8461=CARTESIAN_POINT('',(0.00715827415686177,0.00975167019896617,0.0136));
#8462=CARTESIAN_POINT('',(0.00715827415686177,0.00975167019896617,0.0136));
#8463=CARTESIAN_POINT('',(0.00804363775488245,0.00918685362669041,0.0136));
#8464=CARTESIAN_POINT('',(0.00840141545500568,0.00809172696083099,0.0136));
#8465=CARTESIAN_POINT('',(0.00840141545500568,0.00809172696083099,0.0136));
#8466=CARTESIAN_POINT('',(0.00766315842404075,0.00789013648005089,0.0136));
#8467=CARTESIAN_POINT('',(0.00692490139307581,0.0076885459992708,0.0136));
#8468=CARTESIAN_POINT('',(0.00692490139307581,0.0076885459992708,0.0136));
#8469=CARTESIAN_POINT('',(0.00673783995595555,0.00828968518069612,0.0136));
#8470=CARTESIAN_POINT('',(0.00619027662302583,0.00864473868513313,0.0136));
#8471=CARTESIAN_POINT('',(0.00619027662302583,0.00864473868513313,0.0136));
#8472=CARTESIAN_POINT('',(0.00619027662302583,0.00864473868513313,0.0136));
#8473=CARTESIAN_POINT('',(0.00564271329009612,0.00899979218957014,0.0136));
#8474=CARTESIAN_POINT('',(0.00489991593298749,0.00899979218957014,0.0136));
#8475=CARTESIAN_POINT('',(0.00489991593298749,0.00899979218957014,0.0136));
#8476=CARTESIAN_POINT('',(0.00489991593298749,0.00899979218957014,0.0136));
#8477=CARTESIAN_POINT('',(0.00376483439706354,0.00899979218957014,0.0136));
#8478=CARTESIAN_POINT('',(0.0031773161940693,0.00829604163729729,0.0136));
#8479=CARTESIAN_POINT('',(0.0031773161940693,0.00829604163729729,0.0136));
#8480=CARTESIAN_POINT('',(0.0031773161940693,0.00829604163729729,0.0136));
#8481=CARTESIAN_POINT('',(0.00258979799107506,0.00759229108502445,0.0136));
#8482=CARTESIAN_POINT('',(0.00258979799107506,0.00623564163328814,0.0136));
#8483=CARTESIAN_POINT('',(0.00258979799107506,0.00623564163328814,0.0136));
#8484=CARTESIAN_POINT('',(0.00258979799107506,0.00623564163328814,0.0136));
#8485=CARTESIAN_POINT('',(0.00258979799107506,0.0048571986160621,0.0136));
#8486=CARTESIAN_POINT('',(0.0031936613681866,0.00413074643307078,0.0136));
#8487=CARTESIAN_POINT('',(0.012581239702892,0.00220019975677133,0.0136));
#8488=CARTESIAN_POINT('',(0.0155642339793001,0.00220019975677133,0.0136));
#8489=CARTESIAN_POINT('',(0.00959824542648389,0.00220019975677133,0.0136));
#8490=CARTESIAN_POINT('',(0.00959824542648389,0.00619841095890984,0.0136));
#8491=CARTESIAN_POINT('',(0.00959824542648389,0.0101966221610483,0.0136));
#8492=CARTESIAN_POINT('',(0.0104354815673814,0.0101966221610483,0.0136));
#8493=CARTESIAN_POINT('',(0.0112727177082789,0.0101966221610483,0.0136));
#8494=CARTESIAN_POINT('',(0.0112727177082789,0.00684586146700086,0.0136));
#8495=CARTESIAN_POINT('',(0.0112727177082789,0.00349510077295337,0.0136));
#8496=CARTESIAN_POINT('',(0.0134184758437895,0.00349510077295337,0.0136));
#8497=CARTESIAN_POINT('',(0.0155642339793001,0.00349510077295337,0.0136));
#8498=CARTESIAN_POINT('',(0.0155642339793001,0.00284765026486235,0.0136));
#8499=CARTESIAN_POINT('',(0.0226653040680404,0.0029230196788477,0.0136));
#8500=CARTESIAN_POINT('',(0.0217263646215241,0.00208578353795019,0.0136));
#8501=CARTESIAN_POINT('',(0.0200228342524094,0.00208578353795019,0.0136));
#8502=CARTESIAN_POINT('',(0.0226653040680404,0.0029230196788477,0.0136));
#8503=CARTESIAN_POINT('',(0.0200228342524094,0.00208578353795019,0.0136));
#8504=CARTESIAN_POINT('',(0.0200228342524094,0.00208578353795019,0.0136));
#8505=CARTESIAN_POINT('',(0.0183719716665617,0.00208578353795019,0.0136));
#8506=CARTESIAN_POINT('',(0.0174947806555996,0.00289214546107057,0.0136));
#8507=CARTESIAN_POINT('',(0.0174947806555996,0.00289214546107057,0.0136));
#8508=CARTESIAN_POINT('',(0.0174947806555996,0.00289214546107057,0.0136));
#8509=CARTESIAN_POINT('',(0.0166175896446376,0.00369850738419094,0.0136));
#8510=CARTESIAN_POINT('',(0.0166175896446376,0.00519681501161055,0.0136));
#8511=CARTESIAN_POINT('',(0.0166175896446376,0.00519681501161055,0.0136));
#8512=CARTESIAN_POINT('',(0.0166175896446376,0.00769671858632945,0.0136));
#8513=CARTESIAN_POINT('',(0.0166175896446376,0.0101966221610483,0.0136));
#8514=CARTESIAN_POINT('',(0.0174548257855351,0.0101966221610483,0.0136));
#8515=CARTESIAN_POINT('',(0.0182920619264326,0.0101966221610483,0.0136));
#8516=CARTESIAN_POINT('',(0.0182920619264326,0.00776209928279867,0.0136));
#8517=CARTESIAN_POINT('',(0.0182920619264326,0.00532757640454899,0.0136));
#8518=CARTESIAN_POINT('',(0.0182920619264326,0.00532757640454899,0.0136));
#8519=CARTESIAN_POINT('',(0.0182920619264326,0.00437955630574531,0.0136));
#8520=CARTESIAN_POINT('',(0.0187433703451159,0.00388829301699743,0.0136));
#8521=CARTESIAN_POINT('',(0.0187433703451159,0.00388829301699743,0.0136));
#8522=CARTESIAN_POINT('',(0.0187433703451159,0.00388829301699743,0.0136));
#8523=CARTESIAN_POINT('',(0.0191946787637993,0.00339702972824954,0.0136));
#8524=CARTESIAN_POINT('',(0.0200682375138464,0.00339702972824954,0.0136));
#8525=CARTESIAN_POINT('',(0.0200682375138464,0.00339702972824954,0.0136));
#8526=CARTESIAN_POINT('',(0.0200682375138464,0.00339702972824954,0.0136));
#8527=CARTESIAN_POINT('',(0.0209654059598407,0.00339702972824954,0.0136));
#8528=CARTESIAN_POINT('',(0.0214475885963012,0.00391099464771591,0.0136));
#8529=CARTESIAN_POINT('',(0.0214475885963012,0.00391099464771591,0.0136));
#8530=CARTESIAN_POINT('',(0.0214475885963012,0.00391099464771591,0.0136));
#8531=CARTESIAN_POINT('',(0.0219297712327617,0.00442495956718227,0.0136));
#8532=CARTESIAN_POINT('',(0.0219297712327617,0.00538387644873082,0.0136));
#8533=CARTESIAN_POINT('',(0.0219297712327617,0.00538387644873082,0.0136));
#8534=CARTESIAN_POINT('',(0.0219297712327617,0.00779024930488959,0.0136));
#8535=CARTESIAN_POINT('',(0.0219297712327617,0.0101966221610483,0.0136));
#8536=CARTESIAN_POINT('',(0.0227670073736592,0.0101966221610483,0.0136));
#8537=CARTESIAN_POINT('',(0.0236042435145567,0.0101966221610483,0.0136));
#8538=CARTESIAN_POINT('',(0.0236042435145567,0.00773939765208019,0.0136));
#8539=CARTESIAN_POINT('',(0.0236042435145567,0.00528217314311203,0.0136));
#8540=CARTESIAN_POINT('',(0.0236042435145567,0.00528217314311203,0.0136));
#8541=CARTESIAN_POINT('',(0.0236042435145567,0.0037602558197452,0.0136));
#8542=CARTESIAN_POINT('',(0.0226653040680404,0.0029230196788477,0.0136));
#8543=CARTESIAN_POINT('',(0.0316724030719041,0.00579522999734966,0.0136));
#8544=CARTESIAN_POINT('',(0.0321800115347693,0.00529851831722934,0.0136));
#8545=CARTESIAN_POINT('',(0.0321800115347693,0.00448125961136409,0.0136));
#8546=CARTESIAN_POINT('',(0.0316724030719041,0.00579522999734966,0.0136));
#8547=CARTESIAN_POINT('',(0.0321800115347693,0.00448125961136409,0.0136));
#8548=CARTESIAN_POINT('',(0.0321800115347693,0.00448125961136409,0.0136));
#8549=CARTESIAN_POINT('',(0.0321800115347693,0.0033915813368771,0.0136));
#8550=CARTESIAN_POINT('',(0.0313627528289041,0.00279589054682422,0.0136));
#8551=CARTESIAN_POINT('',(0.0313627528289041,0.00279589054682422,0.0136));
#8552=CARTESIAN_POINT('',(0.0313627528289041,0.00279589054682422,0.0136));
#8553=CARTESIAN_POINT('',(0.0305454941230388,0.00220019975677133,0.0136));
#8554=CARTESIAN_POINT('',(0.0290925897570562,0.00220019975677133,0.0136));
#8555=CARTESIAN_POINT('',(0.0290925897570562,0.00220019975677133,0.0136));
#8556=CARTESIAN_POINT('',(0.0270921220581437,0.00220019975677133,0.0136));
#8557=CARTESIAN_POINT('',(0.0250916543592314,0.00220019975677133,0.0136));
#8558=CARTESIAN_POINT('',(0.0250916543592314,0.00619841095890984,0.0136));
#8559=CARTESIAN_POINT('',(0.0250916543592314,0.0101966221610483,0.0136));
#8560=CARTESIAN_POINT('',(0.0269223138603695,0.0101966221610483,0.0136));
#8561=CARTESIAN_POINT('',(0.0287529733615077,0.0101966221610484,0.0136));
#8562=CARTESIAN_POINT('',(0.0287529733615077,0.0101966221610484,0.0136));
#8563=CARTESIAN_POINT('',(0.0302167745102352,0.0101966221610484,0.0136));
#8564=CARTESIAN_POINT('',(0.0309686525196313,0.00968901369818317,0.0136));
#8565=CARTESIAN_POINT('',(0.0309686525196313,0.00968901369818317,0.0136));
#8566=CARTESIAN_POINT('',(0.0309686525196313,0.00968901369818317,0.0136));
#8567=CARTESIAN_POINT('',(0.0317205305290273,0.00918140523531798,0.0136));
#8568=CARTESIAN_POINT('',(0.0317205305290273,0.00818798187507734,0.0136));
#8569=CARTESIAN_POINT('',(0.0317205305290273,0.00818798187507734,0.0136));
#8570=CARTESIAN_POINT('',(0.0317205305290273,0.00818798187507734,0.0136));
#8571=CARTESIAN_POINT('',(0.0317205305290273,0.00750693295352297,0.0136));
#8572=CARTESIAN_POINT('',(0.0313436834591005,0.00703837129549357,0.0136));
#8573=CARTESIAN_POINT('',(0.0313436834591005,0.00703837129549357,0.0136));
#8574=CARTESIAN_POINT('',(0.0313436834591005,0.00703837129549357,0.0136));
#8575=CARTESIAN_POINT('',(0.0309668363891738,0.00656980963746416,0.0136));
#8576=CARTESIAN_POINT('',(0.0301949809447455,0.00640635789629111,0.0136));
#8577=CARTESIAN_POINT('',(0.0301949809447455,0.00640635789629111,0.0136));
#8578=CARTESIAN_POINT('',(0.0301949809447455,0.00640635789629111,0.0136));
#8579=CARTESIAN_POINT('',(0.0311647946090389,0.00629194167746998,0.0136));
#8580=CARTESIAN_POINT('',(0.0316724030719041,0.00579522999734966,0.0136));
#8581=CARTESIAN_POINT('',(-0.0381035945600246,-0.0161069058200041,0.0136));
#8582=CARTESIAN_POINT('',(-0.0381035945600246,-0.00675427787584114,0.0136));
#8583=CARTESIAN_POINT('',(-0.0381035945600246,-0.025459533764167,0.0136));
#8584=CARTESIAN_POINT('',(-0.00025352836469944,-0.00675427787584112,0.0136));
#8585=CARTESIAN_POINT('',(0.0375965378306257,-0.00675427787584111,0.0136));
#8586=CARTESIAN_POINT('',(0.0375965378306257,-0.016106905820004,0.0136));
#8587=CARTESIAN_POINT('',(0.0375965378306257,-0.025459533764167,0.0136));
#8588=CARTESIAN_POINT('',(-0.00025352836469944,-0.025459533764167,0.0136));
#8589=CARTESIAN_POINT('',(-0.0431367754936219,-0.0366373993456363,0.0136));
#8590=CARTESIAN_POINT('',(-0.0415367754936219,-0.0366373993456363,0.0136));
#8591=CARTESIAN_POINT('',(0.0424505545589991,-0.0363123376832605,0.0136));
#8592=CARTESIAN_POINT('',(0.0440505545589991,-0.0363123376832605,0.0136));
#8593=CARTESIAN_POINT('',(-0.000366441750526435,0.018339839479755,0.0136));
#8594=CARTESIAN_POINT('',(-0.0476664417505264,0.0183398394797549,0.0136));
#8595=CARTESIAN_POINT('',(0.0469335582494736,0.018339839479755,0.0136));
#8596=CARTESIAN_POINT('',(-0.0476664417505264,-0.010828666085685,0.0136));
#8597=CARTESIAN_POINT('',(-0.0476664417505264,-0.039997171651125,0.0136));
#8598=CARTESIAN_POINT('',(-0.000366441750526421,-0.039997171651125,0.0136));
#8599=CARTESIAN_POINT('',(0.0469335582494736,-0.039997171651125,0.0136));
#8600=CARTESIAN_POINT('',(0.0469335582494736,-0.010828666085685,0.0136));
#8601=CARTESIAN_POINT('',(-0.0174966048686351,0.00220019975677132,0.0136));
#8602=CARTESIAN_POINT('',(-0.016668449380025,0.00220019975677132,0.0136));
#8603=CARTESIAN_POINT('',(-0.0183247603572452,0.00220019975677132,0.0136));
#8604=CARTESIAN_POINT('',(-0.0186798138616822,0.00322177313910288,0.0136));
#8605=CARTESIAN_POINT('',(-0.0190348673661192,0.00424334652143442,0.0136));
#8606=CARTESIAN_POINT('',(-0.0205586008199436,0.00424334652143442,0.0136));
#8607=CARTESIAN_POINT('',(-0.0220823342737679,0.00424334652143443,0.0136));
#8608=CARTESIAN_POINT('',(-0.0224373877782048,0.00322177313910288,0.0136));
#8609=CARTESIAN_POINT('',(-0.0227924412826419,0.00220019975677132,0.0136));
#8610=CARTESIAN_POINT('',(-0.0236296774235394,0.00220019975677132,0.0136));
#8611=CARTESIAN_POINT('',(-0.0244669135644369,0.00220019975677132,0.0136));
#8612=CARTESIAN_POINT('',(-0.023007652741853,0.00619841095890984,0.0136));
#8613=CARTESIAN_POINT('',(-0.0215483919192693,0.0101966221610483,0.0136));
#8614=CARTESIAN_POINT('',(-0.0205613250156297,0.0101966221610483,0.0136));
#8615=CARTESIAN_POINT('',(-0.0195742581119903,0.0101966221610483,0.0136));
#8616=CARTESIAN_POINT('',(-0.0181213537460076,0.00619841095890984,0.0136));
#8617=CARTESIAN_POINT('',(-0.0263756666752466,0.00220019975677132,0.0136));
#8618=CARTESIAN_POINT('',(-0.0255384305343491,0.00220019975677132,0.0136));
#8619=CARTESIAN_POINT('',(-0.0272129028161441,0.00220019975677132,0.0136));
#8620=CARTESIAN_POINT('',(-0.0272129028161441,0.00391462690863085,0.0136));
#8621=CARTESIAN_POINT('',(-0.0272129028161441,0.00562905406049038,0.0136));
#8622=CARTESIAN_POINT('',(-0.0289554799900946,0.00562905406049038,0.0136));
#8623=CARTESIAN_POINT('',(-0.030698057164045,0.00562905406049038,0.0136));
#8624=CARTESIAN_POINT('',(-0.030698057164045,0.00391462690863085,0.0136));
#8625=CARTESIAN_POINT('',(-0.030698057164045,0.00220019975677132,0.0136));
#8626=CARTESIAN_POINT('',(-0.0315352933049425,0.00220019975677132,0.0136));
#8627=CARTESIAN_POINT('',(-0.03237252944584,0.00220019975677132,0.0136));
#8628=CARTESIAN_POINT('',(-0.03237252944584,0.00619841095890983,0.0136));
#8629=CARTESIAN_POINT('',(-0.03237252944584,0.0101966221610483,0.0136));
#8630=CARTESIAN_POINT('',(-0.0315352933049425,0.0101966221610483,0.0136));
#8631=CARTESIAN_POINT('',(-0.030698057164045,0.0101966221610483,0.0136));
#8632=CARTESIAN_POINT('',(-0.030698057164045,0.0086047838150686,0.0136));
#8633=CARTESIAN_POINT('',(-0.030698057164045,0.00701294546908886,0.0136));
#8634=CARTESIAN_POINT('',(-0.0289554799900946,0.00701294546908886,0.0136));
#8635=CARTESIAN_POINT('',(-0.0272129028161441,0.00701294546908886,0.0136));
#8636=CARTESIAN_POINT('',(-0.0272129028161441,0.0086047838150686,0.0136));
#8637=CARTESIAN_POINT('',(-0.0272129028161441,0.0101966221610483,0.0136));
#8638=CARTESIAN_POINT('',(-0.0263756666752466,0.0101966221610483,0.0136));
#8639=CARTESIAN_POINT('',(-0.0255384305343491,0.0101966221610483,0.0136));
#8640=CARTESIAN_POINT('',(-0.0255384305343491,0.00619841095890984,0.0136));
#8641=CARTESIAN_POINT('',(-0.000366441750526435,0.018339839479755,0.0136));
#8642=CARTESIAN_POINT('',(-0.000366441750526435,0.018339839479755,0.0116));
#8643=CARTESIAN_POINT('',(-0.0476664417505264,0.0183398394797549,0.0116));
#8644=CARTESIAN_POINT('',(0.0469335582494736,0.018339839479755,0.0116));
#8645=CARTESIAN_POINT('',(-0.0476664417505264,0.0183398394797549,0.0136));
#8646=CARTESIAN_POINT('',(0.0469335582494736,0.018339839479755,0.0136));
#8647=CARTESIAN_POINT('',(-0.0476664417505264,-0.010828666085685,0.0136));
#8648=CARTESIAN_POINT('',(-0.0476664417505264,-0.010828666085685,0.0116));
#8649=CARTESIAN_POINT('',(-0.0476664417505264,-0.039997171651125,0.0116));
#8650=CARTESIAN_POINT('',(-0.0476664417505264,-0.039997171651125,0.0136));
#8651=CARTESIAN_POINT('',(-0.000366441750526421,-0.039997171651125,0.0136));
#8652=CARTESIAN_POINT('',(-0.000366441750526421,-0.039997171651125,0.0116));
#8653=CARTESIAN_POINT('',(0.0469335582494736,-0.039997171651125,0.0116));
#8654=CARTESIAN_POINT('',(0.0469335582494736,-0.039997171651125,0.0136));
#8655=CARTESIAN_POINT('',(-0.0381035945600246,-0.0161069058200041,0.0136));
#8656=CARTESIAN_POINT('',(-0.0381035945600246,-0.0161069058200041,0.0116));
#8657=CARTESIAN_POINT('',(-0.0381035945600246,-0.00675427787584114,0.0116));
#8658=CARTESIAN_POINT('',(-0.0381035945600246,-0.025459533764167,0.0116));
#8659=CARTESIAN_POINT('',(-0.0381035945600246,-0.00675427787584114,0.0136));
#8660=CARTESIAN_POINT('',(-0.0381035945600246,-0.025459533764167,0.0136));
#8661=CARTESIAN_POINT('',(-0.00025352836469944,-0.00675427787584112,0.0136));
#8662=CARTESIAN_POINT('',(-0.00025352836469944,-0.00675427787584112,0.0116));
#8663=CARTESIAN_POINT('',(0.0375965378306257,-0.00675427787584111,0.0116));
#8664=CARTESIAN_POINT('',(0.0375965378306257,-0.00675427787584111,0.0136));
#8665=CARTESIAN_POINT('',(0.0375965378306257,-0.016106905820004,0.0136));
#8666=CARTESIAN_POINT('',(0.0375965378306257,-0.016106905820004,0.0116));
#8667=CARTESIAN_POINT('',(0.0375965378306257,-0.025459533764167,0.0116));
#8668=CARTESIAN_POINT('',(0.0375965378306257,-0.025459533764167,0.0136));
#8669=CARTESIAN_POINT('',(0.0424505545589991,-0.0363123376832605,0.0136));
#8670=CARTESIAN_POINT('',(0.0424505545589991,-0.0363123376832605,0.0116));
#8671=CARTESIAN_POINT('',(0.0440505545589991,-0.0363123376832605,0.0116));
#8672=CARTESIAN_POINT('',(-0.0431367754936219,-0.0366373993456363,0.0136));
#8673=CARTESIAN_POINT('',(-0.0431367754936219,-0.0366373993456363,0.0116));
#8674=CARTESIAN_POINT('',(-0.0415367754936219,-0.0366373993456363,0.0116));
#8675=CARTESIAN_POINT('',(-0.00025352836469944,-0.025459533764167,0.0136));
#8676=CARTESIAN_POINT('',(-0.00025352836469944,-0.025459533764167,0.0116));
#8677=CARTESIAN_POINT('',(0.0469335582494736,-0.010828666085685,0.0136));
#8678=CARTESIAN_POINT('',(0.0469335582494736,-0.010828666085685,0.0116));
#8679=CARTESIAN_POINT('',(-0.000366441750526428,-0.010828666085685,0.0116));
#8680=CARTESIAN_POINT('',(0.0305000908616018,0.00461202100430254,0.0149));
#8681=CARTESIAN_POINT('',(0.0305000908616018,0.00461202100430254,0.0136));
#8682=CARTESIAN_POINT('',(0.0305000908616018,0.00536147750642192,0.0149));
#8683=CARTESIAN_POINT('',(0.0305000908616018,0.00536147750642192,0.0136));
#8684=CARTESIAN_POINT('',(0.0299631216230074,0.00573620575748161,0.0149));
#8685=CARTESIAN_POINT('',(0.0299631216230074,0.00573620575748161,0.0136));
#8686=CARTESIAN_POINT('',(0.0288891831458186,0.00573620575748161,0.0149));
#8687=CARTESIAN_POINT('',(0.0288891831458186,0.00573620575748161,0.0136));
#8688=CARTESIAN_POINT('',(0.0305000908616018,0.00461202100430254,0.0136));
#8689=CARTESIAN_POINT('',(0.0305000908616018,0.00573620575748161,0.0136));
#8690=CARTESIAN_POINT('',(0.0288891831458186,0.00573620575748161,0.0136));
#8691=CARTESIAN_POINT('',(0.0305000908616018,0.00461202100430254,0.0136));
#8692=CARTESIAN_POINT('',(0.0288891831458186,0.00573620575748161,0.0136));
#8693=CARTESIAN_POINT('',(0.0305000908616018,0.00461202100430254,0.0149));
#8694=CARTESIAN_POINT('',(0.0305000908616018,0.00461202100430254,0.0149));
#8695=CARTESIAN_POINT('',(0.0305000908616018,0.00461202100430254,0.0149));
#8696=CARTESIAN_POINT('',(0.0305000908616018,0.00573620575748161,0.0149));
#8697=CARTESIAN_POINT('',(0.0288891831458186,0.00573620575748161,0.0149));
#8698=CARTESIAN_POINT('',(0.0288891831458186,0.00573620575748161,0.0149));
#8699=CARTESIAN_POINT('',(0.0288891831458186,0.00573620575748161,0.0149));
#8700=CARTESIAN_POINT('',(0.0301286921830475,0.00373482999334051,0.0149));
#8701=CARTESIAN_POINT('',(0.0301286921830475,0.00373482999334051,0.0136));
#8702=CARTESIAN_POINT('',(0.0303762913020837,0.00392976132910985,0.0149));
#8703=CARTESIAN_POINT('',(0.0303762913020837,0.00392976132910985,0.0136));
#8704=CARTESIAN_POINT('',(0.0305000908616018,0.00422215833276386,0.0149));
#8705=CARTESIAN_POINT('',(0.0305000908616018,0.00422215833276386,0.0136));
#8706=CARTESIAN_POINT('',(0.0305000908616018,0.00461202100430254,0.0149));
#8707=CARTESIAN_POINT('',(0.0305000908616018,0.00461202100430254,0.0136));
#8708=CARTESIAN_POINT('',(0.0301286921830475,0.00373482999334051,0.0136));
#8709=CARTESIAN_POINT('',(0.0305000908616018,0.00402722699699452,0.0136));
#8710=CARTESIAN_POINT('',(0.0305000908616018,0.00461202100430254,0.0136));
#8711=CARTESIAN_POINT('',(0.0301286921830475,0.00373482999334051,0.0136));
#8712=CARTESIAN_POINT('',(0.0301286921830475,0.00373482999334051,0.0149));
#8713=CARTESIAN_POINT('',(0.0301286921830475,0.00373482999334051,0.0149));
#8714=CARTESIAN_POINT('',(0.0301286921830475,0.00373482999334051,0.0149));
#8715=CARTESIAN_POINT('',(0.0305000908616018,0.00402722699699452,0.0149));
#8716=CARTESIAN_POINT('',(0.0305000908616018,0.00461202100430254,0.0149));
#8717=CARTESIAN_POINT('',(0.0289509315813728,0.0034424329896865,0.0149));
#8718=CARTESIAN_POINT('',(0.0289509315813728,0.0034424329896865,0.0136));
#8719=CARTESIAN_POINT('',(0.0294885061967864,0.0034424329896865,0.0149));
#8720=CARTESIAN_POINT('',(0.0294885061967864,0.0034424329896865,0.0136));
#8721=CARTESIAN_POINT('',(0.0298810930640113,0.00353989865757117,0.0149));
#8722=CARTESIAN_POINT('',(0.0298810930640113,0.00353989865757117,0.0136));
#8723=CARTESIAN_POINT('',(0.0301286921830475,0.00373482999334051,0.0149));
#8724=CARTESIAN_POINT('',(0.0301286921830475,0.00373482999334051,0.0136));
#8725=CARTESIAN_POINT('',(0.0289509315813728,0.0034424329896865,0.0136));
#8726=CARTESIAN_POINT('',(0.0297572935044932,0.0034424329896865,0.0136));
#8727=CARTESIAN_POINT('',(0.0301286921830475,0.00373482999334051,0.0136));
#8728=CARTESIAN_POINT('',(0.0289509315813728,0.0034424329896865,0.0136));
#8729=CARTESIAN_POINT('',(0.0289509315813728,0.0034424329896865,0.0149));
#8730=CARTESIAN_POINT('',(0.0289509315813728,0.0034424329896865,0.0149));
#8731=CARTESIAN_POINT('',(0.0289509315813728,0.0034424329896865,0.0149));
#8732=CARTESIAN_POINT('',(0.0297572935044932,0.0034424329896865,0.0149));
#8733=CARTESIAN_POINT('',(0.0301286921830475,0.00373482999334051,0.0149));
#8734=CARTESIAN_POINT('',(0.0278585291111996,0.0034424329896865,0.0149));
#8735=CARTESIAN_POINT('',(0.0278585291111996,0.0034424329896865,0.0136));
#8736=CARTESIAN_POINT('',(0.0267661266410264,0.0034424329896865,0.0136));
#8737=CARTESIAN_POINT('',(0.0267661266410264,0.0034424329896865,0.0149));
#8738=CARTESIAN_POINT('',(0.0267661266410264,0.0034424329896865,0.0149));
#8739=CARTESIAN_POINT('',(0.0278585291111996,0.0034424329896865,0.0149));
#8740=CARTESIAN_POINT('',(0.0267661266410264,0.00458931937358406,0.0149));
#8741=CARTESIAN_POINT('',(0.0267661266410264,0.00458931937358406,0.0136));
#8742=CARTESIAN_POINT('',(0.0267661266410264,0.00573620575748161,0.0136));
#8743=CARTESIAN_POINT('',(0.0267661266410264,0.00573620575748161,0.0149));
#8744=CARTESIAN_POINT('',(0.0267661266410264,0.00573620575748161,0.0149));
#8745=CARTESIAN_POINT('',(0.0267661266410264,0.00458931937358406,0.0149));
#8746=CARTESIAN_POINT('',(0.0300351614644874,0.00796096556789255,0.0149));
#8747=CARTESIAN_POINT('',(0.0300351614644874,0.00796096556789255,0.0136));
#8748=CARTESIAN_POINT('',(0.0300351614644874,0.00832055939847326,0.0149));
#8749=CARTESIAN_POINT('',(0.0300351614644874,0.00832055939847326,0.0136));
#8750=CARTESIAN_POINT('',(0.0299207452456663,0.00857602841615854,0.0149));
#8751=CARTESIAN_POINT('',(0.0299207452456663,0.00857602841615854,0.0136));
#8752=CARTESIAN_POINT('',(0.029691912808024,0.0087273726209484,0.0149));
#8753=CARTESIAN_POINT('',(0.029691912808024,0.0087273726209484,0.0136));
#8754=CARTESIAN_POINT('',(0.0300351614644874,0.00796096556789255,0.0136));
#8755=CARTESIAN_POINT('',(0.0300351614644874,0.00850035631376361,0.0136));
#8756=CARTESIAN_POINT('',(0.029691912808024,0.0087273726209484,0.0136));
#8757=CARTESIAN_POINT('',(0.0300351614644874,0.00796096556789255,0.0136));
#8758=CARTESIAN_POINT('',(0.029691912808024,0.0087273726209484,0.0136));
#8759=CARTESIAN_POINT('',(0.0300351614644874,0.00796096556789255,0.0149));
#8760=CARTESIAN_POINT('',(0.0300351614644874,0.00796096556789255,0.0149));
#8761=CARTESIAN_POINT('',(0.0300351614644874,0.00796096556789255,0.0149));
#8762=CARTESIAN_POINT('',(0.0300351614644874,0.00850035631376361,0.0149));
#8763=CARTESIAN_POINT('',(0.029691912808024,0.0087273726209484,0.0149));
#8764=CARTESIAN_POINT('',(0.029691912808024,0.0087273726209484,0.0149));
#8765=CARTESIAN_POINT('',(0.029691912808024,0.0087273726209484,0.0149));
#8766=CARTESIAN_POINT('',(0.0297146144387424,0.0072199843412414,0.0149));
#8767=CARTESIAN_POINT('',(0.0297146144387424,0.0072199843412414,0.0136));
#8768=CARTESIAN_POINT('',(0.0299283124559058,0.00738464683605277,0.0149));
#8769=CARTESIAN_POINT('',(0.0299283124559058,0.00738464683605277,0.0136));
#8770=CARTESIAN_POINT('',(0.0300351614644874,0.00763164057826982,0.0149));
#8771=CARTESIAN_POINT('',(0.0300351614644874,0.00763164057826982,0.0136));
#8772=CARTESIAN_POINT('',(0.0300351614644874,0.00796096556789255,0.0149));
#8773=CARTESIAN_POINT('',(0.0300351614644874,0.00796096556789255,0.0136));
#8774=CARTESIAN_POINT('',(0.0297146144387424,0.0072199843412414,0.0136));
#8775=CARTESIAN_POINT('',(0.0300351614644874,0.00746697808345845,0.0136));
#8776=CARTESIAN_POINT('',(0.0300351614644874,0.00796096556789255,0.0136));
#8777=CARTESIAN_POINT('',(0.0297146144387424,0.0072199843412414,0.0136));
#8778=CARTESIAN_POINT('',(0.0297146144387424,0.0072199843412414,0.0149));
#8779=CARTESIAN_POINT('',(0.0297146144387424,0.0072199843412414,0.0149));
#8780=CARTESIAN_POINT('',(0.0297146144387424,0.0072199843412414,0.0149));
#8781=CARTESIAN_POINT('',(0.0300351614644874,0.00746697808345845,0.0149));
#8782=CARTESIAN_POINT('',(0.0300351614644874,0.00796096556789255,0.0149));
#8783=CARTESIAN_POINT('',(0.0286839604041235,0.00697299059902435,0.0149));
#8784=CARTESIAN_POINT('',(0.0286839604041235,0.00697299059902435,0.0136));
#8785=CARTESIAN_POINT('',(0.0291573650767062,0.00697299059902435,0.0149));
#8786=CARTESIAN_POINT('',(0.0291573650767062,0.00697299059902435,0.0136));
#8787=CARTESIAN_POINT('',(0.0295009164215792,0.00705532184643003,0.0149));
#8788=CARTESIAN_POINT('',(0.0295009164215792,0.00705532184643003,0.0136));
#8789=CARTESIAN_POINT('',(0.0297146144387424,0.0072199843412414,0.0149));
#8790=CARTESIAN_POINT('',(0.0297146144387424,0.0072199843412414,0.0136));
#8791=CARTESIAN_POINT('',(0.0286839604041235,0.00697299059902435,0.0136));
#8792=CARTESIAN_POINT('',(0.0293940674129976,0.00697299059902435,0.0136));
#8793=CARTESIAN_POINT('',(0.0297146144387424,0.0072199843412414,0.0136));
#8794=CARTESIAN_POINT('',(0.0286839604041235,0.00697299059902435,0.0136));
#8795=CARTESIAN_POINT('',(0.0286839604041235,0.00697299059902435,0.0149));
#8796=CARTESIAN_POINT('',(0.0286839604041235,0.00697299059902435,0.0149));
#8797=CARTESIAN_POINT('',(0.0286839604041235,0.00697299059902435,0.0149));
#8798=CARTESIAN_POINT('',(0.0293940674129976,0.00697299059902435,0.0149));
#8799=CARTESIAN_POINT('',(0.0297146144387424,0.0072199843412414,0.0149));
#8800=CARTESIAN_POINT('',(0.0277250435225749,0.00697299059902435,0.0149));
#8801=CARTESIAN_POINT('',(0.0277250435225749,0.00697299059902435,0.0136));
#8802=CARTESIAN_POINT('',(0.0267661266410264,0.00697299059902435,0.0136));
#8803=CARTESIAN_POINT('',(0.0267661266410264,0.00697299059902435,0.0149));
#8804=CARTESIAN_POINT('',(0.0267661266410264,0.00697299059902435,0.0149));
#8805=CARTESIAN_POINT('',(0.0277250435225749,0.00697299059902435,0.0149));
#8806=CARTESIAN_POINT('',(0.0267661266410264,0.00796368976357877,0.0149));
#8807=CARTESIAN_POINT('',(0.0267661266410264,0.00796368976357877,0.0136));
#8808=CARTESIAN_POINT('',(0.0267661266410264,0.00895438892813319,0.0136));
#8809=CARTESIAN_POINT('',(0.0267661266410264,0.00895438892813319,0.0149));
#8810=CARTESIAN_POINT('',(0.0267661266410264,0.00895438892813319,0.0149));
#8811=CARTESIAN_POINT('',(0.0267661266410264,0.00796368976357877,0.0149));
#8812=CARTESIAN_POINT('',(0.0277195951312026,0.00895438892813319,0.0149));
#8813=CARTESIAN_POINT('',(0.0277195951312026,0.00895438892813319,0.0136));
#8814=CARTESIAN_POINT('',(0.0286730636213786,0.00895438892813319,0.0136));
#8815=CARTESIAN_POINT('',(0.0286730636213786,0.00895438892813319,0.0149));
#8816=CARTESIAN_POINT('',(0.0286730636213786,0.00895438892813319,0.0149));
#8817=CARTESIAN_POINT('',(0.0277195951312026,0.00895438892813319,0.0149));
#8818=CARTESIAN_POINT('',(0.0321800115347693,0.00448125961136409,0.0149));
#8819=CARTESIAN_POINT('',(0.0321800115347693,0.00448125961136409,0.0136));
#8820=CARTESIAN_POINT('',(0.0321800115347693,0.00375480742837277,0.0149));
#8821=CARTESIAN_POINT('',(0.0321800115347693,0.00375480742837277,0.0136));
#8822=CARTESIAN_POINT('',(0.0319075919661475,0.00319301774019281,0.0149));
#8823=CARTESIAN_POINT('',(0.0319075919661475,0.00319301774019281,0.0136));
#8824=CARTESIAN_POINT('',(0.0313627528289041,0.00279589054682422,0.0149));
#8825=CARTESIAN_POINT('',(0.0313627528289041,0.00279589054682422,0.0136));
#8826=CARTESIAN_POINT('',(0.0321800115347693,0.00448125961136409,0.0149));
#8827=CARTESIAN_POINT('',(0.0321800115347693,0.00448125961136409,0.0149));
#8828=CARTESIAN_POINT('',(0.0321800115347693,0.00448125961136409,0.0149));
#8829=CARTESIAN_POINT('',(0.0321800115347693,0.0033915813368771,0.0149));
#8830=CARTESIAN_POINT('',(0.0313627528289041,0.00279589054682422,0.0149));
#8831=CARTESIAN_POINT('',(0.0313627528289041,0.00279589054682422,0.0149));
#8832=CARTESIAN_POINT('',(0.0313627528289041,0.00279589054682422,0.0149));
#8833=CARTESIAN_POINT('',(0.0316724030719041,0.00579522999734966,0.0149));
#8834=CARTESIAN_POINT('',(0.0316724030719041,0.00579522999734966,0.0136));
#8835=CARTESIAN_POINT('',(0.0320108087138142,0.00546408887726945,0.0149));
#8836=CARTESIAN_POINT('',(0.0320108087138142,0.00546408887726945,0.0136));
#8837=CARTESIAN_POINT('',(0.0321800115347693,0.00502609874860759,0.0149));
#8838=CARTESIAN_POINT('',(0.0321800115347693,0.00502609874860759,0.0136));
#8839=CARTESIAN_POINT('',(0.0321800115347693,0.00448125961136409,0.0149));
#8840=CARTESIAN_POINT('',(0.0321800115347693,0.00448125961136409,0.0136));
#8841=CARTESIAN_POINT('',(0.0316724030719041,0.00579522999734966,0.0149));
#8842=CARTESIAN_POINT('',(0.0316724030719041,0.00579522999734966,0.0149));
#8843=CARTESIAN_POINT('',(0.0316724030719041,0.00579522999734966,0.0149));
#8844=CARTESIAN_POINT('',(0.0321800115347693,0.00529851831722934,0.0149));
#8845=CARTESIAN_POINT('',(0.0321800115347693,0.00448125961136409,0.0149));
#8846=CARTESIAN_POINT('',(0.0301949809447455,0.00640635789629111,0.0149));
#8847=CARTESIAN_POINT('',(0.0301949809447455,0.00640635789629111,0.0136));
#8848=CARTESIAN_POINT('',(0.0308415233876078,0.00633008041707702,0.0149));
#8849=CARTESIAN_POINT('',(0.0308415233876078,0.00633008041707702,0.0136));
#8850=CARTESIAN_POINT('',(0.031333997429994,0.00612637111742987,0.0149));
#8851=CARTESIAN_POINT('',(0.031333997429994,0.00612637111742987,0.0136));
#8852=CARTESIAN_POINT('',(0.0316724030719041,0.00579522999734966,0.0149));
#8853=CARTESIAN_POINT('',(0.0316724030719041,0.00579522999734966,0.0136));
#8854=CARTESIAN_POINT('',(0.0301949809447455,0.00640635789629111,0.0149));
#8855=CARTESIAN_POINT('',(0.0301949809447455,0.00640635789629111,0.0149));
#8856=CARTESIAN_POINT('',(0.0301949809447455,0.00640635789629111,0.0149));
#8857=CARTESIAN_POINT('',(0.0311647946090389,0.00629194167746998,0.0149));
#8858=CARTESIAN_POINT('',(0.0316724030719041,0.00579522999734966,0.0149));
#8859=CARTESIAN_POINT('',(0.0313436834591005,0.00703837129549357,0.0149));
#8860=CARTESIAN_POINT('',(0.0313436834591005,0.00703837129549357,0.0136));
#8861=CARTESIAN_POINT('',(0.0310924520791493,0.0067259968568073,0.0149));
#8862=CARTESIAN_POINT('',(0.0310924520791493,0.0067259968568073,0.0136));
#8863=CARTESIAN_POINT('',(0.030709551241031,0.00651532572373981,0.0149));
#8864=CARTESIAN_POINT('',(0.030709551241031,0.00651532572373981,0.0136));
#8865=CARTESIAN_POINT('',(0.0301949809447455,0.00640635789629111,0.0149));
#8866=CARTESIAN_POINT('',(0.0301949809447455,0.00640635789629111,0.0136));
#8867=CARTESIAN_POINT('',(0.0313436834591005,0.00703837129549357,0.0149));
#8868=CARTESIAN_POINT('',(0.0313436834591005,0.00703837129549357,0.0149));
#8869=CARTESIAN_POINT('',(0.0313436834591005,0.00703837129549357,0.0149));
#8870=CARTESIAN_POINT('',(0.0309668363891738,0.00656980963746416,0.0149));
#8871=CARTESIAN_POINT('',(0.0301949809447455,0.00640635789629111,0.0149));
#8872=CARTESIAN_POINT('',(0.0317205305290273,0.00818798187507734,0.0149));
#8873=CARTESIAN_POINT('',(0.0317205305290273,0.00818798187507734,0.0136));
#8874=CARTESIAN_POINT('',(0.0317205305290273,0.00773394926070776,0.0149));
#8875=CARTESIAN_POINT('',(0.0317205305290273,0.00773394926070776,0.0136));
#8876=CARTESIAN_POINT('',(0.0315949148390517,0.00735074573417984,0.0149));
#8877=CARTESIAN_POINT('',(0.0315949148390517,0.00735074573417984,0.0136));
#8878=CARTESIAN_POINT('',(0.0313436834591005,0.00703837129549357,0.0149));
#8879=CARTESIAN_POINT('',(0.0313436834591005,0.00703837129549357,0.0136));
#8880=CARTESIAN_POINT('',(0.0317205305290273,0.00818798187507734,0.0149));
#8881=CARTESIAN_POINT('',(0.0317205305290273,0.00818798187507734,0.0149));
#8882=CARTESIAN_POINT('',(0.0317205305290273,0.00818798187507734,0.0149));
#8883=CARTESIAN_POINT('',(0.0317205305290273,0.00750693295352297,0.0149));
#8884=CARTESIAN_POINT('',(0.0313436834591005,0.00703837129549357,0.0149));
#8885=CARTESIAN_POINT('',(0.0309686525196313,0.00968901369818317,0.0149));
#8886=CARTESIAN_POINT('',(0.0309686525196313,0.00968901369818317,0.0136));
#8887=CARTESIAN_POINT('',(0.0314699045258953,0.00935060805627304,0.0149));
#8888=CARTESIAN_POINT('',(0.0314699045258953,0.00935060805627304,0.0136));
#8889=CARTESIAN_POINT('',(0.0317205305290273,0.00885026411523777,0.0149));
#8890=CARTESIAN_POINT('',(0.0317205305290273,0.00885026411523777,0.0136));
#8891=CARTESIAN_POINT('',(0.0317205305290273,0.00818798187507734,0.0149));
#8892=CARTESIAN_POINT('',(0.0317205305290273,0.00818798187507734,0.0136));
#8893=CARTESIAN_POINT('',(0.0309686525196313,0.00968901369818317,0.0149));
#8894=CARTESIAN_POINT('',(0.0309686525196313,0.00968901369818317,0.0149));
#8895=CARTESIAN_POINT('',(0.0309686525196313,0.00968901369818317,0.0149));
#8896=CARTESIAN_POINT('',(0.0317205305290273,0.00918140523531798,0.0149));
#8897=CARTESIAN_POINT('',(0.0317205305290273,0.00818798187507734,0.0149));
#8898=CARTESIAN_POINT('',(0.0287529733615077,0.0101966221610484,0.0149));
#8899=CARTESIAN_POINT('',(0.0287529733615077,0.0101966221610484,0.0136));
#8900=CARTESIAN_POINT('',(0.0297288407939927,0.0101966221610484,0.0149));
#8901=CARTESIAN_POINT('',(0.0297288407939927,0.0101966221610484,0.0136));
#8902=CARTESIAN_POINT('',(0.0304674005133672,0.0100274193400933,0.0149));
#8903=CARTESIAN_POINT('',(0.0304674005133672,0.0100274193400933,0.0136));
#8904=CARTESIAN_POINT('',(0.0309686525196313,0.00968901369818317,0.0149));
#8905=CARTESIAN_POINT('',(0.0309686525196313,0.00968901369818317,0.0136));
#8906=CARTESIAN_POINT('',(0.0287529733615077,0.0101966221610484,0.0149));
#8907=CARTESIAN_POINT('',(0.0287529733615077,0.0101966221610484,0.0149));
#8908=CARTESIAN_POINT('',(0.0287529733615077,0.0101966221610484,0.0149));
#8909=CARTESIAN_POINT('',(0.0302167745102352,0.0101966221610484,0.0149));
#8910=CARTESIAN_POINT('',(0.0309686525196313,0.00968901369818317,0.0149));
#8911=CARTESIAN_POINT('',(0.0269223138603695,0.0101966221610483,0.0149));
#8912=CARTESIAN_POINT('',(0.0250916543592314,0.0101966221610483,0.0149));
#8913=CARTESIAN_POINT('',(0.0250916543592314,0.0101966221610483,0.0149));
#8914=CARTESIAN_POINT('',(0.0269223138603695,0.0101966221610483,0.0149));
#8915=CARTESIAN_POINT('',(0.0250916543592314,0.00619841095890984,0.0149));
#8916=CARTESIAN_POINT('',(0.0250916543592314,0.00220019975677133,0.0149));
#8917=CARTESIAN_POINT('',(0.0250916543592314,0.00220019975677133,0.0149));
#8918=CARTESIAN_POINT('',(0.0250916543592314,0.00619841095890984,0.0149));
#8919=CARTESIAN_POINT('',(0.0270921220581437,0.00220019975677133,0.0149));
#8920=CARTESIAN_POINT('',(0.0290925897570562,0.00220019975677133,0.0149));
#8921=CARTESIAN_POINT('',(0.0290925897570562,0.00220019975677133,0.0149));
#8922=CARTESIAN_POINT('',(0.0270921220581437,0.00220019975677133,0.0149));
#8923=CARTESIAN_POINT('',(0.029691912808024,0.0087273726209484,0.0149));
#8924=CARTESIAN_POINT('',(0.029691912808024,0.0087273726209484,0.0136));
#8925=CARTESIAN_POINT('',(0.0294630803703817,0.00887871682573826,0.0149));
#8926=CARTESIAN_POINT('',(0.0294630803703817,0.00887871682573826,0.0136));
#8927=CARTESIAN_POINT('',(0.0291234639748333,0.00895438892813319,0.0149));
#8928=CARTESIAN_POINT('',(0.0291234639748333,0.00895438892813319,0.0136));
#8929=CARTESIAN_POINT('',(0.0286730636213786,0.00895438892813319,0.0149));
#8930=CARTESIAN_POINT('',(0.0286730636213786,0.00895438892813319,0.0136));
#8931=CARTESIAN_POINT('',(0.029691912808024,0.0087273726209484,0.0136));
#8932=CARTESIAN_POINT('',(0.0293486641515606,0.00895438892813319,0.0136));
#8933=CARTESIAN_POINT('',(0.0286730636213786,0.00895438892813319,0.0136));
#8934=CARTESIAN_POINT('',(0.029691912808024,0.0087273726209484,0.0149));
#8935=CARTESIAN_POINT('',(0.0293486641515606,0.00895438892813319,0.0149));
#8936=CARTESIAN_POINT('',(0.0286730636213786,0.00895438892813319,0.0149));
#8937=CARTESIAN_POINT('',(0.0313627528289041,0.00279589054682422,0.0149));
#8938=CARTESIAN_POINT('',(0.0313627528289041,0.00279589054682422,0.0136));
#8939=CARTESIAN_POINT('',(0.0308179136916606,0.00239876335345563,0.0149));
#8940=CARTESIAN_POINT('',(0.0308179136916606,0.00239876335345563,0.0136));
#8941=CARTESIAN_POINT('',(0.0300611926677113,0.00220019975677133,0.0149));
#8942=CARTESIAN_POINT('',(0.0300611926677113,0.00220019975677133,0.0136));
#8943=CARTESIAN_POINT('',(0.0290925897570562,0.00220019975677133,0.0149));
#8944=CARTESIAN_POINT('',(0.0290925897570562,0.00220019975677133,0.0136));
#8945=CARTESIAN_POINT('',(0.0313627528289041,0.00279589054682422,0.0149));
#8946=CARTESIAN_POINT('',(0.0305454941230388,0.00220019975677133,0.0149));
#8947=CARTESIAN_POINT('',(0.0290925897570562,0.00220019975677133,0.0149));
#8948=CARTESIAN_POINT('',(0.0278276548934225,0.00573620575748161,0.0149));
#8949=CARTESIAN_POINT('',(0.0278276548934225,0.00573620575748161,0.0136));
#8950=CARTESIAN_POINT('',(0.0278276548934225,0.00573620575748161,0.0149));
#8951=CARTESIAN_POINT('',(-0.000366441750526428,-0.010828666085685,0.0149));
#8952=CARTESIAN_POINT('',(-0.000366441750526428,-0.010828666085685,0.0136));
#8953=CARTESIAN_POINT('',(0.0200228342524094,0.00208578353795019,0.0149));
#8954=CARTESIAN_POINT('',(0.0200228342524094,0.00208578353795019,0.0136));
#8955=CARTESIAN_POINT('',(0.0189222591951776,0.00208578353795019,0.0149));
#8956=CARTESIAN_POINT('',(0.0189222591951776,0.00208578353795019,0.0136));
#8957=CARTESIAN_POINT('',(0.0180795746629076,0.00235457084565699,0.0149));
#8958=CARTESIAN_POINT('',(0.0180795746629076,0.00235457084565699,0.0136));
#8959=CARTESIAN_POINT('',(0.0174947806555996,0.00289214546107057,0.0149));
#8960=CARTESIAN_POINT('',(0.0174947806555996,0.00289214546107057,0.0136));
#8961=CARTESIAN_POINT('',(0.0200228342524094,0.00208578353795019,0.0149));
#8962=CARTESIAN_POINT('',(0.0200228342524094,0.00208578353795019,0.0149));
#8963=CARTESIAN_POINT('',(0.0200228342524094,0.00208578353795019,0.0149));
#8964=CARTESIAN_POINT('',(0.0183719716665617,0.00208578353795019,0.0149));
#8965=CARTESIAN_POINT('',(0.0174947806555996,0.00289214546107057,0.0149));
#8966=CARTESIAN_POINT('',(0.0174947806555996,0.00289214546107057,0.0149));
#8967=CARTESIAN_POINT('',(0.0174947806555996,0.00289214546107057,0.0149));
#8968=CARTESIAN_POINT('',(0.0226653040680404,0.0029230196788477,0.0149));
#8969=CARTESIAN_POINT('',(0.0226653040680404,0.0029230196788477,0.0136));
#8970=CARTESIAN_POINT('',(0.0220393444370295,0.0023648622515827,0.0149));
#8971=CARTESIAN_POINT('',(0.0220393444370295,0.0023648622515827,0.0136));
#8972=CARTESIAN_POINT('',(0.0211585211651525,0.00208578353795019,0.0149));
#8973=CARTESIAN_POINT('',(0.0211585211651525,0.00208578353795019,0.0136));
#8974=CARTESIAN_POINT('',(0.0200228342524094,0.00208578353795019,0.0149));
#8975=CARTESIAN_POINT('',(0.0200228342524094,0.00208578353795019,0.0136));
#8976=CARTESIAN_POINT('',(0.0226653040680404,0.0029230196788477,0.0149));
#8977=CARTESIAN_POINT('',(0.0226653040680404,0.0029230196788477,0.0149));
#8978=CARTESIAN_POINT('',(0.0226653040680404,0.0029230196788477,0.0149));
#8979=CARTESIAN_POINT('',(0.0217263646215241,0.00208578353795019,0.0149));
#8980=CARTESIAN_POINT('',(0.0200228342524094,0.00208578353795019,0.0149));
#8981=CARTESIAN_POINT('',(0.0236042435145567,0.00528217314311203,0.0149));
#8982=CARTESIAN_POINT('',(0.0236042435145567,0.00528217314311203,0.0136));
#8983=CARTESIAN_POINT('',(0.0236042435145567,0.00426756159420081,0.0149));
#8984=CARTESIAN_POINT('',(0.0236042435145567,0.00426756159420081,0.0136));
#8985=CARTESIAN_POINT('',(0.0232912636990512,0.0034811771061127,0.0149));
#8986=CARTESIAN_POINT('',(0.0232912636990512,0.0034811771061127,0.0136));
#8987=CARTESIAN_POINT('',(0.0226653040680404,0.0029230196788477,0.0149));
#8988=CARTESIAN_POINT('',(0.0226653040680404,0.0029230196788477,0.0136));
#8989=CARTESIAN_POINT('',(0.0236042435145567,0.00528217314311203,0.0149));
#8990=CARTESIAN_POINT('',(0.0236042435145567,0.00528217314311203,0.0149));
#8991=CARTESIAN_POINT('',(0.0236042435145567,0.00528217314311203,0.0149));
#8992=CARTESIAN_POINT('',(0.0236042435145567,0.0037602558197452,0.0149));
#8993=CARTESIAN_POINT('',(0.0226653040680404,0.0029230196788477,0.0149));
#8994=CARTESIAN_POINT('',(0.0236042435145567,0.00773939765208019,0.0149));
#8995=CARTESIAN_POINT('',(0.0236042435145567,0.0101966221610483,0.0149));
#8996=CARTESIAN_POINT('',(0.0236042435145567,0.0101966221610483,0.0149));
#8997=CARTESIAN_POINT('',(0.0236042435145567,0.00773939765208019,0.0149));
#8998=CARTESIAN_POINT('',(0.0227670073736592,0.0101966221610483,0.0149));
#8999=CARTESIAN_POINT('',(0.0219297712327617,0.0101966221610483,0.0149));
#9000=CARTESIAN_POINT('',(0.0219297712327617,0.0101966221610483,0.0149));
#9001=CARTESIAN_POINT('',(0.0227670073736592,0.0101966221610483,0.0149));
#9002=CARTESIAN_POINT('',(0.0219297712327617,0.00779024930488959,0.0149));
#9003=CARTESIAN_POINT('',(0.0219297712327617,0.00538387644873082,0.0149));
#9004=CARTESIAN_POINT('',(0.0219297712327617,0.00538387644873082,0.0149));
#9005=CARTESIAN_POINT('',(0.0219297712327617,0.00779024930488959,0.0149));
#9006=CARTESIAN_POINT('',(0.0214475885963012,0.00391099464771591,0.0149));
#9007=CARTESIAN_POINT('',(0.0214475885963012,0.00391099464771591,0.0136));
#9008=CARTESIAN_POINT('',(0.0217690436872748,0.00425363792736015,0.0149));
#9009=CARTESIAN_POINT('',(0.0217690436872748,0.00425363792736015,0.0136));
#9010=CARTESIAN_POINT('',(0.0219297712327616,0.00474459852769845,0.0149));
#9011=CARTESIAN_POINT('',(0.0219297712327616,0.00474459852769845,0.0136));
#9012=CARTESIAN_POINT('',(0.0219297712327617,0.00538387644873082,0.0149));
#9013=CARTESIAN_POINT('',(0.0219297712327617,0.00538387644873082,0.0136));
#9014=CARTESIAN_POINT('',(0.0214475885963012,0.00391099464771591,0.0149));
#9015=CARTESIAN_POINT('',(0.0214475885963012,0.00391099464771591,0.0149));
#9016=CARTESIAN_POINT('',(0.0214475885963012,0.00391099464771591,0.0149));
#9017=CARTESIAN_POINT('',(0.0219297712327617,0.00442495956718227,0.0149));
#9018=CARTESIAN_POINT('',(0.0219297712327617,0.00538387644873082,0.0149));
#9019=CARTESIAN_POINT('',(0.0200682375138464,0.00339702972824954,0.0149));
#9020=CARTESIAN_POINT('',(0.0200682375138464,0.00339702972824954,0.0136));
#9021=CARTESIAN_POINT('',(0.0206663498111759,0.00339702972824954,0.0149));
#9022=CARTESIAN_POINT('',(0.0206663498111759,0.00339702972824954,0.0136));
#9023=CARTESIAN_POINT('',(0.0211261335053275,0.00356835136807166,0.0149));
#9024=CARTESIAN_POINT('',(0.0211261335053275,0.00356835136807166,0.0136));
#9025=CARTESIAN_POINT('',(0.0214475885963012,0.00391099464771591,0.0149));
#9026=CARTESIAN_POINT('',(0.0214475885963012,0.00391099464771591,0.0136));
#9027=CARTESIAN_POINT('',(0.0200682375138464,0.00339702972824954,0.0149));
#9028=CARTESIAN_POINT('',(0.0200682375138464,0.00339702972824954,0.0149));
#9029=CARTESIAN_POINT('',(0.0200682375138464,0.00339702972824954,0.0149));
#9030=CARTESIAN_POINT('',(0.0209654059598407,0.00339702972824954,0.0149));
#9031=CARTESIAN_POINT('',(0.0214475885963012,0.00391099464771591,0.0149));
#9032=CARTESIAN_POINT('',(0.0187433703451159,0.00388829301699743,0.0149));
#9033=CARTESIAN_POINT('',(0.0187433703451159,0.00388829301699743,0.0136));
#9034=CARTESIAN_POINT('',(0.0190442426242382,0.00356078415783217,0.0149));
#9035=CARTESIAN_POINT('',(0.0190442426242382,0.00356078415783217,0.0136));
#9036=CARTESIAN_POINT('',(0.019485865013815,0.00339702972824954,0.0149));
#9037=CARTESIAN_POINT('',(0.019485865013815,0.00339702972824954,0.0136));
#9038=CARTESIAN_POINT('',(0.0200682375138464,0.00339702972824954,0.0149));
#9039=CARTESIAN_POINT('',(0.0200682375138464,0.00339702972824954,0.0136));
#9040=CARTESIAN_POINT('',(0.0187433703451159,0.00388829301699743,0.0149));
#9041=CARTESIAN_POINT('',(0.0187433703451159,0.00388829301699743,0.0149));
#9042=CARTESIAN_POINT('',(0.0187433703451159,0.00388829301699743,0.0149));
#9043=CARTESIAN_POINT('',(0.0191946787637993,0.00339702972824954,0.0149));
#9044=CARTESIAN_POINT('',(0.0200682375138464,0.00339702972824954,0.0149));
#9045=CARTESIAN_POINT('',(0.0182920619264326,0.00532757640454899,0.0149));
#9046=CARTESIAN_POINT('',(0.0182920619264326,0.00532757640454899,0.0136));
#9047=CARTESIAN_POINT('',(0.0182920619264326,0.00469556300534654,0.0149));
#9048=CARTESIAN_POINT('',(0.0182920619264326,0.00469556300534654,0.0136));
#9049=CARTESIAN_POINT('',(0.0184424980659937,0.00421580187616268,0.0149));
#9050=CARTESIAN_POINT('',(0.0184424980659937,0.00421580187616268,0.0136));
#9051=CARTESIAN_POINT('',(0.0187433703451159,0.00388829301699743,0.0149));
#9052=CARTESIAN_POINT('',(0.0187433703451159,0.00388829301699743,0.0136));
#9053=CARTESIAN_POINT('',(0.0182920619264326,0.00532757640454899,0.0149));
#9054=CARTESIAN_POINT('',(0.0182920619264326,0.00532757640454899,0.0149));
#9055=CARTESIAN_POINT('',(0.0182920619264326,0.00532757640454899,0.0149));
#9056=CARTESIAN_POINT('',(0.0182920619264326,0.00437955630574531,0.0149));
#9057=CARTESIAN_POINT('',(0.0187433703451159,0.00388829301699743,0.0149));
#9058=CARTESIAN_POINT('',(0.0182920619264326,0.00776209928279867,0.0149));
#9059=CARTESIAN_POINT('',(0.0182920619264326,0.0101966221610483,0.0149));
#9060=CARTESIAN_POINT('',(0.0182920619264326,0.0101966221610483,0.0149));
#9061=CARTESIAN_POINT('',(0.0182920619264326,0.00776209928279867,0.0149));
#9062=CARTESIAN_POINT('',(0.0174548257855351,0.0101966221610483,0.0149));
#9063=CARTESIAN_POINT('',(0.0166175896446376,0.0101966221610483,0.0149));
#9064=CARTESIAN_POINT('',(0.0166175896446376,0.0101966221610483,0.0149));
#9065=CARTESIAN_POINT('',(0.0174548257855351,0.0101966221610483,0.0149));
#9066=CARTESIAN_POINT('',(0.0166175896446376,0.00769671858632945,0.0149));
#9067=CARTESIAN_POINT('',(0.0166175896446376,0.00519681501161055,0.0149));
#9068=CARTESIAN_POINT('',(0.0166175896446376,0.00519681501161055,0.0149));
#9069=CARTESIAN_POINT('',(0.0166175896446376,0.00769671858632945,0.0149));
#9070=CARTESIAN_POINT('',(0.0174947806555996,0.00289214546107057,0.0149));
#9071=CARTESIAN_POINT('',(0.0174947806555996,0.00289214546107057,0.0136));
#9072=CARTESIAN_POINT('',(0.0169099866482916,0.00342972007648415,0.0149));
#9073=CARTESIAN_POINT('',(0.0169099866482916,0.00342972007648415,0.0136));
#9074=CARTESIAN_POINT('',(0.0166175896446376,0.00419794325999748,0.0149));
#9075=CARTESIAN_POINT('',(0.0166175896446376,0.00419794325999748,0.0136));
#9076=CARTESIAN_POINT('',(0.0166175896446376,0.00519681501161055,0.0149));
#9077=CARTESIAN_POINT('',(0.0166175896446376,0.00519681501161055,0.0136));
#9078=CARTESIAN_POINT('',(0.0174947806555996,0.00289214546107057,0.0149));
#9079=CARTESIAN_POINT('',(0.0166175896446376,0.00369850738419094,0.0149));
#9080=CARTESIAN_POINT('',(0.0166175896446376,0.00519681501161055,0.0149));
#9081=CARTESIAN_POINT('',(-0.000366441750526428,-0.010828666085685,0.0149));
#9082=CARTESIAN_POINT('',(0.00959824542648389,0.00619841095890984,0.0149));
#9083=CARTESIAN_POINT('',(0.00959824542648389,0.00220019975677133,0.0149));
#9084=CARTESIAN_POINT('',(0.00959824542648389,0.00220019975677133,0.0149));
#9085=CARTESIAN_POINT('',(0.00959824542648389,0.00619841095890984,0.0149));
#9086=CARTESIAN_POINT('',(0.00959824542648389,0.0101966221610483,0.0149));
#9087=CARTESIAN_POINT('',(0.00959824542648389,0.0101966221610483,0.0149));
#9088=CARTESIAN_POINT('',(0.012581239702892,0.00220019975677133,0.0149));
#9089=CARTESIAN_POINT('',(0.0155642339793001,0.00220019975677133,0.0149));
#9090=CARTESIAN_POINT('',(0.0155642339793001,0.00220019975677133,0.0149));
#9091=CARTESIAN_POINT('',(0.012581239702892,0.00220019975677133,0.0149));
#9092=CARTESIAN_POINT('',(0.0155642339793001,0.00284765026486235,0.0149));
#9093=CARTESIAN_POINT('',(0.0155642339793001,0.00349510077295337,0.0149));
#9094=CARTESIAN_POINT('',(0.0155642339793001,0.00349510077295337,0.0149));
#9095=CARTESIAN_POINT('',(0.0155642339793001,0.00284765026486235,0.0149));
#9096=CARTESIAN_POINT('',(0.0134184758437895,0.00349510077295337,0.0149));
#9097=CARTESIAN_POINT('',(0.0112727177082789,0.00349510077295337,0.0149));
#9098=CARTESIAN_POINT('',(0.0112727177082789,0.00349510077295337,0.0149));
#9099=CARTESIAN_POINT('',(0.0134184758437895,0.00349510077295337,0.0149));
#9100=CARTESIAN_POINT('',(0.0112727177082789,0.00684586146700086,0.0149));
#9101=CARTESIAN_POINT('',(0.0112727177082789,0.0101966221610483,0.0149));
#9102=CARTESIAN_POINT('',(0.0112727177082789,0.0101966221610483,0.0149));
#9103=CARTESIAN_POINT('',(0.0112727177082789,0.00684586146700086,0.0149));
#9104=CARTESIAN_POINT('',(0.0104354815673814,0.0101966221610483,0.0149));
#9105=CARTESIAN_POINT('',(0.0104354815673814,0.0101966221610483,0.0149));
#9106=CARTESIAN_POINT('',(-0.000366441750526428,-0.010828666085685,0.0149));
#9107=CARTESIAN_POINT('',(0.00493805467259453,0.00340429425007945,0.0149));
#9108=CARTESIAN_POINT('',(0.00493805467259453,0.00340429425007945,0.0136));
#9109=CARTESIAN_POINT('',(0.00594903396059079,0.00340429425007945,0.0149));
#9110=CARTESIAN_POINT('',(0.00594903396059079,0.00340429425007945,0.0136));
#9111=CARTESIAN_POINT('',(0.00665127107081574,0.0039109946477159,0.0149));
#9112=CARTESIAN_POINT('',(0.00665127107081574,0.0039109946477159,0.0136));
#9113=CARTESIAN_POINT('',(0.00704476600326938,0.0049243954429888,0.0149));
#9114=CARTESIAN_POINT('',(0.00704476600326938,0.0049243954429888,0.0136));
#9115=CARTESIAN_POINT('',(0.00493805467259453,0.00340429425007945,0.0149));
#9116=CARTESIAN_POINT('',(0.00493805467259453,0.00340429425007945,0.0149));
#9117=CARTESIAN_POINT('',(0.00493805467259453,0.00340429425007945,0.0149));
#9118=CARTESIAN_POINT('',(0.00645452360458892,0.00340429425007945,0.0149));
#9119=CARTESIAN_POINT('',(0.00704476600326938,0.0049243954429888,0.0149));
#9120=CARTESIAN_POINT('',(0.00704476600326938,0.0049243954429888,0.0149));
#9121=CARTESIAN_POINT('',(0.00704476600326938,0.0049243954429888,0.0149));
#9122=CARTESIAN_POINT('',(0.0031936613681866,0.00413074643307078,0.0149));
#9123=CARTESIAN_POINT('',(0.0031936613681866,0.00413074643307078,0.0136));
#9124=CARTESIAN_POINT('',(0.00359623695292763,0.00364644497774323,0.0149));
#9125=CARTESIAN_POINT('',(0.00359623695292763,0.00364644497774323,0.0136));
#9126=CARTESIAN_POINT('',(0.00417770138773027,0.00340429425007945,0.0149));
#9127=CARTESIAN_POINT('',(0.00417770138773027,0.00340429425007945,0.0136));
#9128=CARTESIAN_POINT('',(0.00493805467259453,0.00340429425007945,0.0149));
#9129=CARTESIAN_POINT('',(0.00493805467259453,0.00340429425007945,0.0136));
#9130=CARTESIAN_POINT('',(0.0031936613681866,0.00413074643307078,0.0149));
#9131=CARTESIAN_POINT('',(0.0031936613681866,0.00413074643307078,0.0149));
#9132=CARTESIAN_POINT('',(0.0031936613681866,0.00413074643307078,0.0149));
#9133=CARTESIAN_POINT('',(0.00379752474529815,0.00340429425007945,0.0149));
#9134=CARTESIAN_POINT('',(0.00493805467259453,0.00340429425007945,0.0149));
#9135=CARTESIAN_POINT('',(0.00258979799107506,0.00623564163328814,0.0149));
#9136=CARTESIAN_POINT('',(0.00258979799107506,0.00623564163328814,0.0136));
#9137=CARTESIAN_POINT('',(0.00258979799107506,0.00531667962180411,0.0149));
#9138=CARTESIAN_POINT('',(0.00258979799107506,0.00531667962180411,0.0136));
#9139=CARTESIAN_POINT('',(0.00279108578344558,0.00461504788839833,0.0149));
#9140=CARTESIAN_POINT('',(0.00279108578344558,0.00461504788839833,0.0136));
#9141=CARTESIAN_POINT('',(0.0031936613681866,0.00413074643307078,0.0149));
#9142=CARTESIAN_POINT('',(0.0031936613681866,0.00413074643307078,0.0136));
#9143=CARTESIAN_POINT('',(0.00258979799107506,0.00623564163328814,0.0149));
#9144=CARTESIAN_POINT('',(0.00258979799107506,0.00623564163328814,0.0149));
#9145=CARTESIAN_POINT('',(0.00258979799107506,0.00623564163328814,0.0149));
#9146=CARTESIAN_POINT('',(0.00258979799107506,0.0048571986160621,0.0149));
#9147=CARTESIAN_POINT('',(0.0031936613681866,0.00413074643307078,0.0149));
#9148=CARTESIAN_POINT('',(0.0031773161940693,0.00829604163729729,0.0149));
#9149=CARTESIAN_POINT('',(0.0031773161940693,0.00829604163729729,0.0136));
#9150=CARTESIAN_POINT('',(0.00278563739207314,0.00782687460244873,0.0149));
#9151=CARTESIAN_POINT('',(0.00278563739207314,0.00782687460244873,0.0136));
#9152=CARTESIAN_POINT('',(0.00258979799107506,0.00714007460111235,0.0149));
#9153=CARTESIAN_POINT('',(0.00258979799107506,0.00714007460111235,0.0136));
#9154=CARTESIAN_POINT('',(0.00258979799107506,0.00623564163328814,0.0149));
#9155=CARTESIAN_POINT('',(0.00258979799107506,0.00623564163328814,0.0136));
#9156=CARTESIAN_POINT('',(0.0031773161940693,0.00829604163729729,0.0149));
#9157=CARTESIAN_POINT('',(0.0031773161940693,0.00829604163729729,0.0149));
#9158=CARTESIAN_POINT('',(0.0031773161940693,0.00829604163729729,0.0149));
#9159=CARTESIAN_POINT('',(0.00258979799107506,0.00759229108502445,0.0149));
#9160=CARTESIAN_POINT('',(0.00258979799107506,0.00623564163328814,0.0149));
#9161=CARTESIAN_POINT('',(0.00489991593298749,0.00899979218957014,0.0149));
#9162=CARTESIAN_POINT('',(0.00489991593298749,0.00899979218957014,0.0136));
#9163=CARTESIAN_POINT('',(0.00414319490903819,0.00899979218957014,0.0149));
#9164=CARTESIAN_POINT('',(0.00414319490903819,0.00899979218957014,0.0136));
#9165=CARTESIAN_POINT('',(0.00356899499606546,0.00876520867214586,0.0149));
#9166=CARTESIAN_POINT('',(0.00356899499606546,0.00876520867214586,0.0136));
#9167=CARTESIAN_POINT('',(0.0031773161940693,0.00829604163729729,0.0149));
#9168=CARTESIAN_POINT('',(0.0031773161940693,0.00829604163729729,0.0136));
#9169=CARTESIAN_POINT('',(0.00489991593298749,0.00899979218957014,0.0149));
#9170=CARTESIAN_POINT('',(0.00489991593298749,0.00899979218957014,0.0149));
#9171=CARTESIAN_POINT('',(0.00489991593298749,0.00899979218957014,0.0149));
#9172=CARTESIAN_POINT('',(0.00376483439706354,0.00899979218957014,0.0149));
#9173=CARTESIAN_POINT('',(0.0031773161940693,0.00829604163729729,0.0149));
#9174=CARTESIAN_POINT('',(0.00619027662302583,0.00864473868513313,0.0149));
#9175=CARTESIAN_POINT('',(0.00619027662302583,0.00864473868513313,0.0136));
#9176=CARTESIAN_POINT('',(0.00582523440107269,0.00888144102142447,0.0149));
#9177=CARTESIAN_POINT('',(0.00582523440107269,0.00888144102142447,0.0136));
#9178=CARTESIAN_POINT('',(0.00539511417105991,0.00899979218957014,0.0149));
#9179=CARTESIAN_POINT('',(0.00539511417105991,0.00899979218957014,0.0136));
#9180=CARTESIAN_POINT('',(0.00489991593298749,0.00899979218957014,0.0149));
#9181=CARTESIAN_POINT('',(0.00489991593298749,0.00899979218957014,0.0136));
#9182=CARTESIAN_POINT('',(0.00619027662302583,0.00864473868513313,0.0149));
#9183=CARTESIAN_POINT('',(0.00619027662302583,0.00864473868513313,0.0149));
#9184=CARTESIAN_POINT('',(0.00619027662302583,0.00864473868513313,0.0149));
#9185=CARTESIAN_POINT('',(0.00564271329009612,0.00899979218957014,0.0149));
#9186=CARTESIAN_POINT('',(0.00489991593298749,0.00899979218957014,0.0149));
#9187=CARTESIAN_POINT('',(0.00692490139307581,0.0076885459992708,0.0149));
#9188=CARTESIAN_POINT('',(0.00692490139307581,0.0076885459992708,0.0136));
#9189=CARTESIAN_POINT('',(0.00680019376832897,0.00808930545355435,0.0149));
#9190=CARTESIAN_POINT('',(0.00680019376832897,0.00808930545355435,0.0136));
#9191=CARTESIAN_POINT('',(0.00655531884497898,0.00840803634884179,0.0149));
#9192=CARTESIAN_POINT('',(0.00655531884497898,0.00840803634884179,0.0136));
#9193=CARTESIAN_POINT('',(0.00619027662302583,0.00864473868513313,0.0149));
#9194=CARTESIAN_POINT('',(0.00619027662302583,0.00864473868513313,0.0136));
#9195=CARTESIAN_POINT('',(0.00692490139307581,0.0076885459992708,0.0149));
#9196=CARTESIAN_POINT('',(0.00692490139307581,0.0076885459992708,0.0149));
#9197=CARTESIAN_POINT('',(0.00692490139307581,0.0076885459992708,0.0149));
#9198=CARTESIAN_POINT('',(0.00673783995595555,0.00828968518069612,0.0149));
#9199=CARTESIAN_POINT('',(0.00619027662302583,0.00864473868513313,0.0149));
#9200=CARTESIAN_POINT('',(0.00766315842404075,0.00789013648005089,0.0149));
#9201=CARTESIAN_POINT('',(0.00840141545500568,0.00809172696083099,0.0149));
#9202=CARTESIAN_POINT('',(0.00840141545500568,0.00809172696083099,0.0149));
#9203=CARTESIAN_POINT('',(0.00766315842404075,0.00789013648005089,0.0149));
#9204=CARTESIAN_POINT('',(0.00715827415686177,0.00975167019896617,0.0149));
#9205=CARTESIAN_POINT('',(0.00715827415686177,0.00975167019896617,0.0136));
#9206=CARTESIAN_POINT('',(0.00774851655554222,0.009375125817449,0.0149));
#9207=CARTESIAN_POINT('',(0.00774851655554222,0.009375125817449,0.0136));
#9208=CARTESIAN_POINT('',(0.00816289698825686,0.00882181140473727,0.0149));
#9209=CARTESIAN_POINT('',(0.00816289698825686,0.00882181140473727,0.0136));
#9210=CARTESIAN_POINT('',(0.00840141545500568,0.00809172696083099,0.0149));
#9211=CARTESIAN_POINT('',(0.00840141545500568,0.00809172696083099,0.0136));
#9212=CARTESIAN_POINT('',(0.00715827415686177,0.00975167019896617,0.0149));
#9213=CARTESIAN_POINT('',(0.00715827415686177,0.00975167019896617,0.0149));
#9214=CARTESIAN_POINT('',(0.00715827415686177,0.00975167019896617,0.0149));
#9215=CARTESIAN_POINT('',(0.00804363775488245,0.00918685362669041,0.0149));
#9216=CARTESIAN_POINT('',(0.00840141545500568,0.00809172696083099,0.0149));
#9217=CARTESIAN_POINT('',(0.0048654094542954,0.0103164867712419,0.0149));
#9218=CARTESIAN_POINT('',(0.0048654094542954,0.0103164867712419,0.0136));
#9219=CARTESIAN_POINT('',(0.00580374352399253,0.0103164867712419,0.0149));
#9220=CARTESIAN_POINT('',(0.00580374352399253,0.0103164867712419,0.0136));
#9221=CARTESIAN_POINT('',(0.00656803175818132,0.0101282145804833,0.0149));
#9222=CARTESIAN_POINT('',(0.00656803175818132,0.0101282145804833,0.0136));
#9223=CARTESIAN_POINT('',(0.00715827415686177,0.00975167019896617,0.0149));
#9224=CARTESIAN_POINT('',(0.00715827415686177,0.00975167019896617,0.0136));
#9225=CARTESIAN_POINT('',(0.0048654094542954,0.0103164867712419,0.0149));
#9226=CARTESIAN_POINT('',(0.0048654094542954,0.0103164867712419,0.0149));
#9227=CARTESIAN_POINT('',(0.0048654094542954,0.0103164867712419,0.0149));
#9228=CARTESIAN_POINT('',(0.00627291055884109,0.0103164867712419,0.0149));
#9229=CARTESIAN_POINT('',(0.00715827415686177,0.00975167019896617,0.0149));
#9230=CARTESIAN_POINT('',(0.00191964585226557,0.00926040691021828,0.0149));
#9231=CARTESIAN_POINT('',(0.00191964585226557,0.00926040691021828,0.0136));
#9232=CARTESIAN_POINT('',(0.00259645713608582,0.0099644601509007,0.0149));
#9233=CARTESIAN_POINT('',(0.00259645713608582,0.0099644601509007,0.0136));
#9234=CARTESIAN_POINT('',(0.00357837833676243,0.0103164867712419,0.0149));
#9235=CARTESIAN_POINT('',(0.00357837833676243,0.0103164867712419,0.0136));
#9236=CARTESIAN_POINT('',(0.0048654094542954,0.0103164867712419,0.0149));
#9237=CARTESIAN_POINT('',(0.0048654094542954,0.0103164867712419,0.0136));
#9238=CARTESIAN_POINT('',(0.00191964585226557,0.00926040691021828,0.0149));
#9239=CARTESIAN_POINT('',(0.00191964585226557,0.00926040691021828,0.0149));
#9240=CARTESIAN_POINT('',(0.00191964585226557,0.00926040691021828,0.0149));
#9241=CARTESIAN_POINT('',(0.00293486277799595,0.0103164867712419,0.0149));
#9242=CARTESIAN_POINT('',(0.0048654094542954,0.0103164867712419,0.0149));
#9243=CARTESIAN_POINT('',(0.000904428926535195,0.00623564163328814,0.0149));
#9244=CARTESIAN_POINT('',(0.000904428926535195,0.00623564163328814,0.0136));
#9245=CARTESIAN_POINT('',(0.000904428926535195,0.00754809857722581,0.0149));
#9246=CARTESIAN_POINT('',(0.000904428926535195,0.00754809857722581,0.0136));
#9247=CARTESIAN_POINT('',(0.00124283456844532,0.00855635366953585,0.0149));
#9248=CARTESIAN_POINT('',(0.00124283456844532,0.00855635366953585,0.0136));
#9249=CARTESIAN_POINT('',(0.00191964585226557,0.00926040691021828,0.0149));
#9250=CARTESIAN_POINT('',(0.00191964585226557,0.00926040691021828,0.0136));
#9251=CARTESIAN_POINT('',(0.000904428926535195,0.00623564163328814,0.0149));
#9252=CARTESIAN_POINT('',(0.000904428926535195,0.00623564163328814,0.0149));
#9253=CARTESIAN_POINT('',(0.000904428926535195,0.00623564163328814,0.0149));
#9254=CARTESIAN_POINT('',(0.000904428926535195,0.00820432704919464,0.0149));
#9255=CARTESIAN_POINT('',(0.00191964585226557,0.00926040691021828,0.0149));
#9256=CARTESIAN_POINT('',(0.00195687652664388,0.00317909407335214,0.0149));
#9257=CARTESIAN_POINT('',(0.00195687652664388,0.00317909407335214,0.0136));
#9258=CARTESIAN_POINT('',(0.00125524479323809,0.0039079677636201,0.0149));
#9259=CARTESIAN_POINT('',(0.00125524479323809,0.0039079677636201,0.0136));
#9260=CARTESIAN_POINT('',(0.000904428926535195,0.00492681695026544,0.0149));
#9261=CARTESIAN_POINT('',(0.000904428926535195,0.00492681695026544,0.0136));
#9262=CARTESIAN_POINT('',(0.000904428926535195,0.00623564163328814,0.0149));
#9263=CARTESIAN_POINT('',(0.000904428926535195,0.00623564163328814,0.0136));
#9264=CARTESIAN_POINT('',(0.00195687652664388,0.00317909407335214,0.0149));
#9265=CARTESIAN_POINT('',(0.00195687652664388,0.00317909407335214,0.0149));
#9266=CARTESIAN_POINT('',(0.00195687652664388,0.00317909407335214,0.0149));
#9267=CARTESIAN_POINT('',(0.000904428926535195,0.00427240460875408,0.0149));
#9268=CARTESIAN_POINT('',(0.000904428926535195,0.00623564163328814,0.0149));
#9269=CARTESIAN_POINT('',(0.00493805467259453,0.00208578353795019,0.0149));
#9270=CARTESIAN_POINT('',(0.00493805467259453,0.00208578353795019,0.0136));
#9271=CARTESIAN_POINT('',(0.00365223430869988,0.00208578353795019,0.0149));
#9272=CARTESIAN_POINT('',(0.00365223430869988,0.00208578353795019,0.0136));
#9273=CARTESIAN_POINT('',(0.00265850826004967,0.00245022038308418,0.0149));
#9274=CARTESIAN_POINT('',(0.00265850826004967,0.00245022038308418,0.0136));
#9275=CARTESIAN_POINT('',(0.00195687652664388,0.00317909407335214,0.0149));
#9276=CARTESIAN_POINT('',(0.00195687652664388,0.00317909407335214,0.0136));
#9277=CARTESIAN_POINT('',(0.00493805467259453,0.00208578353795019,0.0149));
#9278=CARTESIAN_POINT('',(0.00493805467259453,0.00208578353795019,0.0149));
#9279=CARTESIAN_POINT('',(0.00493805467259453,0.00208578353795019,0.0149));
#9280=CARTESIAN_POINT('',(0.00300932412675256,0.00208578353795019,0.0149));
#9281=CARTESIAN_POINT('',(0.00195687652664388,0.00317909407335214,0.0149));
#9282=CARTESIAN_POINT('',(0.00712104348248347,0.00265060011022595,0.0149));
#9283=CARTESIAN_POINT('',(0.00712104348248347,0.00265060011022595,0.0136));
#9284=CARTESIAN_POINT('',(0.00651324515604739,0.00227405572870878,0.0149));
#9285=CARTESIAN_POINT('',(0.00651324515604739,0.00227405572870878,0.0136));
#9286=CARTESIAN_POINT('',(0.00578558221941774,0.00208578353795019,0.0149));
#9287=CARTESIAN_POINT('',(0.00578558221941774,0.00208578353795019,0.0136));
#9288=CARTESIAN_POINT('',(0.00493805467259453,0.00208578353795019,0.0149));
#9289=CARTESIAN_POINT('',(0.00493805467259453,0.00208578353795019,0.0136));
#9290=CARTESIAN_POINT('',(0.00712104348248347,0.00265060011022595,0.0149));
#9291=CARTESIAN_POINT('',(0.00712104348248347,0.00265060011022595,0.0149));
#9292=CARTESIAN_POINT('',(0.00712104348248347,0.00265060011022595,0.0149));
#9293=CARTESIAN_POINT('',(0.00620934599282935,0.00208578353795019,0.0149));
#9294=CARTESIAN_POINT('',(0.00493805467259453,0.00208578353795019,0.0149));
#9295=CARTESIAN_POINT('',(0.00850311876062446,0.00437410791437287,0.0149));
#9296=CARTESIAN_POINT('',(0.00850311876062446,0.00437410791437287,0.0136));
#9297=CARTESIAN_POINT('',(0.00818953356829987,0.00360164709312543,0.0149));
#9298=CARTESIAN_POINT('',(0.00818953356829987,0.00360164709312543,0.0136));
#9299=CARTESIAN_POINT('',(0.00772884180891954,0.00302714449174312,0.0149));
#9300=CARTESIAN_POINT('',(0.00772884180891954,0.00302714449174312,0.0136));
#9301=CARTESIAN_POINT('',(0.00712104348248347,0.00265060011022595,0.0149));
#9302=CARTESIAN_POINT('',(0.00712104348248347,0.00265060011022595,0.0136));
#9303=CARTESIAN_POINT('',(0.00850311876062446,0.00437410791437287,0.0149));
#9304=CARTESIAN_POINT('',(0.00850311876062446,0.00437410791437287,0.0149));
#9305=CARTESIAN_POINT('',(0.00850311876062446,0.00437410791437287,0.0149));
#9306=CARTESIAN_POINT('',(0.00803274097213758,0.0032154166825017,0.0149));
#9307=CARTESIAN_POINT('',(0.00712104348248347,0.00265060011022595,0.0149));
#9308=CARTESIAN_POINT('',(0.00777394238194692,0.00464925167868084,0.0149));
#9309=CARTESIAN_POINT('',(0.00777394238194692,0.00464925167868084,0.0149));
#9310=CARTESIAN_POINT('',(-0.000366441750526428,-0.010828666085685,0.0149));
#9311=CARTESIAN_POINT('',(-0.00309196614514585,0.00403630764928191,0.0149));
#9312=CARTESIAN_POINT('',(-0.00165631501850923,0.00220019975677132,0.0149));
#9313=CARTESIAN_POINT('',(-0.00165631501850923,0.00220019975677132,0.0149));
#9314=CARTESIAN_POINT('',(-0.00309196614514585,0.00403630764928191,0.0149));
#9315=CARTESIAN_POINT('',(-0.00452761727178245,0.00587241554179248,0.0149));
#9316=CARTESIAN_POINT('',(-0.00452761727178245,0.00587241554179248,0.0149));
#9317=CARTESIAN_POINT('',(-0.000668340049641031,0.00220019975677132,0.0149));
#9318=CARTESIAN_POINT('',(0.000319634919227173,0.00220019975677132,0.0149));
#9319=CARTESIAN_POINT('',(0.000319634919227173,0.00220019975677132,0.0149));
#9320=CARTESIAN_POINT('',(-0.000668340049641031,0.00220019975677132,0.0149));
#9321=CARTESIAN_POINT('',(-0.00152827782125701,0.00450759350299753,0.0149));
#9322=CARTESIAN_POINT('',(-0.0033761905617412,0.00681498724922373,0.0149));
#9323=CARTESIAN_POINT('',(-0.0033761905617412,0.00681498724922373,0.0149));
#9324=CARTESIAN_POINT('',(-0.00152827782125701,0.00450759350299753,0.0149));
#9325=CARTESIAN_POINT('',(-0.00166811986648284,0.00850580470513604,0.0149));
#9326=CARTESIAN_POINT('',(3.99508287755171E-5,0.0101966221610483,0.0149));
#9327=CARTESIAN_POINT('',(3.99508287755171E-5,0.0101966221610483,0.0149));
#9328=CARTESIAN_POINT('',(-0.00166811986648284,0.00850580470513604,0.0149));
#9329=CARTESIAN_POINT('',(-0.000936219292119079,0.0101966221610483,0.0149));
#9330=CARTESIAN_POINT('',(-0.00191238941301368,0.0101966221610483,0.0149));
#9331=CARTESIAN_POINT('',(-0.00191238941301368,0.0101966221610483,0.0149));
#9332=CARTESIAN_POINT('',(-0.000936219292119079,0.0101966221610483,0.0149));
#9333=CARTESIAN_POINT('',(-0.00371399082683217,0.00838321589925625,0.0149));
#9334=CARTESIAN_POINT('',(-0.00551559224065066,0.00656980963746415,0.0149));
#9335=CARTESIAN_POINT('',(-0.00551559224065066,0.00656980963746415,0.0149));
#9336=CARTESIAN_POINT('',(-0.00371399082683217,0.00838321589925625,0.0149));
#9337=CARTESIAN_POINT('',(-0.00551559224065066,0.00838321589925625,0.0149));
#9338=CARTESIAN_POINT('',(-0.00551559224065066,0.0101966221610483,0.0149));
#9339=CARTESIAN_POINT('',(-0.00551559224065066,0.0101966221610483,0.0149));
#9340=CARTESIAN_POINT('',(-0.00551559224065066,0.00838321589925625,0.0149));
#9341=CARTESIAN_POINT('',(-0.00635282838154816,0.0101966221610483,0.0149));
#9342=CARTESIAN_POINT('',(-0.00719006452244566,0.0101966221610483,0.0149));
#9343=CARTESIAN_POINT('',(-0.00719006452244566,0.0101966221610483,0.0149));
#9344=CARTESIAN_POINT('',(-0.00635282838154816,0.0101966221610483,0.0149));
#9345=CARTESIAN_POINT('',(-0.00719006452244566,0.00619841095890984,0.0149));
#9346=CARTESIAN_POINT('',(-0.00719006452244566,0.00220019975677132,0.0149));
#9347=CARTESIAN_POINT('',(-0.00719006452244566,0.00220019975677132,0.0149));
#9348=CARTESIAN_POINT('',(-0.00719006452244566,0.00619841095890984,0.0149));
#9349=CARTESIAN_POINT('',(-0.00635282838154816,0.00220019975677132,0.0149));
#9350=CARTESIAN_POINT('',(-0.00551559224065066,0.00220019975677132,0.0149));
#9351=CARTESIAN_POINT('',(-0.00551559224065066,0.00220019975677132,0.0149));
#9352=CARTESIAN_POINT('',(-0.00635282838154816,0.00220019975677132,0.0149));
#9353=CARTESIAN_POINT('',(-0.00551559224065066,0.00365855251412641,0.0149));
#9354=CARTESIAN_POINT('',(-0.00551559224065066,0.0051169052714815,0.0149));
#9355=CARTESIAN_POINT('',(-0.00551559224065066,0.0051169052714815,0.0149));
#9356=CARTESIAN_POINT('',(-0.00551559224065066,0.00365855251412641,0.0149));
#9357=CARTESIAN_POINT('',(-0.00502160475621655,0.00549466040663699,0.0149));
#9358=CARTESIAN_POINT('',(-0.00502160475621655,0.00549466040663699,0.0149));
#9359=CARTESIAN_POINT('',(-0.000366441750526428,-0.010828666085685,0.0149));
#9360=CARTESIAN_POINT('',(-0.011850255276335,0.00340429425007944,0.0149));
#9361=CARTESIAN_POINT('',(-0.011850255276335,0.00340429425007944,0.0136));
#9362=CARTESIAN_POINT('',(-0.0108392759883388,0.00340429425007945,0.0149));
#9363=CARTESIAN_POINT('',(-0.0108392759883388,0.00340429425007945,0.0136));
#9364=CARTESIAN_POINT('',(-0.0101370388781138,0.0039109946477159,0.0149));
#9365=CARTESIAN_POINT('',(-0.0101370388781138,0.0039109946477159,0.0136));
#9366=CARTESIAN_POINT('',(-0.00974354394566017,0.0049243954429888,0.0149));
#9367=CARTESIAN_POINT('',(-0.00974354394566017,0.0049243954429888,0.0136));
#9368=CARTESIAN_POINT('',(-0.011850255276335,0.00340429425007944,0.0149));
#9369=CARTESIAN_POINT('',(-0.011850255276335,0.00340429425007944,0.0149));
#9370=CARTESIAN_POINT('',(-0.011850255276335,0.00340429425007944,0.0149));
#9371=CARTESIAN_POINT('',(-0.0103337863443406,0.00340429425007945,0.0149));
#9372=CARTESIAN_POINT('',(-0.00974354394566017,0.0049243954429888,0.0149));
#9373=CARTESIAN_POINT('',(-0.00974354394566017,0.0049243954429888,0.0149));
#9374=CARTESIAN_POINT('',(-0.00974354394566017,0.0049243954429888,0.0149));
#9375=CARTESIAN_POINT('',(-0.0135946485807429,0.00413074643307078,0.0149));
#9376=CARTESIAN_POINT('',(-0.0135946485807429,0.00413074643307078,0.0136));
#9377=CARTESIAN_POINT('',(-0.0131920729960019,0.00364644497774322,0.0149));
#9378=CARTESIAN_POINT('',(-0.0131920729960019,0.00364644497774322,0.0136));
#9379=CARTESIAN_POINT('',(-0.0126106085611993,0.00340429425007944,0.0149));
#9380=CARTESIAN_POINT('',(-0.0126106085611993,0.00340429425007944,0.0136));
#9381=CARTESIAN_POINT('',(-0.011850255276335,0.00340429425007944,0.0149));
#9382=CARTESIAN_POINT('',(-0.011850255276335,0.00340429425007944,0.0136));
#9383=CARTESIAN_POINT('',(-0.0135946485807429,0.00413074643307078,0.0149));
#9384=CARTESIAN_POINT('',(-0.0135946485807429,0.00413074643307078,0.0149));
#9385=CARTESIAN_POINT('',(-0.0135946485807429,0.00413074643307078,0.0149));
#9386=CARTESIAN_POINT('',(-0.0129907852036314,0.00340429425007944,0.0149));
#9387=CARTESIAN_POINT('',(-0.011850255276335,0.00340429425007944,0.0149));
#9388=CARTESIAN_POINT('',(-0.0141985119578545,0.00623564163328814,0.0149));
#9389=CARTESIAN_POINT('',(-0.0141985119578545,0.00623564163328814,0.0136));
#9390=CARTESIAN_POINT('',(-0.0141985119578545,0.00531667962180411,0.0149));
#9391=CARTESIAN_POINT('',(-0.0141985119578545,0.00531667962180411,0.0136));
#9392=CARTESIAN_POINT('',(-0.013997224165484,0.00461504788839833,0.0149));
#9393=CARTESIAN_POINT('',(-0.013997224165484,0.00461504788839833,0.0136));
#9394=CARTESIAN_POINT('',(-0.0135946485807429,0.00413074643307078,0.0149));
#9395=CARTESIAN_POINT('',(-0.0135946485807429,0.00413074643307078,0.0136));
#9396=CARTESIAN_POINT('',(-0.0141985119578545,0.00623564163328814,0.0149));
#9397=CARTESIAN_POINT('',(-0.0141985119578545,0.00623564163328814,0.0149));
#9398=CARTESIAN_POINT('',(-0.0141985119578545,0.00623564163328814,0.0149));
#9399=CARTESIAN_POINT('',(-0.0141985119578545,0.0048571986160621,0.0149));
#9400=CARTESIAN_POINT('',(-0.0135946485807429,0.00413074643307078,0.0149));
#9401=CARTESIAN_POINT('',(-0.0136109937548602,0.00829604163729729,0.0149));
#9402=CARTESIAN_POINT('',(-0.0136109937548602,0.00829604163729729,0.0136));
#9403=CARTESIAN_POINT('',(-0.0140026725568564,0.00782687460244872,0.0149));
#9404=CARTESIAN_POINT('',(-0.0140026725568564,0.00782687460244872,0.0136));
#9405=CARTESIAN_POINT('',(-0.0141985119578545,0.00714007460111234,0.0149));
#9406=CARTESIAN_POINT('',(-0.0141985119578545,0.00714007460111234,0.0136));
#9407=CARTESIAN_POINT('',(-0.0141985119578545,0.00623564163328814,0.0149));
#9408=CARTESIAN_POINT('',(-0.0141985119578545,0.00623564163328814,0.0136));
#9409=CARTESIAN_POINT('',(-0.0136109937548602,0.00829604163729729,0.0149));
#9410=CARTESIAN_POINT('',(-0.0136109937548602,0.00829604163729729,0.0149));
#9411=CARTESIAN_POINT('',(-0.0136109937548602,0.00829604163729729,0.0149));
#9412=CARTESIAN_POINT('',(-0.0141985119578545,0.00759229108502444,0.0149));
#9413=CARTESIAN_POINT('',(-0.0141985119578545,0.00623564163328814,0.0149));
#9414=CARTESIAN_POINT('',(-0.0118883940159421,0.00899979218957014,0.0149));
#9415=CARTESIAN_POINT('',(-0.0118883940159421,0.00899979218957014,0.0136));
#9416=CARTESIAN_POINT('',(-0.0126451150398914,0.00899979218957014,0.0149));
#9417=CARTESIAN_POINT('',(-0.0126451150398914,0.00899979218957014,0.0136));
#9418=CARTESIAN_POINT('',(-0.0132193149528641,0.00876520867214586,0.0149));
#9419=CARTESIAN_POINT('',(-0.0132193149528641,0.00876520867214586,0.0136));
#9420=CARTESIAN_POINT('',(-0.0136109937548602,0.00829604163729729,0.0149));
#9421=CARTESIAN_POINT('',(-0.0136109937548602,0.00829604163729729,0.0136));
#9422=CARTESIAN_POINT('',(-0.0118883940159421,0.00899979218957014,0.0149));
#9423=CARTESIAN_POINT('',(-0.0118883940159421,0.00899979218957014,0.0149));
#9424=CARTESIAN_POINT('',(-0.0118883940159421,0.00899979218957014,0.0149));
#9425=CARTESIAN_POINT('',(-0.013023475551866,0.00899979218957014,0.0149));
#9426=CARTESIAN_POINT('',(-0.0136109937548602,0.00829604163729729,0.0149));
#9427=CARTESIAN_POINT('',(-0.0105980333259037,0.00864473868513313,0.0149));
#9428=CARTESIAN_POINT('',(-0.0105980333259037,0.00864473868513313,0.0136));
#9429=CARTESIAN_POINT('',(-0.0109630755478569,0.00888144102142447,0.0149));
#9430=CARTESIAN_POINT('',(-0.0109630755478569,0.00888144102142447,0.0136));
#9431=CARTESIAN_POINT('',(-0.0113931957778696,0.00899979218957014,0.0149));
#9432=CARTESIAN_POINT('',(-0.0113931957778696,0.00899979218957014,0.0136));
#9433=CARTESIAN_POINT('',(-0.0118883940159421,0.00899979218957014,0.0149));
#9434=CARTESIAN_POINT('',(-0.0118883940159421,0.00899979218957014,0.0136));
#9435=CARTESIAN_POINT('',(-0.0105980333259037,0.00864473868513313,0.0149));
#9436=CARTESIAN_POINT('',(-0.0105980333259037,0.00864473868513313,0.0149));
#9437=CARTESIAN_POINT('',(-0.0105980333259037,0.00864473868513313,0.0149));
#9438=CARTESIAN_POINT('',(-0.0111455966588334,0.00899979218957014,0.0149));
#9439=CARTESIAN_POINT('',(-0.0118883940159421,0.00899979218957014,0.0149));
#9440=CARTESIAN_POINT('',(-0.00986340855585374,0.00768854599927079,0.0149));
#9441=CARTESIAN_POINT('',(-0.00986340855585374,0.00768854599927079,0.0136));
#9442=CARTESIAN_POINT('',(-0.00998811618060058,0.00808930545355434,0.0149));
#9443=CARTESIAN_POINT('',(-0.00998811618060058,0.00808930545355434,0.0136));
#9444=CARTESIAN_POINT('',(-0.0102329911039506,0.00840803634884179,0.0149));
#9445=CARTESIAN_POINT('',(-0.0102329911039506,0.00840803634884179,0.0136));
#9446=CARTESIAN_POINT('',(-0.0105980333259037,0.00864473868513313,0.0149));
#9447=CARTESIAN_POINT('',(-0.0105980333259037,0.00864473868513313,0.0136));
#9448=CARTESIAN_POINT('',(-0.00986340855585374,0.00768854599927079,0.0149));
#9449=CARTESIAN_POINT('',(-0.00986340855585374,0.00768854599927079,0.0149));
#9450=CARTESIAN_POINT('',(-0.00986340855585374,0.00768854599927079,0.0149));
#9451=CARTESIAN_POINT('',(-0.010050469992974,0.00828968518069612,0.0149));
#9452=CARTESIAN_POINT('',(-0.0105980333259037,0.00864473868513313,0.0149));
#9453=CARTESIAN_POINT('',(-0.00912515152488881,0.00789013648005089,0.0149));
#9454=CARTESIAN_POINT('',(-0.00838689449392387,0.00809172696083098,0.0149));
#9455=CARTESIAN_POINT('',(-0.00838689449392387,0.00809172696083098,0.0149));
#9456=CARTESIAN_POINT('',(-0.00912515152488881,0.00789013648005089,0.0149));
#9457=CARTESIAN_POINT('',(-0.00963003579206778,0.00975167019896616,0.0149));
#9458=CARTESIAN_POINT('',(-0.00963003579206778,0.00975167019896616,0.0136));
#9459=CARTESIAN_POINT('',(-0.00903979339338733,0.00937512581744899,0.0149));
#9460=CARTESIAN_POINT('',(-0.00903979339338733,0.00937512581744899,0.0136));
#9461=CARTESIAN_POINT('',(-0.00862541296067269,0.00882181140473727,0.0149));
#9462=CARTESIAN_POINT('',(-0.00862541296067269,0.00882181140473727,0.0136));
#9463=CARTESIAN_POINT('',(-0.00838689449392387,0.00809172696083098,0.0149));
#9464=CARTESIAN_POINT('',(-0.00838689449392387,0.00809172696083098,0.0136));
#9465=CARTESIAN_POINT('',(-0.00963003579206778,0.00975167019896616,0.0149));
#9466=CARTESIAN_POINT('',(-0.00963003579206778,0.00975167019896616,0.0149));
#9467=CARTESIAN_POINT('',(-0.00963003579206778,0.00975167019896616,0.0149));
#9468=CARTESIAN_POINT('',(-0.0087446721940471,0.00918685362669041,0.0149));
#9469=CARTESIAN_POINT('',(-0.00838689449392387,0.00809172696083098,0.0149));
#9470=CARTESIAN_POINT('',(-0.0119229004946341,0.0103164867712419,0.0149));
#9471=CARTESIAN_POINT('',(-0.0119229004946341,0.0103164867712419,0.0136));
#9472=CARTESIAN_POINT('',(-0.010984566424937,0.0103164867712419,0.0149));
#9473=CARTESIAN_POINT('',(-0.010984566424937,0.0103164867712419,0.0136));
#9474=CARTESIAN_POINT('',(-0.0102202781907482,0.0101282145804833,0.0149));
#9475=CARTESIAN_POINT('',(-0.0102202781907482,0.0101282145804833,0.0136));
#9476=CARTESIAN_POINT('',(-0.00963003579206778,0.00975167019896616,0.0149));
#9477=CARTESIAN_POINT('',(-0.00963003579206778,0.00975167019896616,0.0136));
#9478=CARTESIAN_POINT('',(-0.0119229004946341,0.0103164867712419,0.0149));
#9479=CARTESIAN_POINT('',(-0.0119229004946341,0.0103164867712419,0.0149));
#9480=CARTESIAN_POINT('',(-0.0119229004946341,0.0103164867712419,0.0149));
#9481=CARTESIAN_POINT('',(-0.0105153993900885,0.0103164867712419,0.0149));
#9482=CARTESIAN_POINT('',(-0.00963003579206778,0.00975167019896616,0.0149));
#9483=CARTESIAN_POINT('',(-0.014868664096664,0.00926040691021828,0.0149));
#9484=CARTESIAN_POINT('',(-0.014868664096664,0.00926040691021828,0.0136));
#9485=CARTESIAN_POINT('',(-0.0141918528128437,0.0099644601509007,0.0149));
#9486=CARTESIAN_POINT('',(-0.0141918528128437,0.0099644601509007,0.0136));
#9487=CARTESIAN_POINT('',(-0.0132099316121671,0.0103164867712419,0.0149));
#9488=CARTESIAN_POINT('',(-0.0132099316121671,0.0103164867712419,0.0136));
#9489=CARTESIAN_POINT('',(-0.0119229004946341,0.0103164867712419,0.0149));
#9490=CARTESIAN_POINT('',(-0.0119229004946341,0.0103164867712419,0.0136));
#9491=CARTESIAN_POINT('',(-0.014868664096664,0.00926040691021828,0.0149));
#9492=CARTESIAN_POINT('',(-0.014868664096664,0.00926040691021828,0.0149));
#9493=CARTESIAN_POINT('',(-0.014868664096664,0.00926040691021828,0.0149));
#9494=CARTESIAN_POINT('',(-0.0138534471709336,0.0103164867712419,0.0149));
#9495=CARTESIAN_POINT('',(-0.0119229004946341,0.0103164867712419,0.0149));
#9496=CARTESIAN_POINT('',(-0.0158838810223943,0.00623564163328814,0.0149));
#9497=CARTESIAN_POINT('',(-0.0158838810223943,0.00623564163328814,0.0136));
#9498=CARTESIAN_POINT('',(-0.0158838810223943,0.00754809857722581,0.0149));
#9499=CARTESIAN_POINT('',(-0.0158838810223943,0.00754809857722581,0.0136));
#9500=CARTESIAN_POINT('',(-0.0155454753804842,0.00855635366953585,0.0149));
#9501=CARTESIAN_POINT('',(-0.0155454753804842,0.00855635366953585,0.0136));
#9502=CARTESIAN_POINT('',(-0.014868664096664,0.00926040691021828,0.0149));
#9503=CARTESIAN_POINT('',(-0.014868664096664,0.00926040691021828,0.0136));
#9504=CARTESIAN_POINT('',(-0.0158838810223943,0.00623564163328814,0.0149));
#9505=CARTESIAN_POINT('',(-0.0158838810223943,0.00623564163328814,0.0149));
#9506=CARTESIAN_POINT('',(-0.0158838810223943,0.00623564163328814,0.0149));
#9507=CARTESIAN_POINT('',(-0.0158838810223943,0.00820432704919464,0.0149));
#9508=CARTESIAN_POINT('',(-0.014868664096664,0.00926040691021828,0.0149));
#9509=CARTESIAN_POINT('',(-0.0148314334222857,0.00317909407335214,0.0149));
#9510=CARTESIAN_POINT('',(-0.0148314334222857,0.00317909407335214,0.0136));
#9511=CARTESIAN_POINT('',(-0.0155330651556915,0.0039079677636201,0.0149));
#9512=CARTESIAN_POINT('',(-0.0155330651556915,0.0039079677636201,0.0136));
#9513=CARTESIAN_POINT('',(-0.0158838810223943,0.00492681695026543,0.0149));
#9514=CARTESIAN_POINT('',(-0.0158838810223943,0.00492681695026543,0.0136));
#9515=CARTESIAN_POINT('',(-0.0158838810223943,0.00623564163328814,0.0149));
#9516=CARTESIAN_POINT('',(-0.0158838810223943,0.00623564163328814,0.0136));
#9517=CARTESIAN_POINT('',(-0.0148314334222857,0.00317909407335214,0.0149));
#9518=CARTESIAN_POINT('',(-0.0148314334222857,0.00317909407335214,0.0149));
#9519=CARTESIAN_POINT('',(-0.0148314334222857,0.00317909407335214,0.0149));
#9520=CARTESIAN_POINT('',(-0.0158838810223943,0.00427240460875408,0.0149));
#9521=CARTESIAN_POINT('',(-0.0158838810223943,0.00623564163328814,0.0149));
#9522=CARTESIAN_POINT('',(-0.011850255276335,0.00208578353795019,0.0149));
#9523=CARTESIAN_POINT('',(-0.011850255276335,0.00208578353795019,0.0136));
#9524=CARTESIAN_POINT('',(-0.0131360756402297,0.00208578353795019,0.0149));
#9525=CARTESIAN_POINT('',(-0.0131360756402297,0.00208578353795019,0.0136));
#9526=CARTESIAN_POINT('',(-0.0141298016888799,0.00245022038308417,0.0149));
#9527=CARTESIAN_POINT('',(-0.0141298016888799,0.00245022038308417,0.0136));
#9528=CARTESIAN_POINT('',(-0.0148314334222857,0.00317909407335214,0.0149));
#9529=CARTESIAN_POINT('',(-0.0148314334222857,0.00317909407335214,0.0136));
#9530=CARTESIAN_POINT('',(-0.011850255276335,0.00208578353795019,0.0149));
#9531=CARTESIAN_POINT('',(-0.011850255276335,0.00208578353795019,0.0149));
#9532=CARTESIAN_POINT('',(-0.011850255276335,0.00208578353795019,0.0149));
#9533=CARTESIAN_POINT('',(-0.013778985822177,0.00208578353795019,0.0149));
#9534=CARTESIAN_POINT('',(-0.0148314334222857,0.00317909407335214,0.0149));
#9535=CARTESIAN_POINT('',(-0.00966726646644608,0.00265060011022595,0.0149));
#9536=CARTESIAN_POINT('',(-0.00966726646644608,0.00265060011022595,0.0136));
#9537=CARTESIAN_POINT('',(-0.0102750647928822,0.00227405572870877,0.0149));
#9538=CARTESIAN_POINT('',(-0.0102750647928822,0.00227405572870877,0.0136));
#9539=CARTESIAN_POINT('',(-0.0110027277295118,0.00208578353795019,0.0149));
#9540=CARTESIAN_POINT('',(-0.0110027277295118,0.00208578353795019,0.0136));
#9541=CARTESIAN_POINT('',(-0.011850255276335,0.00208578353795019,0.0149));
#9542=CARTESIAN_POINT('',(-0.011850255276335,0.00208578353795019,0.0136));
#9543=CARTESIAN_POINT('',(-0.00966726646644608,0.00265060011022595,0.0149));
#9544=CARTESIAN_POINT('',(-0.00966726646644608,0.00265060011022595,0.0149));
#9545=CARTESIAN_POINT('',(-0.00966726646644608,0.00265060011022595,0.0149));
#9546=CARTESIAN_POINT('',(-0.0105789639561002,0.00208578353795019,0.0149));
#9547=CARTESIAN_POINT('',(-0.011850255276335,0.00208578353795019,0.0149));
#9548=CARTESIAN_POINT('',(-0.00828519118830508,0.00437410791437287,0.0149));
#9549=CARTESIAN_POINT('',(-0.00828519118830508,0.00437410791437287,0.0136));
#9550=CARTESIAN_POINT('',(-0.00859877638062967,0.00360164709312543,0.0149));
#9551=CARTESIAN_POINT('',(-0.00859877638062967,0.00360164709312543,0.0136));
#9552=CARTESIAN_POINT('',(-0.00905946814001001,0.00302714449174312,0.0149));
#9553=CARTESIAN_POINT('',(-0.00905946814001001,0.00302714449174312,0.0136));
#9554=CARTESIAN_POINT('',(-0.00966726646644608,0.00265060011022595,0.0149));
#9555=CARTESIAN_POINT('',(-0.00966726646644608,0.00265060011022595,0.0136));
#9556=CARTESIAN_POINT('',(-0.00828519118830508,0.00437410791437287,0.0149));
#9557=CARTESIAN_POINT('',(-0.00828519118830508,0.00437410791437287,0.0149));
#9558=CARTESIAN_POINT('',(-0.00828519118830508,0.00437410791437287,0.0149));
#9559=CARTESIAN_POINT('',(-0.00875556897679197,0.0032154166825017,0.0149));
#9560=CARTESIAN_POINT('',(-0.00966726646644608,0.00265060011022595,0.0149));
#9561=CARTESIAN_POINT('',(-0.00901436756698263,0.00464925167868083,0.0149));
#9562=CARTESIAN_POINT('',(-0.00901436756698263,0.00464925167868083,0.0149));
#9563=CARTESIAN_POINT('',(-0.000366441750526428,-0.010828666085685,0.0149));
#9564=CARTESIAN_POINT('',(-0.0205785782549758,0.00890262921009505,0.0149));
#9565=CARTESIAN_POINT('',(-0.0205785782549758,0.00890262921009505,0.0136));
#9566=CARTESIAN_POINT('',(-0.0205622330808585,0.00896528571087805,0.0136));
#9567=CARTESIAN_POINT('',(-0.0205949038917324,0.00883996710054109,0.0136));
#9568=CARTESIAN_POINT('',(-0.0205622330808585,0.00896528571087805,0.0149));
#9569=CARTESIAN_POINT('',(-0.0205622330808585,0.00896528571087805,0.0149));
#9570=CARTESIAN_POINT('',(-0.0205785782549758,0.00890262921009505,0.0149));
#9571=CARTESIAN_POINT('',(-0.0205949038917293,0.00883996710054018,0.01489999975));
#9572=CARTESIAN_POINT('',(-0.0205949234290931,0.00883997270931205,0.0149));
#9573=CARTESIAN_POINT('',(-0.0205023007757617,0.00876914362147039,0.0149));
#9574=CARTESIAN_POINT('',(-0.0205023007757617,0.00876914362147039,0.0136));
#9575=CARTESIAN_POINT('',(-0.020442368470665,0.00857300153206273,0.0136));
#9576=CARTESIAN_POINT('',(-0.020442368470665,0.00857300153206273,0.0149));
#9577=CARTESIAN_POINT('',(-0.020442368470665,0.00857300153206273,0.0149));
#9578=CARTESIAN_POINT('',(-0.0205023007757617,0.00876914362147039,0.0149));
#9579=CARTESIAN_POINT('',(-0.0203206877300139,0.00818707380984859,0.0149));
#9580=CARTESIAN_POINT('',(-0.0203206877300139,0.00818707380984859,0.0136));
#9581=CARTESIAN_POINT('',(-0.0201990069893629,0.00780114608763445,0.0136));
#9582=CARTESIAN_POINT('',(-0.0201990069893629,0.00780114608763445,0.0149));
#9583=CARTESIAN_POINT('',(-0.0201990069893629,0.00780114608763445,0.0149));
#9584=CARTESIAN_POINT('',(-0.0203206877300139,0.00818707380984859,0.0149));
#9585=CARTESIAN_POINT('',(-0.0198039986148613,0.00665244357327941,0.0149));
#9586=CARTESIAN_POINT('',(-0.0198039986148613,0.00665244357327941,0.0136));
#9587=CARTESIAN_POINT('',(-0.0194089902403598,0.00550374105892438,0.0136));
#9588=CARTESIAN_POINT('',(-0.0194089902403598,0.00550374105892438,0.0149));
#9589=CARTESIAN_POINT('',(-0.0194089902403598,0.00550374105892438,0.0149));
#9590=CARTESIAN_POINT('',(-0.0198039986148613,0.00665244357327941,0.0149));
#9591=CARTESIAN_POINT('',(-0.0205586008199436,0.00550374105892438,0.0149));
#9592=CARTESIAN_POINT('',(-0.0205586008199436,0.00550374105892438,0.0136));
#9593=CARTESIAN_POINT('',(-0.0217082113995273,0.00550374105892438,0.0136));
#9594=CARTESIAN_POINT('',(-0.0217082113995273,0.00550374105892438,0.0149));
#9595=CARTESIAN_POINT('',(-0.0217082113995273,0.00550374105892438,0.0149));
#9596=CARTESIAN_POINT('',(-0.0205586008199436,0.00550374105892438,0.0149));
#9597=CARTESIAN_POINT('',(-0.0207320412786328,0.0083750433121976,0.0149));
#9598=CARTESIAN_POINT('',(-0.0207320412786328,0.0083750433121976,0.0136));
#9599=CARTESIAN_POINT('',(-0.0207847090618996,0.00820069478827968,0.0149));
#9600=CARTESIAN_POINT('',(-0.0207847090618996,0.00820069478827968,0.0136));
#9601=CARTESIAN_POINT('',(-0.0211100991021978,0.00724359403718861,0.0149));
#9602=CARTESIAN_POINT('',(-0.0211100991021978,0.00724359403718861,0.0136));
#9603=CARTESIAN_POINT('',(-0.0217082113995273,0.00550374105892438,0.0149));
#9604=CARTESIAN_POINT('',(-0.0217082113995273,0.00550374105892438,0.0136));
#9605=CARTESIAN_POINT('',(-0.0207320412786328,0.0083750433121976,0.0136));
#9606=CARTESIAN_POINT('',(-0.020811042953533,0.00811352052632072,0.0136));
#9607=CARTESIAN_POINT('',(-0.0217082113995273,0.00550374105892438,0.0136));
#9608=CARTESIAN_POINT('',(-0.0207320412786328,0.0083750433121976,0.0136));
#9609=CARTESIAN_POINT('',(-0.0207320412786328,0.0083750433121976,0.0149));
#9610=CARTESIAN_POINT('',(-0.0207320412786328,0.0083750433121976,0.0149));
#9611=CARTESIAN_POINT('',(-0.0207320412786328,0.0083750433121976,0.0149));
#9612=CARTESIAN_POINT('',(-0.020811042953533,0.00811352052632072,0.0149));
#9613=CARTESIAN_POINT('',(-0.0217082113995273,0.00550374105892438,0.0149));
#9614=CARTESIAN_POINT('',(-0.0186798138616822,0.00322177313910288,0.0149));
#9615=CARTESIAN_POINT('',(-0.0183247603572452,0.00220019975677132,0.0149));
#9616=CARTESIAN_POINT('',(-0.0183247603572452,0.00220019975677132,0.0149));
#9617=CARTESIAN_POINT('',(-0.0186798138616822,0.00322177313910288,0.0149));
#9618=CARTESIAN_POINT('',(-0.0190348673661192,0.00424334652143442,0.0149));
#9619=CARTESIAN_POINT('',(-0.0190348673661192,0.00424334652143442,0.0149));
#9620=CARTESIAN_POINT('',(-0.0174966048686351,0.00220019975677132,0.0149));
#9621=CARTESIAN_POINT('',(-0.016668449380025,0.00220019975677132,0.0149));
#9622=CARTESIAN_POINT('',(-0.016668449380025,0.00220019975677132,0.0149));
#9623=CARTESIAN_POINT('',(-0.0174966048686351,0.00220019975677132,0.0149));
#9624=CARTESIAN_POINT('',(-0.0181213537460076,0.00619841095890984,0.0149));
#9625=CARTESIAN_POINT('',(-0.0195742581119903,0.0101966221610483,0.0149));
#9626=CARTESIAN_POINT('',(-0.0195742581119903,0.0101966221610483,0.0149));
#9627=CARTESIAN_POINT('',(-0.0181213537460076,0.00619841095890984,0.0149));
#9628=CARTESIAN_POINT('',(-0.0205613250156297,0.0101966221610483,0.0149));
#9629=CARTESIAN_POINT('',(-0.0215483919192693,0.0101966221610483,0.0149));
#9630=CARTESIAN_POINT('',(-0.0215483919192693,0.0101966221610483,0.0149));
#9631=CARTESIAN_POINT('',(-0.0205613250156297,0.0101966221610483,0.0149));
#9632=CARTESIAN_POINT('',(-0.023007652741853,0.00619841095890984,0.0149));
#9633=CARTESIAN_POINT('',(-0.0244669135644369,0.00220019975677132,0.0149));
#9634=CARTESIAN_POINT('',(-0.0244669135644369,0.00220019975677132,0.0149));
#9635=CARTESIAN_POINT('',(-0.023007652741853,0.00619841095890984,0.0149));
#9636=CARTESIAN_POINT('',(-0.0236296774235394,0.00220019975677132,0.0149));
#9637=CARTESIAN_POINT('',(-0.0227924412826419,0.00220019975677132,0.0149));
#9638=CARTESIAN_POINT('',(-0.0227924412826419,0.00220019975677132,0.0149));
#9639=CARTESIAN_POINT('',(-0.0236296774235394,0.00220019975677132,0.0149));
#9640=CARTESIAN_POINT('',(-0.0224373877782048,0.00322177313910288,0.0149));
#9641=CARTESIAN_POINT('',(-0.0220823342737679,0.00424334652143443,0.0149));
#9642=CARTESIAN_POINT('',(-0.0220823342737679,0.00424334652143443,0.0149));
#9643=CARTESIAN_POINT('',(-0.0224373877782048,0.00322177313910288,0.0149));
#9644=CARTESIAN_POINT('',(-0.0205586008199436,0.00424334652143442,0.0149));
#9645=CARTESIAN_POINT('',(-0.0205586008199436,0.00424334652143442,0.0149));
#9646=CARTESIAN_POINT('',(-0.0521182331799006,0.0178896610150838,0.0149));
#9647=CARTESIAN_POINT('',(-0.0521182331799006,0.0178896610150838,0.0136));
#9648=CARTESIAN_POINT('',(-0.0521182331799006,0.0178896610150838,0.0149));
#9649=CARTESIAN_POINT('',(-0.000366441750526428,-0.010828666085685,0.0149));
#9650=CARTESIAN_POINT('',(-0.0272129028161441,0.00391462690863085,0.0149));
#9651=CARTESIAN_POINT('',(-0.0272129028161441,0.00220019975677132,0.0149));
#9652=CARTESIAN_POINT('',(-0.0272129028161441,0.00220019975677132,0.0149));
#9653=CARTESIAN_POINT('',(-0.0272129028161441,0.00391462690863085,0.0149));
#9654=CARTESIAN_POINT('',(-0.0272129028161441,0.00562905406049038,0.0149));
#9655=CARTESIAN_POINT('',(-0.0272129028161441,0.00562905406049038,0.0149));
#9656=CARTESIAN_POINT('',(-0.0263756666752466,0.00220019975677132,0.0149));
#9657=CARTESIAN_POINT('',(-0.0255384305343491,0.00220019975677132,0.0149));
#9658=CARTESIAN_POINT('',(-0.0255384305343491,0.00220019975677132,0.0149));
#9659=CARTESIAN_POINT('',(-0.0263756666752466,0.00220019975677132,0.0149));
#9660=CARTESIAN_POINT('',(-0.0255384305343491,0.00619841095890984,0.0149));
#9661=CARTESIAN_POINT('',(-0.0255384305343491,0.0101966221610483,0.0149));
#9662=CARTESIAN_POINT('',(-0.0255384305343491,0.0101966221610483,0.0149));
#9663=CARTESIAN_POINT('',(-0.0255384305343491,0.00619841095890984,0.0149));
#9664=CARTESIAN_POINT('',(-0.0263756666752466,0.0101966221610483,0.0149));
#9665=CARTESIAN_POINT('',(-0.0272129028161441,0.0101966221610483,0.0149));
#9666=CARTESIAN_POINT('',(-0.0272129028161441,0.0101966221610483,0.0149));
#9667=CARTESIAN_POINT('',(-0.0263756666752466,0.0101966221610483,0.0149));
#9668=CARTESIAN_POINT('',(-0.0272129028161441,0.0086047838150686,0.0149));
#9669=CARTESIAN_POINT('',(-0.0272129028161441,0.00701294546908886,0.0149));
#9670=CARTESIAN_POINT('',(-0.0272129028161441,0.00701294546908886,0.0149));
#9671=CARTESIAN_POINT('',(-0.0272129028161441,0.0086047838150686,0.0149));
#9672=CARTESIAN_POINT('',(-0.0289554799900946,0.00701294546908886,0.0149));
#9673=CARTESIAN_POINT('',(-0.030698057164045,0.00701294546908886,0.0149));
#9674=CARTESIAN_POINT('',(-0.030698057164045,0.00701294546908886,0.0149));
#9675=CARTESIAN_POINT('',(-0.0289554799900946,0.00701294546908886,0.0149));
#9676=CARTESIAN_POINT('',(-0.030698057164045,0.0086047838150686,0.0149));
#9677=CARTESIAN_POINT('',(-0.030698057164045,0.0101966221610483,0.0149));
#9678=CARTESIAN_POINT('',(-0.030698057164045,0.0101966221610483,0.0149));
#9679=CARTESIAN_POINT('',(-0.030698057164045,0.0086047838150686,0.0149));
#9680=CARTESIAN_POINT('',(-0.0315352933049425,0.0101966221610483,0.0149));
#9681=CARTESIAN_POINT('',(-0.03237252944584,0.0101966221610483,0.0149));
#9682=CARTESIAN_POINT('',(-0.03237252944584,0.0101966221610483,0.0149));
#9683=CARTESIAN_POINT('',(-0.0315352933049425,0.0101966221610483,0.0149));
#9684=CARTESIAN_POINT('',(-0.03237252944584,0.00619841095890983,0.0149));
#9685=CARTESIAN_POINT('',(-0.03237252944584,0.00220019975677132,0.0149));
#9686=CARTESIAN_POINT('',(-0.03237252944584,0.00220019975677132,0.0149));
#9687=CARTESIAN_POINT('',(-0.03237252944584,0.00619841095890983,0.0149));
#9688=CARTESIAN_POINT('',(-0.0315352933049425,0.00220019975677132,0.0149));
#9689=CARTESIAN_POINT('',(-0.030698057164045,0.00220019975677132,0.0149));
#9690=CARTESIAN_POINT('',(-0.030698057164045,0.00220019975677132,0.0149));
#9691=CARTESIAN_POINT('',(-0.0315352933049425,0.00220019975677132,0.0149));
#9692=CARTESIAN_POINT('',(-0.030698057164045,0.00391462690863085,0.0149));
#9693=CARTESIAN_POINT('',(-0.030698057164045,0.00562905406049038,0.0149));
#9694=CARTESIAN_POINT('',(-0.030698057164045,0.00562905406049038,0.0149));
#9695=CARTESIAN_POINT('',(-0.030698057164045,0.00391462690863085,0.0149));
#9696=CARTESIAN_POINT('',(-0.0289554799900946,0.00562905406049038,0.0149));
#9697=CARTESIAN_POINT('',(-0.0289554799900946,0.00562905406049038,0.0149));
#9698=CARTESIAN_POINT('',(-0.000366441750526428,-0.010828666085685,0.0149));
#9699=CARTESIAN_POINT('',(-0.000366441750526428,-0.010828666085685,0.0136));
#9700=CARTESIAN_POINT('',(-0.000366441750526428,-0.010828666085685,0.0136));
#9701=CARTESIAN_POINT('',(0.,0.,0.));
#9702=CARTESIAN_POINT('',(-0.000366441750526421,-0.039997171651125,-0.0261));
#9703=CARTESIAN_POINT('',(-0.0204307643984974,-0.039997171651125,0.00542292420459489));
#9704=CARTESIAN_POINT('',(-0.0194522071874415,-0.039997171651125,0.00542292420459489));
#9705=CARTESIAN_POINT('',(-0.0214093216095533,-0.039997171651125,0.00542292420459489));
#9706=CARTESIAN_POINT('',(-0.0232040461496579,-0.039997171651125,-0.00264806382710958));
#9707=CARTESIAN_POINT('',(-0.0195196938916522,-0.039997171651125,-0.000678295647958292));
#9708=CARTESIAN_POINT('',(-0.0194522071874415,-0.039997171651125,0.00207600546764297));
#9709=CARTESIAN_POINT('',(-0.0194522071874415,-0.039997171651125,0.0054229242045949));
#9710=CARTESIAN_POINT('',(-0.0232040461496579,-0.039997171651125,-0.00264806382710958));
#9711=CARTESIAN_POINT('',(-0.0239875246063546,-0.039997171651125,-0.00200694013710745));
#9712=CARTESIAN_POINT('',(-0.0247707141854727,-0.039997171651125,-0.00136605283683317));
#9713=CARTESIAN_POINT('',(-0.0264956521348807,-0.039997171651125,0.00364535864953976));
#9714=CARTESIAN_POINT('',(-0.0233537822746255,-0.039997171651125,-0.000623462700787057));
#9715=CARTESIAN_POINT('',(-0.0213144184317569,-0.039997171651125,0.00420816352880138));
#9716=CARTESIAN_POINT('',(-0.0213144184317569,-0.039997171651125,0.00199375604688612));
#9717=CARTESIAN_POINT('',(-0.0216391981957712,-0.039997171651125,0.000563881501420839));
#9718=CARTESIAN_POINT('',(-0.0233537822746255,-0.039997171651125,-0.000623462700787057));
#9719=CARTESIAN_POINT('',(-0.0213144184317569,-0.039997171651125,0.00420816352880138));
#9720=CARTESIAN_POINT('',(-0.02878764794472,-0.039997171651125,0.00423458549839366));
#9721=CARTESIAN_POINT('',(-0.000366441750526421,-0.039997171651125,0.0116));
#9722=CARTESIAN_POINT('',(-0.0476664417505264,-0.039997171651125,0.0116));
#9723=CARTESIAN_POINT('',(0.0469335582494736,-0.039997171651125,0.0116));
#9724=CARTESIAN_POINT('',(-0.0476664417505264,-0.039997171651125,-0.0261));
#9725=CARTESIAN_POINT('',(-0.0476664417505264,-0.039997171651125,-0.0279));
#9726=CARTESIAN_POINT('',(-0.000366441750526421,-0.039997171651125,-0.0279));
#9727=CARTESIAN_POINT('',(0.0469335582494736,-0.039997171651125,-0.0279));
#9728=CARTESIAN_POINT('',(0.0469335582494736,-0.039997171651125,-0.0261));
#9729=CARTESIAN_POINT('',(-0.0301313831472397,-0.039997171651125,-0.0145809539341924));
#9730=CARTESIAN_POINT('',(-0.0301313831472397,-0.039997171651125,-0.00533095393419238));
#9731=CARTESIAN_POINT('',(-0.0301313831472397,-0.039997171651125,-0.0238309539341924));
#9732=CARTESIAN_POINT('',(0.00141861685276028,-0.039997171651125,-0.00533095393419238));
#9733=CARTESIAN_POINT('',(0.0329686168527603,-0.039997171651125,-0.00533095393419238));
#9734=CARTESIAN_POINT('',(0.0329686168527603,-0.039997171651125,-0.0145809539341924));
#9735=CARTESIAN_POINT('',(0.0329686168527603,-0.039997171651125,-0.0238309539341924));
#9736=CARTESIAN_POINT('',(0.00141861685276027,-0.039997171651125,-0.0238309539341924));
#9737=CARTESIAN_POINT('',(-0.0150255011831175,-0.039997171651125,0.00824260306490032));
#9738=CARTESIAN_POINT('',(-0.0152680315263749,-0.039997171651125,0.00816246260365006));
#9739=CARTESIAN_POINT('',(-0.0160103852726932,-0.039997171651125,0.00812239237302492));
#9740=CARTESIAN_POINT('',(-0.0163878890243721,-0.039997171651125,0.00812239237302492));
#9741=CARTESIAN_POINT('',(-0.0150255011831175,-0.039997171651125,0.00824260306490033));
#9742=CARTESIAN_POINT('',(-0.0163878890243721,-0.039997171651125,0.00812239237302492));
#9743=CARTESIAN_POINT('',(-0.0144856075494315,-0.039997171651125,0.00774383414159275));
#9744=CARTESIAN_POINT('',(-0.0139457139157455,-0.039997171651125,0.00724506521828517));
#9745=CARTESIAN_POINT('',(-0.014472953792392,-0.039997171651125,0.00654278170259204));
#9746=CARTESIAN_POINT('',(-0.01435063414101,-0.039997171651125,0.00674524181522429));
#9747=CARTESIAN_POINT('',(-0.0140933410812066,-0.039997171651125,0.00707002157923853));
#9748=CARTESIAN_POINT('',(-0.0139457139157455,-0.039997171651125,0.00724506521828517));
#9749=CARTESIAN_POINT('',(-0.014472953792392,-0.039997171651125,0.00654278170259204));
#9750=CARTESIAN_POINT('',(-0.0177249693515476,-0.039997171651125,0.00284366672804027));
#9751=CARTESIAN_POINT('',(-0.0163878890243721,-0.039997171651125,0.00378848058699078));
#9752=CARTESIAN_POINT('',(-0.0151056416443679,-0.039997171651125,0.00549041090880565));
#9753=CARTESIAN_POINT('',(-0.014472953792392,-0.039997171651125,0.00654278170259204));
#9754=CARTESIAN_POINT('',(-0.0177249693515476,-0.039997171651125,0.00284366672804027));
#9755=CARTESIAN_POINT('',(-0.0184198715089677,-0.039997171651125,0.00340464995679213));
#9756=CARTESIAN_POINT('',(-0.0191147736663878,-0.039997171651125,0.00396563318554399));
#9757=CARTESIAN_POINT('',(-0.016632528327136,-0.039997171651125,0.00647529499838129));
#9758=CARTESIAN_POINT('',(-0.0169826156052294,-0.039997171651125,0.0058130817133133));
#9759=CARTESIAN_POINT('',(-0.0180349863990158,-0.039997171651125,0.0046257375111054));
#9760=CARTESIAN_POINT('',(-0.0191147736663878,-0.039997171651125,0.00396563318554399));
#9761=CARTESIAN_POINT('',(-0.016632528327136,-0.039997171651125,0.00647529499838129));
#9762=CARTESIAN_POINT('',(-0.0201481638246148,-0.039997171651125,0.00647529499838129));
#9763=CARTESIAN_POINT('',(-0.0236637993220936,-0.039997171651125,0.00647529499838129));
#9764=CARTESIAN_POINT('',(-0.0253108966967373,-0.039997171651125,0.00638039182058492));
#9765=CARTESIAN_POINT('',(-0.0246760998852549,-0.039997171651125,0.00643522476775615));
#9766=CARTESIAN_POINT('',(-0.0242311094293653,-0.039997171651125,0.00647529499838129));
#9767=CARTESIAN_POINT('',(-0.0236637993220936,-0.039997171651125,0.00647529499838129));
#9768=CARTESIAN_POINT('',(-0.0253108966967373,-0.039997171651125,0.00638039182058492));
#9769=CARTESIAN_POINT('',(-0.0253108966967373,-0.039997171651125,0.00731887880101567));
#9770=CARTESIAN_POINT('',(-0.0253108966967373,-0.039997171651125,0.00825736578144642));
#9771=CARTESIAN_POINT('',(-0.0236247796864077,-0.039997171651125,0.0186676235947719));
#9772=CARTESIAN_POINT('',(-0.0236638000292998,-0.039997171651125,0.00812220124740802));
#9773=CARTESIAN_POINT('',(-0.0200258441732329,-0.039997171651125,0.00812239237302492));
#9774=CARTESIAN_POINT('',(-0.0120961564284697,-0.039997171651125,0.00223628639014351));
#9775=CARTESIAN_POINT('',(-0.0115963330254088,-0.039997171651125,0.00227846558027523));
#9776=CARTESIAN_POINT('',(-0.01069369835659,-0.039997171651125,0.00230377309435426));
#9777=CARTESIAN_POINT('',(-0.00992392813668612,-0.039997171651125,0.00230377309435426));
#9778=CARTESIAN_POINT('',(-0.0120961564284697,-0.039997171651125,0.00223628639014351));
#9779=CARTESIAN_POINT('',(-0.00992392813668612,-0.039997171651125,0.00230377309435426));
#9780=CARTESIAN_POINT('',(-0.0120961564284697,-0.039997171651125,0.00329603854220295));
#9781=CARTESIAN_POINT('',(-0.0120961564284697,-0.039997171651125,0.0043557906942624));
#9782=CARTESIAN_POINT('',(-0.00992392813668612,-0.039997171651125,0.00427565023301213));
#9783=CARTESIAN_POINT('',(-0.0106262116523792,-0.039997171651125,0.00427565023301213));
#9784=CARTESIAN_POINT('',(-0.0116110957419549,-0.039997171651125,0.00431572046363727));
#9785=CARTESIAN_POINT('',(-0.0120961564284697,-0.039997171651125,0.0043557906942624));
#9786=CARTESIAN_POINT('',(-0.00992392813668612,-0.039997171651125,0.00427565023301213));
#9787=CARTESIAN_POINT('',(-0.00629968122461814,-0.039997171651125,0.00427565023301213));
#9788=CARTESIAN_POINT('',(-0.00267543431255017,-0.039997171651125,0.00427565023301213));
#9789=CARTESIAN_POINT('',(-0.00109582364211728,-0.039997171651125,0.0043557906942624));
#9790=CARTESIAN_POINT('',(-0.00144801987971714,-0.039997171651125,0.00432837422067679));
#9791=CARTESIAN_POINT('',(-0.00205540021761389,-0.039997171651125,0.00427565023301213));
#9792=CARTESIAN_POINT('',(-0.00267543431255017,-0.039997171651125,0.00427565023301213));
#9793=CARTESIAN_POINT('',(-0.00109582364211728,-0.039997171651125,0.0043557906942624));
#9794=CARTESIAN_POINT('',(-0.00109582364211728,-0.039997171651125,0.00329603854220295));
#9795=CARTESIAN_POINT('',(-0.00109582364211728,-0.039997171651125,0.00223628639014351));
#9796=CARTESIAN_POINT('',(-0.00267543431255017,-0.039997171651125,0.00230377309435426));
#9797=CARTESIAN_POINT('',(-0.00210812420527854,-0.039997171651125,0.00230377309435426));
#9798=CARTESIAN_POINT('',(-0.00142060340613152,-0.039997171651125,0.00225104910668961));
#9799=CARTESIAN_POINT('',(-0.00109582364211728,-0.039997171651125,0.00223628639014351));
#9800=CARTESIAN_POINT('',(-0.00267543431255017,-0.039997171651125,0.00230377309435426));
#9801=CARTESIAN_POINT('',(-0.00629968122461814,-0.039997171651125,0.00230377309435426));
#9802=CARTESIAN_POINT('',(0.0111593400506537,-0.039997171651125,0.0052879507961734));
#9803=CARTESIAN_POINT('',(0.010969533695061,-0.039997171651125,0.00520570137541655));
#9804=CARTESIAN_POINT('',(0.0106067926599282,-0.039997171651125,0.0051529773877519));
#9805=CARTESIAN_POINT('',(0.0101744559610781,-0.039997171651125,0.0051529773877519));
#9806=CARTESIAN_POINT('',(0.0111593400506537,-0.039997171651125,0.0052879507961734));
#9807=CARTESIAN_POINT('',(0.0101744559610781,-0.039997171651125,0.0051529773877519));
#9808=CARTESIAN_POINT('',(0.0117603935100307,-0.039997171651125,0.00491677392301427));
#9809=CARTESIAN_POINT('',(0.0123612046177175,-0.039997171651125,0.00454574671265333));
#9810=CARTESIAN_POINT('',(0.01693995222583,-0.039997171651125,0.00212821949451781));
#9811=CARTESIAN_POINT('',(0.0121041539096042,-0.039997171651125,0.00397828694258351));
#9812=CARTESIAN_POINT('',(0.0101069692568673,-0.039997171651125,0.000239101737406607));
#9813=CARTESIAN_POINT('',(0.0111192698200286,-0.039997171651125,0.00135895923540375));
#9814=CARTESIAN_POINT('',(0.0116992336843397,-0.039997171651125,0.00266862308899363));
#9815=CARTESIAN_POINT('',(0.0121041539096042,-0.039997171651125,0.00397828694258351));
#9816=CARTESIAN_POINT('',(0.0101069692568673,-0.039997171651125,0.000239101737406607));
#9817=CARTESIAN_POINT('',(0.00528799678431842,-0.039997171651125,-0.0026754803006952));
#9818=CARTESIAN_POINT('',(0.00701523462021232,-0.039997171651125,-0.00219041961418042));
#9819=CARTESIAN_POINT('',(0.00874247245610623,-0.039997171651125,-0.00127302222881553));
#9820=CARTESIAN_POINT('',(0.0101069692568673,-0.039997171651125,0.000239101737406607));
#9821=CARTESIAN_POINT('',(0.00528799678431842,-0.039997171651125,-0.0026754803006952));
#9822=CARTESIAN_POINT('',(0.00461312974221091,-0.039997171651125,-0.00191309143906436));
#9823=CARTESIAN_POINT('',(0.00393826270010341,-0.039997171651125,-0.00115070257743354));
#9824=CARTESIAN_POINT('',(0.00862226176423083,-0.039997171651125,0.00121133206994273));
#9825=CARTESIAN_POINT('',(0.00759519848452346,-0.039997171651125,0.00015896127615634));
#9826=CARTESIAN_POINT('',(0.00597551758346545,-0.039997171651125,-0.000733128595129522));
#9827=CARTESIAN_POINT('',(0.00393826270010341,-0.039997171651125,-0.00115070257743354));
#9828=CARTESIAN_POINT('',(0.00862226176423083,-0.039997171651125,0.00121133206994273));
#9829=CARTESIAN_POINT('',(0.010012066079071,-0.039997171651125,0.00354595024373339));
#9830=CARTESIAN_POINT('',(0.00976953573581359,-0.039997171651125,0.00279094274037562));
#9831=CARTESIAN_POINT('',(0.00934985279400298,-0.039997171651125,0.00195368581626099));
#9832=CARTESIAN_POINT('',(0.00862226176423083,-0.039997171651125,0.00121133206994273));
#9833=CARTESIAN_POINT('',(0.010012066079071,-0.039997171651125,0.00354595024373339));
#9834=CARTESIAN_POINT('',(0.00675266916164237,-0.039997171651125,0.00354595024373339));
#9835=CARTESIAN_POINT('',(0.00349327206003962,-0.039997171651125,0.00354575856841936));
#9836=CARTESIAN_POINT('',(0.0034757960775732,-0.039997171651125,-0.0146419966441432));
#9837=CARTESIAN_POINT('',(0.0019263153308204,-0.039997171651125,0.00347945148343259));
#9838=CARTESIAN_POINT('',(0.0019263153308204,-0.039997171651125,0.0043557906942624));
#9839=CARTESIAN_POINT('',(0.0019263153308204,-0.039997171651125,0.00523311784900216));
#9840=CARTESIAN_POINT('',(0.00365505728833268,-0.039997171651125,0.0234257811510119));
#9841=CARTESIAN_POINT('',(0.00349326902511333,-0.039997171651125,0.00515261380661291));
#9842=CARTESIAN_POINT('',(0.00683386410264593,-0.039997171651125,0.0051529773877519));
#9843=CARTESIAN_POINT('',(0.00451392611773141,-0.039997171651125,-0.0165583653650007));
#9844=CARTESIAN_POINT('',(0.00316849248019952,-0.039997171651125,0.00671870144870556));
#9845=CARTESIAN_POINT('',(0.0045730589816028,-0.039997171651125,0.00675768660029892));
#9846=CARTESIAN_POINT('',(0.00316849248019952,-0.039997171651125,0.00758882561785868));
#9847=CARTESIAN_POINT('',(0.00316849248019952,-0.039997171651125,0.00845982589407868));
#9848=CARTESIAN_POINT('',(0.00457305951158578,-0.039997171651125,0.00839233918986793));
#9849=CARTESIAN_POINT('',(0.00411330633915004,-0.039997171651125,0.00839233918986793));
#9850=CARTESIAN_POINT('',(0.00354599623187841,-0.039997171651125,0.00840499294690745));
#9851=CARTESIAN_POINT('',(0.00316849248019952,-0.039997171651125,0.00845982589407868));
#9852=CARTESIAN_POINT('',(0.00457305951158578,-0.039997171651125,0.00839233918986793));
#9853=CARTESIAN_POINT('',(0.00717129762369969,-0.039997171651125,0.00839233918986793));
#9854=CARTESIAN_POINT('',(0.00976953573581359,-0.039997171651125,0.00839233918986793));
#9855=CARTESIAN_POINT('',(0.0112268267548645,-0.039997171651125,0.00845982589407868));
#9856=CARTESIAN_POINT('',(0.0108493230031856,-0.039997171651125,0.00840499294690745));
#9857=CARTESIAN_POINT('',(0.0101871097181176,-0.039997171651125,0.00839233918986793));
#9858=CARTESIAN_POINT('',(0.00976953573581359,-0.039997171651125,0.00839233918986793));
#9859=CARTESIAN_POINT('',(0.0112268267548645,-0.039997171651125,0.00845982589407868));
#9860=CARTESIAN_POINT('',(0.0112268267548645,-0.039997171651125,0.00758882561785868));
#9861=CARTESIAN_POINT('',(0.0112268267548645,-0.039997171651125,0.00671782534163868));
#9862=CARTESIAN_POINT('',(0.00974211926222797,-0.039997171651125,0.00675789557226381));
#9863=CARTESIAN_POINT('',(0.0102271799487427,-0.039997171651125,0.00675789557226381));
#9864=CARTESIAN_POINT('',(0.0108619767602251,-0.039997171651125,0.0067452418152243));
#9865=CARTESIAN_POINT('',(0.0112268267548645,-0.039997171651125,0.00671782534163868));
#9866=CARTESIAN_POINT('',(0.00974211926222797,-0.039997171651125,0.00675789557226381));
#9867=CARTESIAN_POINT('',(0.00715758938690688,-0.039997171651125,0.00675789557226381));
#9868=CARTESIAN_POINT('',(0.0249814606568182,-0.039997171651125,0.00743276261437132));
#9869=CARTESIAN_POINT('',(0.0247241675970147,-0.039997171651125,0.0079325860174322));
#9870=CARTESIAN_POINT('',(0.0242517606675394,-0.039997171651125,0.00879725941513244));
#9871=CARTESIAN_POINT('',(0.0239143271464856,-0.039997171651125,0.00928232010164721));
#9872=CARTESIAN_POINT('',(0.0249814606568182,-0.039997171651125,0.00743276261437132));
#9873=CARTESIAN_POINT('',(0.0239143271464856,-0.039997171651125,0.00928232010164721));
#9874=CARTESIAN_POINT('',(0.0244415670231321,-0.039997171651125,0.00720394050790675));
#9875=CARTESIAN_POINT('',(0.0239016733894461,-0.039997171651125,0.00697511840144217));
#9876=CARTESIAN_POINT('',(0.0228471936361531,-0.039997171651125,0.00884998340279709));
#9877=CARTESIAN_POINT('',(0.0232120436307925,-0.039997171651125,0.00832485248565718));
#9878=CARTESIAN_POINT('',(0.023616963856057,-0.039997171651125,0.00752766579216769));
#9879=CARTESIAN_POINT('',(0.0239016733894461,-0.039997171651125,0.00697511840144217));
#9880=CARTESIAN_POINT('',(0.0228471936361531,-0.039997171651125,0.00884998340279709));
#9881=CARTESIAN_POINT('',(0.0233807603913194,-0.039997171651125,0.00906615175222215));
#9882=CARTESIAN_POINT('',(0.0209723286347982,-0.039997171651125,0.00720394050790675));
#9883=CARTESIAN_POINT('',(0.0209723286347982,-0.039997171651125,0.00669040886805306));
#9884=CARTESIAN_POINT('',(0.0209723286347982,-0.039997171651125,0.00771747214776043));
#9885=CARTESIAN_POINT('',(0.0221533459584864,-0.039997171651125,0.00669040886805306));
#9886=CARTESIAN_POINT('',(0.0233343632821745,-0.039997171651125,0.00669040886805306));
#9887=CARTESIAN_POINT('',(0.0244542207801717,-0.039997171651125,0.00682538227647457));
#9888=CARTESIAN_POINT('',(0.0242116904369142,-0.039997171651125,0.0067452418152243));
#9889=CARTESIAN_POINT('',(0.0238869106729,-0.039997171651125,0.00669040886805306));
#9890=CARTESIAN_POINT('',(0.0233343632821745,-0.039997171651125,0.00669040886805306));
#9891=CARTESIAN_POINT('',(0.0244542207801717,-0.039997171651125,0.00682538227647457));
#9892=CARTESIAN_POINT('',(0.0250341846444828,-0.039997171651125,0.00646791364010825));
#9893=CARTESIAN_POINT('',(0.0256141485087939,-0.039997171651125,0.00611044500374193));
#9894=CARTESIAN_POINT('',(0.025358964408497,-0.039997171651125,0.00504542045291602));
#9895=CARTESIAN_POINT('',(0.0254116883961617,-0.039997171651125,0.00530060455321292));
#9896=CARTESIAN_POINT('',(0.0255213542905041,-0.039997171651125,0.00581308171331331));
#9897=CARTESIAN_POINT('',(0.0256141485087939,-0.039997171651125,0.00611044500374193));
#9898=CARTESIAN_POINT('',(0.025358964408497,-0.039997171651125,0.00504542045291602));
#9899=CARTESIAN_POINT('',(0.0240893707855323,-0.039997171651125,0.00121133206994274));
#9900=CARTESIAN_POINT('',(0.0247642378276398,-0.039997171651125,0.00243874650277577));
#9901=CARTESIAN_POINT('',(0.0251164340652397,-0.039997171651125,0.00374841035636565));
#9902=CARTESIAN_POINT('',(0.025358964408497,-0.039997171651125,0.00504542045291602));
#9903=CARTESIAN_POINT('',(0.0240893707855323,-0.039997171651125,0.00121133206994274));
#9904=CARTESIAN_POINT('',(0.0185828775138363,-0.039997171651125,-0.00283787018270231));
#9905=CARTESIAN_POINT('',(0.0209849823918377,-0.039997171651125,-0.00220307337121994));
#9906=CARTESIAN_POINT('',(0.0230243462347063,-0.039997171651125,-0.000773198825754652));
#9907=CARTESIAN_POINT('',(0.0240893707855323,-0.039997171651125,0.00121133206994274));
#9908=CARTESIAN_POINT('',(0.0185828775138363,-0.039997171651125,-0.00283787018270231));
#9909=CARTESIAN_POINT('',(0.0178805939981432,-0.039997171651125,-0.0020280297321733));
#9910=CARTESIAN_POINT('',(0.0171783104824501,-0.039997171651125,-0.00121818928164429));
#9911=CARTESIAN_POINT('',(0.0190953546739367,-0.039997171651125,-0.000678295647958284));
#9912=CARTESIAN_POINT('',(0.0185280445666651,-0.039997171651125,-0.000908172234176154));
#9913=CARTESIAN_POINT('',(0.0177856908203468,-0.039997171651125,-0.00111063234680841));
#9914=CARTESIAN_POINT('',(0.0171783104824501,-0.039997171651125,-0.00121818928164429));
#9915=CARTESIAN_POINT('',(0.0190953546739367,-0.039997171651125,-0.000678295647958284));
#9916=CARTESIAN_POINT('',(0.0221596728370061,-0.039997171651125,0.00161625229520724));
#9917=CARTESIAN_POINT('',(0.0213899026171023,-0.039997171651125,0.000523811270795714));
#9918=CARTESIAN_POINT('',(0.0202025584148944,-0.039997171651125,-0.000260721665654264));
#9919=CARTESIAN_POINT('',(0.0190953546739367,-0.039997171651125,-0.000678295647958284));
#9920=CARTESIAN_POINT('',(0.0221596728370061,-0.039997171651125,0.00161625229520724));
#9921=CARTESIAN_POINT('',(0.023347017039214,-0.039997171651125,0.00509814444058067));
#9922=CARTESIAN_POINT('',(0.0231846271572069,-0.039997171651125,0.00388338376478715));
#9923=CARTESIAN_POINT('',(0.0228345398791136,-0.039997171651125,0.00261589910132899));
#9924=CARTESIAN_POINT('',(0.0221596728370061,-0.039997171651125,0.00161625229520724));
#9925=CARTESIAN_POINT('',(0.023347017039214,-0.039997171651125,0.00509814444058067));
#9926=CARTESIAN_POINT('',(0.0200000983022621,-0.039997171651125,0.00509814444058066));
#9927=CARTESIAN_POINT('',(0.0166531795653101,-0.039997171651125,0.00509814444058066));
#9928=CARTESIAN_POINT('',(0.0166531795653101,-0.039997171651125,0.00410587899273197));
#9929=CARTESIAN_POINT('',(0.0166531795653101,-0.039997171651125,0.00311361354488328));
#9930=CARTESIAN_POINT('',(0.0167059035529748,-0.039997171651125,0.00211607569826812));
#9931=CARTESIAN_POINT('',(0.0166658333223497,-0.039997171651125,0.00238602251511112));
#9932=CARTESIAN_POINT('',(0.0166531795653101,-0.039997171651125,0.00281835921396124));
#9933=CARTESIAN_POINT('',(0.0166531795653101,-0.039997171651125,0.00311361354488328));
#9934=CARTESIAN_POINT('',(0.0167059035529748,-0.039997171651125,0.00211607569826812));
#9935=CARTESIAN_POINT('',(0.0157747979308171,-0.039997171651125,0.00211607569826812));
#9936=CARTESIAN_POINT('',(0.0148436923086594,-0.039997171651125,0.00211607569826812));
#9937=CARTESIAN_POINT('',(0.0148985252558306,-0.039997171651125,0.00324858695330477));
#9938=CARTESIAN_POINT('',(0.0148985252558306,-0.039997171651125,0.00288584591817199));
#9939=CARTESIAN_POINT('',(0.0148837625392845,-0.039997171651125,0.00245350921932187));
#9940=CARTESIAN_POINT('',(0.0148436923086594,-0.039997171651125,0.00211607569826812));
#9941=CARTESIAN_POINT('',(0.0148985252558306,-0.039997171651125,0.00324858695330477));
#9942=CARTESIAN_POINT('',(0.0148985252558306,-0.039997171651125,0.00442327739847316));
#9943=CARTESIAN_POINT('',(0.0148985252558306,-0.039997171651125,0.00559796784364154));
#9944=CARTESIAN_POINT('',(0.0148436923086594,-0.039997171651125,0.0067452418152243));
#9945=CARTESIAN_POINT('',(0.0148985252558306,-0.039997171651125,0.00642046205121006));
#9946=CARTESIAN_POINT('',(0.0148985252558306,-0.039997171651125,0.00589533113407016));
#9947=CARTESIAN_POINT('',(0.0148985252558306,-0.039997171651125,0.00559796784364154));
#9948=CARTESIAN_POINT('',(0.0148436923086594,-0.039997171651125,0.0067452418152243));
#9949=CARTESIAN_POINT('',(0.0161184270174652,-0.039997171651125,0.0216952617795584));
#9950=CARTESIAN_POINT('',(0.0162208407974007,-0.039997171651125,0.00669071200405682));
#9951=CARTESIAN_POINT('',(0.0176580987701984,-0.039997171651125,0.00669040886805306));
#9952=CARTESIAN_POINT('',(0.0190953546739367,-0.039997171651125,0.00669040886805306));
#9953=CARTESIAN_POINT('',(0.0190953546739367,-0.039997171651125,0.00720394050790675));
#9954=CARTESIAN_POINT('',(0.0190953546739367,-0.039997171651125,0.00771747214776043));
#9955=CARTESIAN_POINT('',(0.0190004514961403,-0.039997171651125,0.00895964929713956));
#9956=CARTESIAN_POINT('',(0.0190827009168972,-0.039997171651125,0.00837757647332183));
#9957=CARTESIAN_POINT('',(0.0190953546739367,-0.039997171651125,0.00810762965647883));
#9958=CARTESIAN_POINT('',(0.0190953546739367,-0.039997171651125,0.00771747214776043));
#9959=CARTESIAN_POINT('',(0.0190004514961403,-0.039997171651125,0.00895964929713956));
#9960=CARTESIAN_POINT('',(0.0200401685328872,-0.039997171651125,0.00895964929713956));
#9961=CARTESIAN_POINT('',(0.0210798855696341,-0.039997171651125,0.00895964929713956));
#9962=CARTESIAN_POINT('',(0.0209723286347982,-0.039997171651125,0.00771747214776043));
#9963=CARTESIAN_POINT('',(0.0209723286347982,-0.039997171651125,0.00810762965647883));
#9964=CARTESIAN_POINT('',(0.0209997451083839,-0.039997171651125,0.00837757647332183));
#9965=CARTESIAN_POINT('',(0.0210798855696341,-0.039997171651125,0.00895964929713956));
#9966=CARTESIAN_POINT('',(0.024549123957968,-0.039997171651125,0.00933715304881844));
#9967=CARTESIAN_POINT('',(0.0249139739526074,-0.039997171651125,0.00883732964575757));
#9968=CARTESIAN_POINT('',(0.0253442016919509,-0.039997171651125,0.00804014295226808));
#9969=CARTESIAN_POINT('',(0.02562891122534,-0.039997171651125,0.00748759556154256));
#9970=CARTESIAN_POINT('',(0.024549123957968,-0.039997171651125,0.00933715304881844));
#9971=CARTESIAN_POINT('',(0.02562891122534,-0.039997171651125,0.00748759556154256));
#9972=CARTESIAN_POINT('',(0.025081636233381,-0.039997171651125,0.00955964827676326));
#9973=CARTESIAN_POINT('',(0.0256141485087939,-0.039997171651125,0.00978214350470808));
#9974=CARTESIAN_POINT('',(0.0266939357761659,-0.039997171651125,0.0079473487339783));
#9975=CARTESIAN_POINT('',(0.0264661681494546,-0.039997171651125,0.00841975566345355));
#9976=CARTESIAN_POINT('',(0.0259663447463938,-0.039997171651125,0.0092696663446077));
#9977=CARTESIAN_POINT('',(0.0256141485087939,-0.039997171651125,0.00978214350470808));
#9978=CARTESIAN_POINT('',(0.0266939357761659,-0.039997171651125,0.0079473487339783));
#9979=CARTESIAN_POINT('',(0.026161423500753,-0.039997171651125,0.00771747214776043));
#9980=CARTESIAN_POINT('',(-0.000366441750526435,-0.038197171651125,-0.0261));
#9981=CARTESIAN_POINT('',(0.0367086168527603,-0.038197171651125,-0.0261));
#9982=CARTESIAN_POINT('',(0.0367086168527603,-0.038197171651125,-0.0261));
#9983=CARTESIAN_POINT('',(0.0367086168527603,-0.038197171651125,0.0116));
#9984=CARTESIAN_POINT('',(-0.000366441750526435,-0.038197171651125,-0.0261));
#9985=CARTESIAN_POINT('',(-0.0374413831472397,-0.038197171651125,-0.0261));
#9986=CARTESIAN_POINT('',(-0.0374413831472397,-0.038197171651125,-0.0261));
#9987=CARTESIAN_POINT('',(-0.0374413831472397,-0.038197171651125,0.0116));
#9988=CARTESIAN_POINT('',(-0.000366441750526435,-0.038197171651125,0.0116));
#9989=CARTESIAN_POINT('',(-0.000366441750526435,-0.038197171651125,-0.00533095393419238));
#9990=CARTESIAN_POINT('',(-0.0301313831472397,-0.038197171651125,-0.00533095393419238));
#9991=CARTESIAN_POINT('',(0.0329686168527603,-0.038197171651125,-0.00533095393419238));
#9992=CARTESIAN_POINT('',(-0.0301313831472397,-0.038197171651125,-0.0261));
#9993=CARTESIAN_POINT('',(-0.0301313831472397,-0.038197171651125,-0.0238309539341924));
#9994=CARTESIAN_POINT('',(-0.000366441750526435,-0.038197171651125,-0.0238309539341924));
#9995=CARTESIAN_POINT('',(0.0329686168527603,-0.038197171651125,-0.0238309539341924));
#9996=CARTESIAN_POINT('',(0.0329686168527603,-0.038197171651125,-0.0261));
#9997=CARTESIAN_POINT('',(0.0451335582494736,-0.010828666085685,-0.0261));
#9998=CARTESIAN_POINT('',(0.0451335582494736,-0.0330798192058311,-0.0261));
#9999=CARTESIAN_POINT('',(0.0451335582494736,-0.0330798192058311,-0.0261));
#10000=CARTESIAN_POINT('',(0.0451335581633598,-0.0330798192058311,0.));
#10001=CARTESIAN_POINT('',(0.0451335581633598,-0.0296298192058311,0.));
#10002=CARTESIAN_POINT('',(0.0451335581633598,-0.0261798192058311,0.));
#10003=CARTESIAN_POINT('',(0.0451335581633598,-0.0261798192058311,0.006));
#10004=CARTESIAN_POINT('',(0.0451335581633598,-0.0261798192058311,0.006));
#10005=CARTESIAN_POINT('',(0.0451335581633598,-0.0296298192058311,0.006));
#10006=CARTESIAN_POINT('',(0.0451335581633598,-0.0330798192058311,0.006));
#10007=CARTESIAN_POINT('',(0.0451335582494736,-0.0330798192058311,-0.0261));
#10008=CARTESIAN_POINT('',(0.0451335582494736,-0.0330798192058311,0.0116));
#10009=CARTESIAN_POINT('',(0.0451335582494736,-0.010828666085685,0.0116));
#10010=CARTESIAN_POINT('',(0.0451335582494736,0.016539839479755,0.0116));
#10011=CARTESIAN_POINT('',(0.0451335582494736,0.016539839479755,-0.0261));
#10012=CARTESIAN_POINT('',(0.0451335582064167,0.0165397761968574,0.006));
#10013=CARTESIAN_POINT('',(0.0451335581633598,0.0117798835711668,0.006));
#10014=CARTESIAN_POINT('',(0.0451335581633598,0.00702005422837379,0.006));
#10015=CARTESIAN_POINT('',(0.0451335581633598,0.00702005422837379,0.006));
#10016=CARTESIAN_POINT('',(0.0451335581633598,0.00702005422837379,0.));
#10017=CARTESIAN_POINT('',(0.0451335581633598,0.0117798835711668,0.));
#10018=CARTESIAN_POINT('',(0.0451335582064167,0.0165397761968574,0.));
#10019=CARTESIAN_POINT('',(0.0451335582494736,0.016539839479755,-0.0261));
#10020=CARTESIAN_POINT('',(0.0451335582494736,0.016539839479755,-0.0261));
#10021=CARTESIAN_POINT('',(0.0451335582494736,-0.010828666085685,-0.0261));
#10022=CARTESIAN_POINT('',(0.0451335582494736,0.00269,-0.0261));
#10023=CARTESIAN_POINT('',(0.0451335582494736,0.00269,-0.0119146954180634));
#10024=CARTESIAN_POINT('',(0.0451335582494736,0.00269,-0.00296323088091255));
#10025=CARTESIAN_POINT('',(0.0451335582494736,-0.010828666085685,-0.00296323088091254));
#10026=CARTESIAN_POINT('',(0.0451335582494736,0.00169,-0.00296323088091255));
#10027=CARTESIAN_POINT('',(0.0451335582494736,0.00169,-0.0261));
#10028=CARTESIAN_POINT('',(0.0451335582494736,0.00169,-0.0119146954180634));
#10029=CARTESIAN_POINT('',(0.0451335582494736,-0.010828666085685,-0.0119146954180634));
#10030=CARTESIAN_POINT('',(0.0451335582494736,0.001,-0.0261));
#10031=CARTESIAN_POINT('',(0.0451335582494736,0.001,-0.0119146954180634));
#10032=CARTESIAN_POINT('',(0.0451335582494736,0.001,-0.00296323088091255));
#10033=CARTESIAN_POINT('',(0.0451335582494736,-0.010828666085685,-0.00296323088091254));
#10034=CARTESIAN_POINT('',(0.0451335582494736,1.07390804929282E-17,-0.00296323088091255));
#10035=CARTESIAN_POINT('',(0.0451335582494736,1.04083408558608E-17,-0.0261));
#10036=CARTESIAN_POINT('',(0.0451335582494736,1.07390804929282E-17,-0.0119146954180634));
#10037=CARTESIAN_POINT('',(0.0451335582494736,-0.010828666085685,-0.0119146954180634));
#10038=CARTESIAN_POINT('',(0.0451335582494736,-0.000679120346531273,-0.0261));
#10039=CARTESIAN_POINT('',(0.0451335582494736,-0.000679120346531272,-0.0119146954180634));
#10040=CARTESIAN_POINT('',(0.0451335582494736,-0.000679120346531273,-0.00295894796122253));
#10041=CARTESIAN_POINT('',(0.0451335582494736,-0.010828666085685,-0.00295894796122253));
#10042=CARTESIAN_POINT('',(0.0451335582494736,-0.00167912034653127,-0.00295894796122253));
#10043=CARTESIAN_POINT('',(0.0451335582494736,-0.00167912034653127,-0.0261));
#10044=CARTESIAN_POINT('',(0.0451335582494736,-0.00167912034653127,-0.0119146954180634));
#10045=CARTESIAN_POINT('',(0.0451335582494736,-0.010828666085685,-0.0119146954180634));
#10046=CARTESIAN_POINT('',(0.0451335582494736,-0.00227912034653127,-0.0261));
#10047=CARTESIAN_POINT('',(0.0451335582494736,-0.00227912034653127,-0.0119096612835264));
#10048=CARTESIAN_POINT('',(0.0451335582494736,-0.00227912034653127,-0.00295819674637556));
#10049=CARTESIAN_POINT('',(0.0451335582494736,-0.010828666085685,-0.00295819674637556));
#10050=CARTESIAN_POINT('',(0.0451335582494736,-0.00327912034653127,-0.00295819674637556));
#10051=CARTESIAN_POINT('',(0.0451335582494736,-0.00327912034653127,-0.0261));
#10052=CARTESIAN_POINT('',(0.0451335582494736,-0.00327912034653127,-0.0119096612835264));
#10053=CARTESIAN_POINT('',(0.0451335582494736,-0.010828666085685,-0.0119096612835264));
#10054=CARTESIAN_POINT('',(0.0469335582494736,-0.010828666085685,-0.0261));
#10055=CARTESIAN_POINT('',(0.0469335582494736,-0.00117912034653127,-0.00295894796122253));
#10056=CARTESIAN_POINT('',(0.0469335582494736,-0.00167912034653127,-0.00295894796122253));
#10057=CARTESIAN_POINT('',(0.0469335582494736,-0.000679120346531272,-0.00295894796122253));
#10058=CARTESIAN_POINT('',(0.0469335582494736,-0.000679120346531272,-0.00743682168964297));
#10059=CARTESIAN_POINT('',(0.0469335582494736,-0.000679120346531273,-0.0119146954180634));
#10060=CARTESIAN_POINT('',(0.0469335582494736,-0.00117912034653127,-0.0119146954180634));
#10061=CARTESIAN_POINT('',(0.0469335582494736,-0.00167912034653127,-0.0119146954180634));
#10062=CARTESIAN_POINT('',(0.0469335582494736,-0.00167912034653127,-0.00743682168964297));
#10063=CARTESIAN_POINT('',(0.0469335582494736,0.00219,-0.00296323088091255));
#10064=CARTESIAN_POINT('',(0.0469335582494736,0.00169,-0.00296323088091255));
#10065=CARTESIAN_POINT('',(0.0469335582494736,0.00269,-0.00296323088091255));
#10066=CARTESIAN_POINT('',(0.0469335582494736,0.00269,-0.00743896314948797));
#10067=CARTESIAN_POINT('',(0.0469335582494736,0.00269,-0.0119146954180634));
#10068=CARTESIAN_POINT('',(0.0469335582494736,0.00219,-0.0119146954180634));
#10069=CARTESIAN_POINT('',(0.0469335582494736,0.00169,-0.0119146954180634));
#10070=CARTESIAN_POINT('',(0.0469335582494736,0.00169,-0.00743896314948797));
#10071=CARTESIAN_POINT('',(0.0469335582494736,-0.010828666085685,0.0116));
#10072=CARTESIAN_POINT('',(0.0469335582494736,0.018339839479755,0.0116));
#10073=CARTESIAN_POINT('',(0.0469335582494736,-0.010828666085685,-0.0279));
#10074=CARTESIAN_POINT('',(0.0469335582494736,0.018339839479755,-0.0279));
#10075=CARTESIAN_POINT('',(0.0469335582494736,0.018339839479755,-0.0261));
#10076=CARTESIAN_POINT('',(0.0469335582494736,0.000500000000000011,-0.00296323088091255));
#10077=CARTESIAN_POINT('',(0.0469335582494736,1.11672823766007E-17,-0.00296323088091255));
#10078=CARTESIAN_POINT('',(0.0469335582494736,0.001,-0.00296323088091255));
#10079=CARTESIAN_POINT('',(0.0469335582494736,0.001,-0.00743896314948797));
#10080=CARTESIAN_POINT('',(0.0469335582494736,0.001,-0.0119146954180634));
#10081=CARTESIAN_POINT('',(0.0469335582494736,0.000500000000000011,-0.0119146954180634));
#10082=CARTESIAN_POINT('',(0.0469335582494736,1.11672823766007E-17,-0.0119146954180634));
#10083=CARTESIAN_POINT('',(0.0469335582494736,1.11650211388207E-17,-0.00743896314948797));
#10084=CARTESIAN_POINT('',(0.0469335582494736,-0.00277912034653127,-0.00295819674637556));
#10085=CARTESIAN_POINT('',(0.0469335582494736,-0.00327912034653127,-0.00295819674637556));
#10086=CARTESIAN_POINT('',(0.0469335582494736,-0.00227912034653127,-0.00295819674637556));
#10087=CARTESIAN_POINT('',(0.0469335582494736,-0.00227912034653127,-0.00743392901495099));
#10088=CARTESIAN_POINT('',(0.0469335582494736,-0.00227912034653127,-0.0119096612835264));
#10089=CARTESIAN_POINT('',(0.0469335582494736,-0.00277912034653127,-0.0119096612835264));
#10090=CARTESIAN_POINT('',(0.0469335582494736,-0.00327912034653127,-0.0119096612835264));
#10091=CARTESIAN_POINT('',(0.0469335582494736,-0.00327912034653127,-0.00743392901495099));
#10092=CARTESIAN_POINT('',(-0.000366441750526435,0.018339839479755,-0.0261));
#10093=CARTESIAN_POINT('',(-0.000366441750526435,0.018339839479755,0.0116));
#10094=CARTESIAN_POINT('',(-0.0476664417505264,0.0183398394797549,0.0116));
#10095=CARTESIAN_POINT('',(-0.000366441750526435,0.018339839479755,-0.0279));
#10096=CARTESIAN_POINT('',(-0.0476664417505264,0.0183398394797549,-0.0279));
#10097=CARTESIAN_POINT('',(-0.0476664417505264,0.0183398394797549,-0.0261));
#10098=CARTESIAN_POINT('',(0.00036495820488555,0.018339839479755,-0.00160709719272526));
#10099=CARTESIAN_POINT('',(0.00683495820488555,0.018339839479755,-0.00160709719272526));
#10100=CARTESIAN_POINT('',(-0.00610504179511445,0.018339839479755,-0.00160709719272526));
#10101=CARTESIAN_POINT('',(-0.00610504179511445,0.018339839479755,-0.00482962653980903));
#10102=CARTESIAN_POINT('',(-0.00610504179511445,0.018339839479755,-0.00805215588689281));
#10103=CARTESIAN_POINT('',(0.000364958204885552,0.018339839479755,-0.00805215588689281));
#10104=CARTESIAN_POINT('',(0.00683495820488555,0.018339839479755,-0.00805215588689281));
#10105=CARTESIAN_POINT('',(0.00683495820488555,0.018339839479755,-0.00482962653980903));
#10106=CARTESIAN_POINT('',(-0.000366441750526435,0.016539839479755,-0.0261));
#10107=CARTESIAN_POINT('',(-0.000366441836640238,0.016539839479755,0.));
#10108=CARTESIAN_POINT('',(-0.0458664417935834,0.0165397761968574,0.));
#10109=CARTESIAN_POINT('',(-0.0379664418366403,0.016539839479755,0.));
#10110=CARTESIAN_POINT('',(-0.0458664417505264,0.016539839479755,-0.0261));
#10111=CARTESIAN_POINT('',(-0.0458664417505264,0.016539839479755,-0.0261));
#10112=CARTESIAN_POINT('',(-0.000366441750526435,0.016539839479755,-0.0261));
#10113=CARTESIAN_POINT('',(-0.000366441836640238,0.016539839479755,0.));
#10114=CARTESIAN_POINT('',(0.0372335581633597,0.016539839479755,0.));
#10115=CARTESIAN_POINT('',(0.0372335581633597,0.016539839479755,0.006));
#10116=CARTESIAN_POINT('',(0.0372335581633597,0.016539839479755,0.006));
#10117=CARTESIAN_POINT('',(-0.000366441750526435,0.016539839479755,0.006));
#10118=CARTESIAN_POINT('',(-0.000366441750526435,0.016539839479755,0.0116));
#10119=CARTESIAN_POINT('',(-0.0458664417505264,0.016539839479755,0.0116));
#10120=CARTESIAN_POINT('',(-0.0458664417505264,0.016539839479755,-0.0261));
#10121=CARTESIAN_POINT('',(-0.0458664417935834,0.0165397761968574,0.006));
#10122=CARTESIAN_POINT('',(-0.000366441750526435,0.016539839479755,0.006));
#10123=CARTESIAN_POINT('',(-0.0379664418366403,0.016539839479755,0.006));
#10124=CARTESIAN_POINT('',(-0.0379664418366403,0.016539839479755,-0.0261));
#10125=CARTESIAN_POINT('',(-0.00610504179511445,0.016539839479755,-0.0261));
#10126=CARTESIAN_POINT('',(-0.00610504179511445,0.016539839479755,-0.00805215588689281));
#10127=CARTESIAN_POINT('',(-0.00610504179511445,0.016539839479755,-0.00160709719272526));
#10128=CARTESIAN_POINT('',(-0.000366441750526435,0.016539839479755,-0.00160709719272526));
#10129=CARTESIAN_POINT('',(0.00683495820488555,0.016539839479755,-0.00160709719272526));
#10130=CARTESIAN_POINT('',(0.00683495820488555,0.016539839479755,-0.0261));
#10131=CARTESIAN_POINT('',(0.00683495820488555,0.016539839479755,-0.00805215588689281));
#10132=CARTESIAN_POINT('',(-0.000366441750526435,0.016539839479755,-0.00805215588689281));
#10133=CARTESIAN_POINT('',(-0.0458664417505264,-0.010828666085685,-0.0261));
#10134=CARTESIAN_POINT('',(-0.0458664418366402,0.0117798835711668,0.));
#10135=CARTESIAN_POINT('',(-0.0458664418366402,0.00702005422837379,0.));
#10136=CARTESIAN_POINT('',(-0.0458664418366402,0.00702005422837379,0.006));
#10137=CARTESIAN_POINT('',(-0.0458664418366402,0.00702005422837379,0.006));
#10138=CARTESIAN_POINT('',(-0.0458664418366402,0.0117798835711668,0.006));
#10139=CARTESIAN_POINT('',(-0.0458664417505264,-0.010828666085685,0.0116));
#10140=CARTESIAN_POINT('',(-0.0458664417505264,-0.0328798192058311,0.0116));
#10141=CARTESIAN_POINT('',(-0.0458664417505264,-0.0328798192058311,-0.0261));
#10142=CARTESIAN_POINT('',(-0.0458664417505264,-0.0328798192058311,0.006));
#10143=CARTESIAN_POINT('',(-0.0458664418366402,-0.0294772766083479,0.006));
#10144=CARTESIAN_POINT('',(-0.0458664417505264,-0.0260272766083479,0.006));
#10145=CARTESIAN_POINT('',(-0.0458664418366402,-0.0260272766083479,0.006));
#10146=CARTESIAN_POINT('',(-0.0458664417505264,-0.0260272766083479,0.));
#10147=CARTESIAN_POINT('',(-0.0458664418366402,-0.0294772766083479,0.));
#10148=CARTESIAN_POINT('',(-0.0458664418366402,-0.0328798192058311,0.));
#10149=CARTESIAN_POINT('',(-0.0458664417505264,-0.0328798192058311,-0.0261));
#10150=CARTESIAN_POINT('',(-0.0458664417505264,-0.0328798192058311,-0.0261));
#10151=CARTESIAN_POINT('',(-0.0458664417505264,-0.010828666085685,-0.0261));
#10152=CARTESIAN_POINT('',(0.0409210875511169,-0.0330798192058311,-0.0261));
#10153=CARTESIAN_POINT('',(0.0411835581633598,-0.0330798192058311,0.));
#10154=CARTESIAN_POINT('',(0.0372335581633597,-0.0330798192058311,0.));
#10155=CARTESIAN_POINT('',(0.0409210875511169,-0.0330798192058311,-0.0261));
#10156=CARTESIAN_POINT('',(0.0367086168527603,-0.0330798192058311,-0.0261));
#10157=CARTESIAN_POINT('',(0.0367086168527603,-0.0330798192058311,-0.0261));
#10158=CARTESIAN_POINT('',(0.0367086168527603,-0.0330798192058311,0.0116));
#10159=CARTESIAN_POINT('',(0.0409210875511169,-0.0330798192058311,0.0116));
#10160=CARTESIAN_POINT('',(0.0411835581633598,-0.0330798192058311,0.006));
#10161=CARTESIAN_POINT('',(0.0372335581633597,-0.0330798192058311,0.006));
#10162=CARTESIAN_POINT('',(0.0372335581633597,-0.0330798192058311,0.006));
#10163=CARTESIAN_POINT('',(-0.0476664417505264,-0.010828666085685,-0.0261));
#10164=CARTESIAN_POINT('',(-0.0476664417505264,-0.010828666085685,0.0116));
#10165=CARTESIAN_POINT('',(-0.0476664417505264,-0.010828666085685,-0.0279));
#10166=CARTESIAN_POINT('',(-0.000366441750526428,-0.010828666085685,0.0116));
#10167=CARTESIAN_POINT('',(-0.0431367754936219,-0.0366373993456363,0.0116));
#10168=CARTESIAN_POINT('',(-0.0415367754936219,-0.0366373993456363,0.0116));
#10169=CARTESIAN_POINT('',(0.0424505545589991,-0.0363123376832605,0.0116));
#10170=CARTESIAN_POINT('',(0.0440505545589991,-0.0363123376832605,0.0116));
#10171=CARTESIAN_POINT('',(0.0367086168527603,-0.035638495428478,0.0116));
#10172=CARTESIAN_POINT('',(-0.0374413831472397,-0.036017171651125,0.0116));
#10173=CARTESIAN_POINT('',(-0.0374413831472397,-0.033837171651125,0.0116));
#10174=CARTESIAN_POINT('',(-0.00225138314723971,-0.033837171651125,0.0116));
#10175=CARTESIAN_POINT('',(0.0329386168527602,-0.033837171651125,0.0116));
#10176=CARTESIAN_POINT('',(0.0329386168527602,-0.033358495428478,0.0116));
#10177=CARTESIAN_POINT('',(0.0329386168527602,-0.0328798192058311,0.0116));
#10178=CARTESIAN_POINT('',(-0.00225138314723971,-0.0328798192058311,0.0116));
#10179=CARTESIAN_POINT('',(-0.00225138314723971,-0.0328798192058311,-0.0261));
#10180=CARTESIAN_POINT('',(-0.0378456488251686,-0.0328798192058311,-0.0261));
#10181=CARTESIAN_POINT('',(-0.0378456488251686,-0.0328798192058311,0.006));
#10182=CARTESIAN_POINT('',(-0.0378456488251686,-0.0328798192058311,0.));
#10183=CARTESIAN_POINT('',(-0.00225138314723971,-0.0328798192058311,0.006));
#10184=CARTESIAN_POINT('',(0.0329386168527602,-0.0328798192058311,-0.0261));
#10185=CARTESIAN_POINT('',(0.0329386168527602,-0.0328798192058311,-0.0261));
#10186=CARTESIAN_POINT('',(-0.00225138314723971,-0.0328798192058311,-0.0261));
#10187=CARTESIAN_POINT('',(-0.00225138314723971,-0.0328798192058311,0.));
#10188=CARTESIAN_POINT('',(-0.0374413831472397,-0.036017171651125,-0.0261));
#10189=CARTESIAN_POINT('',(-0.0374413831472397,-0.036017171651125,-0.0261));
#10190=CARTESIAN_POINT('',(-0.0374413831472397,-0.033837171651125,-0.0261));
#10191=CARTESIAN_POINT('',(-0.0374413831472397,-0.033837171651125,-0.0261));
#10192=CARTESIAN_POINT('',(-0.00225138314723971,-0.033837171651125,-0.0261));
#10193=CARTESIAN_POINT('',(-0.00225138314723971,-0.033837171651125,-0.0261));
#10194=CARTESIAN_POINT('',(0.0329386168527602,-0.033837171651125,-0.0261));
#10195=CARTESIAN_POINT('',(0.0329386168527602,-0.033837171651125,-0.0261));
#10196=CARTESIAN_POINT('',(0.0329386168527602,-0.033358495428478,-0.0261));
#10197=CARTESIAN_POINT('',(0.0329386168527602,-0.033358495428478,-0.0261));
#10198=CARTESIAN_POINT('',(0.0367086168527603,-0.035638495428478,-0.0261));
#10199=CARTESIAN_POINT('',(0.0367086168527603,-0.035638495428478,-0.0261));
#10200=CARTESIAN_POINT('',(0.0411835581633598,-0.0261798192058311,0.006));
#10201=CARTESIAN_POINT('',(0.0411835581633598,-0.0261798192058311,0.));
#10202=CARTESIAN_POINT('',(0.0372335581633597,-0.0261798192058311,0.));
#10203=CARTESIAN_POINT('',(0.0372335581633597,-0.0261798192058311,0.006));
#10204=CARTESIAN_POINT('',(0.0372335581633597,-0.0261798192058311,0.006));
#10205=CARTESIAN_POINT('',(0.0411835581633598,-0.0261798192058311,0.006));
#10206=CARTESIAN_POINT('',(0.0372335581633597,-0.0296298192058311,0.006));
#10207=CARTESIAN_POINT('',(0.0372335581633597,-0.0296298192058311,0.));
#10208=CARTESIAN_POINT('',(0.0372335581633597,-0.0296298192058311,0.006));
#10209=CARTESIAN_POINT('',(0.0401335581633597,-0.0280799457716262,0.006));
#10210=CARTESIAN_POINT('',(0.0401335581633597,-0.0280799457716262,0.006));
#10211=CARTESIAN_POINT('',(0.0417319434437305,-0.0280799457716262,0.006));
#10212=CARTESIAN_POINT('',(0.0401335581633597,-0.0280799457716262,0.));
#10213=CARTESIAN_POINT('',(0.0417319434437305,-0.0280799457716262,0.));
#10214=CARTESIAN_POINT('',(-0.000366441836640238,-0.00827005314593564,0.006));
#10215=CARTESIAN_POINT('',(-0.000366441836640238,-0.00827005314593564,0.));
#10216=CARTESIAN_POINT('',(-0.0378456488251686,-0.0294772766083479,0.006));
#10217=CARTESIAN_POINT('',(-0.0378456488251686,-0.0294772766083479,0.006));
#10218=CARTESIAN_POINT('',(-0.0378456488251686,-0.0260272766083479,0.006));
#10219=CARTESIAN_POINT('',(-0.0378456488251686,-0.0294772766083479,0.));
#10220=CARTESIAN_POINT('',(-0.0378456488251686,-0.0260272766083479,0.));
#10221=CARTESIAN_POINT('',(-0.0378456488251686,-0.0260272766083479,0.006));
#10222=CARTESIAN_POINT('',(-0.000366441836640238,-0.00827005314593564,0.006));
#10223=CARTESIAN_POINT('',(-0.0408680565562696,-0.0280783310519969,0.006));
#10224=CARTESIAN_POINT('',(-0.0392696712758988,-0.0280783310519969,0.006));
#10225=CARTESIAN_POINT('',(-0.0418560453309045,-0.0260272766083479,0.006));
#10226=CARTESIAN_POINT('',(-0.000366441836640238,-0.00827005314593564,0.));
#10227=CARTESIAN_POINT('',(-0.0408680565562696,-0.0280783310519969,0.));
#10228=CARTESIAN_POINT('',(-0.0392696712758988,-0.0280783310519969,0.));
#10229=CARTESIAN_POINT('',(-0.0418560453309045,-0.0260272766083479,0.));
#10230=CARTESIAN_POINT('',(-0.0418560453309045,-0.0260272766083479,0.006));
#10231=CARTESIAN_POINT('',(-0.0408680565562696,-0.0280783310519969,0.006));
#10232=CARTESIAN_POINT('',(0.0372335581633597,0.0117798835711668,0.006));
#10233=CARTESIAN_POINT('',(0.0372335581633597,0.0117798835711668,0.));
#10234=CARTESIAN_POINT('',(0.0372335581633597,0.00702005422837379,0.));
#10235=CARTESIAN_POINT('',(0.0372335581633597,0.00702005422837379,0.006));
#10236=CARTESIAN_POINT('',(0.0372335581633597,0.00702005422837379,0.006));
#10237=CARTESIAN_POINT('',(0.0372335581633597,0.0117798835711668,0.006));
#10238=CARTESIAN_POINT('',(0.0411835581633598,0.00702005422837379,0.006));
#10239=CARTESIAN_POINT('',(0.0411835581633598,0.00702005422837379,0.));
#10240=CARTESIAN_POINT('',(0.0411835581633598,0.00702005422837379,0.006));
#10241=CARTESIAN_POINT('',(0.0401335581633597,0.00992005422837379,0.006));
#10242=CARTESIAN_POINT('',(0.0401335581633597,0.00992005422837379,0.006));
#10243=CARTESIAN_POINT('',(0.0417335581633597,0.00992005422837379,0.006));
#10244=CARTESIAN_POINT('',(0.0401335581633597,0.00992005422837379,0.));
#10245=CARTESIAN_POINT('',(0.0417335581633597,0.00992005422837379,0.));
#10246=CARTESIAN_POINT('',(-0.000366441836640238,-0.00827005314593564,0.006));
#10247=CARTESIAN_POINT('',(-0.000366441836640238,-0.00827005314593564,0.));
#10248=CARTESIAN_POINT('',(-0.0419164418366403,0.0070200542283738,0.006));
#10249=CARTESIAN_POINT('',(-0.0419164418366403,0.0070200542283738,0.));
#10250=CARTESIAN_POINT('',(-0.0379664418366403,0.0070200542283738,0.));
#10251=CARTESIAN_POINT('',(-0.0379664418366403,0.0070200542283738,0.006));
#10252=CARTESIAN_POINT('',(-0.0379664418366403,0.0070200542283738,0.006));
#10253=CARTESIAN_POINT('',(-0.0419164418366403,0.0070200542283738,0.006));
#10254=CARTESIAN_POINT('',(-0.0379664418366403,0.0117798835711668,0.006));
#10255=CARTESIAN_POINT('',(-0.0379664418366403,0.0117798835711668,0.));
#10256=CARTESIAN_POINT('',(-0.0379664418366403,0.0117798835711668,0.006));
#10257=CARTESIAN_POINT('',(-0.0408664418366403,0.00992005422837379,0.006));
#10258=CARTESIAN_POINT('',(-0.0408664418366403,0.00992005422837379,0.006));
#10259=CARTESIAN_POINT('',(-0.0392600710846765,0.00992005422837379,0.006));
#10260=CARTESIAN_POINT('',(-0.0408664418366403,0.00992005422837379,0.));
#10261=CARTESIAN_POINT('',(-0.0392600710846765,0.00992005422837379,0.));
#10262=CARTESIAN_POINT('',(-0.000366441836640238,-0.00827005314593564,0.006));
#10263=CARTESIAN_POINT('',(-0.000366441836640238,-0.00827005314593564,0.));
#10264=CARTESIAN_POINT('',(0.0424505545589991,-0.0363123376832605,0.0031));
#10265=CARTESIAN_POINT('',(0.0424505545589991,-0.0363123376832605,0.0031));
#10266=CARTESIAN_POINT('',(0.0440505545589991,-0.0363123376832605,0.0031));
#10267=CARTESIAN_POINT('',(-0.000366441750526428,-0.010828666085685,0.0031));
#10268=CARTESIAN_POINT('',(-0.0431367754936219,-0.0366373993456363,0.0031));
#10269=CARTESIAN_POINT('',(-0.0431367754936219,-0.0366373993456363,0.0031));
#10270=CARTESIAN_POINT('',(-0.0415367754936219,-0.0366373993456363,0.0031));
#10271=CARTESIAN_POINT('',(-0.000366441750526428,-0.010828666085685,0.0031));
#10272=CARTESIAN_POINT('',(-0.000366441750526428,-0.010828666085685,-0.0261));
#10273=CARTESIAN_POINT('',(-0.000366441750526428,-0.010828666085685,-0.0279));
#10274=CARTESIAN_POINT('',(0.00036495820488555,0.0163398394797549,-0.00160709719272526));
#10275=CARTESIAN_POINT('',(-0.00610504179511445,0.0163398394797549,-0.00160709719272526));
#10276=CARTESIAN_POINT('',(0.00683495820488555,0.0163398394797549,-0.00160709719272526));
#10277=CARTESIAN_POINT('',(0.00683495820488555,0.0163398394797549,-0.00482962653980903));
#10278=CARTESIAN_POINT('',(0.00683495820488555,0.0163398394797549,-0.00805215588689281));
#10279=CARTESIAN_POINT('',(0.000364958204885552,0.0163398394797549,-0.00805215588689281));
#10280=CARTESIAN_POINT('',(-0.00610504179511445,0.0163398394797549,-0.00805215588689281));
#10281=CARTESIAN_POINT('',(-0.00610504179511445,0.0163398394797549,-0.00482962653980903));
#10282=CARTESIAN_POINT('',(0.0449335582494736,0.00219,-0.00296323088091255));
#10283=CARTESIAN_POINT('',(0.0449335582494736,0.00269,-0.00296323088091255));
#10284=CARTESIAN_POINT('',(0.0449335582494736,0.00169,-0.00296323088091255));
#10285=CARTESIAN_POINT('',(0.0449335582494736,0.00169,-0.00743896314948797));
#10286=CARTESIAN_POINT('',(0.0449335582494736,0.00169,-0.0119146954180634));
#10287=CARTESIAN_POINT('',(0.0449335582494736,0.00219,-0.0119146954180634));
#10288=CARTESIAN_POINT('',(0.0449335582494736,0.00269,-0.0119146954180634));
#10289=CARTESIAN_POINT('',(0.0449335582494736,0.00269,-0.00743896314948797));
#10290=CARTESIAN_POINT('',(0.0449335582494736,0.000500000000000011,-0.00296323088091255));
#10291=CARTESIAN_POINT('',(0.0449335582494736,0.001,-0.00296323088091255));
#10292=CARTESIAN_POINT('',(0.0449335582494736,1.06915025058535E-17,-0.00296323088091255));
#10293=CARTESIAN_POINT('',(0.0449335582494736,1.06892412680735E-17,-0.00743896314948797));
#10294=CARTESIAN_POINT('',(0.0449335582494736,1.06915025058535E-17,-0.0119146954180634));
#10295=CARTESIAN_POINT('',(0.0449335582494736,0.000500000000000011,-0.0119146954180634));
#10296=CARTESIAN_POINT('',(0.0449335582494736,0.001,-0.0119146954180634));
#10297=CARTESIAN_POINT('',(0.0449335582494736,0.001,-0.00743896314948797));
#10298=CARTESIAN_POINT('',(0.0449335582494736,-0.00117912034653127,-0.00295894796122253));
#10299=CARTESIAN_POINT('',(0.0449335582494736,-0.000679120346531272,-0.00295894796122253));
#10300=CARTESIAN_POINT('',(0.0449335582494736,-0.00167912034653127,-0.00295894796122253));
#10301=CARTESIAN_POINT('',(0.0449335582494736,-0.00167912034653127,-0.00743682168964297));
#10302=CARTESIAN_POINT('',(0.0449335582494736,-0.00167912034653127,-0.0119146954180634));
#10303=CARTESIAN_POINT('',(0.0449335582494736,-0.00117912034653127,-0.0119146954180634));
#10304=CARTESIAN_POINT('',(0.0449335582494736,-0.000679120346531272,-0.0119146954180634));
#10305=CARTESIAN_POINT('',(0.0449335582494736,-0.000679120346531272,-0.00743682168964297));
#10306=CARTESIAN_POINT('',(0.0449335582494736,-0.00277912034653127,-0.00295819674637556));
#10307=CARTESIAN_POINT('',(0.0449335582494736,-0.00227912034653127,-0.00295819674637556));
#10308=CARTESIAN_POINT('',(0.0449335582494736,-0.00327912034653127,-0.00295819674637556));
#10309=CARTESIAN_POINT('',(0.0449335582494736,-0.00327912034653127,-0.00743392901495099));
#10310=CARTESIAN_POINT('',(0.0449335582494736,-0.00327912034653127,-0.0119096612835264));
#10311=CARTESIAN_POINT('',(0.0449335582494736,-0.00277912034653127,-0.0119096612835264));
#10312=CARTESIAN_POINT('',(0.0449335582494736,-0.00227912034653127,-0.0119096612835264));
#10313=CARTESIAN_POINT('',(0.0449335582494736,-0.00227912034653127,-0.00743392901495099));
#10314=CARTESIAN_POINT('',(0.00141861685276028,-0.037697171651125,-0.00533095393419238));
#10315=CARTESIAN_POINT('',(0.0329686168527603,-0.037697171651125,-0.00533095393419238));
#10316=CARTESIAN_POINT('',(-0.0301313831472397,-0.037697171651125,-0.00533095393419238));
#10317=CARTESIAN_POINT('',(-0.0301313831472397,-0.037697171651125,-0.0145809539341924));
#10318=CARTESIAN_POINT('',(-0.0301313831472397,-0.037697171651125,-0.0238309539341924));
#10319=CARTESIAN_POINT('',(0.00141861685276027,-0.037697171651125,-0.0238309539341924));
#10320=CARTESIAN_POINT('',(0.0329686168527603,-0.037697171651125,-0.0238309539341924));
#10321=CARTESIAN_POINT('',(0.0329686168527603,-0.037697171651125,-0.0145809539341924));
#10322=CARTESIAN_POINT('',(-0.0204307643984974,-0.040957171651125,0.00542292420459489));
#10323=CARTESIAN_POINT('',(-0.0214095951257109,-0.040957171651125,0.00542292420459489));
#10324=CARTESIAN_POINT('',(-0.0214093216095533,-0.040957171651125,0.00542292420459489));
#10325=CARTESIAN_POINT('',(-0.0204307643984974,-0.040957171651125,0.00542292420459489));
#10326=CARTESIAN_POINT('',(-0.0194522071874415,-0.040957171651125,0.00542292420459489));
#10327=CARTESIAN_POINT('',(-0.0194522071874415,-0.040957171651125,0.00542292420459489));
#10328=CARTESIAN_POINT('',(-0.02878764794472,-0.040957171651125,0.00423458549839366));
#10329=CARTESIAN_POINT('',(-0.0213144184317569,-0.040957171651125,0.00420816352880138));
#10330=CARTESIAN_POINT('',(-0.0213144184317569,-0.040957171651125,0.00420816352880138));
#10331=CARTESIAN_POINT('',(-0.02878764794472,-0.040957171651125,0.00423458549839366));
#10332=CARTESIAN_POINT('',(-0.0213144184317569,-0.040957171651125,0.00420816352880138));
#10333=CARTESIAN_POINT('',(-0.0213144184317569,-0.039997171651125,0.00420816352880138));
#10334=CARTESIAN_POINT('',(-0.0213144184317569,-0.040957171651125,0.00199375604688612));
#10335=CARTESIAN_POINT('',(-0.0213144184317569,-0.039997171651125,0.00199375604688612));
#10336=CARTESIAN_POINT('',(-0.0216391981957711,-0.040957171651125,0.000563881501420839));
#10337=CARTESIAN_POINT('',(-0.0216391981957711,-0.039997171651125,0.000563881501420839));
#10338=CARTESIAN_POINT('',(-0.0233537822746255,-0.040957171651125,-0.000623462700787057));
#10339=CARTESIAN_POINT('',(-0.0233537822746255,-0.039997171651125,-0.000623462700787057));
#10340=CARTESIAN_POINT('',(-0.0233537822746255,-0.040957171651125,-0.000623462700787057));
#10341=CARTESIAN_POINT('',(-0.0233537822746255,-0.040957171651125,-0.000623462700787057));
#10342=CARTESIAN_POINT('',(-0.0213144184317569,-0.040957171651125,0.00420816352880138));
#10343=CARTESIAN_POINT('',(-0.0213144184317569,-0.040957171651125,0.00199375604688612));
#10344=CARTESIAN_POINT('',(-0.0216391981957712,-0.040957171651125,0.000563881501420839));
#10345=CARTESIAN_POINT('',(-0.0233537822746255,-0.040957171651125,-0.000623462700787057));
#10346=CARTESIAN_POINT('',(-0.0264956521348807,-0.040957171651125,0.00364535864953976));
#10347=CARTESIAN_POINT('',(-0.0247707141854727,-0.040957171651125,-0.00136605283683316));
#10348=CARTESIAN_POINT('',(-0.0247707141854727,-0.040957171651125,-0.00136605283683317));
#10349=CARTESIAN_POINT('',(-0.0264956521348807,-0.040957171651125,0.00364535864953976));
#10350=CARTESIAN_POINT('',(-0.0239875246063546,-0.040957171651125,-0.00200694013710745));
#10351=CARTESIAN_POINT('',(-0.0232040461496579,-0.040957171651125,-0.00264806382710958));
#10352=CARTESIAN_POINT('',(-0.0232040461496579,-0.040957171651125,-0.00264806382710958));
#10353=CARTESIAN_POINT('',(-0.0239875246063546,-0.040957171651125,-0.00200694013710745));
#10354=CARTESIAN_POINT('',(-0.0232040461496579,-0.040957171651125,-0.00264806382710958));
#10355=CARTESIAN_POINT('',(-0.0232040461496579,-0.039997171651125,-0.00264806382710958));
#10356=CARTESIAN_POINT('',(-0.0195196938916522,-0.040957171651125,-0.000678295647958292));
#10357=CARTESIAN_POINT('',(-0.0195196938916522,-0.039997171651125,-0.000678295647958292));
#10358=CARTESIAN_POINT('',(-0.0194522071874415,-0.040957171651125,0.00207600546764298));
#10359=CARTESIAN_POINT('',(-0.0194522071874415,-0.039997171651125,0.00207600546764298));
#10360=CARTESIAN_POINT('',(-0.0194522071874415,-0.040957171651125,0.0054229242045949));
#10361=CARTESIAN_POINT('',(-0.0194522071874415,-0.039997171651125,0.0054229242045949));
#10362=CARTESIAN_POINT('',(-0.0232040461496579,-0.040957171651125,-0.00264806382710958));
#10363=CARTESIAN_POINT('',(-0.0195196938916522,-0.040957171651125,-0.000678295647958292));
#10364=CARTESIAN_POINT('',(-0.0194522071874415,-0.040957171651125,0.00207600546764297));
#10365=CARTESIAN_POINT('',(-0.0194522071874415,-0.040957171651125,0.0054229242045949));
#10366=CARTESIAN_POINT('',(-0.000366441750526422,-0.040957171651125,-0.00815));
#10367=CARTESIAN_POINT('',(-0.0144856075494315,-0.040957171651125,0.00774383414159275));
#10368=CARTESIAN_POINT('',(-0.0150255011831175,-0.040957171651125,0.00824260306490033));
#10369=CARTESIAN_POINT('',(-0.0150255011831175,-0.040957171651125,0.00824260306490033));
#10370=CARTESIAN_POINT('',(-0.0144856075494315,-0.040957171651125,0.00774383414159275));
#10371=CARTESIAN_POINT('',(-0.0139457139157455,-0.040957171651125,0.00724506521828517));
#10372=CARTESIAN_POINT('',(-0.0139457139157455,-0.040957171651125,0.00724506521828517));
#10373=CARTESIAN_POINT('',(-0.0150255011831175,-0.040957171651125,0.00824260306490032));
#10374=CARTESIAN_POINT('',(-0.0150255011831175,-0.039997171651125,0.00824260306490032));
#10375=CARTESIAN_POINT('',(-0.015268031526375,-0.040957171651125,0.00816246260365006));
#10376=CARTESIAN_POINT('',(-0.015268031526375,-0.039997171651125,0.00816246260365006));
#10377=CARTESIAN_POINT('',(-0.0160103852726932,-0.040957171651125,0.00812239237302492));
#10378=CARTESIAN_POINT('',(-0.0160103852726932,-0.039997171651125,0.00812239237302492));
#10379=CARTESIAN_POINT('',(-0.0163878890243721,-0.040957171651125,0.00812239237302492));
#10380=CARTESIAN_POINT('',(-0.0163878890243721,-0.039997171651125,0.00812239237302492));
#10381=CARTESIAN_POINT('',(-0.0163878890243721,-0.040957171651125,0.00812239237302492));
#10382=CARTESIAN_POINT('',(-0.0163878890243721,-0.040957171651125,0.00812239237302492));
#10383=CARTESIAN_POINT('',(-0.0150255011831175,-0.040957171651125,0.00824260306490032));
#10384=CARTESIAN_POINT('',(-0.0152680315263749,-0.040957171651125,0.00816246260365006));
#10385=CARTESIAN_POINT('',(-0.0160103852726932,-0.040957171651125,0.00812239237302492));
#10386=CARTESIAN_POINT('',(-0.0163878890243721,-0.040957171651125,0.00812239237302492));
#10387=CARTESIAN_POINT('',(-0.0200258441732329,-0.040957171651125,0.00812239237302492));
#10388=CARTESIAN_POINT('',(-0.0236637993220936,-0.040957171651125,0.00812239237302492));
#10389=CARTESIAN_POINT('',(-0.0236638000292998,-0.040957171651125,0.00812220124740802));
#10390=CARTESIAN_POINT('',(-0.0200258441732329,-0.040957171651125,0.00812239237302492));
#10391=CARTESIAN_POINT('',(-0.0236247796864077,-0.040957171651125,0.0186676235947719));
#10392=CARTESIAN_POINT('',(-0.0253108966967373,-0.040957171651125,0.0082576045942445));
#10393=CARTESIAN_POINT('',(-0.0253108966967373,-0.040957171651125,0.00825736578144642));
#10394=CARTESIAN_POINT('',(-0.0236247796864077,-0.040957171651125,0.0186676235947719));
#10395=CARTESIAN_POINT('',(-0.0253108966967373,-0.040957171651125,0.00731887880101567));
#10396=CARTESIAN_POINT('',(-0.0253108966967373,-0.040957171651125,0.00638039182058492));
#10397=CARTESIAN_POINT('',(-0.0253108966967373,-0.040957171651125,0.00638039182058492));
#10398=CARTESIAN_POINT('',(-0.0253108966967373,-0.040957171651125,0.00731887880101567));
#10399=CARTESIAN_POINT('',(-0.0253108966967373,-0.040957171651125,0.00638039182058492));
#10400=CARTESIAN_POINT('',(-0.0253108966967373,-0.039997171651125,0.00638039182058492));
#10401=CARTESIAN_POINT('',(-0.0246760998852549,-0.040957171651125,0.00643522476775615));
#10402=CARTESIAN_POINT('',(-0.0246760998852549,-0.039997171651125,0.00643522476775615));
#10403=CARTESIAN_POINT('',(-0.0242311094293653,-0.040957171651125,0.00647529499838129));
#10404=CARTESIAN_POINT('',(-0.0242311094293653,-0.039997171651125,0.00647529499838129));
#10405=CARTESIAN_POINT('',(-0.0236637993220936,-0.040957171651125,0.00647529499838129));
#10406=CARTESIAN_POINT('',(-0.0236637993220936,-0.039997171651125,0.00647529499838129));
#10407=CARTESIAN_POINT('',(-0.0236637993220936,-0.040957171651125,0.00647529499838129));
#10408=CARTESIAN_POINT('',(-0.0236637993220936,-0.040957171651125,0.00647529499838129));
#10409=CARTESIAN_POINT('',(-0.0253108966967373,-0.040957171651125,0.00638039182058492));
#10410=CARTESIAN_POINT('',(-0.0246760998852549,-0.040957171651125,0.00643522476775615));
#10411=CARTESIAN_POINT('',(-0.0242311094293653,-0.040957171651125,0.00647529499838129));
#10412=CARTESIAN_POINT('',(-0.0236637993220936,-0.040957171651125,0.00647529499838129));
#10413=CARTESIAN_POINT('',(-0.0201481638246148,-0.040957171651125,0.00647529499838129));
#10414=CARTESIAN_POINT('',(-0.016632528327136,-0.040957171651125,0.00647529499838129));
#10415=CARTESIAN_POINT('',(-0.016632528327136,-0.040957171651125,0.00647529499838129));
#10416=CARTESIAN_POINT('',(-0.0201481638246148,-0.040957171651125,0.00647529499838129));
#10417=CARTESIAN_POINT('',(-0.016632528327136,-0.040957171651125,0.00647529499838129));
#10418=CARTESIAN_POINT('',(-0.016632528327136,-0.039997171651125,0.00647529499838129));
#10419=CARTESIAN_POINT('',(-0.0169826156052294,-0.040957171651125,0.0058130817133133));
#10420=CARTESIAN_POINT('',(-0.0169826156052294,-0.039997171651125,0.0058130817133133));
#10421=CARTESIAN_POINT('',(-0.0180349863990158,-0.040957171651125,0.0046257375111054));
#10422=CARTESIAN_POINT('',(-0.0180349863990158,-0.039997171651125,0.0046257375111054));
#10423=CARTESIAN_POINT('',(-0.0191147736663878,-0.040957171651125,0.00396563318554399));
#10424=CARTESIAN_POINT('',(-0.0191147736663878,-0.039997171651125,0.00396563318554399));
#10425=CARTESIAN_POINT('',(-0.0191147736663878,-0.040957171651125,0.00396563318554399));
#10426=CARTESIAN_POINT('',(-0.0191147736663878,-0.040957171651125,0.00396563318554399));
#10427=CARTESIAN_POINT('',(-0.016632528327136,-0.040957171651125,0.00647529499838129));
#10428=CARTESIAN_POINT('',(-0.0169826156052294,-0.040957171651125,0.0058130817133133));
#10429=CARTESIAN_POINT('',(-0.0180349863990158,-0.040957171651125,0.0046257375111054));
#10430=CARTESIAN_POINT('',(-0.0191147736663878,-0.040957171651125,0.00396563318554399));
#10431=CARTESIAN_POINT('',(-0.0184198715089677,-0.040957171651125,0.00340464995679213));
#10432=CARTESIAN_POINT('',(-0.0177249693515476,-0.040957171651125,0.00284366672804027));
#10433=CARTESIAN_POINT('',(-0.0177249693515476,-0.040957171651125,0.00284366672804027));
#10434=CARTESIAN_POINT('',(-0.0184198715089677,-0.040957171651125,0.00340464995679213));
#10435=CARTESIAN_POINT('',(-0.0177249693515476,-0.040957171651125,0.00284366672804027));
#10436=CARTESIAN_POINT('',(-0.0177249693515476,-0.039997171651125,0.00284366672804027));
#10437=CARTESIAN_POINT('',(-0.0163878890243721,-0.040957171651125,0.00378848058699078));
#10438=CARTESIAN_POINT('',(-0.0163878890243721,-0.039997171651125,0.00378848058699078));
#10439=CARTESIAN_POINT('',(-0.0151056416443679,-0.040957171651125,0.00549041090880565));
#10440=CARTESIAN_POINT('',(-0.0151056416443679,-0.039997171651125,0.00549041090880565));
#10441=CARTESIAN_POINT('',(-0.014472953792392,-0.040957171651125,0.00654278170259204));
#10442=CARTESIAN_POINT('',(-0.014472953792392,-0.039997171651125,0.00654278170259204));
#10443=CARTESIAN_POINT('',(-0.014472953792392,-0.040957171651125,0.00654278170259204));
#10444=CARTESIAN_POINT('',(-0.014472953792392,-0.040957171651125,0.00654278170259204));
#10445=CARTESIAN_POINT('',(-0.0177249693515476,-0.040957171651125,0.00284366672804027));
#10446=CARTESIAN_POINT('',(-0.0163878890243721,-0.040957171651125,0.00378848058699078));
#10447=CARTESIAN_POINT('',(-0.0151056416443679,-0.040957171651125,0.00549041090880565));
#10448=CARTESIAN_POINT('',(-0.014472953792392,-0.040957171651125,0.00654278170259204));
#10449=CARTESIAN_POINT('',(-0.014472953792392,-0.040957171651125,0.00654278170259204));
#10450=CARTESIAN_POINT('',(-0.014472953792392,-0.039997171651125,0.00654278170259204));
#10451=CARTESIAN_POINT('',(-0.01435063414101,-0.040957171651125,0.00674524181522429));
#10452=CARTESIAN_POINT('',(-0.01435063414101,-0.039997171651125,0.00674524181522429));
#10453=CARTESIAN_POINT('',(-0.0140933410812066,-0.040957171651125,0.00707002157923853));
#10454=CARTESIAN_POINT('',(-0.0140933410812066,-0.039997171651125,0.00707002157923853));
#10455=CARTESIAN_POINT('',(-0.0139457139157455,-0.040957171651125,0.00724506521828517));
#10456=CARTESIAN_POINT('',(-0.0139457139157455,-0.039997171651125,0.00724506521828517));
#10457=CARTESIAN_POINT('',(-0.014472953792392,-0.040957171651125,0.00654278170259204));
#10458=CARTESIAN_POINT('',(-0.01435063414101,-0.040957171651125,0.00674524181522429));
#10459=CARTESIAN_POINT('',(-0.0140933410812066,-0.040957171651125,0.00707002157923853));
#10460=CARTESIAN_POINT('',(-0.0139457139157455,-0.040957171651125,0.00724506521828517));
#10461=CARTESIAN_POINT('',(-0.000366441750526422,-0.040957171651125,-0.00815));
#10462=CARTESIAN_POINT('',(-0.0120961564284697,-0.040957171651125,0.00329603854220295));
#10463=CARTESIAN_POINT('',(-0.0120961564284697,-0.040957171651125,0.00223628639014351));
#10464=CARTESIAN_POINT('',(-0.0120961564284697,-0.040957171651125,0.00223628639014351));
#10465=CARTESIAN_POINT('',(-0.0120961564284697,-0.040957171651125,0.00329603854220295));
#10466=CARTESIAN_POINT('',(-0.0120961564284697,-0.040957171651125,0.0043557906942624));
#10467=CARTESIAN_POINT('',(-0.0120961564284697,-0.040957171651125,0.0043557906942624));
#10468=CARTESIAN_POINT('',(-0.0120961564284697,-0.040957171651125,0.00223628639014351));
#10469=CARTESIAN_POINT('',(-0.0120961564284697,-0.039997171651125,0.00223628639014351));
#10470=CARTESIAN_POINT('',(-0.0115963330254088,-0.040957171651125,0.00227846558027523));
#10471=CARTESIAN_POINT('',(-0.0115963330254088,-0.039997171651125,0.00227846558027523));
#10472=CARTESIAN_POINT('',(-0.01069369835659,-0.040957171651125,0.00230377309435426));
#10473=CARTESIAN_POINT('',(-0.01069369835659,-0.039997171651125,0.00230377309435426));
#10474=CARTESIAN_POINT('',(-0.00992392813668612,-0.040957171651125,0.00230377309435426));
#10475=CARTESIAN_POINT('',(-0.00992392813668612,-0.039997171651125,0.00230377309435426));
#10476=CARTESIAN_POINT('',(-0.00992392813668612,-0.040957171651125,0.00230377309435426));
#10477=CARTESIAN_POINT('',(-0.00992392813668612,-0.040957171651125,0.00230377309435426));
#10478=CARTESIAN_POINT('',(-0.0120961564284697,-0.040957171651125,0.00223628639014351));
#10479=CARTESIAN_POINT('',(-0.0115963330254088,-0.040957171651125,0.00227846558027523));
#10480=CARTESIAN_POINT('',(-0.01069369835659,-0.040957171651125,0.00230377309435426));
#10481=CARTESIAN_POINT('',(-0.00992392813668612,-0.040957171651125,0.00230377309435426));
#10482=CARTESIAN_POINT('',(-0.00629968122461814,-0.040957171651125,0.00230377309435426));
#10483=CARTESIAN_POINT('',(-0.00267543431255017,-0.040957171651125,0.00230377309435426));
#10484=CARTESIAN_POINT('',(-0.00267543431255017,-0.040957171651125,0.00230377309435426));
#10485=CARTESIAN_POINT('',(-0.00629968122461814,-0.040957171651125,0.00230377309435426));
#10486=CARTESIAN_POINT('',(-0.00267543431255017,-0.040957171651125,0.00230377309435426));
#10487=CARTESIAN_POINT('',(-0.00267543431255017,-0.039997171651125,0.00230377309435426));
#10488=CARTESIAN_POINT('',(-0.00210812420527854,-0.040957171651125,0.00230377309435426));
#10489=CARTESIAN_POINT('',(-0.00210812420527854,-0.039997171651125,0.00230377309435426));
#10490=CARTESIAN_POINT('',(-0.00142060340613152,-0.040957171651125,0.00225104910668961));
#10491=CARTESIAN_POINT('',(-0.00142060340613152,-0.039997171651125,0.00225104910668961));
#10492=CARTESIAN_POINT('',(-0.00109582364211728,-0.040957171651125,0.00223628639014351));
#10493=CARTESIAN_POINT('',(-0.00109582364211728,-0.039997171651125,0.00223628639014351));
#10494=CARTESIAN_POINT('',(-0.00109582364211728,-0.040957171651125,0.00223628639014351));
#10495=CARTESIAN_POINT('',(-0.00109582364211728,-0.040957171651125,0.00223628639014351));
#10496=CARTESIAN_POINT('',(-0.00267543431255017,-0.040957171651125,0.00230377309435426));
#10497=CARTESIAN_POINT('',(-0.00210812420527854,-0.040957171651125,0.00230377309435426));
#10498=CARTESIAN_POINT('',(-0.00142060340613152,-0.040957171651125,0.00225104910668961));
#10499=CARTESIAN_POINT('',(-0.00109582364211728,-0.040957171651125,0.00223628639014351));
#10500=CARTESIAN_POINT('',(-0.00109582364211728,-0.040957171651125,0.00329603854220295));
#10501=CARTESIAN_POINT('',(-0.00109582364211728,-0.040957171651125,0.0043557906942624));
#10502=CARTESIAN_POINT('',(-0.00109582364211728,-0.040957171651125,0.0043557906942624));
#10503=CARTESIAN_POINT('',(-0.00109582364211728,-0.040957171651125,0.00329603854220295));
#10504=CARTESIAN_POINT('',(-0.00109582364211728,-0.040957171651125,0.0043557906942624));
#10505=CARTESIAN_POINT('',(-0.00109582364211728,-0.039997171651125,0.0043557906942624));
#10506=CARTESIAN_POINT('',(-0.00144801987971714,-0.040957171651125,0.00432837422067679));
#10507=CARTESIAN_POINT('',(-0.00144801987971714,-0.039997171651125,0.00432837422067679));
#10508=CARTESIAN_POINT('',(-0.00205540021761389,-0.040957171651125,0.00427565023301213));
#10509=CARTESIAN_POINT('',(-0.00205540021761389,-0.039997171651125,0.00427565023301213));
#10510=CARTESIAN_POINT('',(-0.00267543431255017,-0.040957171651125,0.00427565023301213));
#10511=CARTESIAN_POINT('',(-0.00267543431255017,-0.039997171651125,0.00427565023301213));
#10512=CARTESIAN_POINT('',(-0.00267543431255017,-0.040957171651125,0.00427565023301213));
#10513=CARTESIAN_POINT('',(-0.00267543431255017,-0.040957171651125,0.00427565023301213));
#10514=CARTESIAN_POINT('',(-0.00109582364211728,-0.040957171651125,0.0043557906942624));
#10515=CARTESIAN_POINT('',(-0.00144801987971714,-0.040957171651125,0.00432837422067679));
#10516=CARTESIAN_POINT('',(-0.00205540021761389,-0.040957171651125,0.00427565023301213));
#10517=CARTESIAN_POINT('',(-0.00267543431255017,-0.040957171651125,0.00427565023301213));
#10518=CARTESIAN_POINT('',(-0.00629968122461814,-0.040957171651125,0.00427565023301213));
#10519=CARTESIAN_POINT('',(-0.00992392813668612,-0.040957171651125,0.00427565023301213));
#10520=CARTESIAN_POINT('',(-0.00992392813668612,-0.040957171651125,0.00427565023301213));
#10521=CARTESIAN_POINT('',(-0.00629968122461814,-0.040957171651125,0.00427565023301213));
#10522=CARTESIAN_POINT('',(-0.00992392813668612,-0.040957171651125,0.00427565023301213));
#10523=CARTESIAN_POINT('',(-0.00992392813668612,-0.039997171651125,0.00427565023301213));
#10524=CARTESIAN_POINT('',(-0.0106262116523792,-0.040957171651125,0.00427565023301213));
#10525=CARTESIAN_POINT('',(-0.0106262116523792,-0.039997171651125,0.00427565023301213));
#10526=CARTESIAN_POINT('',(-0.0116110957419549,-0.040957171651125,0.00431572046363727));
#10527=CARTESIAN_POINT('',(-0.0116110957419549,-0.039997171651125,0.00431572046363727));
#10528=CARTESIAN_POINT('',(-0.0120961564284697,-0.040957171651125,0.0043557906942624));
#10529=CARTESIAN_POINT('',(-0.0120961564284697,-0.039997171651125,0.0043557906942624));
#10530=CARTESIAN_POINT('',(-0.00992392813668612,-0.040957171651125,0.00427565023301213));
#10531=CARTESIAN_POINT('',(-0.0106262116523792,-0.040957171651125,0.00427565023301213));
#10532=CARTESIAN_POINT('',(-0.0116110957419549,-0.040957171651125,0.00431572046363727));
#10533=CARTESIAN_POINT('',(-0.0120961564284697,-0.040957171651125,0.0043557906942624));
#10534=CARTESIAN_POINT('',(-0.000366441750526422,-0.040957171651125,-0.00815));
#10535=CARTESIAN_POINT('',(0.0117603935100307,-0.040957171651125,0.00491677392301427));
#10536=CARTESIAN_POINT('',(0.0111593400506537,-0.040957171651125,0.0052879507961734));
#10537=CARTESIAN_POINT('',(0.0111593400506537,-0.040957171651125,0.0052879507961734));
#10538=CARTESIAN_POINT('',(0.0117603935100307,-0.040957171651125,0.00491677392301427));
#10539=CARTESIAN_POINT('',(0.0123612046177175,-0.040957171651125,0.00454574671265333));
#10540=CARTESIAN_POINT('',(0.0123612046177175,-0.040957171651125,0.00454574671265333));
#10541=CARTESIAN_POINT('',(0.0111593400506537,-0.040957171651125,0.0052879507961734));
#10542=CARTESIAN_POINT('',(0.0111593400506537,-0.039997171651125,0.0052879507961734));
#10543=CARTESIAN_POINT('',(0.010969533695061,-0.040957171651125,0.00520570137541655));
#10544=CARTESIAN_POINT('',(0.010969533695061,-0.039997171651125,0.00520570137541655));
#10545=CARTESIAN_POINT('',(0.0106067926599282,-0.040957171651125,0.0051529773877519));
#10546=CARTESIAN_POINT('',(0.0106067926599282,-0.039997171651125,0.0051529773877519));
#10547=CARTESIAN_POINT('',(0.0101744559610781,-0.040957171651125,0.0051529773877519));
#10548=CARTESIAN_POINT('',(0.0101744559610781,-0.039997171651125,0.0051529773877519));
#10549=CARTESIAN_POINT('',(0.0101744559610781,-0.040957171651125,0.0051529773877519));
#10550=CARTESIAN_POINT('',(0.0101744559610781,-0.040957171651125,0.0051529773877519));
#10551=CARTESIAN_POINT('',(0.0111593400506537,-0.040957171651125,0.0052879507961734));
#10552=CARTESIAN_POINT('',(0.010969533695061,-0.040957171651125,0.00520570137541655));
#10553=CARTESIAN_POINT('',(0.0106067926599282,-0.040957171651125,0.0051529773877519));
#10554=CARTESIAN_POINT('',(0.0101744559610781,-0.040957171651125,0.0051529773877519));
#10555=CARTESIAN_POINT('',(0.00683386410264593,-0.040957171651125,0.0051529773877519));
#10556=CARTESIAN_POINT('',(0.00349327224421377,-0.040957171651125,0.0051529773877519));
#10557=CARTESIAN_POINT('',(0.00349326902511333,-0.040957171651125,0.00515261380661291));
#10558=CARTESIAN_POINT('',(0.00683386410264593,-0.040957171651125,0.0051529773877519));
#10559=CARTESIAN_POINT('',(0.00365505728833268,-0.040957171651125,0.0234257811510119));
#10560=CARTESIAN_POINT('',(0.00192631532997566,-0.040957171651125,0.00523348717134473));
#10561=CARTESIAN_POINT('',(0.0019263153308204,-0.040957171651125,0.00523311784900216));
#10562=CARTESIAN_POINT('',(0.00365505728833268,-0.040957171651125,0.0234257811510119));
#10563=CARTESIAN_POINT('',(0.0019263153308204,-0.040957171651125,0.0043557906942624));
#10564=CARTESIAN_POINT('',(0.0019263153308204,-0.040957171651125,0.0034794514834326));
#10565=CARTESIAN_POINT('',(0.0019263153308204,-0.040957171651125,0.00347945148343259));
#10566=CARTESIAN_POINT('',(0.0019263153308204,-0.040957171651125,0.0043557906942624));
#10567=CARTESIAN_POINT('',(0.0034757960775732,-0.040957171651125,-0.0146419966441432));
#10568=CARTESIAN_POINT('',(0.00349327224421377,-0.040957171651125,0.00354595024373339));
#10569=CARTESIAN_POINT('',(0.00349327206003962,-0.040957171401125,0.00354575856841925));
#10570=CARTESIAN_POINT('',(0.0034757960775732,-0.040957171651125,-0.0146419966441432));
#10571=CARTESIAN_POINT('',(0.00675266916164237,-0.040957171651125,0.00354595024373339));
#10572=CARTESIAN_POINT('',(0.010012066079071,-0.040957171651125,0.00354595024373339));
#10573=CARTESIAN_POINT('',(0.010012066079071,-0.040957171651125,0.00354595024373339));
#10574=CARTESIAN_POINT('',(0.00675266916164237,-0.040957171651125,0.00354595024373339));
#10575=CARTESIAN_POINT('',(0.010012066079071,-0.040957171651125,0.00354595024373339));
#10576=CARTESIAN_POINT('',(0.010012066079071,-0.039997171651125,0.00354595024373339));
#10577=CARTESIAN_POINT('',(0.00976953573581359,-0.040957171651125,0.00279094274037562));
#10578=CARTESIAN_POINT('',(0.00976953573581359,-0.039997171651125,0.00279094274037562));
#10579=CARTESIAN_POINT('',(0.00934985279400298,-0.040957171651125,0.00195368581626099));
#10580=CARTESIAN_POINT('',(0.00934985279400298,-0.039997171651125,0.00195368581626099));
#10581=CARTESIAN_POINT('',(0.00862226176423083,-0.040957171651125,0.00121133206994273));
#10582=CARTESIAN_POINT('',(0.00862226176423083,-0.039997171651125,0.00121133206994273));
#10583=CARTESIAN_POINT('',(0.00862226176423083,-0.040957171651125,0.00121133206994273));
#10584=CARTESIAN_POINT('',(0.00862226176423083,-0.040957171651125,0.00121133206994273));
#10585=CARTESIAN_POINT('',(0.010012066079071,-0.040957171651125,0.00354595024373339));
#10586=CARTESIAN_POINT('',(0.00976953573581359,-0.040957171651125,0.00279094274037562));
#10587=CARTESIAN_POINT('',(0.00934985279400298,-0.040957171651125,0.00195368581626099));
#10588=CARTESIAN_POINT('',(0.00862226176423083,-0.040957171651125,0.00121133206994273));
#10589=CARTESIAN_POINT('',(0.00862226176423083,-0.040957171651125,0.00121133206994273));
#10590=CARTESIAN_POINT('',(0.00862226176423083,-0.039997171651125,0.00121133206994273));
#10591=CARTESIAN_POINT('',(0.00759519848452346,-0.040957171651125,0.00015896127615634));
#10592=CARTESIAN_POINT('',(0.00759519848452346,-0.039997171651125,0.00015896127615634));
#10593=CARTESIAN_POINT('',(0.00597551758346545,-0.040957171651125,-0.000733128595129522));
#10594=CARTESIAN_POINT('',(0.00597551758346545,-0.039997171651125,-0.000733128595129522));
#10595=CARTESIAN_POINT('',(0.00393826270010341,-0.040957171651125,-0.00115070257743354));
#10596=CARTESIAN_POINT('',(0.00393826270010341,-0.039997171651125,-0.00115070257743354));
#10597=CARTESIAN_POINT('',(0.00393826270010341,-0.040957171651125,-0.00115070257743354));
#10598=CARTESIAN_POINT('',(0.00393826270010341,-0.040957171651125,-0.00115070257743354));
#10599=CARTESIAN_POINT('',(0.00862226176423083,-0.040957171651125,0.00121133206994273));
#10600=CARTESIAN_POINT('',(0.00759519848452346,-0.040957171651125,0.00015896127615634));
#10601=CARTESIAN_POINT('',(0.00597551758346545,-0.040957171651125,-0.000733128595129522));
#10602=CARTESIAN_POINT('',(0.00393826270010341,-0.040957171651125,-0.00115070257743354));
#10603=CARTESIAN_POINT('',(0.00461312974221091,-0.040957171651125,-0.00191309143906436));
#10604=CARTESIAN_POINT('',(0.00528799678431842,-0.040957171651125,-0.0026754803006952));
#10605=CARTESIAN_POINT('',(0.00528799678431842,-0.040957171651125,-0.0026754803006952));
#10606=CARTESIAN_POINT('',(0.00461312974221091,-0.040957171651125,-0.00191309143906436));
#10607=CARTESIAN_POINT('',(0.00528799678431842,-0.040957171651125,-0.0026754803006952));
#10608=CARTESIAN_POINT('',(0.00528799678431842,-0.039997171651125,-0.0026754803006952));
#10609=CARTESIAN_POINT('',(0.00701523462021232,-0.040957171651125,-0.00219041961418042));
#10610=CARTESIAN_POINT('',(0.00701523462021232,-0.039997171651125,-0.00219041961418042));
#10611=CARTESIAN_POINT('',(0.00874247245610623,-0.040957171651125,-0.00127302222881553));
#10612=CARTESIAN_POINT('',(0.00874247245610623,-0.039997171651125,-0.00127302222881553));
#10613=CARTESIAN_POINT('',(0.0101069692568673,-0.040957171651125,0.000239101737406607));
#10614=CARTESIAN_POINT('',(0.0101069692568673,-0.039997171651125,0.000239101737406607));
#10615=CARTESIAN_POINT('',(0.0101069692568673,-0.040957171651125,0.000239101737406607));
#10616=CARTESIAN_POINT('',(0.0101069692568673,-0.040957171651125,0.000239101737406607));
#10617=CARTESIAN_POINT('',(0.00528799678431842,-0.040957171651125,-0.0026754803006952));
#10618=CARTESIAN_POINT('',(0.00701523462021232,-0.040957171651125,-0.00219041961418042));
#10619=CARTESIAN_POINT('',(0.00874247245610623,-0.040957171651125,-0.00127302222881553));
#10620=CARTESIAN_POINT('',(0.0101069692568673,-0.040957171651125,0.000239101737406607));
#10621=CARTESIAN_POINT('',(0.0101069692568673,-0.040957171651125,0.000239101737406607));
#10622=CARTESIAN_POINT('',(0.0101069692568673,-0.039997171651125,0.000239101737406607));
#10623=CARTESIAN_POINT('',(0.0111192698200286,-0.040957171651125,0.00135895923540375));
#10624=CARTESIAN_POINT('',(0.0111192698200286,-0.039997171651125,0.00135895923540375));
#10625=CARTESIAN_POINT('',(0.0116992336843397,-0.040957171651125,0.00266862308899363));
#10626=CARTESIAN_POINT('',(0.0116992336843397,-0.039997171651125,0.00266862308899363));
#10627=CARTESIAN_POINT('',(0.0121041539096042,-0.040957171651125,0.00397828694258351));
#10628=CARTESIAN_POINT('',(0.0121041539096042,-0.039997171651125,0.00397828694258351));
#10629=CARTESIAN_POINT('',(0.0121041539096042,-0.040957171651125,0.00397828694258351));
#10630=CARTESIAN_POINT('',(0.0121041539096042,-0.040957171651125,0.00397828694258351));
#10631=CARTESIAN_POINT('',(0.0101069692568673,-0.040957171651125,0.000239101737406607));
#10632=CARTESIAN_POINT('',(0.0111192698200286,-0.040957171651125,0.00135895923540375));
#10633=CARTESIAN_POINT('',(0.0116992336843397,-0.040957171651125,0.00266862308899363));
#10634=CARTESIAN_POINT('',(0.0121041539096042,-0.040957171651125,0.00397828694258351));
#10635=CARTESIAN_POINT('',(0.01693995222583,-0.040957171651125,0.00212821949451781));
#10636=CARTESIAN_POINT('',(0.01693995222583,-0.040957171651125,0.00212821949451781));
#10637=CARTESIAN_POINT('',(-0.000366441750526422,-0.040957171651125,-0.00815));
#10638=CARTESIAN_POINT('',(0.00316849248019952,-0.040957171651125,0.00758882561785868));
#10639=CARTESIAN_POINT('',(0.00316849248019952,-0.040957171651125,0.00671870144870556));
#10640=CARTESIAN_POINT('',(0.00316849248019952,-0.040957171651125,0.00671870144870556));
#10641=CARTESIAN_POINT('',(0.00316849248019952,-0.040957171651125,0.00758882561785868));
#10642=CARTESIAN_POINT('',(0.00316849248019952,-0.040957171651125,0.00845982589407868));
#10643=CARTESIAN_POINT('',(0.00316849248019952,-0.040957171651125,0.00845982589407868));
#10644=CARTESIAN_POINT('',(0.00451392611773141,-0.040957171651125,-0.0165583653650007));
#10645=CARTESIAN_POINT('',(0.00457305951158578,-0.040957171651125,0.00675789557226381));
#10646=CARTESIAN_POINT('',(0.0045730589816028,-0.040957171401125,0.00675768660029876));
#10647=CARTESIAN_POINT('',(0.00451392611773141,-0.040957171651125,-0.0165583653650007));
#10648=CARTESIAN_POINT('',(0.00715758938690688,-0.040957171651125,0.00675789557226381));
#10649=CARTESIAN_POINT('',(0.00974211926222797,-0.040957171651125,0.00675789557226381));
#10650=CARTESIAN_POINT('',(0.00974211926222797,-0.040957171651125,0.00675789557226381));
#10651=CARTESIAN_POINT('',(0.00715758938690688,-0.040957171651125,0.00675789557226381));
#10652=CARTESIAN_POINT('',(0.00974211926222797,-0.040957171651125,0.00675789557226381));
#10653=CARTESIAN_POINT('',(0.00974211926222797,-0.039997171651125,0.00675789557226381));
#10654=CARTESIAN_POINT('',(0.0102271799487427,-0.040957171651125,0.00675789557226381));
#10655=CARTESIAN_POINT('',(0.0102271799487427,-0.039997171651125,0.00675789557226381));
#10656=CARTESIAN_POINT('',(0.0108619767602251,-0.040957171651125,0.0067452418152243));
#10657=CARTESIAN_POINT('',(0.0108619767602251,-0.039997171651125,0.0067452418152243));
#10658=CARTESIAN_POINT('',(0.0112268267548645,-0.040957171651125,0.00671782534163868));
#10659=CARTESIAN_POINT('',(0.0112268267548645,-0.039997171651125,0.00671782534163868));
#10660=CARTESIAN_POINT('',(0.0112268267548645,-0.040957171651125,0.00671782534163868));
#10661=CARTESIAN_POINT('',(0.0112268267548645,-0.040957171651125,0.00671782534163868));
#10662=CARTESIAN_POINT('',(0.00974211926222797,-0.040957171651125,0.00675789557226381));
#10663=CARTESIAN_POINT('',(0.0102271799487427,-0.040957171651125,0.00675789557226381));
#10664=CARTESIAN_POINT('',(0.0108619767602251,-0.040957171651125,0.0067452418152243));
#10665=CARTESIAN_POINT('',(0.0112268267548645,-0.040957171651125,0.00671782534163868));
#10666=CARTESIAN_POINT('',(0.0112268267548645,-0.040957171651125,0.00758882561785868));
#10667=CARTESIAN_POINT('',(0.0112268267548645,-0.040957171651125,0.00845982589407868));
#10668=CARTESIAN_POINT('',(0.0112268267548645,-0.040957171651125,0.00845982589407868));
#10669=CARTESIAN_POINT('',(0.0112268267548645,-0.040957171651125,0.00758882561785868));
#10670=CARTESIAN_POINT('',(0.0112268267548645,-0.040957171651125,0.00845982589407868));
#10671=CARTESIAN_POINT('',(0.0112268267548645,-0.039997171651125,0.00845982589407868));
#10672=CARTESIAN_POINT('',(0.0108493230031856,-0.040957171651125,0.00840499294690745));
#10673=CARTESIAN_POINT('',(0.0108493230031856,-0.039997171651125,0.00840499294690745));
#10674=CARTESIAN_POINT('',(0.0101871097181176,-0.040957171651125,0.00839233918986793));
#10675=CARTESIAN_POINT('',(0.0101871097181176,-0.039997171651125,0.00839233918986793));
#10676=CARTESIAN_POINT('',(0.00976953573581359,-0.040957171651125,0.00839233918986793));
#10677=CARTESIAN_POINT('',(0.00976953573581359,-0.039997171651125,0.00839233918986793));
#10678=CARTESIAN_POINT('',(0.00976953573581359,-0.040957171651125,0.00839233918986793));
#10679=CARTESIAN_POINT('',(0.00976953573581359,-0.040957171651125,0.00839233918986793));
#10680=CARTESIAN_POINT('',(0.0112268267548645,-0.040957171651125,0.00845982589407868));
#10681=CARTESIAN_POINT('',(0.0108493230031856,-0.040957171651125,0.00840499294690745));
#10682=CARTESIAN_POINT('',(0.0101871097181176,-0.040957171651125,0.00839233918986793));
#10683=CARTESIAN_POINT('',(0.00976953573581359,-0.040957171651125,0.00839233918986793));
#10684=CARTESIAN_POINT('',(0.00717129762369969,-0.040957171651125,0.00839233918986793));
#10685=CARTESIAN_POINT('',(0.00457305951158578,-0.040957171651125,0.00839233918986793));
#10686=CARTESIAN_POINT('',(0.00457305951158578,-0.040957171651125,0.00839233918986793));
#10687=CARTESIAN_POINT('',(0.00717129762369969,-0.040957171651125,0.00839233918986793));
#10688=CARTESIAN_POINT('',(0.00457305951158578,-0.040957171651125,0.00839233918986793));
#10689=CARTESIAN_POINT('',(0.00457305951158578,-0.039997171651125,0.00839233918986793));
#10690=CARTESIAN_POINT('',(0.00411330633915004,-0.040957171651125,0.00839233918986793));
#10691=CARTESIAN_POINT('',(0.00411330633915004,-0.039997171651125,0.00839233918986793));
#10692=CARTESIAN_POINT('',(0.00354599623187841,-0.040957171651125,0.00840499294690745));
#10693=CARTESIAN_POINT('',(0.00354599623187841,-0.039997171651125,0.00840499294690745));
#10694=CARTESIAN_POINT('',(0.00316849248019952,-0.040957171651125,0.00845982589407868));
#10695=CARTESIAN_POINT('',(0.00316849248019952,-0.039997171651125,0.00845982589407868));
#10696=CARTESIAN_POINT('',(0.00457305951158578,-0.040957171651125,0.00839233918986793));
#10697=CARTESIAN_POINT('',(0.00411330633915004,-0.040957171651125,0.00839233918986793));
#10698=CARTESIAN_POINT('',(0.00354599623187841,-0.040957171651125,0.00840499294690745));
#10699=CARTESIAN_POINT('',(0.00316849248019952,-0.040957171651125,0.00845982589407868));
#10700=CARTESIAN_POINT('',(-0.000366441750526422,-0.040957171651125,-0.00815));
#10701=CARTESIAN_POINT('',(0.0244415670231321,-0.040957171651125,0.00720394050790675));
#10702=CARTESIAN_POINT('',(0.0249814606568182,-0.040957171651125,0.00743276261437132));
#10703=CARTESIAN_POINT('',(0.0249814606568182,-0.040957171651125,0.00743276261437132));
#10704=CARTESIAN_POINT('',(0.0244415670231321,-0.040957171651125,0.00720394050790675));
#10705=CARTESIAN_POINT('',(0.0239016733894461,-0.040957171651125,0.00697511840144217));
#10706=CARTESIAN_POINT('',(0.0239016733894461,-0.040957171651125,0.00697511840144217));
#10707=CARTESIAN_POINT('',(0.0249814606568182,-0.040957171651125,0.00743276261437132));
#10708=CARTESIAN_POINT('',(0.0249814606568182,-0.039997171651125,0.00743276261437132));
#10709=CARTESIAN_POINT('',(0.0247241675970147,-0.040957171651125,0.0079325860174322));
#10710=CARTESIAN_POINT('',(0.0247241675970147,-0.039997171651125,0.0079325860174322));
#10711=CARTESIAN_POINT('',(0.0242517606675394,-0.040957171651125,0.00879725941513244));
#10712=CARTESIAN_POINT('',(0.0242517606675394,-0.039997171651125,0.00879725941513244));
#10713=CARTESIAN_POINT('',(0.0239143271464856,-0.040957171651125,0.00928232010164721));
#10714=CARTESIAN_POINT('',(0.0239143271464856,-0.039997171651125,0.00928232010164721));
#10715=CARTESIAN_POINT('',(0.0239143271464856,-0.040957171651125,0.00928232010164721));
#10716=CARTESIAN_POINT('',(0.0239143271464856,-0.040957171651125,0.00928232010164721));
#10717=CARTESIAN_POINT('',(0.0249814606568182,-0.040957171651125,0.00743276261437132));
#10718=CARTESIAN_POINT('',(0.0247241675970147,-0.040957171651125,0.0079325860174322));
#10719=CARTESIAN_POINT('',(0.0242517606675394,-0.040957171651125,0.00879725941513244));
#10720=CARTESIAN_POINT('',(0.0239143271464856,-0.040957171651125,0.00928232010164721));
#10721=CARTESIAN_POINT('',(0.0233807603913194,-0.040957171651125,0.00906615175222215));
#10722=CARTESIAN_POINT('',(0.0228471936361531,-0.040957171651125,0.00884998340279709));
#10723=CARTESIAN_POINT('',(0.0228471936361531,-0.040957171651125,0.00884998340279709));
#10724=CARTESIAN_POINT('',(0.0233807603913194,-0.040957171651125,0.00906615175222215));
#10725=CARTESIAN_POINT('',(0.0228471936361531,-0.040957171651125,0.00884998340279709));
#10726=CARTESIAN_POINT('',(0.0228471936361531,-0.039997171651125,0.00884998340279709));
#10727=CARTESIAN_POINT('',(0.0232120436307925,-0.040957171651125,0.00832485248565718));
#10728=CARTESIAN_POINT('',(0.0232120436307925,-0.039997171651125,0.00832485248565718));
#10729=CARTESIAN_POINT('',(0.023616963856057,-0.040957171651125,0.00752766579216769));
#10730=CARTESIAN_POINT('',(0.023616963856057,-0.039997171651125,0.00752766579216769));
#10731=CARTESIAN_POINT('',(0.0239016733894461,-0.040957171651125,0.00697511840144217));
#10732=CARTESIAN_POINT('',(0.0239016733894461,-0.039997171651125,0.00697511840144217));
#10733=CARTESIAN_POINT('',(0.0228471936361531,-0.040957171651125,0.00884998340279709));
#10734=CARTESIAN_POINT('',(0.0232120436307925,-0.040957171651125,0.00832485248565718));
#10735=CARTESIAN_POINT('',(0.023616963856057,-0.040957171651125,0.00752766579216769));
#10736=CARTESIAN_POINT('',(0.0239016733894461,-0.040957171651125,0.00697511840144217));
#10737=CARTESIAN_POINT('',(-0.000366441750526422,-0.040957171651125,-0.00815));
#10738=CARTESIAN_POINT('',(0.0221533459584864,-0.040957171651125,0.00669040886805306));
#10739=CARTESIAN_POINT('',(0.0209723286347982,-0.040957171651125,0.00669040886805306));
#10740=CARTESIAN_POINT('',(0.0209723286347982,-0.040957171651125,0.00669040886805306));
#10741=CARTESIAN_POINT('',(0.0221533459584864,-0.040957171651125,0.00669040886805306));
#10742=CARTESIAN_POINT('',(0.0233343632821745,-0.040957171651125,0.00669040886805306));
#10743=CARTESIAN_POINT('',(0.0233343632821745,-0.040957171651125,0.00669040886805306));
#10744=CARTESIAN_POINT('',(0.0209723286347982,-0.040957171651125,0.00720394050790675));
#10745=CARTESIAN_POINT('',(0.0209723286347982,-0.040957171651125,0.00771747214776043));
#10746=CARTESIAN_POINT('',(0.0209723286347982,-0.040957171651125,0.00771747214776043));
#10747=CARTESIAN_POINT('',(0.0209723286347982,-0.040957171651125,0.00720394050790675));
#10748=CARTESIAN_POINT('',(0.0209723286347982,-0.040957171651125,0.00771747214776043));
#10749=CARTESIAN_POINT('',(0.0209723286347982,-0.039997171651125,0.00771747214776043));
#10750=CARTESIAN_POINT('',(0.0209723286347982,-0.040957171651125,0.00810762965647883));
#10751=CARTESIAN_POINT('',(0.0209723286347982,-0.039997171651125,0.00810762965647883));
#10752=CARTESIAN_POINT('',(0.0209997451083839,-0.040957171651125,0.00837757647332183));
#10753=CARTESIAN_POINT('',(0.0209997451083839,-0.039997171651125,0.00837757647332183));
#10754=CARTESIAN_POINT('',(0.0210798855696341,-0.040957171651125,0.00895964929713956));
#10755=CARTESIAN_POINT('',(0.0210798855696341,-0.039997171651125,0.00895964929713956));
#10756=CARTESIAN_POINT('',(0.0210798855696341,-0.040957171651125,0.00895964929713956));
#10757=CARTESIAN_POINT('',(0.0210798855696341,-0.040957171651125,0.00895964929713956));
#10758=CARTESIAN_POINT('',(0.0209723286347982,-0.040957171651125,0.00771747214776043));
#10759=CARTESIAN_POINT('',(0.0209723286347982,-0.040957171651125,0.00810762965647883));
#10760=CARTESIAN_POINT('',(0.0209997451083839,-0.040957171651125,0.00837757647332183));
#10761=CARTESIAN_POINT('',(0.0210798855696341,-0.040957171651125,0.00895964929713956));
#10762=CARTESIAN_POINT('',(0.0200401685328872,-0.040957171651125,0.00895964929713956));
#10763=CARTESIAN_POINT('',(0.0190004514961403,-0.040957171651125,0.00895964929713956));
#10764=CARTESIAN_POINT('',(0.0190004514961403,-0.040957171651125,0.00895964929713956));
#10765=CARTESIAN_POINT('',(0.0200401685328872,-0.040957171651125,0.00895964929713956));
#10766=CARTESIAN_POINT('',(0.0190004514961403,-0.040957171651125,0.00895964929713956));
#10767=CARTESIAN_POINT('',(0.0190004514961403,-0.039997171651125,0.00895964929713956));
#10768=CARTESIAN_POINT('',(0.0190827009168972,-0.040957171651125,0.00837757647332183));
#10769=CARTESIAN_POINT('',(0.0190827009168972,-0.039997171651125,0.00837757647332183));
#10770=CARTESIAN_POINT('',(0.0190953546739367,-0.040957171651125,0.00810762965647883));
#10771=CARTESIAN_POINT('',(0.0190953546739367,-0.039997171651125,0.00810762965647883));
#10772=CARTESIAN_POINT('',(0.0190953546739367,-0.040957171651125,0.00771747214776043));
#10773=CARTESIAN_POINT('',(0.0190953546739367,-0.039997171651125,0.00771747214776043));
#10774=CARTESIAN_POINT('',(0.0190953546739367,-0.040957171651125,0.00771747214776043));
#10775=CARTESIAN_POINT('',(0.0190953546739367,-0.040957171651125,0.00771747214776043));
#10776=CARTESIAN_POINT('',(0.0190004514961403,-0.040957171651125,0.00895964929713956));
#10777=CARTESIAN_POINT('',(0.0190827009168972,-0.040957171651125,0.00837757647332183));
#10778=CARTESIAN_POINT('',(0.0190953546739367,-0.040957171651125,0.00810762965647883));
#10779=CARTESIAN_POINT('',(0.0190953546739367,-0.040957171651125,0.00771747214776043));
#10780=CARTESIAN_POINT('',(0.0190953546739367,-0.040957171651125,0.00720394050790675));
#10781=CARTESIAN_POINT('',(0.0190953546739367,-0.040957171651125,0.00669040886805306));
#10782=CARTESIAN_POINT('',(0.0190953546739367,-0.040957171651125,0.00669040886805306));
#10783=CARTESIAN_POINT('',(0.0190953546739367,-0.040957171651125,0.00720394050790675));
#10784=CARTESIAN_POINT('',(0.0176580987701984,-0.040957171651125,0.00669040886805306));
#10785=CARTESIAN_POINT('',(0.0162208428664601,-0.040957171651125,0.00669040886805306));
#10786=CARTESIAN_POINT('',(0.0162208407974007,-0.040957171651125,0.00669071200405682));
#10787=CARTESIAN_POINT('',(0.0176580987701984,-0.040957171651125,0.00669040886805306));
#10788=CARTESIAN_POINT('',(0.0161184270174652,-0.040957171651125,0.0216952617795584));
#10789=CARTESIAN_POINT('',(0.0148436923086594,-0.040957171651125,0.0067452418152243));
#10790=CARTESIAN_POINT('',(0.0148436923086594,-0.040957171651125,0.0067452418152243));
#10791=CARTESIAN_POINT('',(0.0161184270174652,-0.040957171651125,0.0216952617795584));
#10792=CARTESIAN_POINT('',(0.0148436923086594,-0.040957171651125,0.0067452418152243));
#10793=CARTESIAN_POINT('',(0.0148436923086594,-0.039997171651125,0.0067452418152243));
#10794=CARTESIAN_POINT('',(0.0148985252558306,-0.040957171651125,0.00642046205121006));
#10795=CARTESIAN_POINT('',(0.0148985252558306,-0.039997171651125,0.00642046205121006));
#10796=CARTESIAN_POINT('',(0.0148985252558306,-0.040957171651125,0.00589533113407016));
#10797=CARTESIAN_POINT('',(0.0148985252558306,-0.039997171651125,0.00589533113407016));
#10798=CARTESIAN_POINT('',(0.0148985252558306,-0.040957171651125,0.00559796784364154));
#10799=CARTESIAN_POINT('',(0.0148985252558306,-0.039997171651125,0.00559796784364154));
#10800=CARTESIAN_POINT('',(0.0148985252558306,-0.040957171651125,0.00559796784364154));
#10801=CARTESIAN_POINT('',(0.0148985252558306,-0.040957171651125,0.00559796784364154));
#10802=CARTESIAN_POINT('',(0.0148436923086594,-0.040957171651125,0.0067452418152243));
#10803=CARTESIAN_POINT('',(0.0148985252558306,-0.040957171651125,0.00642046205121006));
#10804=CARTESIAN_POINT('',(0.0148985252558306,-0.040957171651125,0.00589533113407016));
#10805=CARTESIAN_POINT('',(0.0148985252558306,-0.040957171651125,0.00559796784364154));
#10806=CARTESIAN_POINT('',(0.0148985252558306,-0.040957171651125,0.00442327739847316));
#10807=CARTESIAN_POINT('',(0.0148985252558306,-0.040957171651125,0.00324858695330477));
#10808=CARTESIAN_POINT('',(0.0148985252558306,-0.040957171651125,0.00324858695330477));
#10809=CARTESIAN_POINT('',(0.0148985252558306,-0.040957171651125,0.00442327739847316));
#10810=CARTESIAN_POINT('',(0.0148985252558306,-0.040957171651125,0.00324858695330477));
#10811=CARTESIAN_POINT('',(0.0148985252558306,-0.039997171651125,0.00324858695330477));
#10812=CARTESIAN_POINT('',(0.0148985252558306,-0.040957171651125,0.00288584591817199));
#10813=CARTESIAN_POINT('',(0.0148985252558306,-0.039997171651125,0.00288584591817199));
#10814=CARTESIAN_POINT('',(0.0148837625392845,-0.040957171651125,0.00245350921932187));
#10815=CARTESIAN_POINT('',(0.0148837625392845,-0.039997171651125,0.00245350921932187));
#10816=CARTESIAN_POINT('',(0.0148436923086594,-0.040957171651125,0.00211607569826812));
#10817=CARTESIAN_POINT('',(0.0148436923086594,-0.039997171651125,0.00211607569826812));
#10818=CARTESIAN_POINT('',(0.0148436923086594,-0.040957171651125,0.00211607569826812));
#10819=CARTESIAN_POINT('',(0.0148436923086594,-0.040957171651125,0.00211607569826812));
#10820=CARTESIAN_POINT('',(0.0148985252558306,-0.040957171651125,0.00324858695330477));
#10821=CARTESIAN_POINT('',(0.0148985252558306,-0.040957171651125,0.00288584591817199));
#10822=CARTESIAN_POINT('',(0.0148837625392845,-0.040957171651125,0.00245350921932187));
#10823=CARTESIAN_POINT('',(0.0148436923086594,-0.040957171651125,0.00211607569826812));
#10824=CARTESIAN_POINT('',(0.0157747979308171,-0.040957171651125,0.00211607569826812));
#10825=CARTESIAN_POINT('',(0.0167059035529748,-0.040957171651125,0.00211607569826812));
#10826=CARTESIAN_POINT('',(0.0167059035529748,-0.040957171651125,0.00211607569826812));
#10827=CARTESIAN_POINT('',(0.0157747979308171,-0.040957171651125,0.00211607569826812));
#10828=CARTESIAN_POINT('',(0.0167059035529748,-0.040957171651125,0.00211607569826812));
#10829=CARTESIAN_POINT('',(0.0167059035529748,-0.039997171651125,0.00211607569826812));
#10830=CARTESIAN_POINT('',(0.0166658333223497,-0.040957171651125,0.00238602251511112));
#10831=CARTESIAN_POINT('',(0.0166658333223497,-0.039997171651125,0.00238602251511112));
#10832=CARTESIAN_POINT('',(0.0166531795653101,-0.040957171651125,0.00281835921396124));
#10833=CARTESIAN_POINT('',(0.0166531795653101,-0.039997171651125,0.00281835921396124));
#10834=CARTESIAN_POINT('',(0.0166531795653101,-0.040957171651125,0.00311361354488328));
#10835=CARTESIAN_POINT('',(0.0166531795653101,-0.039997171651125,0.00311361354488328));
#10836=CARTESIAN_POINT('',(0.0166531795653101,-0.040957171651125,0.00311361354488328));
#10837=CARTESIAN_POINT('',(0.0166531795653101,-0.040957171651125,0.00311361354488328));
#10838=CARTESIAN_POINT('',(0.0167059035529748,-0.040957171651125,0.00211607569826812));
#10839=CARTESIAN_POINT('',(0.0166658333223497,-0.040957171651125,0.00238602251511112));
#10840=CARTESIAN_POINT('',(0.0166531795653101,-0.040957171651125,0.00281835921396124));
#10841=CARTESIAN_POINT('',(0.0166531795653101,-0.040957171651125,0.00311361354488328));
#10842=CARTESIAN_POINT('',(0.0166531795653101,-0.040957171651125,0.00410587899273197));
#10843=CARTESIAN_POINT('',(0.0166531795653101,-0.040957171651125,0.00509814444058066));
#10844=CARTESIAN_POINT('',(0.0166531795653101,-0.040957171651125,0.00509814444058066));
#10845=CARTESIAN_POINT('',(0.0166531795653101,-0.040957171651125,0.00410587899273197));
#10846=CARTESIAN_POINT('',(0.0200000983022621,-0.040957171651125,0.00509814444058066));
#10847=CARTESIAN_POINT('',(0.023347017039214,-0.040957171651125,0.00509814444058067));
#10848=CARTESIAN_POINT('',(0.023347017039214,-0.040957171651125,0.00509814444058067));
#10849=CARTESIAN_POINT('',(0.0200000983022621,-0.040957171651125,0.00509814444058066));
#10850=CARTESIAN_POINT('',(0.023347017039214,-0.040957171651125,0.00509814444058067));
#10851=CARTESIAN_POINT('',(0.023347017039214,-0.039997171651125,0.00509814444058067));
#10852=CARTESIAN_POINT('',(0.0231846271572069,-0.040957171651125,0.00388338376478715));
#10853=CARTESIAN_POINT('',(0.0231846271572069,-0.039997171651125,0.00388338376478715));
#10854=CARTESIAN_POINT('',(0.0228345398791136,-0.040957171651125,0.00261589910132899));
#10855=CARTESIAN_POINT('',(0.0228345398791136,-0.039997171651125,0.00261589910132899));
#10856=CARTESIAN_POINT('',(0.0221596728370061,-0.040957171651125,0.00161625229520724));
#10857=CARTESIAN_POINT('',(0.0221596728370061,-0.039997171651125,0.00161625229520724));
#10858=CARTESIAN_POINT('',(0.0221596728370061,-0.040957171651125,0.00161625229520724));
#10859=CARTESIAN_POINT('',(0.0221596728370061,-0.040957171651125,0.00161625229520724));
#10860=CARTESIAN_POINT('',(0.023347017039214,-0.040957171651125,0.00509814444058067));
#10861=CARTESIAN_POINT('',(0.0231846271572069,-0.040957171651125,0.00388338376478715));
#10862=CARTESIAN_POINT('',(0.0228345398791136,-0.040957171651125,0.00261589910132899));
#10863=CARTESIAN_POINT('',(0.0221596728370061,-0.040957171651125,0.00161625229520724));
#10864=CARTESIAN_POINT('',(0.0221596728370061,-0.040957171651125,0.00161625229520724));
#10865=CARTESIAN_POINT('',(0.0221596728370061,-0.039997171651125,0.00161625229520724));
#10866=CARTESIAN_POINT('',(0.0213899026171023,-0.040957171651125,0.000523811270795714));
#10867=CARTESIAN_POINT('',(0.0213899026171023,-0.039997171651125,0.000523811270795714));
#10868=CARTESIAN_POINT('',(0.0202025584148944,-0.040957171651125,-0.000260721665654264));
#10869=CARTESIAN_POINT('',(0.0202025584148944,-0.039997171651125,-0.000260721665654264));
#10870=CARTESIAN_POINT('',(0.0190953546739367,-0.040957171651125,-0.000678295647958284));
#10871=CARTESIAN_POINT('',(0.0190953546739367,-0.039997171651125,-0.000678295647958284));
#10872=CARTESIAN_POINT('',(0.0190953546739367,-0.040957171651125,-0.000678295647958284));
#10873=CARTESIAN_POINT('',(0.0190953546739367,-0.040957171651125,-0.000678295647958284));
#10874=CARTESIAN_POINT('',(0.0221596728370061,-0.040957171651125,0.00161625229520724));
#10875=CARTESIAN_POINT('',(0.0213899026171023,-0.040957171651125,0.000523811270795714));
#10876=CARTESIAN_POINT('',(0.0202025584148944,-0.040957171651125,-0.000260721665654264));
#10877=CARTESIAN_POINT('',(0.0190953546739367,-0.040957171651125,-0.000678295647958284));
#10878=CARTESIAN_POINT('',(0.0190953546739367,-0.040957171651125,-0.000678295647958284));
#10879=CARTESIAN_POINT('',(0.0190953546739367,-0.039997171651125,-0.000678295647958284));
#10880=CARTESIAN_POINT('',(0.0185280445666651,-0.040957171651125,-0.000908172234176154));
#10881=CARTESIAN_POINT('',(0.0185280445666651,-0.039997171651125,-0.000908172234176154));
#10882=CARTESIAN_POINT('',(0.0177856908203468,-0.040957171651125,-0.00111063234680841));
#10883=CARTESIAN_POINT('',(0.0177856908203468,-0.039997171651125,-0.00111063234680841));
#10884=CARTESIAN_POINT('',(0.0171783104824501,-0.040957171651125,-0.00121818928164429));
#10885=CARTESIAN_POINT('',(0.0171783104824501,-0.039997171651125,-0.00121818928164429));
#10886=CARTESIAN_POINT('',(0.0171783104824501,-0.040957171651125,-0.00121818928164429));
#10887=CARTESIAN_POINT('',(0.0171783104824501,-0.040957171651125,-0.00121818928164429));
#10888=CARTESIAN_POINT('',(0.0190953546739367,-0.040957171651125,-0.000678295647958284));
#10889=CARTESIAN_POINT('',(0.0185280445666651,-0.040957171651125,-0.000908172234176154));
#10890=CARTESIAN_POINT('',(0.0177856908203468,-0.040957171651125,-0.00111063234680841));
#10891=CARTESIAN_POINT('',(0.0171783104824501,-0.040957171651125,-0.00121818928164429));
#10892=CARTESIAN_POINT('',(0.0178805939981432,-0.040957171651125,-0.0020280297321733));
#10893=CARTESIAN_POINT('',(0.0185828775138363,-0.040957171651125,-0.00283787018270231));
#10894=CARTESIAN_POINT('',(0.0185828775138363,-0.040957171651125,-0.00283787018270231));
#10895=CARTESIAN_POINT('',(0.0178805939981432,-0.040957171651125,-0.0020280297321733));
#10896=CARTESIAN_POINT('',(0.0185828775138363,-0.040957171651125,-0.00283787018270231));
#10897=CARTESIAN_POINT('',(0.0185828775138363,-0.039997171651125,-0.00283787018270231));
#10898=CARTESIAN_POINT('',(0.0209849823918377,-0.040957171651125,-0.00220307337121993));
#10899=CARTESIAN_POINT('',(0.0209849823918377,-0.039997171651125,-0.00220307337121993));
#10900=CARTESIAN_POINT('',(0.0230243462347063,-0.040957171651125,-0.000773198825754652));
#10901=CARTESIAN_POINT('',(0.0230243462347063,-0.039997171651125,-0.000773198825754652));
#10902=CARTESIAN_POINT('',(0.0240893707855323,-0.040957171651125,0.00121133206994274));
#10903=CARTESIAN_POINT('',(0.0240893707855323,-0.039997171651125,0.00121133206994274));
#10904=CARTESIAN_POINT('',(0.0240893707855323,-0.040957171651125,0.00121133206994274));
#10905=CARTESIAN_POINT('',(0.0240893707855323,-0.040957171651125,0.00121133206994274));
#10906=CARTESIAN_POINT('',(0.0185828775138363,-0.040957171651125,-0.00283787018270231));
#10907=CARTESIAN_POINT('',(0.0209849823918377,-0.040957171651125,-0.00220307337121994));
#10908=CARTESIAN_POINT('',(0.0230243462347063,-0.040957171651125,-0.000773198825754652));
#10909=CARTESIAN_POINT('',(0.0240893707855323,-0.040957171651125,0.00121133206994274));
#10910=CARTESIAN_POINT('',(0.0240893707855323,-0.040957171651125,0.00121133206994274));
#10911=CARTESIAN_POINT('',(0.0240893707855323,-0.039997171651125,0.00121133206994274));
#10912=CARTESIAN_POINT('',(0.0247642378276398,-0.040957171651125,0.00243874650277577));
#10913=CARTESIAN_POINT('',(0.0247642378276398,-0.039997171651125,0.00243874650277577));
#10914=CARTESIAN_POINT('',(0.0251164340652397,-0.040957171651125,0.00374841035636565));
#10915=CARTESIAN_POINT('',(0.0251164340652397,-0.039997171651125,0.00374841035636565));
#10916=CARTESIAN_POINT('',(0.025358964408497,-0.040957171651125,0.00504542045291602));
#10917=CARTESIAN_POINT('',(0.025358964408497,-0.039997171651125,0.00504542045291602));
#10918=CARTESIAN_POINT('',(0.025358964408497,-0.040957171651125,0.00504542045291602));
#10919=CARTESIAN_POINT('',(0.025358964408497,-0.040957171651125,0.00504542045291602));
#10920=CARTESIAN_POINT('',(0.0240893707855323,-0.040957171651125,0.00121133206994274));
#10921=CARTESIAN_POINT('',(0.0247642378276398,-0.040957171651125,0.00243874650277577));
#10922=CARTESIAN_POINT('',(0.0251164340652397,-0.040957171651125,0.00374841035636565));
#10923=CARTESIAN_POINT('',(0.025358964408497,-0.040957171651125,0.00504542045291602));
#10924=CARTESIAN_POINT('',(0.025358964408497,-0.040957171651125,0.00504542045291602));
#10925=CARTESIAN_POINT('',(0.025358964408497,-0.039997171651125,0.00504542045291602));
#10926=CARTESIAN_POINT('',(0.0254116883961617,-0.040957171651125,0.00530060455321292));
#10927=CARTESIAN_POINT('',(0.0254116883961617,-0.039997171651125,0.00530060455321292));
#10928=CARTESIAN_POINT('',(0.0255213542905041,-0.040957171651125,0.00581308171331331));
#10929=CARTESIAN_POINT('',(0.0255213542905041,-0.039997171651125,0.00581308171331331));
#10930=CARTESIAN_POINT('',(0.0256141485087939,-0.040957171651125,0.00611044500374193));
#10931=CARTESIAN_POINT('',(0.0256141485087939,-0.039997171651125,0.00611044500374193));
#10932=CARTESIAN_POINT('',(0.0256141485087939,-0.040957171651125,0.00611044500374193));
#10933=CARTESIAN_POINT('',(0.0256141485087939,-0.040957171651125,0.00611044500374193));
#10934=CARTESIAN_POINT('',(0.025358964408497,-0.040957171651125,0.00504542045291602));
#10935=CARTESIAN_POINT('',(0.0254116883961617,-0.040957171651125,0.00530060455321292));
#10936=CARTESIAN_POINT('',(0.0255213542905041,-0.040957171651125,0.00581308171331331));
#10937=CARTESIAN_POINT('',(0.0256141485087939,-0.040957171651125,0.00611044500374193));
#10938=CARTESIAN_POINT('',(0.0250341846444828,-0.040957171651125,0.00646791364010825));
#10939=CARTESIAN_POINT('',(0.0244542207801717,-0.040957171651125,0.00682538227647457));
#10940=CARTESIAN_POINT('',(0.0244542207801717,-0.040957171651125,0.00682538227647457));
#10941=CARTESIAN_POINT('',(0.0250341846444828,-0.040957171651125,0.00646791364010825));
#10942=CARTESIAN_POINT('',(0.0244542207801717,-0.040957171651125,0.00682538227647457));
#10943=CARTESIAN_POINT('',(0.0244542207801717,-0.0399971716511249,0.00682538227647457));
#10944=CARTESIAN_POINT('',(0.0242116904369142,-0.040957171651125,0.0067452418152243));
#10945=CARTESIAN_POINT('',(0.0242116904369142,-0.0399971716511249,0.0067452418152243));
#10946=CARTESIAN_POINT('',(0.0238869106729,-0.040957171651125,0.00669040886805306));
#10947=CARTESIAN_POINT('',(0.0238869106729,-0.0399971716511249,0.00669040886805306));
#10948=CARTESIAN_POINT('',(0.0233343632821745,-0.040957171651125,0.00669040886805306));
#10949=CARTESIAN_POINT('',(0.0233343632821745,-0.0399971716511249,0.00669040886805306));
#10950=CARTESIAN_POINT('',(0.0244542207801717,-0.040957171651125,0.00682538227647457));
#10951=CARTESIAN_POINT('',(0.0242116904369142,-0.040957171651125,0.0067452418152243));
#10952=CARTESIAN_POINT('',(0.0238869106729,-0.040957171651125,0.00669040886805306));
#10953=CARTESIAN_POINT('',(0.0233343632821745,-0.040957171651125,0.00669040886805306));
#10954=CARTESIAN_POINT('',(-0.000366441750526422,-0.040957171651125,-0.00815));
#10955=CARTESIAN_POINT('',(0.025081636233381,-0.040957171651125,0.00955964827676326));
#10956=CARTESIAN_POINT('',(0.024549123957968,-0.040957171651125,0.00933715304881844));
#10957=CARTESIAN_POINT('',(0.024549123957968,-0.040957171651125,0.00933715304881844));
#10958=CARTESIAN_POINT('',(0.025081636233381,-0.040957171651125,0.00955964827676326));
#10959=CARTESIAN_POINT('',(0.0256141485087939,-0.040957171651125,0.00978214350470808));
#10960=CARTESIAN_POINT('',(0.0256141485087939,-0.040957171651125,0.00978214350470808));
#10961=CARTESIAN_POINT('',(0.024549123957968,-0.040957171651125,0.00933715304881844));
#10962=CARTESIAN_POINT('',(0.024549123957968,-0.039997171651125,0.00933715304881844));
#10963=CARTESIAN_POINT('',(0.0249139739526074,-0.040957171651125,0.00883732964575757));
#10964=CARTESIAN_POINT('',(0.0249139739526074,-0.039997171651125,0.00883732964575757));
#10965=CARTESIAN_POINT('',(0.0253442016919509,-0.040957171651125,0.00804014295226808));
#10966=CARTESIAN_POINT('',(0.0253442016919509,-0.039997171651125,0.00804014295226808));
#10967=CARTESIAN_POINT('',(0.02562891122534,-0.040957171651125,0.00748759556154256));
#10968=CARTESIAN_POINT('',(0.02562891122534,-0.039997171651125,0.00748759556154256));
#10969=CARTESIAN_POINT('',(0.02562891122534,-0.040957171651125,0.00748759556154256));
#10970=CARTESIAN_POINT('',(0.02562891122534,-0.040957171651125,0.00748759556154256));
#10971=CARTESIAN_POINT('',(0.024549123957968,-0.040957171651125,0.00933715304881844));
#10972=CARTESIAN_POINT('',(0.0249139739526074,-0.040957171651125,0.00883732964575757));
#10973=CARTESIAN_POINT('',(0.0253442016919509,-0.040957171651125,0.00804014295226808));
#10974=CARTESIAN_POINT('',(0.02562891122534,-0.040957171651125,0.00748759556154256));
#10975=CARTESIAN_POINT('',(0.026161423500753,-0.040957171651125,0.00771747214776043));
#10976=CARTESIAN_POINT('',(0.0266939357761659,-0.040957171651125,0.0079473487339783));
#10977=CARTESIAN_POINT('',(0.0266939357761659,-0.040957171651125,0.0079473487339783));
#10978=CARTESIAN_POINT('',(0.026161423500753,-0.040957171651125,0.00771747214776043));
#10979=CARTESIAN_POINT('',(0.0266939357761659,-0.040957171651125,0.0079473487339783));
#10980=CARTESIAN_POINT('',(0.0266939357761659,-0.039997171651125,0.0079473487339783));
#10981=CARTESIAN_POINT('',(0.0264661681494546,-0.040957171651125,0.00841975566345355));
#10982=CARTESIAN_POINT('',(0.0264661681494546,-0.039997171651125,0.00841975566345355));
#10983=CARTESIAN_POINT('',(0.0259663447463938,-0.040957171651125,0.0092696663446077));
#10984=CARTESIAN_POINT('',(0.0259663447463938,-0.039997171651125,0.0092696663446077));
#10985=CARTESIAN_POINT('',(0.0256141485087939,-0.040957171651125,0.00978214350470808));
#10986=CARTESIAN_POINT('',(0.0256141485087939,-0.039997171651125,0.00978214350470808));
#10987=CARTESIAN_POINT('',(0.0266939357761659,-0.040957171651125,0.0079473487339783));
#10988=CARTESIAN_POINT('',(0.0264661681494546,-0.040957171651125,0.00841975566345355));
#10989=CARTESIAN_POINT('',(0.0259663447463938,-0.040957171651125,0.0092696663446077));
#10990=CARTESIAN_POINT('',(0.0256141485087939,-0.040957171651125,0.00978214350470808));
#10991=CARTESIAN_POINT('',(-0.000366441750526422,-0.040957171651125,-0.00815));
#10992=MECHANICAL_DESIGN_GEOMETRIC_PRESENTATION_REPRESENTATION('',(#5756,
#103,#104,#105,#106,#107,#108,#109,#110,#111,#112,#113,#114,#115,#116,#117,
#118,#119,#120,#121,#122,#123,#124,#125,#126,#127,#128,#129,#130,#131,#132,
#133,#134,#135,#136,#137,#138,#139,#140,#141,#142,#143,#144,#145,#146,#147,
#148,#149,#150,#151,#152,#153,#154,#155,#156,#157,#158,#159,#160,#161,#162,
#163,#164,#165,#166,#167,#168,#169,#170,#171,#172,#173,#174,#175,#176,#177,
#178,#179,#180,#181,#182,#183,#184,#185,#186,#187,#188,#189,#190,#191,#192,
#193,#194,#195,#196,#197,#198,#199,#200,#201,#202,#203,#204,#205,#206,#207,
#208,#209,#210,#211,#212,#213,#214,#215,#216,#217,#218,#219,#220,#221,#222,
#223,#224,#225,#226,#227),#10994);
#10993=MECHANICAL_DESIGN_GEOMETRIC_PRESENTATION_REPRESENTATION('',(#5757,
#228,#229,#230,#231,#232,#233,#234,#235,#236,#237,#238,#239,#240,#241,#242,
#243,#244,#245,#246,#247,#248,#249,#250,#251,#252,#253,#254,#255,#256,#257,
#258,#259,#260,#261,#262,#263,#264,#265,#266,#267,#268,#269,#270,#271,#272,
#273,#274,#275,#276,#277,#278,#279,#280,#281,#282,#283,#284,#285,#286,#287,
#288,#289,#290,#291,#292,#293,#294,#295,#296,#297,#298,#299,#300,#301,#302,
#303,#304,#305,#306,#307,#308,#309,#310,#311,#312,#313),#10995);
#10994=(
GEOMETRIC_REPRESENTATION_CONTEXT(3)
GLOBAL_UNCERTAINTY_ASSIGNED_CONTEXT((#10996))
GLOBAL_UNIT_ASSIGNED_CONTEXT((#11002,#11000,#10998))
REPRESENTATION_CONTEXT('Part 2','TOP_LEVEL_ASSEMBLY_PART')
);
#10995=(
GEOMETRIC_REPRESENTATION_CONTEXT(3)
GLOBAL_UNCERTAINTY_ASSIGNED_CONTEXT((#10997))
GLOBAL_UNIT_ASSIGNED_CONTEXT((#11003,#11001,#10999))
REPRESENTATION_CONTEXT('Part 1','TOP_LEVEL_ASSEMBLY_PART')
);
#10996=UNCERTAINTY_MEASURE_WITH_UNIT(LENGTH_MEASURE(2.E-5),#11002,
'DISTANCE_ACCURACY_VALUE','Maximum Tolerance applied to model');
#10997=UNCERTAINTY_MEASURE_WITH_UNIT(LENGTH_MEASURE(2.01265658244472E-5),
#11003,'DISTANCE_ACCURACY_VALUE','Maximum Tolerance applied to model');
#10998=(
NAMED_UNIT(*)
SI_UNIT($,.STERADIAN.)
SOLID_ANGLE_UNIT()
);
#10999=(
NAMED_UNIT(*)
SI_UNIT($,.STERADIAN.)
SOLID_ANGLE_UNIT()
);
#11000=(
NAMED_UNIT(*)
PLANE_ANGLE_UNIT()
SI_UNIT($,.RADIAN.)
);
#11001=(
NAMED_UNIT(*)
PLANE_ANGLE_UNIT()
SI_UNIT($,.RADIAN.)
);
#11002=(
LENGTH_UNIT()
NAMED_UNIT(*)
SI_UNIT($,.METRE.)
);
#11003=(
LENGTH_UNIT()
NAMED_UNIT(*)
SI_UNIT($,.METRE.)
);
#11004=PRODUCT_DEFINITION_SHAPE('','',#11006);
#11005=PRODUCT_DEFINITION_SHAPE('','',#11007);
#11006=PRODUCT_DEFINITION('','',#11010,#11008);
#11007=PRODUCT_DEFINITION('','',#11011,#11009);
#11008=PRODUCT_DEFINITION_CONTEXT('',#11022,'design');
#11009=PRODUCT_DEFINITION_CONTEXT('',#11023,'design');
#11010=PRODUCT_DEFINITION_FORMATION_WITH_SPECIFIED_SOURCE('','',#11014,
 .NOT_KNOWN.);
#11011=PRODUCT_DEFINITION_FORMATION_WITH_SPECIFIED_SOURCE('','',#11015,
 .NOT_KNOWN.);
#11012=PRODUCT_RELATED_PRODUCT_CATEGORY('','',(#11014));
#11013=PRODUCT_RELATED_PRODUCT_CATEGORY('','',(#11015));
#11014=PRODUCT('Part 2','Part 2','Part 2',(#11018));
#11015=PRODUCT('Part 1','Part 1','Part 1',(#11019));
#11016=PRODUCT_CATEGORY('','');
#11017=PRODUCT_CATEGORY('','');
#11018=PRODUCT_CONTEXT('',#11022,'mechanical');
#11019=PRODUCT_CONTEXT('',#11023,'mechanical');
#11020=APPLICATION_PROTOCOL_DEFINITION('international standard',
'ap242_managed_model_based_3d_engineering',2020,#11022);
#11021=APPLICATION_PROTOCOL_DEFINITION('international standard',
'ap242_managed_model_based_3d_engineering',2020,#11023);
#11022=APPLICATION_CONTEXT('managed model based 3d engineering');
#11023=APPLICATION_CONTEXT('managed model based 3d engineering');
ENDSEC;
END-ISO-10303-21;
