ISO-10303-21;
HEADER;
/* Generated by software containing ST-Developer
 * from STEP Tools, Inc. (www.steptools.com) 
 */
/* OPTION: using custom renumber hook */

FILE_DESCRIPTION(
/* description */ ('STEP AP242 Edition 2',
'CAx-IF Rec.Pracs.---Representation and Presentation of Product Manufa
cturing Information (PMI)---4.0---2014-10-13',
'CAx-IF Rec.Pracs.---3D Tessellated Geometry---0.4---2014-09-14','2;1',
'CAx-IF Rec.Pracs.---User Defined Attributes---1.5---2016-08-15'),
/* implementation_level */ '2;1');

FILE_NAME(
/* name */ 'Part Studio 2 - Part 2',
/* time_stamp */ '2026-09-07T14:24:16Z',
/* author */ (''),
/* organization */ (''),
/* preprocessor_version */ 'ST-DEVELOPER v20',
/* originating_system */ 'ONSHAPE BY PTC INC, 1.220',
/* authorisation */ '  ');

FILE_SCHEMA (('AP242_MANAGED_MODEL_BASED_3D_ENGINEERING_MIM_LF { 1 0 10303 442 3 1 4 }'));
ENDSEC;

DATA;
#10=SHAPE_REPRESENTATION_RELATIONSHIP('','',#3532,#11);
#11=ADVANCED_BREP_SHAPE_REPRESENTATION('',(#3530),#5446);
#12=B_SPLINE_SURFACE_WITH_KNOTS('',3,1,((#4424,#4425),(#4426,#4427),(#4428,
#4429),(#4430,#4431)),.SURF_OF_LINEAR_EXTRUSION.,.F.,.F.,.F.,(4,4),(2,2),
(0.,1.),(0.,1.),.PIECEWISE_BEZIER_KNOTS.);
#13=B_SPLINE_SURFACE_WITH_KNOTS('',3,1,((#4444,#4445),(#4446,#4447),(#4448,
#4449),(#4450,#4451)),.SURF_OF_LINEAR_EXTRUSION.,.F.,.F.,.F.,(4,4),(2,2),
(0.,1.),(0.,1.),.PIECEWISE_BEZIER_KNOTS.);
#14=B_SPLINE_SURFACE_WITH_KNOTS('',3,1,((#4461,#4462),(#4463,#4464),(#4465,
#4466),(#4467,#4468)),.SURF_OF_LINEAR_EXTRUSION.,.F.,.F.,.F.,(4,4),(2,2),
(0.,1.),(0.,1.),.PIECEWISE_BEZIER_KNOTS.);
#15=B_SPLINE_SURFACE_WITH_KNOTS('',3,1,((#4490,#4491),(#4492,#4493),(#4494,
#4495),(#4496,#4497)),.SURF_OF_LINEAR_EXTRUSION.,.F.,.F.,.F.,(4,4),(2,2),
(0.,1.),(0.,1.),.PIECEWISE_BEZIER_KNOTS.);
#16=B_SPLINE_SURFACE_WITH_KNOTS('',3,1,((#4510,#4511),(#4512,#4513),(#4514,
#4515),(#4516,#4517)),.SURF_OF_LINEAR_EXTRUSION.,.F.,.F.,.F.,(4,4),(2,2),
(0.,1.),(0.,1.),.PIECEWISE_BEZIER_KNOTS.);
#17=B_SPLINE_SURFACE_WITH_KNOTS('',3,1,((#4527,#4528),(#4529,#4530),(#4531,
#4532),(#4533,#4534)),.SURF_OF_LINEAR_EXTRUSION.,.F.,.F.,.F.,(4,4),(2,2),
(0.,1.),(0.,1.),.PIECEWISE_BEZIER_KNOTS.);
#18=B_SPLINE_SURFACE_WITH_KNOTS('',3,1,((#4562,#4563),(#4564,#4565),(#4566,
#4567),(#4568,#4569)),.SURF_OF_LINEAR_EXTRUSION.,.F.,.F.,.F.,(4,4),(2,2),
(0.,1.),(0.,1.),.PIECEWISE_BEZIER_KNOTS.);
#19=B_SPLINE_SURFACE_WITH_KNOTS('',3,1,((#4577,#4578),(#4579,#4580),(#4581,
#4582),(#4583,#4584)),.SURF_OF_LINEAR_EXTRUSION.,.F.,.F.,.F.,(4,4),(2,2),
(0.,1.),(0.,1.),.PIECEWISE_BEZIER_KNOTS.);
#20=B_SPLINE_SURFACE_WITH_KNOTS('',3,1,((#4590,#4591),(#4592,#4593),(#4594,
#4595),(#4596,#4597)),.SURF_OF_LINEAR_EXTRUSION.,.F.,.F.,.F.,(4,4),(2,2),
(0.,1.),(0.,1.),.PIECEWISE_BEZIER_KNOTS.);
#21=B_SPLINE_SURFACE_WITH_KNOTS('',3,1,((#4603,#4604),(#4605,#4606),(#4607,
#4608),(#4609,#4610)),.SURF_OF_LINEAR_EXTRUSION.,.F.,.F.,.F.,(4,4),(2,2),
(0.,1.),(0.,1.),.PIECEWISE_BEZIER_KNOTS.);
#22=B_SPLINE_SURFACE_WITH_KNOTS('',3,1,((#4616,#4617),(#4618,#4619),(#4620,
#4621),(#4622,#4623)),.SURF_OF_LINEAR_EXTRUSION.,.F.,.F.,.F.,(4,4),(2,2),
(0.,1.),(0.,1.),.PIECEWISE_BEZIER_KNOTS.);
#23=B_SPLINE_SURFACE_WITH_KNOTS('',3,1,((#4629,#4630),(#4631,#4632),(#4633,
#4634),(#4635,#4636)),.SURF_OF_LINEAR_EXTRUSION.,.F.,.F.,.F.,(4,4),(2,2),
(0.,1.),(0.,1.),.PIECEWISE_BEZIER_KNOTS.);
#24=B_SPLINE_SURFACE_WITH_KNOTS('',3,1,((#4642,#4643),(#4644,#4645),(#4646,
#4647),(#4648,#4649)),.SURF_OF_LINEAR_EXTRUSION.,.F.,.F.,.F.,(4,4),(2,2),
(0.,1.),(0.,1.),.PIECEWISE_BEZIER_KNOTS.);
#25=B_SPLINE_SURFACE_WITH_KNOTS('',3,1,((#4667,#4668),(#4669,#4670),(#4671,
#4672),(#4673,#4674)),.SURF_OF_LINEAR_EXTRUSION.,.F.,.F.,.F.,(4,4),(2,2),
(0.,1.),(0.,1.),.PIECEWISE_BEZIER_KNOTS.);
#26=B_SPLINE_SURFACE_WITH_KNOTS('',3,1,((#4681,#4682),(#4683,#4684),(#4685,
#4686),(#4687,#4688)),.SURF_OF_LINEAR_EXTRUSION.,.F.,.F.,.F.,(4,4),(2,2),
(0.,1.),(0.,1.),.PIECEWISE_BEZIER_KNOTS.);
#27=B_SPLINE_SURFACE_WITH_KNOTS('',3,1,((#4697,#4698),(#4699,#4700),(#4701,
#4702),(#4703,#4704)),.SURF_OF_LINEAR_EXTRUSION.,.F.,.F.,.F.,(4,4),(2,2),
(0.,1.),(0.,1.),.PIECEWISE_BEZIER_KNOTS.);
#28=B_SPLINE_SURFACE_WITH_KNOTS('',3,1,((#4712,#4713),(#4714,#4715),(#4716,
#4717),(#4718,#4719)),.SURF_OF_LINEAR_EXTRUSION.,.F.,.F.,.F.,(4,4),(2,2),
(0.,1.),(0.,1.),.PIECEWISE_BEZIER_KNOTS.);
#29=B_SPLINE_SURFACE_WITH_KNOTS('',3,1,((#4725,#4726),(#4727,#4728),(#4729,
#4730),(#4731,#4732)),.SURF_OF_LINEAR_EXTRUSION.,.F.,.F.,.F.,(4,4),(2,2),
(0.,1.),(0.,1.),.PIECEWISE_BEZIER_KNOTS.);
#30=B_SPLINE_SURFACE_WITH_KNOTS('',3,1,((#4750,#4751),(#4752,#4753),(#4754,
#4755),(#4756,#4757)),.SURF_OF_LINEAR_EXTRUSION.,.F.,.F.,.F.,(4,4),(2,2),
(0.,1.),(0.,1.),.PIECEWISE_BEZIER_KNOTS.);
#31=B_SPLINE_SURFACE_WITH_KNOTS('',3,1,((#4763,#4764),(#4765,#4766),(#4767,
#4768),(#4769,#4770)),.SURF_OF_LINEAR_EXTRUSION.,.F.,.F.,.F.,(4,4),(2,2),
(0.,1.),(0.,1.),.PIECEWISE_BEZIER_KNOTS.);
#32=B_SPLINE_SURFACE_WITH_KNOTS('',3,1,((#4776,#4777),(#4778,#4779),(#4780,
#4781),(#4782,#4783)),.SURF_OF_LINEAR_EXTRUSION.,.F.,.F.,.F.,(4,4),(2,2),
(0.,1.),(0.,1.),.PIECEWISE_BEZIER_KNOTS.);
#33=B_SPLINE_SURFACE_WITH_KNOTS('',3,1,((#4789,#4790),(#4791,#4792),(#4793,
#4794),(#4795,#4796)),.SURF_OF_LINEAR_EXTRUSION.,.F.,.F.,.F.,(4,4),(2,2),
(0.,1.),(0.,1.),.PIECEWISE_BEZIER_KNOTS.);
#34=B_SPLINE_SURFACE_WITH_KNOTS('',3,1,((#4814,#4815),(#4816,#4817),(#4818,
#4819),(#4820,#4821)),.SURF_OF_LINEAR_EXTRUSION.,.F.,.F.,.F.,(4,4),(2,2),
(0.,1.),(0.,1.),.PIECEWISE_BEZIER_KNOTS.);
#35=B_SPLINE_SURFACE_WITH_KNOTS('',3,1,((#4851,#4852),(#4853,#4854),(#4855,
#4856),(#4857,#4858)),.SURF_OF_LINEAR_EXTRUSION.,.F.,.F.,.F.,(4,4),(2,2),
(0.,1.),(0.,1.),.PIECEWISE_BEZIER_KNOTS.);
#36=B_SPLINE_SURFACE_WITH_KNOTS('',3,1,((#4866,#4867),(#4868,#4869),(#4870,
#4871),(#4872,#4873)),.SURF_OF_LINEAR_EXTRUSION.,.F.,.F.,.F.,(4,4),(2,2),
(0.,1.),(0.,1.),.PIECEWISE_BEZIER_KNOTS.);
#37=B_SPLINE_SURFACE_WITH_KNOTS('',3,1,((#4879,#4880),(#4881,#4882),(#4883,
#4884),(#4885,#4886)),.SURF_OF_LINEAR_EXTRUSION.,.F.,.F.,.F.,(4,4),(2,2),
(0.,1.),(0.,1.),.PIECEWISE_BEZIER_KNOTS.);
#38=B_SPLINE_SURFACE_WITH_KNOTS('',3,1,((#4892,#4893),(#4894,#4895),(#4896,
#4897),(#4898,#4899)),.SURF_OF_LINEAR_EXTRUSION.,.F.,.F.,.F.,(4,4),(2,2),
(0.,1.),(0.,1.),.PIECEWISE_BEZIER_KNOTS.);
#39=B_SPLINE_SURFACE_WITH_KNOTS('',3,1,((#4905,#4906),(#4907,#4908),(#4909,
#4910),(#4911,#4912)),.SURF_OF_LINEAR_EXTRUSION.,.F.,.F.,.F.,(4,4),(2,2),
(0.,1.),(0.,1.),.PIECEWISE_BEZIER_KNOTS.);
#40=B_SPLINE_SURFACE_WITH_KNOTS('',3,1,((#4918,#4919),(#4920,#4921),(#4922,
#4923),(#4924,#4925)),.SURF_OF_LINEAR_EXTRUSION.,.F.,.F.,.F.,(4,4),(2,2),
(0.,1.),(0.,1.),.PIECEWISE_BEZIER_KNOTS.);
#41=B_SPLINE_SURFACE_WITH_KNOTS('',3,1,((#4931,#4932),(#4933,#4934),(#4935,
#4936),(#4937,#4938)),.SURF_OF_LINEAR_EXTRUSION.,.F.,.F.,.F.,(4,4),(2,2),
(0.,1.),(0.,1.),.PIECEWISE_BEZIER_KNOTS.);
#42=B_SPLINE_SURFACE_WITH_KNOTS('',3,1,((#4948,#4949),(#4950,#4951),(#4952,
#4953),(#4954,#4955)),.SURF_OF_LINEAR_EXTRUSION.,.F.,.F.,.F.,(4,4),(2,2),
(0.,1.),(0.,1.),.PIECEWISE_BEZIER_KNOTS.);
#43=B_SPLINE_SURFACE_WITH_KNOTS('',3,1,((#4961,#4962),(#4963,#4964),(#4965,
#4966),(#4967,#4968)),.SURF_OF_LINEAR_EXTRUSION.,.F.,.F.,.F.,(4,4),(2,2),
(0.,1.),(0.,1.),.PIECEWISE_BEZIER_KNOTS.);
#44=B_SPLINE_SURFACE_WITH_KNOTS('',3,1,((#4974,#4975),(#4976,#4977),(#4978,
#4979),(#4980,#4981)),.SURF_OF_LINEAR_EXTRUSION.,.F.,.F.,.F.,(4,4),(2,2),
(0.,1.),(0.,1.),.PIECEWISE_BEZIER_KNOTS.);
#45=B_SPLINE_SURFACE_WITH_KNOTS('',3,1,((#4987,#4988),(#4989,#4990),(#4991,
#4992),(#4993,#4994)),.SURF_OF_LINEAR_EXTRUSION.,.F.,.F.,.F.,(4,4),(2,2),
(0.,1.),(0.,1.),.PIECEWISE_BEZIER_KNOTS.);
#46=B_SPLINE_SURFACE_WITH_KNOTS('',3,1,((#5000,#5001),(#5002,#5003),(#5004,
#5005),(#5006,#5007)),.SURF_OF_LINEAR_EXTRUSION.,.F.,.F.,.F.,(4,4),(2,2),
(0.,1.),(0.,1.),.PIECEWISE_BEZIER_KNOTS.);
#47=B_SPLINE_SURFACE_WITH_KNOTS('',3,1,((#5013,#5014),(#5015,#5016),(#5017,
#5018),(#5019,#5020)),.SURF_OF_LINEAR_EXTRUSION.,.F.,.F.,.F.,(4,4),(2,2),
(0.,1.),(0.,1.),.PIECEWISE_BEZIER_KNOTS.);
#48=B_SPLINE_SURFACE_WITH_KNOTS('',3,1,((#5026,#5027),(#5028,#5029),(#5030,
#5031),(#5032,#5033)),.SURF_OF_LINEAR_EXTRUSION.,.F.,.F.,.F.,(4,4),(2,2),
(0.,1.),(0.,1.),.PIECEWISE_BEZIER_KNOTS.);
#49=B_SPLINE_SURFACE_WITH_KNOTS('',3,1,((#5039,#5040),(#5041,#5042),(#5043,
#5044),(#5045,#5046)),.SURF_OF_LINEAR_EXTRUSION.,.F.,.F.,.F.,(4,4),(2,2),
(0.,1.),(0.,1.),.PIECEWISE_BEZIER_KNOTS.);
#50=B_SPLINE_SURFACE_WITH_KNOTS('',3,1,((#5104,#5105),(#5106,#5107),(#5108,
#5109),(#5110,#5111)),.SURF_OF_LINEAR_EXTRUSION.,.F.,.F.,.F.,(4,4),(2,2),
(0.,1.),(0.,1.),.PIECEWISE_BEZIER_KNOTS.);
#51=B_SPLINE_SURFACE_WITH_KNOTS('',3,1,((#5119,#5120),(#5121,#5122),(#5123,
#5124),(#5125,#5126)),.SURF_OF_LINEAR_EXTRUSION.,.F.,.F.,.F.,(4,4),(2,2),
(0.,1.),(0.,1.),.PIECEWISE_BEZIER_KNOTS.);
#52=B_SPLINE_SURFACE_WITH_KNOTS('',3,1,((#5132,#5133),(#5134,#5135),(#5136,
#5137),(#5138,#5139)),.SURF_OF_LINEAR_EXTRUSION.,.F.,.F.,.F.,(4,4),(2,2),
(0.,1.),(0.,1.),.PIECEWISE_BEZIER_KNOTS.);
#53=B_SPLINE_SURFACE_WITH_KNOTS('',3,1,((#5145,#5146),(#5147,#5148),(#5149,
#5150),(#5151,#5152)),.SURF_OF_LINEAR_EXTRUSION.,.F.,.F.,.F.,(4,4),(2,2),
(0.,1.),(0.,1.),.PIECEWISE_BEZIER_KNOTS.);
#54=B_SPLINE_SURFACE_WITH_KNOTS('',3,1,((#5158,#5159),(#5160,#5161),(#5162,
#5163),(#5164,#5165)),.SURF_OF_LINEAR_EXTRUSION.,.F.,.F.,.F.,(4,4),(2,2),
(0.,1.),(0.,1.),.PIECEWISE_BEZIER_KNOTS.);
#55=B_SPLINE_SURFACE_WITH_KNOTS('',3,1,((#5171,#5172),(#5173,#5174),(#5175,
#5176),(#5177,#5178)),.SURF_OF_LINEAR_EXTRUSION.,.F.,.F.,.F.,(4,4),(2,2),
(0.,1.),(0.,1.),.PIECEWISE_BEZIER_KNOTS.);
#56=B_SPLINE_SURFACE_WITH_KNOTS('',3,1,((#5184,#5185),(#5186,#5187),(#5188,
#5189),(#5190,#5191)),.SURF_OF_LINEAR_EXTRUSION.,.F.,.F.,.F.,(4,4),(2,2),
(0.,1.),(0.,1.),.PIECEWISE_BEZIER_KNOTS.);
#57=B_SPLINE_SURFACE_WITH_KNOTS('',3,1,((#5201,#5202),(#5203,#5204),(#5205,
#5206),(#5207,#5208)),.SURF_OF_LINEAR_EXTRUSION.,.F.,.F.,.F.,(4,4),(2,2),
(0.,1.),(0.,1.),.PIECEWISE_BEZIER_KNOTS.);
#58=B_SPLINE_SURFACE_WITH_KNOTS('',3,1,((#5214,#5215),(#5216,#5217),(#5218,
#5219),(#5220,#5221)),.SURF_OF_LINEAR_EXTRUSION.,.F.,.F.,.F.,(4,4),(2,2),
(0.,1.),(0.,1.),.PIECEWISE_BEZIER_KNOTS.);
#59=B_SPLINE_SURFACE_WITH_KNOTS('',3,1,((#5227,#5228),(#5229,#5230),(#5231,
#5232),(#5233,#5234)),.SURF_OF_LINEAR_EXTRUSION.,.F.,.F.,.F.,(4,4),(2,2),
(0.,1.),(0.,1.),.PIECEWISE_BEZIER_KNOTS.);
#60=B_SPLINE_SURFACE_WITH_KNOTS('',3,1,((#5240,#5241),(#5242,#5243),(#5244,
#5245),(#5246,#5247)),.SURF_OF_LINEAR_EXTRUSION.,.F.,.F.,.F.,(4,4),(2,2),
(0.,1.),(0.,1.),.PIECEWISE_BEZIER_KNOTS.);
#61=B_SPLINE_SURFACE_WITH_KNOTS('',3,1,((#5253,#5254),(#5255,#5256),(#5257,
#5258),(#5259,#5260)),.SURF_OF_LINEAR_EXTRUSION.,.F.,.F.,.F.,(4,4),(2,2),
(0.,1.),(0.,1.),.PIECEWISE_BEZIER_KNOTS.);
#62=B_SPLINE_SURFACE_WITH_KNOTS('',3,1,((#5266,#5267),(#5268,#5269),(#5270,
#5271),(#5272,#5273)),.SURF_OF_LINEAR_EXTRUSION.,.F.,.F.,.F.,(4,4),(2,2),
(0.,1.),(0.,1.),.PIECEWISE_BEZIER_KNOTS.);
#63=B_SPLINE_SURFACE_WITH_KNOTS('',3,1,((#5279,#5280),(#5281,#5282),(#5283,
#5284),(#5285,#5286)),.SURF_OF_LINEAR_EXTRUSION.,.F.,.F.,.F.,(4,4),(2,2),
(0.,1.),(0.,1.),.PIECEWISE_BEZIER_KNOTS.);
#64=B_SPLINE_SURFACE_WITH_KNOTS('',3,1,((#5292,#5293),(#5294,#5295),(#5296,
#5297),(#5298,#5299)),.SURF_OF_LINEAR_EXTRUSION.,.F.,.F.,.F.,(4,4),(2,2),
(0.,1.),(0.,1.),.PIECEWISE_BEZIER_KNOTS.);
#65=B_SPLINE_SURFACE_WITH_KNOTS('',3,1,((#5341,#5342),(#5343,#5344),(#5345,
#5346),(#5347,#5348)),.SURF_OF_LINEAR_EXTRUSION.,.F.,.F.,.F.,(4,4),(2,2),
(0.,1.),(0.,1.),.PIECEWISE_BEZIER_KNOTS.);
#66=OVER_RIDING_STYLED_ITEM('',(#2773),#2642,#2771);
#67=OVER_RIDING_STYLED_ITEM('',(#2774),#2643,#2771);
#68=OVER_RIDING_STYLED_ITEM('',(#2775),#2644,#2771);
#69=OVER_RIDING_STYLED_ITEM('',(#2776),#2645,#2771);
#70=OVER_RIDING_STYLED_ITEM('',(#2777),#2646,#2771);
#71=OVER_RIDING_STYLED_ITEM('',(#2778),#2647,#2771);
#72=OVER_RIDING_STYLED_ITEM('',(#2779),#2648,#2771);
#73=OVER_RIDING_STYLED_ITEM('',(#2780),#2649,#2771);
#74=OVER_RIDING_STYLED_ITEM('',(#2781),#2650,#2771);
#75=OVER_RIDING_STYLED_ITEM('',(#2782),#2651,#2771);
#76=OVER_RIDING_STYLED_ITEM('',(#2783),#2652,#2771);
#77=OVER_RIDING_STYLED_ITEM('',(#2784),#2653,#2771);
#78=OVER_RIDING_STYLED_ITEM('',(#2785),#2654,#2771);
#79=OVER_RIDING_STYLED_ITEM('',(#2786),#2655,#2771);
#80=OVER_RIDING_STYLED_ITEM('',(#2787),#2656,#2771);
#81=OVER_RIDING_STYLED_ITEM('',(#2788),#2657,#2771);
#82=OVER_RIDING_STYLED_ITEM('',(#2789),#2658,#2771);
#83=OVER_RIDING_STYLED_ITEM('',(#2790),#2659,#2771);
#84=OVER_RIDING_STYLED_ITEM('',(#2791),#2660,#2771);
#85=OVER_RIDING_STYLED_ITEM('',(#2792),#2661,#2771);
#86=OVER_RIDING_STYLED_ITEM('',(#2793),#2662,#2771);
#87=OVER_RIDING_STYLED_ITEM('',(#2794),#2663,#2771);
#88=OVER_RIDING_STYLED_ITEM('',(#2795),#2664,#2771);
#89=OVER_RIDING_STYLED_ITEM('',(#2796),#2665,#2771);
#90=OVER_RIDING_STYLED_ITEM('',(#2797),#2666,#2771);
#91=OVER_RIDING_STYLED_ITEM('',(#2798),#2668,#2771);
#92=OVER_RIDING_STYLED_ITEM('',(#2799),#2669,#2771);
#93=OVER_RIDING_STYLED_ITEM('',(#2800),#2670,#2771);
#94=OVER_RIDING_STYLED_ITEM('',(#2801),#2671,#2771);
#95=OVER_RIDING_STYLED_ITEM('',(#2802),#2672,#2771);
#96=OVER_RIDING_STYLED_ITEM('',(#2803),#2673,#2771);
#97=OVER_RIDING_STYLED_ITEM('',(#2804),#2674,#2771);
#98=OVER_RIDING_STYLED_ITEM('',(#2805),#2675,#2771);
#99=OVER_RIDING_STYLED_ITEM('',(#2806),#2676,#2771);
#100=OVER_RIDING_STYLED_ITEM('',(#2807),#2677,#2771);
#101=OVER_RIDING_STYLED_ITEM('',(#2808),#2678,#2771);
#102=OVER_RIDING_STYLED_ITEM('',(#2809),#2679,#2771);
#103=OVER_RIDING_STYLED_ITEM('',(#2810),#2680,#2771);
#104=OVER_RIDING_STYLED_ITEM('',(#2811),#2681,#2771);
#105=OVER_RIDING_STYLED_ITEM('',(#2812),#2682,#2771);
#106=OVER_RIDING_STYLED_ITEM('',(#2813),#2683,#2771);
#107=OVER_RIDING_STYLED_ITEM('',(#2814),#2684,#2771);
#108=OVER_RIDING_STYLED_ITEM('',(#2815),#2685,#2771);
#109=OVER_RIDING_STYLED_ITEM('',(#2816),#2686,#2771);
#110=OVER_RIDING_STYLED_ITEM('',(#2817),#2687,#2771);
#111=OVER_RIDING_STYLED_ITEM('',(#2818),#2688,#2771);
#112=OVER_RIDING_STYLED_ITEM('',(#2819),#2689,#2771);
#113=OVER_RIDING_STYLED_ITEM('',(#2820),#2690,#2771);
#114=OVER_RIDING_STYLED_ITEM('',(#2821),#2691,#2771);
#115=OVER_RIDING_STYLED_ITEM('',(#2822),#2692,#2771);
#116=OVER_RIDING_STYLED_ITEM('',(#2823),#2693,#2771);
#117=OVER_RIDING_STYLED_ITEM('',(#2824),#2694,#2771);
#118=OVER_RIDING_STYLED_ITEM('',(#2825),#2695,#2771);
#119=OVER_RIDING_STYLED_ITEM('',(#2826),#2696,#2771);
#120=OVER_RIDING_STYLED_ITEM('',(#2827),#2697,#2771);
#121=OVER_RIDING_STYLED_ITEM('',(#2828),#2698,#2771);
#122=OVER_RIDING_STYLED_ITEM('',(#2829),#2699,#2771);
#123=OVER_RIDING_STYLED_ITEM('',(#2830),#2700,#2771);
#124=OVER_RIDING_STYLED_ITEM('',(#2831),#2701,#2771);
#125=OVER_RIDING_STYLED_ITEM('',(#2832),#2702,#2771);
#126=OVER_RIDING_STYLED_ITEM('',(#2833),#2703,#2771);
#127=OVER_RIDING_STYLED_ITEM('',(#2834),#2704,#2771);
#128=OVER_RIDING_STYLED_ITEM('',(#2835),#2705,#2771);
#129=OVER_RIDING_STYLED_ITEM('',(#2836),#2706,#2771);
#130=OVER_RIDING_STYLED_ITEM('',(#2837),#2707,#2771);
#131=OVER_RIDING_STYLED_ITEM('',(#2838),#2708,#2771);
#132=OVER_RIDING_STYLED_ITEM('',(#2839),#2709,#2771);
#133=OVER_RIDING_STYLED_ITEM('',(#2840),#2710,#2771);
#134=OVER_RIDING_STYLED_ITEM('',(#2841),#2711,#2771);
#135=OVER_RIDING_STYLED_ITEM('',(#2842),#2712,#2771);
#136=OVER_RIDING_STYLED_ITEM('',(#2843),#2713,#2771);
#137=OVER_RIDING_STYLED_ITEM('',(#2844),#2714,#2771);
#138=OVER_RIDING_STYLED_ITEM('',(#2845),#2715,#2771);
#139=OVER_RIDING_STYLED_ITEM('',(#2846),#2716,#2771);
#140=OVER_RIDING_STYLED_ITEM('',(#2847),#2717,#2771);
#141=OVER_RIDING_STYLED_ITEM('',(#2848),#2718,#2771);
#142=OVER_RIDING_STYLED_ITEM('',(#2849),#2719,#2771);
#143=OVER_RIDING_STYLED_ITEM('',(#2850),#2720,#2771);
#144=OVER_RIDING_STYLED_ITEM('',(#2851),#2721,#2771);
#145=OVER_RIDING_STYLED_ITEM('',(#2852),#2722,#2771);
#146=OVER_RIDING_STYLED_ITEM('',(#2853),#2723,#2771);
#147=OVER_RIDING_STYLED_ITEM('',(#2854),#2724,#2771);
#148=OVER_RIDING_STYLED_ITEM('',(#2855),#2725,#2771);
#149=OVER_RIDING_STYLED_ITEM('',(#2856),#2726,#2771);
#150=OVER_RIDING_STYLED_ITEM('',(#2857),#2727,#2771);
#151=OVER_RIDING_STYLED_ITEM('',(#2858),#2728,#2771);
#152=OVER_RIDING_STYLED_ITEM('',(#2859),#2729,#2771);
#153=OVER_RIDING_STYLED_ITEM('',(#2860),#2730,#2771);
#154=OVER_RIDING_STYLED_ITEM('',(#2861),#2731,#2771);
#155=OVER_RIDING_STYLED_ITEM('',(#2862),#2732,#2771);
#156=OVER_RIDING_STYLED_ITEM('',(#2863),#2733,#2771);
#157=OVER_RIDING_STYLED_ITEM('',(#2864),#2734,#2771);
#158=OVER_RIDING_STYLED_ITEM('',(#2865),#2735,#2771);
#159=OVER_RIDING_STYLED_ITEM('',(#2866),#2736,#2771);
#160=OVER_RIDING_STYLED_ITEM('',(#2867),#2737,#2771);
#161=OVER_RIDING_STYLED_ITEM('',(#2868),#2738,#2771);
#162=OVER_RIDING_STYLED_ITEM('',(#2869),#2739,#2771);
#163=OVER_RIDING_STYLED_ITEM('',(#2870),#2740,#2771);
#164=OVER_RIDING_STYLED_ITEM('',(#2871),#2741,#2771);
#165=OVER_RIDING_STYLED_ITEM('',(#2872),#2742,#2771);
#166=OVER_RIDING_STYLED_ITEM('',(#2873),#2743,#2771);
#167=OVER_RIDING_STYLED_ITEM('',(#2874),#2744,#2771);
#168=OVER_RIDING_STYLED_ITEM('',(#2875),#2745,#2771);
#169=OVER_RIDING_STYLED_ITEM('',(#2876),#2746,#2771);
#170=OVER_RIDING_STYLED_ITEM('',(#2877),#2747,#2771);
#171=OVER_RIDING_STYLED_ITEM('',(#2878),#2748,#2771);
#172=OVER_RIDING_STYLED_ITEM('',(#2879),#2749,#2771);
#173=OVER_RIDING_STYLED_ITEM('',(#2880),#2750,#2771);
#174=OVER_RIDING_STYLED_ITEM('',(#2881),#2751,#2771);
#175=OVER_RIDING_STYLED_ITEM('',(#2882),#2752,#2771);
#176=OVER_RIDING_STYLED_ITEM('',(#2883),#2753,#2771);
#177=OVER_RIDING_STYLED_ITEM('',(#2884),#2754,#2771);
#178=OVER_RIDING_STYLED_ITEM('',(#2885),#2755,#2771);
#179=OVER_RIDING_STYLED_ITEM('',(#2886),#2756,#2771);
#180=OVER_RIDING_STYLED_ITEM('',(#2887),#2757,#2771);
#181=OVER_RIDING_STYLED_ITEM('',(#2888),#2758,#2771);
#182=OVER_RIDING_STYLED_ITEM('',(#2889),#2759,#2771);
#183=OVER_RIDING_STYLED_ITEM('',(#2890),#2760,#2771);
#184=OVER_RIDING_STYLED_ITEM('',(#2891),#2761,#2771);
#185=OVER_RIDING_STYLED_ITEM('',(#2892),#2762,#2771);
#186=OVER_RIDING_STYLED_ITEM('',(#2893),#2763,#2771);
#187=OVER_RIDING_STYLED_ITEM('',(#2894),#2764,#2771);
#188=OVER_RIDING_STYLED_ITEM('',(#2895),#2765,#2771);
#189=OVER_RIDING_STYLED_ITEM('',(#2896),#2766,#2771);
#190=OVER_RIDING_STYLED_ITEM('',(#2897),#2767,#2771);
#191=CYLINDRICAL_SURFACE('',#3543,0.0016);
#192=CYLINDRICAL_SURFACE('',#3545,0.0016);
#193=CYLINDRICAL_SURFACE('',#3607,0.0327966245616563);
#194=CIRCLE('',#3535,0.0016);
#195=CIRCLE('',#3536,0.0016);
#196=CIRCLE('',#3544,0.0016);
#197=CIRCLE('',#3546,0.0016);
#198=CIRCLE('',#3608,0.0327966245616563);
#199=CIRCLE('',#3609,0.0327966245616563);
#200=LINE('',#4088,#465);
#201=LINE('',#4122,#466);
#202=LINE('',#4143,#467);
#203=LINE('',#4146,#468);
#204=LINE('',#4148,#469);
#205=LINE('',#4150,#470);
#206=LINE('',#4152,#471);
#207=LINE('',#4154,#472);
#208=LINE('',#4156,#473);
#209=LINE('',#4158,#474);
#210=LINE('',#4160,#475);
#211=LINE('',#4162,#476);
#212=LINE('',#4164,#477);
#213=LINE('',#4166,#478);
#214=LINE('',#4176,#479);
#215=LINE('',#4210,#480);
#216=LINE('',#4231,#481);
#217=LINE('',#4234,#482);
#218=LINE('',#4236,#483);
#219=LINE('',#4238,#484);
#220=LINE('',#4240,#485);
#221=LINE('',#4242,#486);
#222=LINE('',#4256,#487);
#223=LINE('',#4258,#488);
#224=LINE('',#4260,#489);
#225=LINE('',#4278,#490);
#226=LINE('',#4280,#491);
#227=LINE('',#4282,#492);
#228=LINE('',#4300,#493);
#229=LINE('',#4302,#494);
#230=LINE('',#4304,#495);
#231=LINE('',#4325,#496);
#232=LINE('',#4328,#497);
#233=LINE('',#4330,#498);
#234=LINE('',#4332,#499);
#235=LINE('',#4337,#500);
#236=LINE('',#4340,#501);
#237=LINE('',#4342,#502);
#238=LINE('',#4344,#503);
#239=LINE('',#4345,#504);
#240=LINE('',#4348,#505);
#241=LINE('',#4350,#506);
#242=LINE('',#4352,#507);
#243=LINE('',#4354,#508);
#244=LINE('',#4356,#509);
#245=LINE('',#4358,#510);
#246=LINE('',#4360,#511);
#247=LINE('',#4361,#512);
#248=LINE('',#4364,#513);
#249=LINE('',#4366,#514);
#250=LINE('',#4368,#515);
#251=LINE('',#4370,#516);
#252=LINE('',#4372,#517);
#253=LINE('',#4374,#518);
#254=LINE('',#4376,#519);
#255=LINE('',#4378,#520);
#256=LINE('',#4380,#521);
#257=LINE('',#4382,#522);
#258=LINE('',#4384,#523);
#259=LINE('',#4386,#524);
#260=LINE('',#4389,#525);
#261=LINE('',#4390,#526);
#262=LINE('',#4392,#527);
#263=LINE('',#4394,#528);
#264=LINE('',#4396,#529);
#265=LINE('',#4398,#530);
#266=LINE('',#4400,#531);
#267=LINE('',#4403,#532);
#268=LINE('',#4404,#533);
#269=LINE('',#4406,#534);
#270=LINE('',#4408,#535);
#271=LINE('',#4410,#536);
#272=LINE('',#4412,#537);
#273=LINE('',#4420,#538);
#274=LINE('',#4422,#539);
#275=LINE('',#4437,#540);
#276=LINE('',#4443,#541);
#277=LINE('',#4456,#542);
#278=LINE('',#4473,#543);
#279=LINE('',#4479,#544);
#280=LINE('',#4481,#545);
#281=LINE('',#4483,#546);
#282=LINE('',#4485,#547);
#283=LINE('',#4487,#548);
#284=LINE('',#4489,#549);
#285=LINE('',#4503,#550);
#286=LINE('',#4509,#551);
#287=LINE('',#4522,#552);
#288=LINE('',#4539,#553);
#289=LINE('',#4545,#554);
#290=LINE('',#4547,#555);
#291=LINE('',#4549,#556);
#292=LINE('',#4551,#557);
#293=LINE('',#4553,#558);
#294=LINE('',#4555,#559);
#295=LINE('',#4557,#560);
#296=LINE('',#4559,#561);
#297=LINE('',#4561,#562);
#298=LINE('',#4570,#563);
#299=LINE('',#4576,#564);
#300=LINE('',#4585,#565);
#301=LINE('',#4598,#566);
#302=LINE('',#4611,#567);
#303=LINE('',#4624,#568);
#304=LINE('',#4637,#569);
#305=LINE('',#4650,#570);
#306=LINE('',#4656,#571);
#307=LINE('',#4658,#572);
#308=LINE('',#4660,#573);
#309=LINE('',#4662,#574);
#310=LINE('',#4664,#575);
#311=LINE('',#4666,#576);
#312=LINE('',#4693,#577);
#313=LINE('',#4694,#578);
#314=LINE('',#4705,#579);
#315=LINE('',#4711,#580);
#316=LINE('',#4720,#581);
#317=LINE('',#4733,#582);
#318=LINE('',#4739,#583);
#319=LINE('',#4741,#584);
#320=LINE('',#4743,#585);
#321=LINE('',#4745,#586);
#322=LINE('',#4747,#587);
#323=LINE('',#4749,#588);
#324=LINE('',#4758,#589);
#325=LINE('',#4771,#590);
#326=LINE('',#4784,#591);
#327=LINE('',#4797,#592);
#328=LINE('',#4803,#593);
#329=LINE('',#4805,#594);
#330=LINE('',#4807,#595);
#331=LINE('',#4809,#596);
#332=LINE('',#4811,#597);
#333=LINE('',#4813,#598);
#334=LINE('',#4827,#599);
#335=LINE('',#4829,#600);
#336=LINE('',#4831,#601);
#337=LINE('',#4833,#602);
#338=LINE('',#4835,#603);
#339=LINE('',#4837,#604);
#340=LINE('',#4839,#605);
#341=LINE('',#4841,#606);
#342=LINE('',#4843,#607);
#343=LINE('',#4845,#608);
#344=LINE('',#4847,#609);
#345=LINE('',#4849,#610);
#346=LINE('',#4859,#611);
#347=LINE('',#4865,#612);
#348=LINE('',#4874,#613);
#349=LINE('',#4887,#614);
#350=LINE('',#4900,#615);
#351=LINE('',#4913,#616);
#352=LINE('',#4926,#617);
#353=LINE('',#4939,#618);
#354=LINE('',#4945,#619);
#355=LINE('',#4947,#620);
#356=LINE('',#4956,#621);
#357=LINE('',#4969,#622);
#358=LINE('',#4982,#623);
#359=LINE('',#4995,#624);
#360=LINE('',#5008,#625);
#361=LINE('',#5021,#626);
#362=LINE('',#5034,#627);
#363=LINE('',#5047,#628);
#364=LINE('',#5053,#629);
#365=LINE('',#5056,#630);
#366=LINE('',#5058,#631);
#367=LINE('',#5060,#632);
#368=LINE('',#5062,#633);
#369=LINE('',#5064,#634);
#370=LINE('',#5066,#635);
#371=LINE('',#5068,#636);
#372=LINE('',#5070,#637);
#373=LINE('',#5072,#638);
#374=LINE('',#5074,#639);
#375=LINE('',#5076,#640);
#376=LINE('',#5078,#641);
#377=LINE('',#5080,#642);
#378=LINE('',#5082,#643);
#379=LINE('',#5084,#644);
#380=LINE('',#5086,#645);
#381=LINE('',#5088,#646);
#382=LINE('',#5090,#647);
#383=LINE('',#5092,#648);
#384=LINE('',#5094,#649);
#385=LINE('',#5096,#650);
#386=LINE('',#5098,#651);
#387=LINE('',#5100,#652);
#388=LINE('',#5102,#653);
#389=LINE('',#5112,#654);
#390=LINE('',#5118,#655);
#391=LINE('',#5127,#656);
#392=LINE('',#5140,#657);
#393=LINE('',#5153,#658);
#394=LINE('',#5166,#659);
#395=LINE('',#5179,#660);
#396=LINE('',#5192,#661);
#397=LINE('',#5198,#662);
#398=LINE('',#5200,#663);
#399=LINE('',#5209,#664);
#400=LINE('',#5222,#665);
#401=LINE('',#5235,#666);
#402=LINE('',#5248,#667);
#403=LINE('',#5261,#668);
#404=LINE('',#5274,#669);
#405=LINE('',#5287,#670);
#406=LINE('',#5300,#671);
#407=LINE('',#5306,#672);
#408=LINE('',#5309,#673);
#409=LINE('',#5312,#674);
#410=LINE('',#5314,#675);
#411=LINE('',#5316,#676);
#412=LINE('',#5318,#677);
#413=LINE('',#5320,#678);
#414=LINE('',#5322,#679);
#415=LINE('',#5324,#680);
#416=LINE('',#5326,#681);
#417=LINE('',#5328,#682);
#418=LINE('',#5330,#683);
#419=LINE('',#5332,#684);
#420=LINE('',#5334,#685);
#421=LINE('',#5336,#686);
#422=LINE('',#5338,#687);
#423=LINE('',#5340,#688);
#424=LINE('',#5353,#689);
#425=LINE('',#5359,#690);
#426=LINE('',#5361,#691);
#427=LINE('',#5363,#692);
#428=LINE('',#5365,#693);
#429=LINE('',#5367,#694);
#430=LINE('',#5369,#695);
#431=LINE('',#5371,#696);
#432=LINE('',#5373,#697);
#433=LINE('',#5375,#698);
#434=LINE('',#5377,#699);
#435=LINE('',#5379,#700);
#436=LINE('',#5381,#701);
#437=LINE('',#5383,#702);
#438=LINE('',#5385,#703);
#439=LINE('',#5387,#704);
#440=LINE('',#5389,#705);
#441=LINE('',#5395,#706);
#442=LINE('',#5397,#707);
#443=LINE('',#5399,#708);
#444=LINE('',#5401,#709);
#445=LINE('',#5403,#710);
#446=LINE('',#5405,#711);
#447=LINE('',#5407,#712);
#448=LINE('',#5409,#713);
#449=LINE('',#5411,#714);
#450=LINE('',#5413,#715);
#451=LINE('',#5415,#716);
#452=LINE('',#5417,#717);
#453=LINE('',#5419,#718);
#454=LINE('',#5421,#719);
#455=LINE('',#5423,#720);
#456=LINE('',#5425,#721);
#457=LINE('',#5427,#722);
#458=LINE('',#5429,#723);
#459=LINE('',#5431,#724);
#460=LINE('',#5433,#725);
#461=LINE('',#5435,#726);
#462=LINE('',#5437,#727);
#463=LINE('',#5439,#728);
#464=LINE('',#5441,#729);
#465=VECTOR('',#3630,1.);
#466=VECTOR('',#3631,1.);
#467=VECTOR('',#3632,1.);
#468=VECTOR('',#3633,1.);
#469=VECTOR('',#3634,1.);
#470=VECTOR('',#3635,1.);
#471=VECTOR('',#3636,1.);
#472=VECTOR('',#3637,1.);
#473=VECTOR('',#3638,1.);
#474=VECTOR('',#3639,1.);
#475=VECTOR('',#3640,1.);
#476=VECTOR('',#3641,1.);
#477=VECTOR('',#3642,1.);
#478=VECTOR('',#3643,1.);
#479=VECTOR('',#3644,1.);
#480=VECTOR('',#3645,1.);
#481=VECTOR('',#3646,1.);
#482=VECTOR('',#3647,1.);
#483=VECTOR('',#3648,1.);
#484=VECTOR('',#3649,1.);
#485=VECTOR('',#3650,1.);
#486=VECTOR('',#3651,1.);
#487=VECTOR('',#3652,1.);
#488=VECTOR('',#3653,1.);
#489=VECTOR('',#3654,1.);
#490=VECTOR('',#3655,1.);
#491=VECTOR('',#3656,1.);
#492=VECTOR('',#3657,1.);
#493=VECTOR('',#3658,1.);
#494=VECTOR('',#3659,1.);
#495=VECTOR('',#3660,1.);
#496=VECTOR('',#3661,1.);
#497=VECTOR('',#3662,1.);
#498=VECTOR('',#3663,1.);
#499=VECTOR('',#3664,1.);
#500=VECTOR('',#3669,1.);
#501=VECTOR('',#3670,1.);
#502=VECTOR('',#3671,1.);
#503=VECTOR('',#3672,1.);
#504=VECTOR('',#3673,1.);
#505=VECTOR('',#3674,1.);
#506=VECTOR('',#3675,1.);
#507=VECTOR('',#3676,1.);
#508=VECTOR('',#3677,1.);
#509=VECTOR('',#3678,1.);
#510=VECTOR('',#3679,1.);
#511=VECTOR('',#3680,1.);
#512=VECTOR('',#3681,1.);
#513=VECTOR('',#3682,1.);
#514=VECTOR('',#3683,1.);
#515=VECTOR('',#3684,1.);
#516=VECTOR('',#3685,1.);
#517=VECTOR('',#3686,1.);
#518=VECTOR('',#3687,1.);
#519=VECTOR('',#3688,1.);
#520=VECTOR('',#3689,1.);
#521=VECTOR('',#3690,1.);
#522=VECTOR('',#3691,1.);
#523=VECTOR('',#3692,1.);
#524=VECTOR('',#3695,1.);
#525=VECTOR('',#3696,1.);
#526=VECTOR('',#3697,1.);
#527=VECTOR('',#3700,1.);
#528=VECTOR('',#3701,1.);
#529=VECTOR('',#3704,1.);
#530=VECTOR('',#3705,1.);
#531=VECTOR('',#3708,1.);
#532=VECTOR('',#3709,1.);
#533=VECTOR('',#3710,1.);
#534=VECTOR('',#3713,1.);
#535=VECTOR('',#3714,1.);
#536=VECTOR('',#3717,1.);
#537=VECTOR('',#3718,1.);
#538=VECTOR('',#3729,1.);
#539=VECTOR('',#3732,1.);
#540=VECTOR('',#3735,1.);
#541=VECTOR('',#3736,1.);
#542=VECTOR('',#3737,1.);
#543=VECTOR('',#3738,1.);
#544=VECTOR('',#3741,1.);
#545=VECTOR('',#3742,1.);
#546=VECTOR('',#3743,1.);
#547=VECTOR('',#3746,1.);
#548=VECTOR('',#3747,1.);
#549=VECTOR('',#3748,1.);
#550=VECTOR('',#3749,1.);
#551=VECTOR('',#3750,1.);
#552=VECTOR('',#3751,1.);
#553=VECTOR('',#3752,1.);
#554=VECTOR('',#3755,1.);
#555=VECTOR('',#3756,1.);
#556=VECTOR('',#3757,1.);
#557=VECTOR('',#3760,1.);
#558=VECTOR('',#3761,1.);
#559=VECTOR('',#3762,1.);
#560=VECTOR('',#3765,1.);
#561=VECTOR('',#3766,1.);
#562=VECTOR('',#3767,1.);
#563=VECTOR('',#3768,1.);
#564=VECTOR('',#3769,1.);
#565=VECTOR('',#3770,1.);
#566=VECTOR('',#3771,1.);
#567=VECTOR('',#3772,1.);
#568=VECTOR('',#3773,1.);
#569=VECTOR('',#3774,1.);
#570=VECTOR('',#3775,1.);
#571=VECTOR('',#3778,1.);
#572=VECTOR('',#3779,1.);
#573=VECTOR('',#3782,1.);
#574=VECTOR('',#3783,1.);
#575=VECTOR('',#3786,1.);
#576=VECTOR('',#3787,1.);
#577=VECTOR('',#3790,1.);
#578=VECTOR('',#3791,1.);
#579=VECTOR('',#3796,1.);
#580=VECTOR('',#3797,1.);
#581=VECTOR('',#3798,1.);
#582=VECTOR('',#3799,1.);
#583=VECTOR('',#3802,1.);
#584=VECTOR('',#3803,1.);
#585=VECTOR('',#3806,1.);
#586=VECTOR('',#3807,1.);
#587=VECTOR('',#3810,1.);
#588=VECTOR('',#3811,1.);
#589=VECTOR('',#3812,1.);
#590=VECTOR('',#3813,1.);
#591=VECTOR('',#3814,1.);
#592=VECTOR('',#3815,1.);
#593=VECTOR('',#3818,1.);
#594=VECTOR('',#3819,1.);
#595=VECTOR('',#3822,1.);
#596=VECTOR('',#3823,1.);
#597=VECTOR('',#3826,1.);
#598=VECTOR('',#3827,1.);
#599=VECTOR('',#3832,1.);
#600=VECTOR('',#3833,1.);
#601=VECTOR('',#3834,1.);
#602=VECTOR('',#3837,1.);
#603=VECTOR('',#3838,1.);
#604=VECTOR('',#3841,1.);
#605=VECTOR('',#3842,1.);
#606=VECTOR('',#3845,1.);
#607=VECTOR('',#3846,1.);
#608=VECTOR('',#3849,1.);
#609=VECTOR('',#3850,1.);
#610=VECTOR('',#3853,1.);
#611=VECTOR('',#3856,1.);
#612=VECTOR('',#3857,1.);
#613=VECTOR('',#3858,1.);
#614=VECTOR('',#3859,1.);
#615=VECTOR('',#3860,1.);
#616=VECTOR('',#3861,1.);
#617=VECTOR('',#3862,1.);
#618=VECTOR('',#3863,1.);
#619=VECTOR('',#3866,1.);
#620=VECTOR('',#3867,1.);
#621=VECTOR('',#3868,1.);
#622=VECTOR('',#3869,1.);
#623=VECTOR('',#3870,1.);
#624=VECTOR('',#3871,1.);
#625=VECTOR('',#3872,1.);
#626=VECTOR('',#3873,1.);
#627=VECTOR('',#3874,1.);
#628=VECTOR('',#3875,1.);
#629=VECTOR('',#3878,1.);
#630=VECTOR('',#3883,1.);
#631=VECTOR('',#3884,1.);
#632=VECTOR('',#3885,1.);
#633=VECTOR('',#3888,1.);
#634=VECTOR('',#3889,1.);
#635=VECTOR('',#3892,1.);
#636=VECTOR('',#3893,1.);
#637=VECTOR('',#3896,1.);
#638=VECTOR('',#3897,1.);
#639=VECTOR('',#3900,1.);
#640=VECTOR('',#3901,1.);
#641=VECTOR('',#3904,1.);
#642=VECTOR('',#3905,1.);
#643=VECTOR('',#3908,1.);
#644=VECTOR('',#3909,1.);
#645=VECTOR('',#3912,1.);
#646=VECTOR('',#3913,1.);
#647=VECTOR('',#3916,1.);
#648=VECTOR('',#3917,1.);
#649=VECTOR('',#3920,1.);
#650=VECTOR('',#3921,1.);
#651=VECTOR('',#3924,1.);
#652=VECTOR('',#3925,1.);
#653=VECTOR('',#3928,1.);
#654=VECTOR('',#3931,1.);
#655=VECTOR('',#3932,1.);
#656=VECTOR('',#3933,1.);
#657=VECTOR('',#3934,1.);
#658=VECTOR('',#3935,1.);
#659=VECTOR('',#3936,1.);
#660=VECTOR('',#3937,1.);
#661=VECTOR('',#3938,1.);
#662=VECTOR('',#3941,1.);
#663=VECTOR('',#3942,1.);
#664=VECTOR('',#3943,1.);
#665=VECTOR('',#3944,1.);
#666=VECTOR('',#3945,1.);
#667=VECTOR('',#3946,1.);
#668=VECTOR('',#3947,1.);
#669=VECTOR('',#3948,1.);
#670=VECTOR('',#3949,1.);
#671=VECTOR('',#3950,1.);
#672=VECTOR('',#3953,1.);
#673=VECTOR('',#3958,1.);
#674=VECTOR('',#3959,1.);
#675=VECTOR('',#3960,1.);
#676=VECTOR('',#3961,1.);
#677=VECTOR('',#3964,1.);
#678=VECTOR('',#3965,1.);
#679=VECTOR('',#3966,1.);
#680=VECTOR('',#3969,1.);
#681=VECTOR('',#3970,1.);
#682=VECTOR('',#3971,1.);
#683=VECTOR('',#3974,1.);
#684=VECTOR('',#3975,1.);
#685=VECTOR('',#3976,1.);
#686=VECTOR('',#3979,1.);
#687=VECTOR('',#3980,1.);
#688=VECTOR('',#3981,1.);
#689=VECTOR('',#3982,1.);
#690=VECTOR('',#3985,1.);
#691=VECTOR('',#3986,1.);
#692=VECTOR('',#3987,1.);
#693=VECTOR('',#3990,1.);
#694=VECTOR('',#3991,1.);
#695=VECTOR('',#3994,1.);
#696=VECTOR('',#3995,1.);
#697=VECTOR('',#3998,1.);
#698=VECTOR('',#3999,1.);
#699=VECTOR('',#4002,1.);
#700=VECTOR('',#4003,1.);
#701=VECTOR('',#4006,1.);
#702=VECTOR('',#4007,1.);
#703=VECTOR('',#4010,1.);
#704=VECTOR('',#4011,1.);
#705=VECTOR('',#4014,1.);
#706=VECTOR('',#4025,1.);
#707=VECTOR('',#4026,1.);
#708=VECTOR('',#4027,1.);
#709=VECTOR('',#4030,1.);
#710=VECTOR('',#4031,1.);
#711=VECTOR('',#4034,1.);
#712=VECTOR('',#4035,1.);
#713=VECTOR('',#4038,1.);
#714=VECTOR('',#4039,1.);
#715=VECTOR('',#4042,1.);
#716=VECTOR('',#4043,1.);
#717=VECTOR('',#4046,1.);
#718=VECTOR('',#4047,1.);
#719=VECTOR('',#4050,1.);
#720=VECTOR('',#4051,1.);
#721=VECTOR('',#4054,1.);
#722=VECTOR('',#4055,1.);
#723=VECTOR('',#4058,1.);
#724=VECTOR('',#4059,1.);
#725=VECTOR('',#4062,1.);
#726=VECTOR('',#4063,1.);
#727=VECTOR('',#4066,1.);
#728=VECTOR('',#4067,1.);
#729=VECTOR('',#4070,1.);
#730=ORIENTED_EDGE('',*,*,#1488,.T.);
#731=ORIENTED_EDGE('',*,*,#1489,.T.);
#732=ORIENTED_EDGE('',*,*,#1490,.T.);
#733=ORIENTED_EDGE('',*,*,#1491,.T.);
#734=ORIENTED_EDGE('',*,*,#1492,.T.);
#735=ORIENTED_EDGE('',*,*,#1493,.T.);
#736=ORIENTED_EDGE('',*,*,#1494,.T.);
#737=ORIENTED_EDGE('',*,*,#1495,.T.);
#738=ORIENTED_EDGE('',*,*,#1496,.T.);
#739=ORIENTED_EDGE('',*,*,#1497,.T.);
#740=ORIENTED_EDGE('',*,*,#1498,.T.);
#741=ORIENTED_EDGE('',*,*,#1499,.T.);
#742=ORIENTED_EDGE('',*,*,#1500,.T.);
#743=ORIENTED_EDGE('',*,*,#1501,.T.);
#744=ORIENTED_EDGE('',*,*,#1502,.T.);
#745=ORIENTED_EDGE('',*,*,#1503,.T.);
#746=ORIENTED_EDGE('',*,*,#1504,.T.);
#747=ORIENTED_EDGE('',*,*,#1505,.T.);
#748=ORIENTED_EDGE('',*,*,#1506,.T.);
#749=ORIENTED_EDGE('',*,*,#1507,.T.);
#750=ORIENTED_EDGE('',*,*,#1508,.T.);
#751=ORIENTED_EDGE('',*,*,#1509,.T.);
#752=ORIENTED_EDGE('',*,*,#1510,.T.);
#753=ORIENTED_EDGE('',*,*,#1511,.T.);
#754=ORIENTED_EDGE('',*,*,#1512,.T.);
#755=ORIENTED_EDGE('',*,*,#1513,.T.);
#756=ORIENTED_EDGE('',*,*,#1514,.T.);
#757=ORIENTED_EDGE('',*,*,#1515,.T.);
#758=ORIENTED_EDGE('',*,*,#1516,.T.);
#759=ORIENTED_EDGE('',*,*,#1517,.T.);
#760=ORIENTED_EDGE('',*,*,#1518,.T.);
#761=ORIENTED_EDGE('',*,*,#1519,.T.);
#762=ORIENTED_EDGE('',*,*,#1520,.T.);
#763=ORIENTED_EDGE('',*,*,#1521,.T.);
#764=ORIENTED_EDGE('',*,*,#1522,.T.);
#765=ORIENTED_EDGE('',*,*,#1523,.T.);
#766=ORIENTED_EDGE('',*,*,#1524,.T.);
#767=ORIENTED_EDGE('',*,*,#1525,.T.);
#768=ORIENTED_EDGE('',*,*,#1526,.T.);
#769=ORIENTED_EDGE('',*,*,#1527,.T.);
#770=ORIENTED_EDGE('',*,*,#1528,.T.);
#771=ORIENTED_EDGE('',*,*,#1529,.T.);
#772=ORIENTED_EDGE('',*,*,#1530,.T.);
#773=ORIENTED_EDGE('',*,*,#1531,.T.);
#774=ORIENTED_EDGE('',*,*,#1532,.T.);
#775=ORIENTED_EDGE('',*,*,#1533,.T.);
#776=ORIENTED_EDGE('',*,*,#1534,.T.);
#777=ORIENTED_EDGE('',*,*,#1535,.T.);
#778=ORIENTED_EDGE('',*,*,#1536,.T.);
#779=ORIENTED_EDGE('',*,*,#1537,.T.);
#780=ORIENTED_EDGE('',*,*,#1538,.T.);
#781=ORIENTED_EDGE('',*,*,#1539,.T.);
#782=ORIENTED_EDGE('',*,*,#1540,.T.);
#783=ORIENTED_EDGE('',*,*,#1541,.T.);
#784=ORIENTED_EDGE('',*,*,#1542,.T.);
#785=ORIENTED_EDGE('',*,*,#1543,.T.);
#786=ORIENTED_EDGE('',*,*,#1544,.T.);
#787=ORIENTED_EDGE('',*,*,#1545,.T.);
#788=ORIENTED_EDGE('',*,*,#1546,.T.);
#789=ORIENTED_EDGE('',*,*,#1547,.T.);
#790=ORIENTED_EDGE('',*,*,#1548,.T.);
#791=ORIENTED_EDGE('',*,*,#1549,.T.);
#792=ORIENTED_EDGE('',*,*,#1550,.T.);
#793=ORIENTED_EDGE('',*,*,#1551,.T.);
#794=ORIENTED_EDGE('',*,*,#1552,.T.);
#795=ORIENTED_EDGE('',*,*,#1553,.T.);
#796=ORIENTED_EDGE('',*,*,#1554,.T.);
#797=ORIENTED_EDGE('',*,*,#1555,.T.);
#798=ORIENTED_EDGE('',*,*,#1556,.T.);
#799=ORIENTED_EDGE('',*,*,#1557,.T.);
#800=ORIENTED_EDGE('',*,*,#1558,.T.);
#801=ORIENTED_EDGE('',*,*,#1559,.T.);
#802=ORIENTED_EDGE('',*,*,#1560,.T.);
#803=ORIENTED_EDGE('',*,*,#1561,.T.);
#804=ORIENTED_EDGE('',*,*,#1562,.T.);
#805=ORIENTED_EDGE('',*,*,#1563,.T.);
#806=ORIENTED_EDGE('',*,*,#1564,.T.);
#807=ORIENTED_EDGE('',*,*,#1565,.F.);
#808=ORIENTED_EDGE('',*,*,#1566,.T.);
#809=ORIENTED_EDGE('',*,*,#1567,.T.);
#810=ORIENTED_EDGE('',*,*,#1568,.F.);
#811=ORIENTED_EDGE('',*,*,#1569,.F.);
#812=ORIENTED_EDGE('',*,*,#1570,.F.);
#813=ORIENTED_EDGE('',*,*,#1571,.F.);
#814=ORIENTED_EDGE('',*,*,#1572,.T.);
#815=ORIENTED_EDGE('',*,*,#1573,.T.);
#816=ORIENTED_EDGE('',*,*,#1574,.F.);
#817=ORIENTED_EDGE('',*,*,#1575,.T.);
#818=ORIENTED_EDGE('',*,*,#1576,.T.);
#819=ORIENTED_EDGE('',*,*,#1577,.T.);
#820=ORIENTED_EDGE('',*,*,#1578,.T.);
#821=ORIENTED_EDGE('',*,*,#1579,.T.);
#822=ORIENTED_EDGE('',*,*,#1580,.T.);
#823=ORIENTED_EDGE('',*,*,#1581,.T.);
#824=ORIENTED_EDGE('',*,*,#1582,.T.);
#825=ORIENTED_EDGE('',*,*,#1583,.T.);
#826=ORIENTED_EDGE('',*,*,#1584,.T.);
#827=ORIENTED_EDGE('',*,*,#1585,.T.);
#828=ORIENTED_EDGE('',*,*,#1586,.T.);
#829=ORIENTED_EDGE('',*,*,#1587,.T.);
#830=ORIENTED_EDGE('',*,*,#1588,.T.);
#831=ORIENTED_EDGE('',*,*,#1589,.T.);
#832=ORIENTED_EDGE('',*,*,#1590,.T.);
#833=ORIENTED_EDGE('',*,*,#1591,.T.);
#834=ORIENTED_EDGE('',*,*,#1592,.T.);
#835=ORIENTED_EDGE('',*,*,#1593,.T.);
#836=ORIENTED_EDGE('',*,*,#1594,.T.);
#837=ORIENTED_EDGE('',*,*,#1595,.F.);
#838=ORIENTED_EDGE('',*,*,#1596,.F.);
#839=ORIENTED_EDGE('',*,*,#1571,.T.);
#840=ORIENTED_EDGE('',*,*,#1597,.T.);
#841=ORIENTED_EDGE('',*,*,#1598,.T.);
#842=ORIENTED_EDGE('',*,*,#1599,.F.);
#843=ORIENTED_EDGE('',*,*,#1572,.F.);
#844=ORIENTED_EDGE('',*,*,#1596,.T.);
#845=ORIENTED_EDGE('',*,*,#1600,.T.);
#846=ORIENTED_EDGE('',*,*,#1601,.F.);
#847=ORIENTED_EDGE('',*,*,#1573,.F.);
#848=ORIENTED_EDGE('',*,*,#1599,.T.);
#849=ORIENTED_EDGE('',*,*,#1602,.F.);
#850=ORIENTED_EDGE('',*,*,#1603,.F.);
#851=ORIENTED_EDGE('',*,*,#1565,.T.);
#852=ORIENTED_EDGE('',*,*,#1604,.T.);
#853=ORIENTED_EDGE('',*,*,#1605,.T.);
#854=ORIENTED_EDGE('',*,*,#1606,.F.);
#855=ORIENTED_EDGE('',*,*,#1566,.F.);
#856=ORIENTED_EDGE('',*,*,#1603,.T.);
#857=ORIENTED_EDGE('',*,*,#1607,.T.);
#858=ORIENTED_EDGE('',*,*,#1608,.F.);
#859=ORIENTED_EDGE('',*,*,#1567,.F.);
#860=ORIENTED_EDGE('',*,*,#1606,.T.);
#861=ORIENTED_EDGE('',*,*,#1570,.T.);
#862=ORIENTED_EDGE('',*,*,#1609,.F.);
#863=ORIENTED_EDGE('',*,*,#1569,.T.);
#864=ORIENTED_EDGE('',*,*,#1610,.F.);
#865=ORIENTED_EDGE('',*,*,#1611,.F.);
#866=ORIENTED_EDGE('',*,*,#1604,.F.);
#867=ORIENTED_EDGE('',*,*,#1568,.T.);
#868=ORIENTED_EDGE('',*,*,#1608,.T.);
#869=ORIENTED_EDGE('',*,*,#1612,.F.);
#870=ORIENTED_EDGE('',*,*,#1597,.F.);
#871=ORIENTED_EDGE('',*,*,#1574,.T.);
#872=ORIENTED_EDGE('',*,*,#1601,.T.);
#873=ORIENTED_EDGE('',*,*,#1602,.T.);
#874=ORIENTED_EDGE('',*,*,#1611,.T.);
#875=ORIENTED_EDGE('',*,*,#1607,.F.);
#876=ORIENTED_EDGE('',*,*,#1605,.F.);
#877=ORIENTED_EDGE('',*,*,#1610,.T.);
#878=ORIENTED_EDGE('',*,*,#1609,.T.);
#879=ORIENTED_EDGE('',*,*,#1595,.T.);
#880=ORIENTED_EDGE('',*,*,#1612,.T.);
#881=ORIENTED_EDGE('',*,*,#1600,.F.);
#882=ORIENTED_EDGE('',*,*,#1598,.F.);
#883=ORIENTED_EDGE('',*,*,#1613,.F.);
#884=ORIENTED_EDGE('',*,*,#1614,.F.);
#885=ORIENTED_EDGE('',*,*,#1615,.T.);
#886=ORIENTED_EDGE('',*,*,#1616,.T.);
#887=ORIENTED_EDGE('',*,*,#1617,.F.);
#888=ORIENTED_EDGE('',*,*,#1618,.F.);
#889=ORIENTED_EDGE('',*,*,#1619,.T.);
#890=ORIENTED_EDGE('',*,*,#1614,.T.);
#891=ORIENTED_EDGE('',*,*,#1620,.F.);
#892=ORIENTED_EDGE('',*,*,#1621,.F.);
#893=ORIENTED_EDGE('',*,*,#1622,.T.);
#894=ORIENTED_EDGE('',*,*,#1618,.T.);
#895=ORIENTED_EDGE('',*,*,#1623,.F.);
#896=ORIENTED_EDGE('',*,*,#1624,.F.);
#897=ORIENTED_EDGE('',*,*,#1625,.T.);
#898=ORIENTED_EDGE('',*,*,#1621,.T.);
#899=ORIENTED_EDGE('',*,*,#1626,.F.);
#900=ORIENTED_EDGE('',*,*,#1627,.F.);
#901=ORIENTED_EDGE('',*,*,#1628,.T.);
#902=ORIENTED_EDGE('',*,*,#1624,.T.);
#903=ORIENTED_EDGE('',*,*,#1629,.F.);
#904=ORIENTED_EDGE('',*,*,#1630,.F.);
#905=ORIENTED_EDGE('',*,*,#1631,.T.);
#906=ORIENTED_EDGE('',*,*,#1632,.T.);
#907=ORIENTED_EDGE('',*,*,#1633,.F.);
#908=ORIENTED_EDGE('',*,*,#1634,.F.);
#909=ORIENTED_EDGE('',*,*,#1635,.T.);
#910=ORIENTED_EDGE('',*,*,#1630,.T.);
#911=ORIENTED_EDGE('',*,*,#1636,.F.);
#912=ORIENTED_EDGE('',*,*,#1637,.F.);
#913=ORIENTED_EDGE('',*,*,#1638,.T.);
#914=ORIENTED_EDGE('',*,*,#1634,.T.);
#915=ORIENTED_EDGE('',*,*,#1639,.F.);
#916=ORIENTED_EDGE('',*,*,#1640,.F.);
#917=ORIENTED_EDGE('',*,*,#1641,.T.);
#918=ORIENTED_EDGE('',*,*,#1637,.T.);
#919=ORIENTED_EDGE('',*,*,#1642,.F.);
#920=ORIENTED_EDGE('',*,*,#1643,.F.);
#921=ORIENTED_EDGE('',*,*,#1644,.T.);
#922=ORIENTED_EDGE('',*,*,#1640,.T.);
#923=ORIENTED_EDGE('',*,*,#1645,.F.);
#924=ORIENTED_EDGE('',*,*,#1646,.F.);
#925=ORIENTED_EDGE('',*,*,#1647,.T.);
#926=ORIENTED_EDGE('',*,*,#1643,.T.);
#927=ORIENTED_EDGE('',*,*,#1555,.F.);
#928=ORIENTED_EDGE('',*,*,#1648,.F.);
#929=ORIENTED_EDGE('',*,*,#1649,.T.);
#930=ORIENTED_EDGE('',*,*,#1650,.T.);
#931=ORIENTED_EDGE('',*,*,#1554,.F.);
#932=ORIENTED_EDGE('',*,*,#1651,.F.);
#933=ORIENTED_EDGE('',*,*,#1652,.T.);
#934=ORIENTED_EDGE('',*,*,#1648,.T.);
#935=ORIENTED_EDGE('',*,*,#1564,.F.);
#936=ORIENTED_EDGE('',*,*,#1653,.F.);
#937=ORIENTED_EDGE('',*,*,#1654,.T.);
#938=ORIENTED_EDGE('',*,*,#1651,.T.);
#939=ORIENTED_EDGE('',*,*,#1563,.F.);
#940=ORIENTED_EDGE('',*,*,#1655,.F.);
#941=ORIENTED_EDGE('',*,*,#1656,.T.);
#942=ORIENTED_EDGE('',*,*,#1653,.T.);
#943=ORIENTED_EDGE('',*,*,#1562,.F.);
#944=ORIENTED_EDGE('',*,*,#1657,.F.);
#945=ORIENTED_EDGE('',*,*,#1658,.T.);
#946=ORIENTED_EDGE('',*,*,#1655,.T.);
#947=ORIENTED_EDGE('',*,*,#1561,.F.);
#948=ORIENTED_EDGE('',*,*,#1659,.F.);
#949=ORIENTED_EDGE('',*,*,#1660,.T.);
#950=ORIENTED_EDGE('',*,*,#1657,.T.);
#951=ORIENTED_EDGE('',*,*,#1560,.F.);
#952=ORIENTED_EDGE('',*,*,#1661,.F.);
#953=ORIENTED_EDGE('',*,*,#1662,.T.);
#954=ORIENTED_EDGE('',*,*,#1659,.T.);
#955=ORIENTED_EDGE('',*,*,#1559,.F.);
#956=ORIENTED_EDGE('',*,*,#1663,.F.);
#957=ORIENTED_EDGE('',*,*,#1664,.T.);
#958=ORIENTED_EDGE('',*,*,#1661,.T.);
#959=ORIENTED_EDGE('',*,*,#1558,.F.);
#960=ORIENTED_EDGE('',*,*,#1665,.F.);
#961=ORIENTED_EDGE('',*,*,#1666,.T.);
#962=ORIENTED_EDGE('',*,*,#1663,.T.);
#963=ORIENTED_EDGE('',*,*,#1557,.F.);
#964=ORIENTED_EDGE('',*,*,#1667,.F.);
#965=ORIENTED_EDGE('',*,*,#1668,.T.);
#966=ORIENTED_EDGE('',*,*,#1665,.T.);
#967=ORIENTED_EDGE('',*,*,#1669,.F.);
#968=ORIENTED_EDGE('',*,*,#1632,.F.);
#969=ORIENTED_EDGE('',*,*,#1670,.T.);
#970=ORIENTED_EDGE('',*,*,#1646,.T.);
#971=ORIENTED_EDGE('',*,*,#1556,.F.);
#972=ORIENTED_EDGE('',*,*,#1650,.F.);
#973=ORIENTED_EDGE('',*,*,#1671,.T.);
#974=ORIENTED_EDGE('',*,*,#1667,.T.);
#975=ORIENTED_EDGE('',*,*,#1672,.F.);
#976=ORIENTED_EDGE('',*,*,#1616,.F.);
#977=ORIENTED_EDGE('',*,*,#1673,.T.);
#978=ORIENTED_EDGE('',*,*,#1627,.T.);
#979=ORIENTED_EDGE('',*,*,#1649,.F.);
#980=ORIENTED_EDGE('',*,*,#1652,.F.);
#981=ORIENTED_EDGE('',*,*,#1654,.F.);
#982=ORIENTED_EDGE('',*,*,#1656,.F.);
#983=ORIENTED_EDGE('',*,*,#1658,.F.);
#984=ORIENTED_EDGE('',*,*,#1660,.F.);
#985=ORIENTED_EDGE('',*,*,#1662,.F.);
#986=ORIENTED_EDGE('',*,*,#1664,.F.);
#987=ORIENTED_EDGE('',*,*,#1666,.F.);
#988=ORIENTED_EDGE('',*,*,#1668,.F.);
#989=ORIENTED_EDGE('',*,*,#1671,.F.);
#990=ORIENTED_EDGE('',*,*,#1631,.F.);
#991=ORIENTED_EDGE('',*,*,#1635,.F.);
#992=ORIENTED_EDGE('',*,*,#1638,.F.);
#993=ORIENTED_EDGE('',*,*,#1641,.F.);
#994=ORIENTED_EDGE('',*,*,#1644,.F.);
#995=ORIENTED_EDGE('',*,*,#1647,.F.);
#996=ORIENTED_EDGE('',*,*,#1670,.F.);
#997=ORIENTED_EDGE('',*,*,#1615,.F.);
#998=ORIENTED_EDGE('',*,*,#1619,.F.);
#999=ORIENTED_EDGE('',*,*,#1622,.F.);
#1000=ORIENTED_EDGE('',*,*,#1625,.F.);
#1001=ORIENTED_EDGE('',*,*,#1628,.F.);
#1002=ORIENTED_EDGE('',*,*,#1673,.F.);
#1003=ORIENTED_EDGE('',*,*,#1633,.T.);
#1004=ORIENTED_EDGE('',*,*,#1629,.T.);
#1005=ORIENTED_EDGE('',*,*,#1669,.T.);
#1006=ORIENTED_EDGE('',*,*,#1645,.T.);
#1007=ORIENTED_EDGE('',*,*,#1642,.T.);
#1008=ORIENTED_EDGE('',*,*,#1639,.T.);
#1009=ORIENTED_EDGE('',*,*,#1636,.T.);
#1010=ORIENTED_EDGE('',*,*,#1541,.F.);
#1011=ORIENTED_EDGE('',*,*,#1674,.F.);
#1012=ORIENTED_EDGE('',*,*,#1675,.T.);
#1013=ORIENTED_EDGE('',*,*,#1676,.T.);
#1014=ORIENTED_EDGE('',*,*,#1540,.F.);
#1015=ORIENTED_EDGE('',*,*,#1677,.F.);
#1016=ORIENTED_EDGE('',*,*,#1678,.T.);
#1017=ORIENTED_EDGE('',*,*,#1674,.T.);
#1018=ORIENTED_EDGE('',*,*,#1553,.F.);
#1019=ORIENTED_EDGE('',*,*,#1679,.F.);
#1020=ORIENTED_EDGE('',*,*,#1680,.T.);
#1021=ORIENTED_EDGE('',*,*,#1677,.T.);
#1022=ORIENTED_EDGE('',*,*,#1552,.F.);
#1023=ORIENTED_EDGE('',*,*,#1681,.F.);
#1024=ORIENTED_EDGE('',*,*,#1682,.T.);
#1025=ORIENTED_EDGE('',*,*,#1679,.T.);
#1026=ORIENTED_EDGE('',*,*,#1551,.F.);
#1027=ORIENTED_EDGE('',*,*,#1683,.F.);
#1028=ORIENTED_EDGE('',*,*,#1684,.T.);
#1029=ORIENTED_EDGE('',*,*,#1681,.T.);
#1030=ORIENTED_EDGE('',*,*,#1550,.F.);
#1031=ORIENTED_EDGE('',*,*,#1685,.F.);
#1032=ORIENTED_EDGE('',*,*,#1686,.T.);
#1033=ORIENTED_EDGE('',*,*,#1683,.T.);
#1034=ORIENTED_EDGE('',*,*,#1549,.F.);
#1035=ORIENTED_EDGE('',*,*,#1687,.F.);
#1036=ORIENTED_EDGE('',*,*,#1688,.T.);
#1037=ORIENTED_EDGE('',*,*,#1685,.T.);
#1038=ORIENTED_EDGE('',*,*,#1548,.F.);
#1039=ORIENTED_EDGE('',*,*,#1689,.F.);
#1040=ORIENTED_EDGE('',*,*,#1690,.T.);
#1041=ORIENTED_EDGE('',*,*,#1687,.T.);
#1042=ORIENTED_EDGE('',*,*,#1547,.F.);
#1043=ORIENTED_EDGE('',*,*,#1691,.F.);
#1044=ORIENTED_EDGE('',*,*,#1692,.T.);
#1045=ORIENTED_EDGE('',*,*,#1689,.T.);
#1046=ORIENTED_EDGE('',*,*,#1546,.F.);
#1047=ORIENTED_EDGE('',*,*,#1693,.F.);
#1048=ORIENTED_EDGE('',*,*,#1694,.T.);
#1049=ORIENTED_EDGE('',*,*,#1691,.T.);
#1050=ORIENTED_EDGE('',*,*,#1545,.F.);
#1051=ORIENTED_EDGE('',*,*,#1695,.F.);
#1052=ORIENTED_EDGE('',*,*,#1696,.T.);
#1053=ORIENTED_EDGE('',*,*,#1693,.T.);
#1054=ORIENTED_EDGE('',*,*,#1544,.F.);
#1055=ORIENTED_EDGE('',*,*,#1697,.F.);
#1056=ORIENTED_EDGE('',*,*,#1698,.T.);
#1057=ORIENTED_EDGE('',*,*,#1695,.T.);
#1058=ORIENTED_EDGE('',*,*,#1543,.F.);
#1059=ORIENTED_EDGE('',*,*,#1699,.F.);
#1060=ORIENTED_EDGE('',*,*,#1700,.T.);
#1061=ORIENTED_EDGE('',*,*,#1697,.T.);
#1062=ORIENTED_EDGE('',*,*,#1542,.F.);
#1063=ORIENTED_EDGE('',*,*,#1676,.F.);
#1064=ORIENTED_EDGE('',*,*,#1701,.T.);
#1065=ORIENTED_EDGE('',*,*,#1699,.T.);
#1066=ORIENTED_EDGE('',*,*,#1675,.F.);
#1067=ORIENTED_EDGE('',*,*,#1678,.F.);
#1068=ORIENTED_EDGE('',*,*,#1680,.F.);
#1069=ORIENTED_EDGE('',*,*,#1682,.F.);
#1070=ORIENTED_EDGE('',*,*,#1684,.F.);
#1071=ORIENTED_EDGE('',*,*,#1686,.F.);
#1072=ORIENTED_EDGE('',*,*,#1688,.F.);
#1073=ORIENTED_EDGE('',*,*,#1690,.F.);
#1074=ORIENTED_EDGE('',*,*,#1692,.F.);
#1075=ORIENTED_EDGE('',*,*,#1694,.F.);
#1076=ORIENTED_EDGE('',*,*,#1696,.F.);
#1077=ORIENTED_EDGE('',*,*,#1698,.F.);
#1078=ORIENTED_EDGE('',*,*,#1700,.F.);
#1079=ORIENTED_EDGE('',*,*,#1701,.F.);
#1080=ORIENTED_EDGE('',*,*,#1535,.F.);
#1081=ORIENTED_EDGE('',*,*,#1702,.F.);
#1082=ORIENTED_EDGE('',*,*,#1703,.T.);
#1083=ORIENTED_EDGE('',*,*,#1704,.T.);
#1084=ORIENTED_EDGE('',*,*,#1534,.F.);
#1085=ORIENTED_EDGE('',*,*,#1705,.F.);
#1086=ORIENTED_EDGE('',*,*,#1706,.T.);
#1087=ORIENTED_EDGE('',*,*,#1702,.T.);
#1088=ORIENTED_EDGE('',*,*,#1539,.F.);
#1089=ORIENTED_EDGE('',*,*,#1707,.F.);
#1090=ORIENTED_EDGE('',*,*,#1708,.T.);
#1091=ORIENTED_EDGE('',*,*,#1705,.T.);
#1092=ORIENTED_EDGE('',*,*,#1538,.F.);
#1093=ORIENTED_EDGE('',*,*,#1709,.F.);
#1094=ORIENTED_EDGE('',*,*,#1710,.T.);
#1095=ORIENTED_EDGE('',*,*,#1707,.T.);
#1096=ORIENTED_EDGE('',*,*,#1537,.F.);
#1097=ORIENTED_EDGE('',*,*,#1711,.F.);
#1098=ORIENTED_EDGE('',*,*,#1712,.T.);
#1099=ORIENTED_EDGE('',*,*,#1709,.T.);
#1100=ORIENTED_EDGE('',*,*,#1536,.F.);
#1101=ORIENTED_EDGE('',*,*,#1704,.F.);
#1102=ORIENTED_EDGE('',*,*,#1713,.T.);
#1103=ORIENTED_EDGE('',*,*,#1711,.T.);
#1104=ORIENTED_EDGE('',*,*,#1703,.F.);
#1105=ORIENTED_EDGE('',*,*,#1706,.F.);
#1106=ORIENTED_EDGE('',*,*,#1708,.F.);
#1107=ORIENTED_EDGE('',*,*,#1710,.F.);
#1108=ORIENTED_EDGE('',*,*,#1712,.F.);
#1109=ORIENTED_EDGE('',*,*,#1713,.F.);
#1110=ORIENTED_EDGE('',*,*,#1518,.F.);
#1111=ORIENTED_EDGE('',*,*,#1714,.F.);
#1112=ORIENTED_EDGE('',*,*,#1715,.T.);
#1113=ORIENTED_EDGE('',*,*,#1716,.T.);
#1114=ORIENTED_EDGE('',*,*,#1517,.F.);
#1115=ORIENTED_EDGE('',*,*,#1717,.F.);
#1116=ORIENTED_EDGE('',*,*,#1718,.T.);
#1117=ORIENTED_EDGE('',*,*,#1714,.T.);
#1118=ORIENTED_EDGE('',*,*,#1533,.F.);
#1119=ORIENTED_EDGE('',*,*,#1719,.F.);
#1120=ORIENTED_EDGE('',*,*,#1720,.T.);
#1121=ORIENTED_EDGE('',*,*,#1717,.T.);
#1122=ORIENTED_EDGE('',*,*,#1532,.F.);
#1123=ORIENTED_EDGE('',*,*,#1721,.F.);
#1124=ORIENTED_EDGE('',*,*,#1722,.T.);
#1125=ORIENTED_EDGE('',*,*,#1719,.T.);
#1126=ORIENTED_EDGE('',*,*,#1531,.F.);
#1127=ORIENTED_EDGE('',*,*,#1723,.F.);
#1128=ORIENTED_EDGE('',*,*,#1724,.T.);
#1129=ORIENTED_EDGE('',*,*,#1721,.T.);
#1130=ORIENTED_EDGE('',*,*,#1530,.F.);
#1131=ORIENTED_EDGE('',*,*,#1725,.F.);
#1132=ORIENTED_EDGE('',*,*,#1726,.T.);
#1133=ORIENTED_EDGE('',*,*,#1723,.T.);
#1134=ORIENTED_EDGE('',*,*,#1529,.F.);
#1135=ORIENTED_EDGE('',*,*,#1727,.F.);
#1136=ORIENTED_EDGE('',*,*,#1728,.T.);
#1137=ORIENTED_EDGE('',*,*,#1725,.T.);
#1138=ORIENTED_EDGE('',*,*,#1528,.F.);
#1139=ORIENTED_EDGE('',*,*,#1729,.F.);
#1140=ORIENTED_EDGE('',*,*,#1730,.T.);
#1141=ORIENTED_EDGE('',*,*,#1727,.T.);
#1142=ORIENTED_EDGE('',*,*,#1527,.F.);
#1143=ORIENTED_EDGE('',*,*,#1731,.F.);
#1144=ORIENTED_EDGE('',*,*,#1732,.T.);
#1145=ORIENTED_EDGE('',*,*,#1729,.T.);
#1146=ORIENTED_EDGE('',*,*,#1526,.F.);
#1147=ORIENTED_EDGE('',*,*,#1733,.F.);
#1148=ORIENTED_EDGE('',*,*,#1734,.T.);
#1149=ORIENTED_EDGE('',*,*,#1731,.T.);
#1150=ORIENTED_EDGE('',*,*,#1525,.F.);
#1151=ORIENTED_EDGE('',*,*,#1735,.F.);
#1152=ORIENTED_EDGE('',*,*,#1736,.T.);
#1153=ORIENTED_EDGE('',*,*,#1733,.T.);
#1154=ORIENTED_EDGE('',*,*,#1524,.F.);
#1155=ORIENTED_EDGE('',*,*,#1737,.F.);
#1156=ORIENTED_EDGE('',*,*,#1738,.T.);
#1157=ORIENTED_EDGE('',*,*,#1735,.T.);
#1158=ORIENTED_EDGE('',*,*,#1523,.F.);
#1159=ORIENTED_EDGE('',*,*,#1739,.F.);
#1160=ORIENTED_EDGE('',*,*,#1740,.T.);
#1161=ORIENTED_EDGE('',*,*,#1737,.T.);
#1162=ORIENTED_EDGE('',*,*,#1522,.F.);
#1163=ORIENTED_EDGE('',*,*,#1741,.F.);
#1164=ORIENTED_EDGE('',*,*,#1742,.T.);
#1165=ORIENTED_EDGE('',*,*,#1739,.T.);
#1166=ORIENTED_EDGE('',*,*,#1521,.F.);
#1167=ORIENTED_EDGE('',*,*,#1743,.F.);
#1168=ORIENTED_EDGE('',*,*,#1744,.T.);
#1169=ORIENTED_EDGE('',*,*,#1741,.T.);
#1170=ORIENTED_EDGE('',*,*,#1520,.F.);
#1171=ORIENTED_EDGE('',*,*,#1745,.F.);
#1172=ORIENTED_EDGE('',*,*,#1746,.T.);
#1173=ORIENTED_EDGE('',*,*,#1743,.T.);
#1174=ORIENTED_EDGE('',*,*,#1519,.F.);
#1175=ORIENTED_EDGE('',*,*,#1716,.F.);
#1176=ORIENTED_EDGE('',*,*,#1747,.T.);
#1177=ORIENTED_EDGE('',*,*,#1745,.T.);
#1178=ORIENTED_EDGE('',*,*,#1715,.F.);
#1179=ORIENTED_EDGE('',*,*,#1718,.F.);
#1180=ORIENTED_EDGE('',*,*,#1720,.F.);
#1181=ORIENTED_EDGE('',*,*,#1722,.F.);
#1182=ORIENTED_EDGE('',*,*,#1724,.F.);
#1183=ORIENTED_EDGE('',*,*,#1726,.F.);
#1184=ORIENTED_EDGE('',*,*,#1728,.F.);
#1185=ORIENTED_EDGE('',*,*,#1730,.F.);
#1186=ORIENTED_EDGE('',*,*,#1732,.F.);
#1187=ORIENTED_EDGE('',*,*,#1734,.F.);
#1188=ORIENTED_EDGE('',*,*,#1736,.F.);
#1189=ORIENTED_EDGE('',*,*,#1738,.F.);
#1190=ORIENTED_EDGE('',*,*,#1740,.F.);
#1191=ORIENTED_EDGE('',*,*,#1742,.F.);
#1192=ORIENTED_EDGE('',*,*,#1744,.F.);
#1193=ORIENTED_EDGE('',*,*,#1746,.F.);
#1194=ORIENTED_EDGE('',*,*,#1747,.F.);
#1195=ORIENTED_EDGE('',*,*,#1506,.F.);
#1196=ORIENTED_EDGE('',*,*,#1748,.F.);
#1197=ORIENTED_EDGE('',*,*,#1749,.T.);
#1198=ORIENTED_EDGE('',*,*,#1750,.T.);
#1199=ORIENTED_EDGE('',*,*,#1505,.F.);
#1200=ORIENTED_EDGE('',*,*,#1751,.F.);
#1201=ORIENTED_EDGE('',*,*,#1752,.T.);
#1202=ORIENTED_EDGE('',*,*,#1748,.T.);
#1203=ORIENTED_EDGE('',*,*,#1516,.F.);
#1204=ORIENTED_EDGE('',*,*,#1753,.F.);
#1205=ORIENTED_EDGE('',*,*,#1754,.T.);
#1206=ORIENTED_EDGE('',*,*,#1751,.T.);
#1207=ORIENTED_EDGE('',*,*,#1515,.F.);
#1208=ORIENTED_EDGE('',*,*,#1755,.F.);
#1209=ORIENTED_EDGE('',*,*,#1756,.T.);
#1210=ORIENTED_EDGE('',*,*,#1753,.T.);
#1211=ORIENTED_EDGE('',*,*,#1514,.F.);
#1212=ORIENTED_EDGE('',*,*,#1757,.F.);
#1213=ORIENTED_EDGE('',*,*,#1758,.T.);
#1214=ORIENTED_EDGE('',*,*,#1755,.T.);
#1215=ORIENTED_EDGE('',*,*,#1513,.F.);
#1216=ORIENTED_EDGE('',*,*,#1759,.F.);
#1217=ORIENTED_EDGE('',*,*,#1760,.T.);
#1218=ORIENTED_EDGE('',*,*,#1757,.T.);
#1219=ORIENTED_EDGE('',*,*,#1512,.F.);
#1220=ORIENTED_EDGE('',*,*,#1761,.F.);
#1221=ORIENTED_EDGE('',*,*,#1762,.T.);
#1222=ORIENTED_EDGE('',*,*,#1759,.T.);
#1223=ORIENTED_EDGE('',*,*,#1511,.F.);
#1224=ORIENTED_EDGE('',*,*,#1763,.F.);
#1225=ORIENTED_EDGE('',*,*,#1764,.T.);
#1226=ORIENTED_EDGE('',*,*,#1761,.T.);
#1227=ORIENTED_EDGE('',*,*,#1510,.F.);
#1228=ORIENTED_EDGE('',*,*,#1765,.F.);
#1229=ORIENTED_EDGE('',*,*,#1766,.T.);
#1230=ORIENTED_EDGE('',*,*,#1763,.T.);
#1231=ORIENTED_EDGE('',*,*,#1509,.F.);
#1232=ORIENTED_EDGE('',*,*,#1767,.F.);
#1233=ORIENTED_EDGE('',*,*,#1768,.T.);
#1234=ORIENTED_EDGE('',*,*,#1765,.T.);
#1235=ORIENTED_EDGE('',*,*,#1508,.F.);
#1236=ORIENTED_EDGE('',*,*,#1769,.F.);
#1237=ORIENTED_EDGE('',*,*,#1770,.T.);
#1238=ORIENTED_EDGE('',*,*,#1767,.T.);
#1239=ORIENTED_EDGE('',*,*,#1507,.F.);
#1240=ORIENTED_EDGE('',*,*,#1750,.F.);
#1241=ORIENTED_EDGE('',*,*,#1771,.T.);
#1242=ORIENTED_EDGE('',*,*,#1769,.T.);
#1243=ORIENTED_EDGE('',*,*,#1749,.F.);
#1244=ORIENTED_EDGE('',*,*,#1752,.F.);
#1245=ORIENTED_EDGE('',*,*,#1754,.F.);
#1246=ORIENTED_EDGE('',*,*,#1756,.F.);
#1247=ORIENTED_EDGE('',*,*,#1758,.F.);
#1248=ORIENTED_EDGE('',*,*,#1760,.F.);
#1249=ORIENTED_EDGE('',*,*,#1762,.F.);
#1250=ORIENTED_EDGE('',*,*,#1764,.F.);
#1251=ORIENTED_EDGE('',*,*,#1766,.F.);
#1252=ORIENTED_EDGE('',*,*,#1768,.F.);
#1253=ORIENTED_EDGE('',*,*,#1770,.F.);
#1254=ORIENTED_EDGE('',*,*,#1771,.F.);
#1255=ORIENTED_EDGE('',*,*,#1489,.F.);
#1256=ORIENTED_EDGE('',*,*,#1772,.F.);
#1257=ORIENTED_EDGE('',*,*,#1773,.T.);
#1258=ORIENTED_EDGE('',*,*,#1774,.T.);
#1259=ORIENTED_EDGE('',*,*,#1488,.F.);
#1260=ORIENTED_EDGE('',*,*,#1775,.F.);
#1261=ORIENTED_EDGE('',*,*,#1776,.T.);
#1262=ORIENTED_EDGE('',*,*,#1772,.T.);
#1263=ORIENTED_EDGE('',*,*,#1504,.F.);
#1264=ORIENTED_EDGE('',*,*,#1777,.F.);
#1265=ORIENTED_EDGE('',*,*,#1778,.T.);
#1266=ORIENTED_EDGE('',*,*,#1775,.T.);
#1267=ORIENTED_EDGE('',*,*,#1503,.F.);
#1268=ORIENTED_EDGE('',*,*,#1779,.F.);
#1269=ORIENTED_EDGE('',*,*,#1780,.T.);
#1270=ORIENTED_EDGE('',*,*,#1777,.T.);
#1271=ORIENTED_EDGE('',*,*,#1502,.F.);
#1272=ORIENTED_EDGE('',*,*,#1781,.F.);
#1273=ORIENTED_EDGE('',*,*,#1782,.T.);
#1274=ORIENTED_EDGE('',*,*,#1779,.T.);
#1275=ORIENTED_EDGE('',*,*,#1501,.F.);
#1276=ORIENTED_EDGE('',*,*,#1783,.F.);
#1277=ORIENTED_EDGE('',*,*,#1784,.T.);
#1278=ORIENTED_EDGE('',*,*,#1781,.T.);
#1279=ORIENTED_EDGE('',*,*,#1500,.F.);
#1280=ORIENTED_EDGE('',*,*,#1785,.F.);
#1281=ORIENTED_EDGE('',*,*,#1786,.T.);
#1282=ORIENTED_EDGE('',*,*,#1783,.T.);
#1283=ORIENTED_EDGE('',*,*,#1499,.F.);
#1284=ORIENTED_EDGE('',*,*,#1787,.F.);
#1285=ORIENTED_EDGE('',*,*,#1788,.T.);
#1286=ORIENTED_EDGE('',*,*,#1785,.T.);
#1287=ORIENTED_EDGE('',*,*,#1498,.F.);
#1288=ORIENTED_EDGE('',*,*,#1789,.F.);
#1289=ORIENTED_EDGE('',*,*,#1790,.T.);
#1290=ORIENTED_EDGE('',*,*,#1787,.T.);
#1291=ORIENTED_EDGE('',*,*,#1497,.F.);
#1292=ORIENTED_EDGE('',*,*,#1791,.F.);
#1293=ORIENTED_EDGE('',*,*,#1792,.T.);
#1294=ORIENTED_EDGE('',*,*,#1789,.T.);
#1295=ORIENTED_EDGE('',*,*,#1496,.F.);
#1296=ORIENTED_EDGE('',*,*,#1793,.F.);
#1297=ORIENTED_EDGE('',*,*,#1794,.T.);
#1298=ORIENTED_EDGE('',*,*,#1791,.T.);
#1299=ORIENTED_EDGE('',*,*,#1495,.F.);
#1300=ORIENTED_EDGE('',*,*,#1795,.F.);
#1301=ORIENTED_EDGE('',*,*,#1796,.T.);
#1302=ORIENTED_EDGE('',*,*,#1793,.T.);
#1303=ORIENTED_EDGE('',*,*,#1494,.F.);
#1304=ORIENTED_EDGE('',*,*,#1797,.F.);
#1305=ORIENTED_EDGE('',*,*,#1798,.T.);
#1306=ORIENTED_EDGE('',*,*,#1795,.T.);
#1307=ORIENTED_EDGE('',*,*,#1493,.F.);
#1308=ORIENTED_EDGE('',*,*,#1799,.F.);
#1309=ORIENTED_EDGE('',*,*,#1800,.T.);
#1310=ORIENTED_EDGE('',*,*,#1797,.T.);
#1311=ORIENTED_EDGE('',*,*,#1492,.F.);
#1312=ORIENTED_EDGE('',*,*,#1801,.F.);
#1313=ORIENTED_EDGE('',*,*,#1802,.T.);
#1314=ORIENTED_EDGE('',*,*,#1799,.T.);
#1315=ORIENTED_EDGE('',*,*,#1491,.F.);
#1316=ORIENTED_EDGE('',*,*,#1803,.F.);
#1317=ORIENTED_EDGE('',*,*,#1804,.T.);
#1318=ORIENTED_EDGE('',*,*,#1801,.T.);
#1319=ORIENTED_EDGE('',*,*,#1490,.F.);
#1320=ORIENTED_EDGE('',*,*,#1774,.F.);
#1321=ORIENTED_EDGE('',*,*,#1805,.T.);
#1322=ORIENTED_EDGE('',*,*,#1803,.T.);
#1323=ORIENTED_EDGE('',*,*,#1773,.F.);
#1324=ORIENTED_EDGE('',*,*,#1776,.F.);
#1325=ORIENTED_EDGE('',*,*,#1778,.F.);
#1326=ORIENTED_EDGE('',*,*,#1780,.F.);
#1327=ORIENTED_EDGE('',*,*,#1782,.F.);
#1328=ORIENTED_EDGE('',*,*,#1784,.F.);
#1329=ORIENTED_EDGE('',*,*,#1786,.F.);
#1330=ORIENTED_EDGE('',*,*,#1788,.F.);
#1331=ORIENTED_EDGE('',*,*,#1790,.F.);
#1332=ORIENTED_EDGE('',*,*,#1792,.F.);
#1333=ORIENTED_EDGE('',*,*,#1794,.F.);
#1334=ORIENTED_EDGE('',*,*,#1796,.F.);
#1335=ORIENTED_EDGE('',*,*,#1798,.F.);
#1336=ORIENTED_EDGE('',*,*,#1800,.F.);
#1337=ORIENTED_EDGE('',*,*,#1802,.F.);
#1338=ORIENTED_EDGE('',*,*,#1804,.F.);
#1339=ORIENTED_EDGE('',*,*,#1805,.F.);
#1340=ORIENTED_EDGE('',*,*,#1806,.F.);
#1341=ORIENTED_EDGE('',*,*,#1807,.F.);
#1342=ORIENTED_EDGE('',*,*,#1808,.T.);
#1343=ORIENTED_EDGE('',*,*,#1809,.T.);
#1344=ORIENTED_EDGE('',*,*,#1810,.F.);
#1345=ORIENTED_EDGE('',*,*,#1811,.F.);
#1346=ORIENTED_EDGE('',*,*,#1812,.T.);
#1347=ORIENTED_EDGE('',*,*,#1807,.T.);
#1348=ORIENTED_EDGE('',*,*,#1813,.F.);
#1349=ORIENTED_EDGE('',*,*,#1814,.F.);
#1350=ORIENTED_EDGE('',*,*,#1815,.T.);
#1351=ORIENTED_EDGE('',*,*,#1811,.T.);
#1352=ORIENTED_EDGE('',*,*,#1816,.F.);
#1353=ORIENTED_EDGE('',*,*,#1817,.F.);
#1354=ORIENTED_EDGE('',*,*,#1818,.T.);
#1355=ORIENTED_EDGE('',*,*,#1814,.T.);
#1356=ORIENTED_EDGE('',*,*,#1819,.F.);
#1357=ORIENTED_EDGE('',*,*,#1820,.F.);
#1358=ORIENTED_EDGE('',*,*,#1821,.T.);
#1359=ORIENTED_EDGE('',*,*,#1817,.T.);
#1360=ORIENTED_EDGE('',*,*,#1822,.F.);
#1361=ORIENTED_EDGE('',*,*,#1823,.F.);
#1362=ORIENTED_EDGE('',*,*,#1824,.T.);
#1363=ORIENTED_EDGE('',*,*,#1820,.T.);
#1364=ORIENTED_EDGE('',*,*,#1576,.F.);
#1365=ORIENTED_EDGE('',*,*,#1825,.F.);
#1366=ORIENTED_EDGE('',*,*,#1826,.T.);
#1367=ORIENTED_EDGE('',*,*,#1827,.T.);
#1368=ORIENTED_EDGE('',*,*,#1575,.F.);
#1369=ORIENTED_EDGE('',*,*,#1828,.F.);
#1370=ORIENTED_EDGE('',*,*,#1829,.T.);
#1371=ORIENTED_EDGE('',*,*,#1825,.T.);
#1372=ORIENTED_EDGE('',*,*,#1582,.F.);
#1373=ORIENTED_EDGE('',*,*,#1830,.F.);
#1374=ORIENTED_EDGE('',*,*,#1831,.T.);
#1375=ORIENTED_EDGE('',*,*,#1828,.T.);
#1376=ORIENTED_EDGE('',*,*,#1581,.F.);
#1377=ORIENTED_EDGE('',*,*,#1832,.F.);
#1378=ORIENTED_EDGE('',*,*,#1833,.T.);
#1379=ORIENTED_EDGE('',*,*,#1830,.T.);
#1380=ORIENTED_EDGE('',*,*,#1580,.F.);
#1381=ORIENTED_EDGE('',*,*,#1834,.F.);
#1382=ORIENTED_EDGE('',*,*,#1835,.T.);
#1383=ORIENTED_EDGE('',*,*,#1832,.T.);
#1384=ORIENTED_EDGE('',*,*,#1579,.F.);
#1385=ORIENTED_EDGE('',*,*,#1836,.F.);
#1386=ORIENTED_EDGE('',*,*,#1837,.T.);
#1387=ORIENTED_EDGE('',*,*,#1834,.T.);
#1388=ORIENTED_EDGE('',*,*,#1578,.F.);
#1389=ORIENTED_EDGE('',*,*,#1838,.F.);
#1390=ORIENTED_EDGE('',*,*,#1839,.T.);
#1391=ORIENTED_EDGE('',*,*,#1836,.T.);
#1392=ORIENTED_EDGE('',*,*,#1577,.F.);
#1393=ORIENTED_EDGE('',*,*,#1827,.F.);
#1394=ORIENTED_EDGE('',*,*,#1840,.T.);
#1395=ORIENTED_EDGE('',*,*,#1838,.T.);
#1396=ORIENTED_EDGE('',*,*,#1841,.F.);
#1397=ORIENTED_EDGE('',*,*,#1809,.F.);
#1398=ORIENTED_EDGE('',*,*,#1842,.T.);
#1399=ORIENTED_EDGE('',*,*,#1823,.T.);
#1400=ORIENTED_EDGE('',*,*,#1826,.F.);
#1401=ORIENTED_EDGE('',*,*,#1829,.F.);
#1402=ORIENTED_EDGE('',*,*,#1831,.F.);
#1403=ORIENTED_EDGE('',*,*,#1833,.F.);
#1404=ORIENTED_EDGE('',*,*,#1835,.F.);
#1405=ORIENTED_EDGE('',*,*,#1837,.F.);
#1406=ORIENTED_EDGE('',*,*,#1839,.F.);
#1407=ORIENTED_EDGE('',*,*,#1840,.F.);
#1408=ORIENTED_EDGE('',*,*,#1808,.F.);
#1409=ORIENTED_EDGE('',*,*,#1812,.F.);
#1410=ORIENTED_EDGE('',*,*,#1815,.F.);
#1411=ORIENTED_EDGE('',*,*,#1818,.F.);
#1412=ORIENTED_EDGE('',*,*,#1821,.F.);
#1413=ORIENTED_EDGE('',*,*,#1824,.F.);
#1414=ORIENTED_EDGE('',*,*,#1842,.F.);
#1415=ORIENTED_EDGE('',*,*,#1584,.F.);
#1416=ORIENTED_EDGE('',*,*,#1843,.F.);
#1417=ORIENTED_EDGE('',*,*,#1844,.T.);
#1418=ORIENTED_EDGE('',*,*,#1845,.T.);
#1419=ORIENTED_EDGE('',*,*,#1583,.F.);
#1420=ORIENTED_EDGE('',*,*,#1846,.F.);
#1421=ORIENTED_EDGE('',*,*,#1847,.T.);
#1422=ORIENTED_EDGE('',*,*,#1843,.T.);
#1423=ORIENTED_EDGE('',*,*,#1594,.F.);
#1424=ORIENTED_EDGE('',*,*,#1848,.F.);
#1425=ORIENTED_EDGE('',*,*,#1849,.T.);
#1426=ORIENTED_EDGE('',*,*,#1846,.T.);
#1427=ORIENTED_EDGE('',*,*,#1593,.F.);
#1428=ORIENTED_EDGE('',*,*,#1850,.F.);
#1429=ORIENTED_EDGE('',*,*,#1851,.T.);
#1430=ORIENTED_EDGE('',*,*,#1848,.T.);
#1431=ORIENTED_EDGE('',*,*,#1592,.F.);
#1432=ORIENTED_EDGE('',*,*,#1852,.F.);
#1433=ORIENTED_EDGE('',*,*,#1853,.T.);
#1434=ORIENTED_EDGE('',*,*,#1850,.T.);
#1435=ORIENTED_EDGE('',*,*,#1591,.F.);
#1436=ORIENTED_EDGE('',*,*,#1854,.F.);
#1437=ORIENTED_EDGE('',*,*,#1855,.T.);
#1438=ORIENTED_EDGE('',*,*,#1852,.T.);
#1439=ORIENTED_EDGE('',*,*,#1590,.F.);
#1440=ORIENTED_EDGE('',*,*,#1856,.F.);
#1441=ORIENTED_EDGE('',*,*,#1857,.T.);
#1442=ORIENTED_EDGE('',*,*,#1854,.T.);
#1443=ORIENTED_EDGE('',*,*,#1589,.F.);
#1444=ORIENTED_EDGE('',*,*,#1858,.F.);
#1445=ORIENTED_EDGE('',*,*,#1859,.T.);
#1446=ORIENTED_EDGE('',*,*,#1856,.T.);
#1447=ORIENTED_EDGE('',*,*,#1588,.F.);
#1448=ORIENTED_EDGE('',*,*,#1860,.F.);
#1449=ORIENTED_EDGE('',*,*,#1861,.T.);
#1450=ORIENTED_EDGE('',*,*,#1858,.T.);
#1451=ORIENTED_EDGE('',*,*,#1587,.F.);
#1452=ORIENTED_EDGE('',*,*,#1862,.F.);
#1453=ORIENTED_EDGE('',*,*,#1863,.T.);
#1454=ORIENTED_EDGE('',*,*,#1860,.T.);
#1455=ORIENTED_EDGE('',*,*,#1586,.F.);
#1456=ORIENTED_EDGE('',*,*,#1864,.F.);
#1457=ORIENTED_EDGE('',*,*,#1865,.T.);
#1458=ORIENTED_EDGE('',*,*,#1862,.T.);
#1459=ORIENTED_EDGE('',*,*,#1585,.F.);
#1460=ORIENTED_EDGE('',*,*,#1845,.F.);
#1461=ORIENTED_EDGE('',*,*,#1866,.T.);
#1462=ORIENTED_EDGE('',*,*,#1864,.T.);
#1463=ORIENTED_EDGE('',*,*,#1844,.F.);
#1464=ORIENTED_EDGE('',*,*,#1847,.F.);
#1465=ORIENTED_EDGE('',*,*,#1849,.F.);
#1466=ORIENTED_EDGE('',*,*,#1851,.F.);
#1467=ORIENTED_EDGE('',*,*,#1853,.F.);
#1468=ORIENTED_EDGE('',*,*,#1855,.F.);
#1469=ORIENTED_EDGE('',*,*,#1857,.F.);
#1470=ORIENTED_EDGE('',*,*,#1859,.F.);
#1471=ORIENTED_EDGE('',*,*,#1861,.F.);
#1472=ORIENTED_EDGE('',*,*,#1863,.F.);
#1473=ORIENTED_EDGE('',*,*,#1865,.F.);
#1474=ORIENTED_EDGE('',*,*,#1866,.F.);
#1475=ORIENTED_EDGE('',*,*,#1617,.T.);
#1476=ORIENTED_EDGE('',*,*,#1613,.T.);
#1477=ORIENTED_EDGE('',*,*,#1672,.T.);
#1478=ORIENTED_EDGE('',*,*,#1626,.T.);
#1479=ORIENTED_EDGE('',*,*,#1623,.T.);
#1480=ORIENTED_EDGE('',*,*,#1620,.T.);
#1481=ORIENTED_EDGE('',*,*,#1810,.T.);
#1482=ORIENTED_EDGE('',*,*,#1806,.T.);
#1483=ORIENTED_EDGE('',*,*,#1841,.T.);
#1484=ORIENTED_EDGE('',*,*,#1822,.T.);
#1485=ORIENTED_EDGE('',*,*,#1819,.T.);
#1486=ORIENTED_EDGE('',*,*,#1816,.T.);
#1487=ORIENTED_EDGE('',*,*,#1813,.T.);
#1488=EDGE_CURVE('',#1867,#1868,#2121,.T.);
#1489=EDGE_CURVE('',#1868,#1869,#2122,.T.);
#1490=EDGE_CURVE('',#1869,#1870,#200,.T.);
#1491=EDGE_CURVE('',#1870,#1871,#2123,.T.);
#1492=EDGE_CURVE('',#1871,#1872,#2124,.T.);
#1493=EDGE_CURVE('',#1872,#1873,#2125,.T.);
#1494=EDGE_CURVE('',#1873,#1874,#2126,.T.);
#1495=EDGE_CURVE('',#1874,#1875,#2127,.T.);
#1496=EDGE_CURVE('',#1875,#1876,#2128,.T.);
#1497=EDGE_CURVE('',#1876,#1877,#2129,.T.);
#1498=EDGE_CURVE('',#1877,#1878,#2130,.T.);
#1499=EDGE_CURVE('',#1878,#1879,#201,.T.);
#1500=EDGE_CURVE('',#1879,#1880,#2131,.T.);
#1501=EDGE_CURVE('',#1880,#1881,#2132,.T.);
#1502=EDGE_CURVE('',#1881,#1882,#2133,.T.);
#1503=EDGE_CURVE('',#1882,#1883,#2134,.T.);
#1504=EDGE_CURVE('',#1883,#1867,#2135,.T.);
#1505=EDGE_CURVE('',#1884,#1885,#202,.T.);
#1506=EDGE_CURVE('',#1885,#1886,#203,.T.);
#1507=EDGE_CURVE('',#1886,#1887,#204,.T.);
#1508=EDGE_CURVE('',#1887,#1888,#205,.T.);
#1509=EDGE_CURVE('',#1888,#1889,#206,.T.);
#1510=EDGE_CURVE('',#1889,#1890,#207,.T.);
#1511=EDGE_CURVE('',#1890,#1891,#208,.T.);
#1512=EDGE_CURVE('',#1891,#1892,#209,.T.);
#1513=EDGE_CURVE('',#1892,#1893,#210,.T.);
#1514=EDGE_CURVE('',#1893,#1894,#211,.T.);
#1515=EDGE_CURVE('',#1894,#1895,#212,.T.);
#1516=EDGE_CURVE('',#1895,#1884,#213,.T.);
#1517=EDGE_CURVE('',#1896,#1897,#2136,.T.);
#1518=EDGE_CURVE('',#1897,#1898,#2137,.T.);
#1519=EDGE_CURVE('',#1898,#1899,#214,.T.);
#1520=EDGE_CURVE('',#1899,#1900,#2138,.T.);
#1521=EDGE_CURVE('',#1900,#1901,#2139,.T.);
#1522=EDGE_CURVE('',#1901,#1902,#2140,.T.);
#1523=EDGE_CURVE('',#1902,#1903,#2141,.T.);
#1524=EDGE_CURVE('',#1903,#1904,#2142,.T.);
#1525=EDGE_CURVE('',#1904,#1905,#2143,.T.);
#1526=EDGE_CURVE('',#1905,#1906,#2144,.T.);
#1527=EDGE_CURVE('',#1906,#1907,#2145,.T.);
#1528=EDGE_CURVE('',#1907,#1908,#215,.T.);
#1529=EDGE_CURVE('',#1908,#1909,#2146,.T.);
#1530=EDGE_CURVE('',#1909,#1910,#2147,.T.);
#1531=EDGE_CURVE('',#1910,#1911,#2148,.T.);
#1532=EDGE_CURVE('',#1911,#1912,#2149,.T.);
#1533=EDGE_CURVE('',#1912,#1896,#2150,.T.);
#1534=EDGE_CURVE('',#1913,#1914,#216,.T.);
#1535=EDGE_CURVE('',#1914,#1915,#217,.T.);
#1536=EDGE_CURVE('',#1915,#1916,#218,.T.);
#1537=EDGE_CURVE('',#1916,#1917,#219,.T.);
#1538=EDGE_CURVE('',#1917,#1918,#220,.T.);
#1539=EDGE_CURVE('',#1918,#1913,#221,.T.);
#1540=EDGE_CURVE('',#1919,#1920,#2151,.T.);
#1541=EDGE_CURVE('',#1920,#1921,#2152,.T.);
#1542=EDGE_CURVE('',#1921,#1922,#2153,.T.);
#1543=EDGE_CURVE('',#1922,#1923,#222,.T.);
#1544=EDGE_CURVE('',#1923,#1924,#223,.T.);
#1545=EDGE_CURVE('',#1924,#1925,#224,.T.);
#1546=EDGE_CURVE('',#1925,#1926,#2154,.T.);
#1547=EDGE_CURVE('',#1926,#1927,#2155,.T.);
#1548=EDGE_CURVE('',#1927,#1928,#2156,.T.);
#1549=EDGE_CURVE('',#1928,#1929,#2157,.T.);
#1550=EDGE_CURVE('',#1929,#1930,#225,.T.);
#1551=EDGE_CURVE('',#1930,#1931,#226,.T.);
#1552=EDGE_CURVE('',#1931,#1932,#227,.T.);
#1553=EDGE_CURVE('',#1932,#1919,#2158,.T.);
#1554=EDGE_CURVE('',#1933,#1934,#2159,.T.);
#1555=EDGE_CURVE('',#1934,#1935,#2160,.T.);
#1556=EDGE_CURVE('',#1935,#1936,#2161,.T.);
#1557=EDGE_CURVE('',#1936,#1937,#228,.T.);
#1558=EDGE_CURVE('',#1937,#1938,#229,.T.);
#1559=EDGE_CURVE('',#1938,#1939,#230,.T.);
#1560=EDGE_CURVE('',#1939,#1940,#2162,.T.);
#1561=EDGE_CURVE('',#1940,#1941,#2163,.T.);
#1562=EDGE_CURVE('',#1941,#1942,#2164,.T.);
#1563=EDGE_CURVE('',#1942,#1943,#2165,.T.);
#1564=EDGE_CURVE('',#1943,#1933,#2166,.T.);
#1565=EDGE_CURVE('',#1944,#1945,#231,.T.);
#1566=EDGE_CURVE('',#1944,#1946,#232,.T.);
#1567=EDGE_CURVE('',#1946,#1947,#233,.T.);
#1568=EDGE_CURVE('',#1945,#1947,#234,.T.);
#1569=EDGE_CURVE('',#1948,#1948,#194,.T.);
#1570=EDGE_CURVE('',#1949,#1949,#195,.T.);
#1571=EDGE_CURVE('',#1950,#1951,#235,.T.);
#1572=EDGE_CURVE('',#1950,#1952,#236,.T.);
#1573=EDGE_CURVE('',#1952,#1953,#237,.T.);
#1574=EDGE_CURVE('',#1951,#1953,#238,.T.);
#1575=EDGE_CURVE('',#1954,#1955,#239,.T.);
#1576=EDGE_CURVE('',#1955,#1956,#240,.T.);
#1577=EDGE_CURVE('',#1956,#1957,#241,.T.);
#1578=EDGE_CURVE('',#1957,#1958,#242,.T.);
#1579=EDGE_CURVE('',#1958,#1959,#243,.T.);
#1580=EDGE_CURVE('',#1959,#1960,#244,.T.);
#1581=EDGE_CURVE('',#1960,#1961,#245,.T.);
#1582=EDGE_CURVE('',#1961,#1954,#246,.T.);
#1583=EDGE_CURVE('',#1962,#1963,#247,.T.);
#1584=EDGE_CURVE('',#1963,#1964,#248,.T.);
#1585=EDGE_CURVE('',#1964,#1965,#249,.T.);
#1586=EDGE_CURVE('',#1965,#1966,#250,.T.);
#1587=EDGE_CURVE('',#1966,#1967,#251,.T.);
#1588=EDGE_CURVE('',#1967,#1968,#252,.T.);
#1589=EDGE_CURVE('',#1968,#1969,#253,.T.);
#1590=EDGE_CURVE('',#1969,#1970,#254,.T.);
#1591=EDGE_CURVE('',#1970,#1971,#255,.T.);
#1592=EDGE_CURVE('',#1971,#1972,#256,.T.);
#1593=EDGE_CURVE('',#1972,#1973,#257,.T.);
#1594=EDGE_CURVE('',#1973,#1962,#258,.T.);
#1595=EDGE_CURVE('',#1974,#1975,#259,.T.);
#1596=EDGE_CURVE('',#1950,#1974,#260,.T.);
#1597=EDGE_CURVE('',#1951,#1975,#261,.T.);
#1598=EDGE_CURVE('',#1974,#1976,#262,.T.);
#1599=EDGE_CURVE('',#1952,#1976,#263,.T.);
#1600=EDGE_CURVE('',#1976,#1977,#264,.T.);
#1601=EDGE_CURVE('',#1953,#1977,#265,.T.);
#1602=EDGE_CURVE('',#1978,#1979,#266,.T.);
#1603=EDGE_CURVE('',#1944,#1978,#267,.T.);
#1604=EDGE_CURVE('',#1945,#1979,#268,.T.);
#1605=EDGE_CURVE('',#1978,#1980,#269,.T.);
#1606=EDGE_CURVE('',#1946,#1980,#270,.T.);
#1607=EDGE_CURVE('',#1980,#1981,#271,.T.);
#1608=EDGE_CURVE('',#1947,#1981,#272,.T.);
#1609=EDGE_CURVE('',#1982,#1982,#196,.T.);
#1610=EDGE_CURVE('',#1983,#1983,#197,.T.);
#1611=EDGE_CURVE('',#1979,#1981,#273,.T.);
#1612=EDGE_CURVE('',#1975,#1977,#274,.T.);
#1613=EDGE_CURVE('',#1984,#1985,#2167,.T.);
#1614=EDGE_CURVE('',#1986,#1984,#275,.T.);
#1615=EDGE_CURVE('',#1986,#1987,#2168,.T.);
#1616=EDGE_CURVE('',#1987,#1985,#276,.T.);
#1617=EDGE_CURVE('',#1988,#1984,#2169,.T.);
#1618=EDGE_CURVE('',#1989,#1988,#277,.T.);
#1619=EDGE_CURVE('',#1989,#1986,#2170,.T.);
#1620=EDGE_CURVE('',#1990,#1988,#2171,.T.);
#1621=EDGE_CURVE('',#1991,#1990,#278,.T.);
#1622=EDGE_CURVE('',#1991,#1989,#2172,.T.);
#1623=EDGE_CURVE('',#1992,#1990,#279,.T.);
#1624=EDGE_CURVE('',#1993,#1992,#280,.T.);
#1625=EDGE_CURVE('',#1993,#1991,#281,.T.);
#1626=EDGE_CURVE('',#1994,#1992,#282,.T.);
#1627=EDGE_CURVE('',#1995,#1994,#283,.T.);
#1628=EDGE_CURVE('',#1995,#1993,#284,.T.);
#1629=EDGE_CURVE('',#1996,#1997,#2173,.T.);
#1630=EDGE_CURVE('',#1998,#1996,#285,.T.);
#1631=EDGE_CURVE('',#1998,#1999,#2174,.T.);
#1632=EDGE_CURVE('',#1999,#1997,#286,.T.);
#1633=EDGE_CURVE('',#2000,#1996,#2175,.T.);
#1634=EDGE_CURVE('',#2001,#2000,#287,.T.);
#1635=EDGE_CURVE('',#2001,#1998,#2176,.T.);
#1636=EDGE_CURVE('',#2002,#2000,#2177,.T.);
#1637=EDGE_CURVE('',#2003,#2002,#288,.T.);
#1638=EDGE_CURVE('',#2003,#2001,#2178,.T.);
#1639=EDGE_CURVE('',#2004,#2002,#289,.T.);
#1640=EDGE_CURVE('',#2005,#2004,#290,.T.);
#1641=EDGE_CURVE('',#2005,#2003,#291,.T.);
#1642=EDGE_CURVE('',#2006,#2004,#292,.T.);
#1643=EDGE_CURVE('',#2007,#2006,#293,.T.);
#1644=EDGE_CURVE('',#2007,#2005,#294,.T.);
#1645=EDGE_CURVE('',#2008,#2006,#295,.T.);
#1646=EDGE_CURVE('',#2009,#2008,#296,.T.);
#1647=EDGE_CURVE('',#2009,#2007,#297,.T.);
#1648=EDGE_CURVE('',#2010,#1934,#298,.T.);
#1649=EDGE_CURVE('',#2010,#2011,#2179,.T.);
#1650=EDGE_CURVE('',#2011,#1935,#299,.T.);
#1651=EDGE_CURVE('',#2012,#1933,#300,.T.);
#1652=EDGE_CURVE('',#2012,#2010,#2180,.T.);
#1653=EDGE_CURVE('',#2013,#1943,#301,.T.);
#1654=EDGE_CURVE('',#2013,#2012,#2181,.T.);
#1655=EDGE_CURVE('',#2014,#1942,#302,.T.);
#1656=EDGE_CURVE('',#2014,#2013,#2182,.T.);
#1657=EDGE_CURVE('',#2015,#1941,#303,.T.);
#1658=EDGE_CURVE('',#2015,#2014,#2183,.T.);
#1659=EDGE_CURVE('',#2016,#1940,#304,.T.);
#1660=EDGE_CURVE('',#2016,#2015,#2184,.T.);
#1661=EDGE_CURVE('',#2017,#1939,#305,.T.);
#1662=EDGE_CURVE('',#2017,#2016,#2185,.T.);
#1663=EDGE_CURVE('',#2018,#1938,#306,.T.);
#1664=EDGE_CURVE('',#2018,#2017,#307,.T.);
#1665=EDGE_CURVE('',#2019,#1937,#308,.T.);
#1666=EDGE_CURVE('',#2019,#2018,#309,.T.);
#1667=EDGE_CURVE('',#2020,#1936,#310,.T.);
#1668=EDGE_CURVE('',#2020,#2019,#311,.T.);
#1669=EDGE_CURVE('',#1997,#2008,#2186,.T.);
#1670=EDGE_CURVE('',#1999,#2009,#2187,.T.);
#1671=EDGE_CURVE('',#2011,#2020,#2188,.T.);
#1672=EDGE_CURVE('',#1985,#1994,#312,.T.);
#1673=EDGE_CURVE('',#1987,#1995,#313,.T.);
#1674=EDGE_CURVE('',#2021,#1920,#314,.T.);
#1675=EDGE_CURVE('',#2021,#2022,#2189,.T.);
#1676=EDGE_CURVE('',#2022,#1921,#315,.T.);
#1677=EDGE_CURVE('',#2023,#1919,#316,.T.);
#1678=EDGE_CURVE('',#2023,#2021,#2190,.T.);
#1679=EDGE_CURVE('',#2024,#1932,#317,.T.);
#1680=EDGE_CURVE('',#2024,#2023,#2191,.T.);
#1681=EDGE_CURVE('',#2025,#1931,#318,.T.);
#1682=EDGE_CURVE('',#2025,#2024,#319,.T.);
#1683=EDGE_CURVE('',#2026,#1930,#320,.T.);
#1684=EDGE_CURVE('',#2026,#2025,#321,.T.);
#1685=EDGE_CURVE('',#2027,#1929,#322,.T.);
#1686=EDGE_CURVE('',#2027,#2026,#323,.T.);
#1687=EDGE_CURVE('',#2028,#1928,#324,.T.);
#1688=EDGE_CURVE('',#2028,#2027,#2192,.T.);
#1689=EDGE_CURVE('',#2029,#1927,#325,.T.);
#1690=EDGE_CURVE('',#2029,#2028,#2193,.T.);
#1691=EDGE_CURVE('',#2030,#1926,#326,.T.);
#1692=EDGE_CURVE('',#2030,#2029,#2194,.T.);
#1693=EDGE_CURVE('',#2031,#1925,#327,.T.);
#1694=EDGE_CURVE('',#2031,#2030,#2195,.T.);
#1695=EDGE_CURVE('',#2032,#1924,#328,.T.);
#1696=EDGE_CURVE('',#2032,#2031,#329,.T.);
#1697=EDGE_CURVE('',#2033,#1923,#330,.T.);
#1698=EDGE_CURVE('',#2033,#2032,#331,.T.);
#1699=EDGE_CURVE('',#2034,#1922,#332,.T.);
#1700=EDGE_CURVE('',#2034,#2033,#333,.T.);
#1701=EDGE_CURVE('',#2022,#2034,#2196,.T.);
#1702=EDGE_CURVE('',#2035,#1914,#334,.T.);
#1703=EDGE_CURVE('',#2035,#2036,#335,.T.);
#1704=EDGE_CURVE('',#2036,#1915,#336,.T.);
#1705=EDGE_CURVE('',#2037,#1913,#337,.T.);
#1706=EDGE_CURVE('',#2037,#2035,#338,.T.);
#1707=EDGE_CURVE('',#2038,#1918,#339,.T.);
#1708=EDGE_CURVE('',#2038,#2037,#340,.T.);
#1709=EDGE_CURVE('',#2039,#1917,#341,.T.);
#1710=EDGE_CURVE('',#2039,#2038,#342,.T.);
#1711=EDGE_CURVE('',#2040,#1916,#343,.T.);
#1712=EDGE_CURVE('',#2040,#2039,#344,.T.);
#1713=EDGE_CURVE('',#2036,#2040,#345,.T.);
#1714=EDGE_CURVE('',#2041,#1897,#346,.T.);
#1715=EDGE_CURVE('',#2041,#2042,#2197,.T.);
#1716=EDGE_CURVE('',#2042,#1898,#347,.T.);
#1717=EDGE_CURVE('',#2043,#1896,#348,.T.);
#1718=EDGE_CURVE('',#2043,#2041,#2198,.T.);
#1719=EDGE_CURVE('',#2044,#1912,#349,.T.);
#1720=EDGE_CURVE('',#2044,#2043,#2199,.T.);
#1721=EDGE_CURVE('',#2045,#1911,#350,.T.);
#1722=EDGE_CURVE('',#2045,#2044,#2200,.T.);
#1723=EDGE_CURVE('',#2046,#1910,#351,.T.);
#1724=EDGE_CURVE('',#2046,#2045,#2201,.T.);
#1725=EDGE_CURVE('',#2047,#1909,#352,.T.);
#1726=EDGE_CURVE('',#2047,#2046,#2202,.T.);
#1727=EDGE_CURVE('',#2048,#1908,#353,.T.);
#1728=EDGE_CURVE('',#2048,#2047,#2203,.T.);
#1729=EDGE_CURVE('',#2049,#1907,#354,.T.);
#1730=EDGE_CURVE('',#2049,#2048,#355,.T.);
#1731=EDGE_CURVE('',#2050,#1906,#356,.T.);
#1732=EDGE_CURVE('',#2050,#2049,#2204,.T.);
#1733=EDGE_CURVE('',#2051,#1905,#357,.T.);
#1734=EDGE_CURVE('',#2051,#2050,#2205,.T.);
#1735=EDGE_CURVE('',#2052,#1904,#358,.T.);
#1736=EDGE_CURVE('',#2052,#2051,#2206,.T.);
#1737=EDGE_CURVE('',#2053,#1903,#359,.T.);
#1738=EDGE_CURVE('',#2053,#2052,#2207,.T.);
#1739=EDGE_CURVE('',#2054,#1902,#360,.T.);
#1740=EDGE_CURVE('',#2054,#2053,#2208,.T.);
#1741=EDGE_CURVE('',#2055,#1901,#361,.T.);
#1742=EDGE_CURVE('',#2055,#2054,#2209,.T.);
#1743=EDGE_CURVE('',#2056,#1900,#362,.T.);
#1744=EDGE_CURVE('',#2056,#2055,#2210,.T.);
#1745=EDGE_CURVE('',#2057,#1899,#363,.T.);
#1746=EDGE_CURVE('',#2057,#2056,#2211,.T.);
#1747=EDGE_CURVE('',#2042,#2057,#364,.T.);
#1748=EDGE_CURVE('',#2058,#1885,#365,.T.);
#1749=EDGE_CURVE('',#2058,#2059,#366,.T.);
#1750=EDGE_CURVE('',#2059,#1886,#367,.T.);
#1751=EDGE_CURVE('',#2060,#1884,#368,.T.);
#1752=EDGE_CURVE('',#2060,#2058,#369,.T.);
#1753=EDGE_CURVE('',#2061,#1895,#370,.T.);
#1754=EDGE_CURVE('',#2061,#2060,#371,.T.);
#1755=EDGE_CURVE('',#2062,#1894,#372,.T.);
#1756=EDGE_CURVE('',#2062,#2061,#373,.T.);
#1757=EDGE_CURVE('',#2063,#1893,#374,.T.);
#1758=EDGE_CURVE('',#2063,#2062,#375,.T.);
#1759=EDGE_CURVE('',#2064,#1892,#376,.T.);
#1760=EDGE_CURVE('',#2064,#2063,#377,.T.);
#1761=EDGE_CURVE('',#2065,#1891,#378,.T.);
#1762=EDGE_CURVE('',#2065,#2064,#379,.T.);
#1763=EDGE_CURVE('',#2066,#1890,#380,.T.);
#1764=EDGE_CURVE('',#2066,#2065,#381,.T.);
#1765=EDGE_CURVE('',#2067,#1889,#382,.T.);
#1766=EDGE_CURVE('',#2067,#2066,#383,.T.);
#1767=EDGE_CURVE('',#2068,#1888,#384,.T.);
#1768=EDGE_CURVE('',#2068,#2067,#385,.T.);
#1769=EDGE_CURVE('',#2069,#1887,#386,.T.);
#1770=EDGE_CURVE('',#2069,#2068,#387,.T.);
#1771=EDGE_CURVE('',#2059,#2069,#388,.T.);
#1772=EDGE_CURVE('',#2070,#1868,#389,.T.);
#1773=EDGE_CURVE('',#2070,#2071,#2212,.T.);
#1774=EDGE_CURVE('',#2071,#1869,#390,.T.);
#1775=EDGE_CURVE('',#2072,#1867,#391,.T.);
#1776=EDGE_CURVE('',#2072,#2070,#2213,.T.);
#1777=EDGE_CURVE('',#2073,#1883,#392,.T.);
#1778=EDGE_CURVE('',#2073,#2072,#2214,.T.);
#1779=EDGE_CURVE('',#2074,#1882,#393,.T.);
#1780=EDGE_CURVE('',#2074,#2073,#2215,.T.);
#1781=EDGE_CURVE('',#2075,#1881,#394,.T.);
#1782=EDGE_CURVE('',#2075,#2074,#2216,.T.);
#1783=EDGE_CURVE('',#2076,#1880,#395,.T.);
#1784=EDGE_CURVE('',#2076,#2075,#2217,.T.);
#1785=EDGE_CURVE('',#2077,#1879,#396,.T.);
#1786=EDGE_CURVE('',#2077,#2076,#2218,.T.);
#1787=EDGE_CURVE('',#2078,#1878,#397,.T.);
#1788=EDGE_CURVE('',#2078,#2077,#398,.T.);
#1789=EDGE_CURVE('',#2079,#1877,#399,.T.);
#1790=EDGE_CURVE('',#2079,#2078,#2219,.T.);
#1791=EDGE_CURVE('',#2080,#1876,#400,.T.);
#1792=EDGE_CURVE('',#2080,#2079,#2220,.T.);
#1793=EDGE_CURVE('',#2081,#1875,#401,.T.);
#1794=EDGE_CURVE('',#2081,#2080,#2221,.T.);
#1795=EDGE_CURVE('',#2082,#1874,#402,.T.);
#1796=EDGE_CURVE('',#2082,#2081,#2222,.T.);
#1797=EDGE_CURVE('',#2083,#1873,#403,.T.);
#1798=EDGE_CURVE('',#2083,#2082,#2223,.T.);
#1799=EDGE_CURVE('',#2084,#1872,#404,.T.);
#1800=EDGE_CURVE('',#2084,#2083,#2224,.T.);
#1801=EDGE_CURVE('',#2085,#1871,#405,.T.);
#1802=EDGE_CURVE('',#2085,#2084,#2225,.T.);
#1803=EDGE_CURVE('',#2086,#1870,#406,.T.);
#1804=EDGE_CURVE('',#2086,#2085,#2226,.T.);
#1805=EDGE_CURVE('',#2071,#2086,#407,.T.);
#1806=EDGE_CURVE('',#2087,#2088,#408,.T.);
#1807=EDGE_CURVE('',#2089,#2087,#409,.T.);
#1808=EDGE_CURVE('',#2089,#2090,#410,.T.);
#1809=EDGE_CURVE('',#2090,#2088,#411,.T.);
#1810=EDGE_CURVE('',#2091,#2087,#412,.T.);
#1811=EDGE_CURVE('',#2092,#2091,#413,.T.);
#1812=EDGE_CURVE('',#2092,#2089,#414,.T.);
#1813=EDGE_CURVE('',#2093,#2091,#415,.T.);
#1814=EDGE_CURVE('',#2094,#2093,#416,.T.);
#1815=EDGE_CURVE('',#2094,#2092,#417,.T.);
#1816=EDGE_CURVE('',#2095,#2093,#418,.T.);
#1817=EDGE_CURVE('',#2096,#2095,#419,.T.);
#1818=EDGE_CURVE('',#2096,#2094,#420,.T.);
#1819=EDGE_CURVE('',#2097,#2095,#421,.T.);
#1820=EDGE_CURVE('',#2098,#2097,#422,.T.);
#1821=EDGE_CURVE('',#2098,#2096,#423,.T.);
#1822=EDGE_CURVE('',#2099,#2097,#2227,.T.);
#1823=EDGE_CURVE('',#2100,#2099,#424,.T.);
#1824=EDGE_CURVE('',#2100,#2098,#2228,.T.);
#1825=EDGE_CURVE('',#2101,#1955,#425,.T.);
#1826=EDGE_CURVE('',#2101,#2102,#426,.T.);
#1827=EDGE_CURVE('',#2102,#1956,#427,.T.);
#1828=EDGE_CURVE('',#2103,#1954,#428,.T.);
#1829=EDGE_CURVE('',#2103,#2101,#429,.T.);
#1830=EDGE_CURVE('',#2104,#1961,#430,.T.);
#1831=EDGE_CURVE('',#2104,#2103,#431,.T.);
#1832=EDGE_CURVE('',#2105,#1960,#432,.T.);
#1833=EDGE_CURVE('',#2105,#2104,#433,.T.);
#1834=EDGE_CURVE('',#2106,#1959,#434,.T.);
#1835=EDGE_CURVE('',#2106,#2105,#435,.T.);
#1836=EDGE_CURVE('',#2107,#1958,#436,.T.);
#1837=EDGE_CURVE('',#2107,#2106,#437,.T.);
#1838=EDGE_CURVE('',#2108,#1957,#438,.T.);
#1839=EDGE_CURVE('',#2108,#2107,#439,.T.);
#1840=EDGE_CURVE('',#2102,#2108,#440,.T.);
#1841=EDGE_CURVE('',#2088,#2099,#198,.T.);
#1842=EDGE_CURVE('',#2090,#2100,#199,.T.);
#1843=EDGE_CURVE('',#2109,#1963,#441,.T.);
#1844=EDGE_CURVE('',#2109,#2110,#442,.T.);
#1845=EDGE_CURVE('',#2110,#1964,#443,.T.);
#1846=EDGE_CURVE('',#2111,#1962,#444,.T.);
#1847=EDGE_CURVE('',#2111,#2109,#445,.T.);
#1848=EDGE_CURVE('',#2112,#1973,#446,.T.);
#1849=EDGE_CURVE('',#2112,#2111,#447,.T.);
#1850=EDGE_CURVE('',#2113,#1972,#448,.T.);
#1851=EDGE_CURVE('',#2113,#2112,#449,.T.);
#1852=EDGE_CURVE('',#2114,#1971,#450,.T.);
#1853=EDGE_CURVE('',#2114,#2113,#451,.T.);
#1854=EDGE_CURVE('',#2115,#1970,#452,.T.);
#1855=EDGE_CURVE('',#2115,#2114,#453,.T.);
#1856=EDGE_CURVE('',#2116,#1969,#454,.T.);
#1857=EDGE_CURVE('',#2116,#2115,#455,.T.);
#1858=EDGE_CURVE('',#2117,#1968,#456,.T.);
#1859=EDGE_CURVE('',#2117,#2116,#457,.T.);
#1860=EDGE_CURVE('',#2118,#1967,#458,.T.);
#1861=EDGE_CURVE('',#2118,#2117,#459,.T.);
#1862=EDGE_CURVE('',#2119,#1966,#460,.T.);
#1863=EDGE_CURVE('',#2119,#2118,#461,.T.);
#1864=EDGE_CURVE('',#2120,#1965,#462,.T.);
#1865=EDGE_CURVE('',#2120,#2119,#463,.T.);
#1866=EDGE_CURVE('',#2110,#2120,#464,.T.);
#1867=VERTEX_POINT('',#4082);
#1868=VERTEX_POINT('',#4083);
#1869=VERTEX_POINT('',#4087);
#1870=VERTEX_POINT('',#4089);
#1871=VERTEX_POINT('',#4093);
#1872=VERTEX_POINT('',#4097);
#1873=VERTEX_POINT('',#4101);
#1874=VERTEX_POINT('',#4105);
#1875=VERTEX_POINT('',#4109);
#1876=VERTEX_POINT('',#4113);
#1877=VERTEX_POINT('',#4117);
#1878=VERTEX_POINT('',#4121);
#1879=VERTEX_POINT('',#4123);
#1880=VERTEX_POINT('',#4127);
#1881=VERTEX_POINT('',#4131);
#1882=VERTEX_POINT('',#4135);
#1883=VERTEX_POINT('',#4139);
#1884=VERTEX_POINT('',#4144);
#1885=VERTEX_POINT('',#4145);
#1886=VERTEX_POINT('',#4147);
#1887=VERTEX_POINT('',#4149);
#1888=VERTEX_POINT('',#4151);
#1889=VERTEX_POINT('',#4153);
#1890=VERTEX_POINT('',#4155);
#1891=VERTEX_POINT('',#4157);
#1892=VERTEX_POINT('',#4159);
#1893=VERTEX_POINT('',#4161);
#1894=VERTEX_POINT('',#4163);
#1895=VERTEX_POINT('',#4165);
#1896=VERTEX_POINT('',#4170);
#1897=VERTEX_POINT('',#4171);
#1898=VERTEX_POINT('',#4175);
#1899=VERTEX_POINT('',#4177);
#1900=VERTEX_POINT('',#4181);
#1901=VERTEX_POINT('',#4185);
#1902=VERTEX_POINT('',#4189);
#1903=VERTEX_POINT('',#4193);
#1904=VERTEX_POINT('',#4197);
#1905=VERTEX_POINT('',#4201);
#1906=VERTEX_POINT('',#4205);
#1907=VERTEX_POINT('',#4209);
#1908=VERTEX_POINT('',#4211);
#1909=VERTEX_POINT('',#4215);
#1910=VERTEX_POINT('',#4219);
#1911=VERTEX_POINT('',#4223);
#1912=VERTEX_POINT('',#4227);
#1913=VERTEX_POINT('',#4232);
#1914=VERTEX_POINT('',#4233);
#1915=VERTEX_POINT('',#4235);
#1916=VERTEX_POINT('',#4237);
#1917=VERTEX_POINT('',#4239);
#1918=VERTEX_POINT('',#4241);
#1919=VERTEX_POINT('',#4246);
#1920=VERTEX_POINT('',#4247);
#1921=VERTEX_POINT('',#4251);
#1922=VERTEX_POINT('',#4255);
#1923=VERTEX_POINT('',#4257);
#1924=VERTEX_POINT('',#4259);
#1925=VERTEX_POINT('',#4261);
#1926=VERTEX_POINT('',#4265);
#1927=VERTEX_POINT('',#4269);
#1928=VERTEX_POINT('',#4273);
#1929=VERTEX_POINT('',#4277);
#1930=VERTEX_POINT('',#4279);
#1931=VERTEX_POINT('',#4281);
#1932=VERTEX_POINT('',#4283);
#1933=VERTEX_POINT('',#4290);
#1934=VERTEX_POINT('',#4291);
#1935=VERTEX_POINT('',#4295);
#1936=VERTEX_POINT('',#4299);
#1937=VERTEX_POINT('',#4301);
#1938=VERTEX_POINT('',#4303);
#1939=VERTEX_POINT('',#4305);
#1940=VERTEX_POINT('',#4309);
#1941=VERTEX_POINT('',#4313);
#1942=VERTEX_POINT('',#4317);
#1943=VERTEX_POINT('',#4321);
#1944=VERTEX_POINT('',#4326);
#1945=VERTEX_POINT('',#4327);
#1946=VERTEX_POINT('',#4329);
#1947=VERTEX_POINT('',#4331);
#1948=VERTEX_POINT('',#4334);
#1949=VERTEX_POINT('',#4336);
#1950=VERTEX_POINT('',#4338);
#1951=VERTEX_POINT('',#4339);
#1952=VERTEX_POINT('',#4341);
#1953=VERTEX_POINT('',#4343);
#1954=VERTEX_POINT('',#4346);
#1955=VERTEX_POINT('',#4347);
#1956=VERTEX_POINT('',#4349);
#1957=VERTEX_POINT('',#4351);
#1958=VERTEX_POINT('',#4353);
#1959=VERTEX_POINT('',#4355);
#1960=VERTEX_POINT('',#4357);
#1961=VERTEX_POINT('',#4359);
#1962=VERTEX_POINT('',#4362);
#1963=VERTEX_POINT('',#4363);
#1964=VERTEX_POINT('',#4365);
#1965=VERTEX_POINT('',#4367);
#1966=VERTEX_POINT('',#4369);
#1967=VERTEX_POINT('',#4371);
#1968=VERTEX_POINT('',#4373);
#1969=VERTEX_POINT('',#4375);
#1970=VERTEX_POINT('',#4377);
#1971=VERTEX_POINT('',#4379);
#1972=VERTEX_POINT('',#4381);
#1973=VERTEX_POINT('',#4383);
#1974=VERTEX_POINT('',#4387);
#1975=VERTEX_POINT('',#4388);
#1976=VERTEX_POINT('',#4393);
#1977=VERTEX_POINT('',#4397);
#1978=VERTEX_POINT('',#4401);
#1979=VERTEX_POINT('',#4402);
#1980=VERTEX_POINT('',#4407);
#1981=VERTEX_POINT('',#4411);
#1982=VERTEX_POINT('',#4415);
#1983=VERTEX_POINT('',#4418);
#1984=VERTEX_POINT('',#4435);
#1985=VERTEX_POINT('',#4436);
#1986=VERTEX_POINT('',#4438);
#1987=VERTEX_POINT('',#4442);
#1988=VERTEX_POINT('',#4455);
#1989=VERTEX_POINT('',#4457);
#1990=VERTEX_POINT('',#4472);
#1991=VERTEX_POINT('',#4474);
#1992=VERTEX_POINT('',#4480);
#1993=VERTEX_POINT('',#4482);
#1994=VERTEX_POINT('',#4486);
#1995=VERTEX_POINT('',#4488);
#1996=VERTEX_POINT('',#4501);
#1997=VERTEX_POINT('',#4502);
#1998=VERTEX_POINT('',#4504);
#1999=VERTEX_POINT('',#4508);
#2000=VERTEX_POINT('',#4521);
#2001=VERTEX_POINT('',#4523);
#2002=VERTEX_POINT('',#4538);
#2003=VERTEX_POINT('',#4540);
#2004=VERTEX_POINT('',#4546);
#2005=VERTEX_POINT('',#4548);
#2006=VERTEX_POINT('',#4552);
#2007=VERTEX_POINT('',#4554);
#2008=VERTEX_POINT('',#4558);
#2009=VERTEX_POINT('',#4560);
#2010=VERTEX_POINT('',#4571);
#2011=VERTEX_POINT('',#4575);
#2012=VERTEX_POINT('',#4586);
#2013=VERTEX_POINT('',#4599);
#2014=VERTEX_POINT('',#4612);
#2015=VERTEX_POINT('',#4625);
#2016=VERTEX_POINT('',#4638);
#2017=VERTEX_POINT('',#4651);
#2018=VERTEX_POINT('',#4657);
#2019=VERTEX_POINT('',#4661);
#2020=VERTEX_POINT('',#4665);
#2021=VERTEX_POINT('',#4706);
#2022=VERTEX_POINT('',#4710);
#2023=VERTEX_POINT('',#4721);
#2024=VERTEX_POINT('',#4734);
#2025=VERTEX_POINT('',#4740);
#2026=VERTEX_POINT('',#4744);
#2027=VERTEX_POINT('',#4748);
#2028=VERTEX_POINT('',#4759);
#2029=VERTEX_POINT('',#4772);
#2030=VERTEX_POINT('',#4785);
#2031=VERTEX_POINT('',#4798);
#2032=VERTEX_POINT('',#4804);
#2033=VERTEX_POINT('',#4808);
#2034=VERTEX_POINT('',#4812);
#2035=VERTEX_POINT('',#4828);
#2036=VERTEX_POINT('',#4830);
#2037=VERTEX_POINT('',#4834);
#2038=VERTEX_POINT('',#4838);
#2039=VERTEX_POINT('',#4842);
#2040=VERTEX_POINT('',#4846);
#2041=VERTEX_POINT('',#4860);
#2042=VERTEX_POINT('',#4864);
#2043=VERTEX_POINT('',#4875);
#2044=VERTEX_POINT('',#4888);
#2045=VERTEX_POINT('',#4901);
#2046=VERTEX_POINT('',#4914);
#2047=VERTEX_POINT('',#4927);
#2048=VERTEX_POINT('',#4940);
#2049=VERTEX_POINT('',#4946);
#2050=VERTEX_POINT('',#4957);
#2051=VERTEX_POINT('',#4970);
#2052=VERTEX_POINT('',#4983);
#2053=VERTEX_POINT('',#4996);
#2054=VERTEX_POINT('',#5009);
#2055=VERTEX_POINT('',#5022);
#2056=VERTEX_POINT('',#5035);
#2057=VERTEX_POINT('',#5048);
#2058=VERTEX_POINT('',#5057);
#2059=VERTEX_POINT('',#5059);
#2060=VERTEX_POINT('',#5063);
#2061=VERTEX_POINT('',#5067);
#2062=VERTEX_POINT('',#5071);
#2063=VERTEX_POINT('',#5075);
#2064=VERTEX_POINT('',#5079);
#2065=VERTEX_POINT('',#5083);
#2066=VERTEX_POINT('',#5087);
#2067=VERTEX_POINT('',#5091);
#2068=VERTEX_POINT('',#5095);
#2069=VERTEX_POINT('',#5099);
#2070=VERTEX_POINT('',#5113);
#2071=VERTEX_POINT('',#5117);
#2072=VERTEX_POINT('',#5128);
#2073=VERTEX_POINT('',#5141);
#2074=VERTEX_POINT('',#5154);
#2075=VERTEX_POINT('',#5167);
#2076=VERTEX_POINT('',#5180);
#2077=VERTEX_POINT('',#5193);
#2078=VERTEX_POINT('',#5199);
#2079=VERTEX_POINT('',#5210);
#2080=VERTEX_POINT('',#5223);
#2081=VERTEX_POINT('',#5236);
#2082=VERTEX_POINT('',#5249);
#2083=VERTEX_POINT('',#5262);
#2084=VERTEX_POINT('',#5275);
#2085=VERTEX_POINT('',#5288);
#2086=VERTEX_POINT('',#5301);
#2087=VERTEX_POINT('',#5310);
#2088=VERTEX_POINT('',#5311);
#2089=VERTEX_POINT('',#5313);
#2090=VERTEX_POINT('',#5315);
#2091=VERTEX_POINT('',#5319);
#2092=VERTEX_POINT('',#5321);
#2093=VERTEX_POINT('',#5325);
#2094=VERTEX_POINT('',#5327);
#2095=VERTEX_POINT('',#5331);
#2096=VERTEX_POINT('',#5333);
#2097=VERTEX_POINT('',#5337);
#2098=VERTEX_POINT('',#5339);
#2099=VERTEX_POINT('',#5352);
#2100=VERTEX_POINT('',#5354);
#2101=VERTEX_POINT('',#5360);
#2102=VERTEX_POINT('',#5362);
#2103=VERTEX_POINT('',#5366);
#2104=VERTEX_POINT('',#5370);
#2105=VERTEX_POINT('',#5374);
#2106=VERTEX_POINT('',#5378);
#2107=VERTEX_POINT('',#5382);
#2108=VERTEX_POINT('',#5386);
#2109=VERTEX_POINT('',#5396);
#2110=VERTEX_POINT('',#5398);
#2111=VERTEX_POINT('',#5402);
#2112=VERTEX_POINT('',#5406);
#2113=VERTEX_POINT('',#5410);
#2114=VERTEX_POINT('',#5414);
#2115=VERTEX_POINT('',#5418);
#2116=VERTEX_POINT('',#5422);
#2117=VERTEX_POINT('',#5426);
#2118=VERTEX_POINT('',#5430);
#2119=VERTEX_POINT('',#5434);
#2120=VERTEX_POINT('',#5438);
#2121=B_SPLINE_CURVE_WITH_KNOTS('',2,(#4079,#4080,#4081),.UNSPECIFIED.,
 .F.,.F.,(3,3),(0.,1.),.PIECEWISE_BEZIER_KNOTS.);
#2122=B_SPLINE_CURVE_WITH_KNOTS('',2,(#4084,#4085,#4086),.UNSPECIFIED.,
 .F.,.F.,(3,3),(0.,1.),.PIECEWISE_BEZIER_KNOTS.);
#2123=B_SPLINE_CURVE_WITH_KNOTS('',2,(#4090,#4091,#4092),.UNSPECIFIED.,
 .F.,.F.,(3,3),(0.,1.),.PIECEWISE_BEZIER_KNOTS.);
#2124=B_SPLINE_CURVE_WITH_KNOTS('',2,(#4094,#4095,#4096),.UNSPECIFIED.,
 .F.,.F.,(3,3),(0.,1.),.PIECEWISE_BEZIER_KNOTS.);
#2125=B_SPLINE_CURVE_WITH_KNOTS('',2,(#4098,#4099,#4100),.UNSPECIFIED.,
 .F.,.F.,(3,3),(0.,1.),.PIECEWISE_BEZIER_KNOTS.);
#2126=B_SPLINE_CURVE_WITH_KNOTS('',2,(#4102,#4103,#4104),.UNSPECIFIED.,
 .F.,.F.,(3,3),(0.,1.),.PIECEWISE_BEZIER_KNOTS.);
#2127=B_SPLINE_CURVE_WITH_KNOTS('',2,(#4106,#4107,#4108),.UNSPECIFIED.,
 .F.,.F.,(3,3),(0.,1.),.PIECEWISE_BEZIER_KNOTS.);
#2128=B_SPLINE_CURVE_WITH_KNOTS('',2,(#4110,#4111,#4112),.UNSPECIFIED.,
 .F.,.F.,(3,3),(0.,1.),.PIECEWISE_BEZIER_KNOTS.);
#2129=B_SPLINE_CURVE_WITH_KNOTS('',2,(#4114,#4115,#4116),.UNSPECIFIED.,
 .F.,.F.,(3,3),(0.,1.),.PIECEWISE_BEZIER_KNOTS.);
#2130=B_SPLINE_CURVE_WITH_KNOTS('',2,(#4118,#4119,#4120),.UNSPECIFIED.,
 .F.,.F.,(3,3),(0.,1.),.PIECEWISE_BEZIER_KNOTS.);
#2131=B_SPLINE_CURVE_WITH_KNOTS('',2,(#4124,#4125,#4126),.UNSPECIFIED.,
 .F.,.F.,(3,3),(0.,1.),.PIECEWISE_BEZIER_KNOTS.);
#2132=B_SPLINE_CURVE_WITH_KNOTS('',2,(#4128,#4129,#4130),.UNSPECIFIED.,
 .F.,.F.,(3,3),(0.,1.),.PIECEWISE_BEZIER_KNOTS.);
#2133=B_SPLINE_CURVE_WITH_KNOTS('',2,(#4132,#4133,#4134),.UNSPECIFIED.,
 .F.,.F.,(3,3),(0.,1.),.PIECEWISE_BEZIER_KNOTS.);
#2134=B_SPLINE_CURVE_WITH_KNOTS('',2,(#4136,#4137,#4138),.UNSPECIFIED.,
 .F.,.F.,(3,3),(0.,1.),.PIECEWISE_BEZIER_KNOTS.);
#2135=B_SPLINE_CURVE_WITH_KNOTS('',2,(#4140,#4141,#4142),.UNSPECIFIED.,
 .F.,.F.,(3,3),(0.,1.),.PIECEWISE_BEZIER_KNOTS.);
#2136=B_SPLINE_CURVE_WITH_KNOTS('',2,(#4167,#4168,#4169),.UNSPECIFIED.,
 .F.,.F.,(3,3),(0.,1.),.PIECEWISE_BEZIER_KNOTS.);
#2137=B_SPLINE_CURVE_WITH_KNOTS('',2,(#4172,#4173,#4174),.UNSPECIFIED.,
 .F.,.F.,(3,3),(0.,1.),.PIECEWISE_BEZIER_KNOTS.);
#2138=B_SPLINE_CURVE_WITH_KNOTS('',2,(#4178,#4179,#4180),.UNSPECIFIED.,
 .F.,.F.,(3,3),(0.,1.),.PIECEWISE_BEZIER_KNOTS.);
#2139=B_SPLINE_CURVE_WITH_KNOTS('',2,(#4182,#4183,#4184),.UNSPECIFIED.,
 .F.,.F.,(3,3),(0.,1.),.PIECEWISE_BEZIER_KNOTS.);
#2140=B_SPLINE_CURVE_WITH_KNOTS('',2,(#4186,#4187,#4188),.UNSPECIFIED.,
 .F.,.F.,(3,3),(0.,1.),.PIECEWISE_BEZIER_KNOTS.);
#2141=B_SPLINE_CURVE_WITH_KNOTS('',2,(#4190,#4191,#4192),.UNSPECIFIED.,
 .F.,.F.,(3,3),(0.,1.),.PIECEWISE_BEZIER_KNOTS.);
#2142=B_SPLINE_CURVE_WITH_KNOTS('',2,(#4194,#4195,#4196),.UNSPECIFIED.,
 .F.,.F.,(3,3),(0.,1.),.PIECEWISE_BEZIER_KNOTS.);
#2143=B_SPLINE_CURVE_WITH_KNOTS('',2,(#4198,#4199,#4200),.UNSPECIFIED.,
 .F.,.F.,(3,3),(0.,1.),.PIECEWISE_BEZIER_KNOTS.);
#2144=B_SPLINE_CURVE_WITH_KNOTS('',2,(#4202,#4203,#4204),.UNSPECIFIED.,
 .F.,.F.,(3,3),(0.,1.),.PIECEWISE_BEZIER_KNOTS.);
#2145=B_SPLINE_CURVE_WITH_KNOTS('',2,(#4206,#4207,#4208),.UNSPECIFIED.,
 .F.,.F.,(3,3),(0.,1.),.PIECEWISE_BEZIER_KNOTS.);
#2146=B_SPLINE_CURVE_WITH_KNOTS('',2,(#4212,#4213,#4214),.UNSPECIFIED.,
 .F.,.F.,(3,3),(0.,1.),.PIECEWISE_BEZIER_KNOTS.);
#2147=B_SPLINE_CURVE_WITH_KNOTS('',2,(#4216,#4217,#4218),.UNSPECIFIED.,
 .F.,.F.,(3,3),(0.,1.),.PIECEWISE_BEZIER_KNOTS.);
#2148=B_SPLINE_CURVE_WITH_KNOTS('',2,(#4220,#4221,#4222),.UNSPECIFIED.,
 .F.,.F.,(3,3),(0.,1.),.PIECEWISE_BEZIER_KNOTS.);
#2149=B_SPLINE_CURVE_WITH_KNOTS('',2,(#4224,#4225,#4226),.UNSPECIFIED.,
 .F.,.F.,(3,3),(0.,1.),.PIECEWISE_BEZIER_KNOTS.);
#2150=B_SPLINE_CURVE_WITH_KNOTS('',2,(#4228,#4229,#4230),.UNSPECIFIED.,
 .F.,.F.,(3,3),(0.,1.),.PIECEWISE_BEZIER_KNOTS.);
#2151=B_SPLINE_CURVE_WITH_KNOTS('',2,(#4243,#4244,#4245),.UNSPECIFIED.,
 .F.,.F.,(3,3),(0.,1.),.PIECEWISE_BEZIER_KNOTS.);
#2152=B_SPLINE_CURVE_WITH_KNOTS('',2,(#4248,#4249,#4250),.UNSPECIFIED.,
 .F.,.F.,(3,3),(0.,1.),.PIECEWISE_BEZIER_KNOTS.);
#2153=B_SPLINE_CURVE_WITH_KNOTS('',2,(#4252,#4253,#4254),.UNSPECIFIED.,
 .F.,.F.,(3,3),(0.,1.),.PIECEWISE_BEZIER_KNOTS.);
#2154=B_SPLINE_CURVE_WITH_KNOTS('',2,(#4262,#4263,#4264),.UNSPECIFIED.,
 .F.,.F.,(3,3),(0.,1.),.PIECEWISE_BEZIER_KNOTS.);
#2155=B_SPLINE_CURVE_WITH_KNOTS('',2,(#4266,#4267,#4268),.UNSPECIFIED.,
 .F.,.F.,(3,3),(0.,1.),.PIECEWISE_BEZIER_KNOTS.);
#2156=B_SPLINE_CURVE_WITH_KNOTS('',2,(#4270,#4271,#4272),.UNSPECIFIED.,
 .F.,.F.,(3,3),(0.,1.),.PIECEWISE_BEZIER_KNOTS.);
#2157=B_SPLINE_CURVE_WITH_KNOTS('',2,(#4274,#4275,#4276),.UNSPECIFIED.,
 .F.,.F.,(3,3),(0.,1.),.PIECEWISE_BEZIER_KNOTS.);
#2158=B_SPLINE_CURVE_WITH_KNOTS('',2,(#4284,#4285,#4286),.UNSPECIFIED.,
 .F.,.F.,(3,3),(0.,1.),.PIECEWISE_BEZIER_KNOTS.);
#2159=B_SPLINE_CURVE_WITH_KNOTS('',2,(#4287,#4288,#4289),.UNSPECIFIED.,
 .F.,.F.,(3,3),(0.,1.),.PIECEWISE_BEZIER_KNOTS.);
#2160=B_SPLINE_CURVE_WITH_KNOTS('',2,(#4292,#4293,#4294),.UNSPECIFIED.,
 .F.,.F.,(3,3),(0.,1.),.PIECEWISE_BEZIER_KNOTS.);
#2161=B_SPLINE_CURVE_WITH_KNOTS('',2,(#4296,#4297,#4298),.UNSPECIFIED.,
 .F.,.F.,(3,3),(0.,1.),.PIECEWISE_BEZIER_KNOTS.);
#2162=B_SPLINE_CURVE_WITH_KNOTS('',2,(#4306,#4307,#4308),.UNSPECIFIED.,
 .F.,.F.,(3,3),(0.,1.),.PIECEWISE_BEZIER_KNOTS.);
#2163=B_SPLINE_CURVE_WITH_KNOTS('',2,(#4310,#4311,#4312),.UNSPECIFIED.,
 .F.,.F.,(3,3),(0.,1.),.PIECEWISE_BEZIER_KNOTS.);
#2164=B_SPLINE_CURVE_WITH_KNOTS('',2,(#4314,#4315,#4316),.UNSPECIFIED.,
 .F.,.F.,(3,3),(0.,1.),.PIECEWISE_BEZIER_KNOTS.);
#2165=B_SPLINE_CURVE_WITH_KNOTS('',2,(#4318,#4319,#4320),.UNSPECIFIED.,
 .F.,.F.,(3,3),(0.,1.),.PIECEWISE_BEZIER_KNOTS.);
#2166=B_SPLINE_CURVE_WITH_KNOTS('',2,(#4322,#4323,#4324),.UNSPECIFIED.,
 .F.,.F.,(3,3),(0.,1.),.PIECEWISE_BEZIER_KNOTS.);
#2167=B_SPLINE_CURVE_WITH_KNOTS('',2,(#4432,#4433,#4434),.UNSPECIFIED.,
 .F.,.F.,(3,3),(0.,1.),.PIECEWISE_BEZIER_KNOTS.);
#2168=B_SPLINE_CURVE_WITH_KNOTS('',2,(#4439,#4440,#4441),.UNSPECIFIED.,
 .F.,.F.,(3,3),(0.,1.),.PIECEWISE_BEZIER_KNOTS.);
#2169=B_SPLINE_CURVE_WITH_KNOTS('',2,(#4452,#4453,#4454),.UNSPECIFIED.,
 .F.,.F.,(3,3),(0.,1.),.PIECEWISE_BEZIER_KNOTS.);
#2170=B_SPLINE_CURVE_WITH_KNOTS('',2,(#4458,#4459,#4460),.UNSPECIFIED.,
 .F.,.F.,(3,3),(0.,1.),.PIECEWISE_BEZIER_KNOTS.);
#2171=B_SPLINE_CURVE_WITH_KNOTS('',2,(#4469,#4470,#4471),.UNSPECIFIED.,
 .F.,.F.,(3,3),(0.,1.),.PIECEWISE_BEZIER_KNOTS.);
#2172=B_SPLINE_CURVE_WITH_KNOTS('',2,(#4475,#4476,#4477),.UNSPECIFIED.,
 .F.,.F.,(3,3),(0.,1.),.PIECEWISE_BEZIER_KNOTS.);
#2173=B_SPLINE_CURVE_WITH_KNOTS('',2,(#4498,#4499,#4500),.UNSPECIFIED.,
 .F.,.F.,(3,3),(0.,1.),.PIECEWISE_BEZIER_KNOTS.);
#2174=B_SPLINE_CURVE_WITH_KNOTS('',2,(#4505,#4506,#4507),.UNSPECIFIED.,
 .F.,.F.,(3,3),(0.,1.),.PIECEWISE_BEZIER_KNOTS.);
#2175=B_SPLINE_CURVE_WITH_KNOTS('',2,(#4518,#4519,#4520),.UNSPECIFIED.,
 .F.,.F.,(3,3),(0.,1.),.PIECEWISE_BEZIER_KNOTS.);
#2176=B_SPLINE_CURVE_WITH_KNOTS('',2,(#4524,#4525,#4526),.UNSPECIFIED.,
 .F.,.F.,(3,3),(0.,1.),.PIECEWISE_BEZIER_KNOTS.);
#2177=B_SPLINE_CURVE_WITH_KNOTS('',2,(#4535,#4536,#4537),.UNSPECIFIED.,
 .F.,.F.,(3,3),(0.,1.),.PIECEWISE_BEZIER_KNOTS.);
#2178=B_SPLINE_CURVE_WITH_KNOTS('',2,(#4541,#4542,#4543),.UNSPECIFIED.,
 .F.,.F.,(3,3),(0.,1.),.PIECEWISE_BEZIER_KNOTS.);
#2179=B_SPLINE_CURVE_WITH_KNOTS('',2,(#4572,#4573,#4574),.UNSPECIFIED.,
 .F.,.F.,(3,3),(0.,1.),.PIECEWISE_BEZIER_KNOTS.);
#2180=B_SPLINE_CURVE_WITH_KNOTS('',2,(#4587,#4588,#4589),.UNSPECIFIED.,
 .F.,.F.,(3,3),(0.,1.),.PIECEWISE_BEZIER_KNOTS.);
#2181=B_SPLINE_CURVE_WITH_KNOTS('',2,(#4600,#4601,#4602),.UNSPECIFIED.,
 .F.,.F.,(3,3),(0.,1.),.PIECEWISE_BEZIER_KNOTS.);
#2182=B_SPLINE_CURVE_WITH_KNOTS('',2,(#4613,#4614,#4615),.UNSPECIFIED.,
 .F.,.F.,(3,3),(0.,1.),.PIECEWISE_BEZIER_KNOTS.);
#2183=B_SPLINE_CURVE_WITH_KNOTS('',2,(#4626,#4627,#4628),.UNSPECIFIED.,
 .F.,.F.,(3,3),(0.,1.),.PIECEWISE_BEZIER_KNOTS.);
#2184=B_SPLINE_CURVE_WITH_KNOTS('',2,(#4639,#4640,#4641),.UNSPECIFIED.,
 .F.,.F.,(3,3),(0.,1.),.PIECEWISE_BEZIER_KNOTS.);
#2185=B_SPLINE_CURVE_WITH_KNOTS('',2,(#4652,#4653,#4654),.UNSPECIFIED.,
 .F.,.F.,(3,3),(0.,1.),.PIECEWISE_BEZIER_KNOTS.);
#2186=B_SPLINE_CURVE_WITH_KNOTS('',2,(#4675,#4676,#4677),.UNSPECIFIED.,
 .F.,.F.,(3,3),(0.,1.),.PIECEWISE_BEZIER_KNOTS.);
#2187=B_SPLINE_CURVE_WITH_KNOTS('',2,(#4678,#4679,#4680),.UNSPECIFIED.,
 .F.,.F.,(3,3),(0.,1.),.PIECEWISE_BEZIER_KNOTS.);
#2188=B_SPLINE_CURVE_WITH_KNOTS('',2,(#4689,#4690,#4691),.UNSPECIFIED.,
 .F.,.F.,(3,3),(0.,1.),.PIECEWISE_BEZIER_KNOTS.);
#2189=B_SPLINE_CURVE_WITH_KNOTS('',2,(#4707,#4708,#4709),.UNSPECIFIED.,
 .F.,.F.,(3,3),(0.,1.),.PIECEWISE_BEZIER_KNOTS.);
#2190=B_SPLINE_CURVE_WITH_KNOTS('',2,(#4722,#4723,#4724),.UNSPECIFIED.,
 .F.,.F.,(3,3),(0.,1.),.PIECEWISE_BEZIER_KNOTS.);
#2191=B_SPLINE_CURVE_WITH_KNOTS('',2,(#4735,#4736,#4737),.UNSPECIFIED.,
 .F.,.F.,(3,3),(0.,1.),.PIECEWISE_BEZIER_KNOTS.);
#2192=B_SPLINE_CURVE_WITH_KNOTS('',2,(#4760,#4761,#4762),.UNSPECIFIED.,
 .F.,.F.,(3,3),(0.,1.),.PIECEWISE_BEZIER_KNOTS.);
#2193=B_SPLINE_CURVE_WITH_KNOTS('',2,(#4773,#4774,#4775),.UNSPECIFIED.,
 .F.,.F.,(3,3),(0.,1.),.PIECEWISE_BEZIER_KNOTS.);
#2194=B_SPLINE_CURVE_WITH_KNOTS('',2,(#4786,#4787,#4788),.UNSPECIFIED.,
 .F.,.F.,(3,3),(0.,1.),.PIECEWISE_BEZIER_KNOTS.);
#2195=B_SPLINE_CURVE_WITH_KNOTS('',2,(#4799,#4800,#4801),.UNSPECIFIED.,
 .F.,.F.,(3,3),(0.,1.),.PIECEWISE_BEZIER_KNOTS.);
#2196=B_SPLINE_CURVE_WITH_KNOTS('',2,(#4822,#4823,#4824),.UNSPECIFIED.,
 .F.,.F.,(3,3),(0.,1.),.PIECEWISE_BEZIER_KNOTS.);
#2197=B_SPLINE_CURVE_WITH_KNOTS('',2,(#4861,#4862,#4863),.UNSPECIFIED.,
 .F.,.F.,(3,3),(0.,1.),.PIECEWISE_BEZIER_KNOTS.);
#2198=B_SPLINE_CURVE_WITH_KNOTS('',2,(#4876,#4877,#4878),.UNSPECIFIED.,
 .F.,.F.,(3,3),(0.,1.),.PIECEWISE_BEZIER_KNOTS.);
#2199=B_SPLINE_CURVE_WITH_KNOTS('',2,(#4889,#4890,#4891),.UNSPECIFIED.,
 .F.,.F.,(3,3),(0.,1.),.PIECEWISE_BEZIER_KNOTS.);
#2200=B_SPLINE_CURVE_WITH_KNOTS('',2,(#4902,#4903,#4904),.UNSPECIFIED.,
 .F.,.F.,(3,3),(0.,1.),.PIECEWISE_BEZIER_KNOTS.);
#2201=B_SPLINE_CURVE_WITH_KNOTS('',2,(#4915,#4916,#4917),.UNSPECIFIED.,
 .F.,.F.,(3,3),(0.,1.),.PIECEWISE_BEZIER_KNOTS.);
#2202=B_SPLINE_CURVE_WITH_KNOTS('',2,(#4928,#4929,#4930),.UNSPECIFIED.,
 .F.,.F.,(3,3),(0.,1.),.PIECEWISE_BEZIER_KNOTS.);
#2203=B_SPLINE_CURVE_WITH_KNOTS('',2,(#4941,#4942,#4943),.UNSPECIFIED.,
 .F.,.F.,(3,3),(0.,1.),.PIECEWISE_BEZIER_KNOTS.);
#2204=B_SPLINE_CURVE_WITH_KNOTS('',2,(#4958,#4959,#4960),.UNSPECIFIED.,
 .F.,.F.,(3,3),(0.,1.),.PIECEWISE_BEZIER_KNOTS.);
#2205=B_SPLINE_CURVE_WITH_KNOTS('',2,(#4971,#4972,#4973),.UNSPECIFIED.,
 .F.,.F.,(3,3),(0.,1.),.PIECEWISE_BEZIER_KNOTS.);
#2206=B_SPLINE_CURVE_WITH_KNOTS('',2,(#4984,#4985,#4986),.UNSPECIFIED.,
 .F.,.F.,(3,3),(0.,1.),.PIECEWISE_BEZIER_KNOTS.);
#2207=B_SPLINE_CURVE_WITH_KNOTS('',2,(#4997,#4998,#4999),.UNSPECIFIED.,
 .F.,.F.,(3,3),(0.,1.),.PIECEWISE_BEZIER_KNOTS.);
#2208=B_SPLINE_CURVE_WITH_KNOTS('',2,(#5010,#5011,#5012),.UNSPECIFIED.,
 .F.,.F.,(3,3),(0.,1.),.PIECEWISE_BEZIER_KNOTS.);
#2209=B_SPLINE_CURVE_WITH_KNOTS('',2,(#5023,#5024,#5025),.UNSPECIFIED.,
 .F.,.F.,(3,3),(0.,1.),.PIECEWISE_BEZIER_KNOTS.);
#2210=B_SPLINE_CURVE_WITH_KNOTS('',2,(#5036,#5037,#5038),.UNSPECIFIED.,
 .F.,.F.,(3,3),(0.,1.),.PIECEWISE_BEZIER_KNOTS.);
#2211=B_SPLINE_CURVE_WITH_KNOTS('',2,(#5049,#5050,#5051),.UNSPECIFIED.,
 .F.,.F.,(3,3),(0.,1.),.PIECEWISE_BEZIER_KNOTS.);
#2212=B_SPLINE_CURVE_WITH_KNOTS('',2,(#5114,#5115,#5116),.UNSPECIFIED.,
 .F.,.F.,(3,3),(0.,1.),.PIECEWISE_BEZIER_KNOTS.);
#2213=B_SPLINE_CURVE_WITH_KNOTS('',2,(#5129,#5130,#5131),.UNSPECIFIED.,
 .F.,.F.,(3,3),(0.,1.),.PIECEWISE_BEZIER_KNOTS.);
#2214=B_SPLINE_CURVE_WITH_KNOTS('',2,(#5142,#5143,#5144),.UNSPECIFIED.,
 .F.,.F.,(3,3),(0.,1.),.PIECEWISE_BEZIER_KNOTS.);
#2215=B_SPLINE_CURVE_WITH_KNOTS('',2,(#5155,#5156,#5157),.UNSPECIFIED.,
 .F.,.F.,(3,3),(0.,1.),.PIECEWISE_BEZIER_KNOTS.);
#2216=B_SPLINE_CURVE_WITH_KNOTS('',2,(#5168,#5169,#5170),.UNSPECIFIED.,
 .F.,.F.,(3,3),(0.,1.),.PIECEWISE_BEZIER_KNOTS.);
#2217=B_SPLINE_CURVE_WITH_KNOTS('',2,(#5181,#5182,#5183),.UNSPECIFIED.,
 .F.,.F.,(3,3),(0.,1.),.PIECEWISE_BEZIER_KNOTS.);
#2218=B_SPLINE_CURVE_WITH_KNOTS('',2,(#5194,#5195,#5196),.UNSPECIFIED.,
 .F.,.F.,(3,3),(0.,1.),.PIECEWISE_BEZIER_KNOTS.);
#2219=B_SPLINE_CURVE_WITH_KNOTS('',2,(#5211,#5212,#5213),.UNSPECIFIED.,
 .F.,.F.,(3,3),(0.,1.),.PIECEWISE_BEZIER_KNOTS.);
#2220=B_SPLINE_CURVE_WITH_KNOTS('',2,(#5224,#5225,#5226),.UNSPECIFIED.,
 .F.,.F.,(3,3),(0.,1.),.PIECEWISE_BEZIER_KNOTS.);
#2221=B_SPLINE_CURVE_WITH_KNOTS('',2,(#5237,#5238,#5239),.UNSPECIFIED.,
 .F.,.F.,(3,3),(0.,1.),.PIECEWISE_BEZIER_KNOTS.);
#2222=B_SPLINE_CURVE_WITH_KNOTS('',2,(#5250,#5251,#5252),.UNSPECIFIED.,
 .F.,.F.,(3,3),(0.,1.),.PIECEWISE_BEZIER_KNOTS.);
#2223=B_SPLINE_CURVE_WITH_KNOTS('',2,(#5263,#5264,#5265),.UNSPECIFIED.,
 .F.,.F.,(3,3),(0.,1.),.PIECEWISE_BEZIER_KNOTS.);
#2224=B_SPLINE_CURVE_WITH_KNOTS('',2,(#5276,#5277,#5278),.UNSPECIFIED.,
 .F.,.F.,(3,3),(0.,1.),.PIECEWISE_BEZIER_KNOTS.);
#2225=B_SPLINE_CURVE_WITH_KNOTS('',2,(#5289,#5290,#5291),.UNSPECIFIED.,
 .F.,.F.,(3,3),(0.,1.),.PIECEWISE_BEZIER_KNOTS.);
#2226=B_SPLINE_CURVE_WITH_KNOTS('',2,(#5302,#5303,#5304),.UNSPECIFIED.,
 .F.,.F.,(3,3),(0.,1.),.PIECEWISE_BEZIER_KNOTS.);
#2227=B_SPLINE_CURVE_WITH_KNOTS('',2,(#5349,#5350,#5351),.UNSPECIFIED.,
 .F.,.F.,(3,3),(0.,1.),.PIECEWISE_BEZIER_KNOTS.);
#2228=B_SPLINE_CURVE_WITH_KNOTS('',2,(#5355,#5356,#5357),.UNSPECIFIED.,
 .F.,.F.,(3,3),(0.,1.),.PIECEWISE_BEZIER_KNOTS.);
#2229=EDGE_LOOP('',(#730,#731,#732,#733,#734,#735,#736,#737,#738,#739,#740,
#741,#742,#743,#744,#745,#746));
#2230=EDGE_LOOP('',(#747,#748,#749,#750,#751,#752,#753,#754,#755,#756,#757,
#758));
#2231=EDGE_LOOP('',(#759,#760,#761,#762,#763,#764,#765,#766,#767,#768,#769,
#770,#771,#772,#773,#774,#775));
#2232=EDGE_LOOP('',(#776,#777,#778,#779,#780,#781));
#2233=EDGE_LOOP('',(#782,#783,#784,#785,#786,#787,#788,#789,#790,#791,#792,
#793,#794,#795));
#2234=EDGE_LOOP('',(#796,#797,#798,#799,#800,#801,#802,#803,#804,#805,#806));
#2235=EDGE_LOOP('',(#807,#808,#809,#810));
#2236=EDGE_LOOP('',(#811));
#2237=EDGE_LOOP('',(#812));
#2238=EDGE_LOOP('',(#813,#814,#815,#816));
#2239=EDGE_LOOP('',(#817,#818,#819,#820,#821,#822,#823,#824));
#2240=EDGE_LOOP('',(#825,#826,#827,#828,#829,#830,#831,#832,#833,#834,#835,
#836));
#2241=EDGE_LOOP('',(#837,#838,#839,#840));
#2242=EDGE_LOOP('',(#841,#842,#843,#844));
#2243=EDGE_LOOP('',(#845,#846,#847,#848));
#2244=EDGE_LOOP('',(#849,#850,#851,#852));
#2245=EDGE_LOOP('',(#853,#854,#855,#856));
#2246=EDGE_LOOP('',(#857,#858,#859,#860));
#2247=EDGE_LOOP('',(#861));
#2248=EDGE_LOOP('',(#862));
#2249=EDGE_LOOP('',(#863));
#2250=EDGE_LOOP('',(#864));
#2251=EDGE_LOOP('',(#865,#866,#867,#868));
#2252=EDGE_LOOP('',(#869,#870,#871,#872));
#2253=EDGE_LOOP('',(#873,#874,#875,#876));
#2254=EDGE_LOOP('',(#877));
#2255=EDGE_LOOP('',(#878));
#2256=EDGE_LOOP('',(#879,#880,#881,#882));
#2257=EDGE_LOOP('',(#883,#884,#885,#886));
#2258=EDGE_LOOP('',(#887,#888,#889,#890));
#2259=EDGE_LOOP('',(#891,#892,#893,#894));
#2260=EDGE_LOOP('',(#895,#896,#897,#898));
#2261=EDGE_LOOP('',(#899,#900,#901,#902));
#2262=EDGE_LOOP('',(#903,#904,#905,#906));
#2263=EDGE_LOOP('',(#907,#908,#909,#910));
#2264=EDGE_LOOP('',(#911,#912,#913,#914));
#2265=EDGE_LOOP('',(#915,#916,#917,#918));
#2266=EDGE_LOOP('',(#919,#920,#921,#922));
#2267=EDGE_LOOP('',(#923,#924,#925,#926));
#2268=EDGE_LOOP('',(#927,#928,#929,#930));
#2269=EDGE_LOOP('',(#931,#932,#933,#934));
#2270=EDGE_LOOP('',(#935,#936,#937,#938));
#2271=EDGE_LOOP('',(#939,#940,#941,#942));
#2272=EDGE_LOOP('',(#943,#944,#945,#946));
#2273=EDGE_LOOP('',(#947,#948,#949,#950));
#2274=EDGE_LOOP('',(#951,#952,#953,#954));
#2275=EDGE_LOOP('',(#955,#956,#957,#958));
#2276=EDGE_LOOP('',(#959,#960,#961,#962));
#2277=EDGE_LOOP('',(#963,#964,#965,#966));
#2278=EDGE_LOOP('',(#967,#968,#969,#970));
#2279=EDGE_LOOP('',(#971,#972,#973,#974));
#2280=EDGE_LOOP('',(#975,#976,#977,#978));
#2281=EDGE_LOOP('',(#979,#980,#981,#982,#983,#984,#985,#986,#987,#988,#989));
#2282=EDGE_LOOP('',(#990,#991,#992,#993,#994,#995,#996));
#2283=EDGE_LOOP('',(#997,#998,#999,#1000,#1001,#1002));
#2284=EDGE_LOOP('',(#1003,#1004,#1005,#1006,#1007,#1008,#1009));
#2285=EDGE_LOOP('',(#1010,#1011,#1012,#1013));
#2286=EDGE_LOOP('',(#1014,#1015,#1016,#1017));
#2287=EDGE_LOOP('',(#1018,#1019,#1020,#1021));
#2288=EDGE_LOOP('',(#1022,#1023,#1024,#1025));
#2289=EDGE_LOOP('',(#1026,#1027,#1028,#1029));
#2290=EDGE_LOOP('',(#1030,#1031,#1032,#1033));
#2291=EDGE_LOOP('',(#1034,#1035,#1036,#1037));
#2292=EDGE_LOOP('',(#1038,#1039,#1040,#1041));
#2293=EDGE_LOOP('',(#1042,#1043,#1044,#1045));
#2294=EDGE_LOOP('',(#1046,#1047,#1048,#1049));
#2295=EDGE_LOOP('',(#1050,#1051,#1052,#1053));
#2296=EDGE_LOOP('',(#1054,#1055,#1056,#1057));
#2297=EDGE_LOOP('',(#1058,#1059,#1060,#1061));
#2298=EDGE_LOOP('',(#1062,#1063,#1064,#1065));
#2299=EDGE_LOOP('',(#1066,#1067,#1068,#1069,#1070,#1071,#1072,#1073,#1074,
#1075,#1076,#1077,#1078,#1079));
#2300=EDGE_LOOP('',(#1080,#1081,#1082,#1083));
#2301=EDGE_LOOP('',(#1084,#1085,#1086,#1087));
#2302=EDGE_LOOP('',(#1088,#1089,#1090,#1091));
#2303=EDGE_LOOP('',(#1092,#1093,#1094,#1095));
#2304=EDGE_LOOP('',(#1096,#1097,#1098,#1099));
#2305=EDGE_LOOP('',(#1100,#1101,#1102,#1103));
#2306=EDGE_LOOP('',(#1104,#1105,#1106,#1107,#1108,#1109));
#2307=EDGE_LOOP('',(#1110,#1111,#1112,#1113));
#2308=EDGE_LOOP('',(#1114,#1115,#1116,#1117));
#2309=EDGE_LOOP('',(#1118,#1119,#1120,#1121));
#2310=EDGE_LOOP('',(#1122,#1123,#1124,#1125));
#2311=EDGE_LOOP('',(#1126,#1127,#1128,#1129));
#2312=EDGE_LOOP('',(#1130,#1131,#1132,#1133));
#2313=EDGE_LOOP('',(#1134,#1135,#1136,#1137));
#2314=EDGE_LOOP('',(#1138,#1139,#1140,#1141));
#2315=EDGE_LOOP('',(#1142,#1143,#1144,#1145));
#2316=EDGE_LOOP('',(#1146,#1147,#1148,#1149));
#2317=EDGE_LOOP('',(#1150,#1151,#1152,#1153));
#2318=EDGE_LOOP('',(#1154,#1155,#1156,#1157));
#2319=EDGE_LOOP('',(#1158,#1159,#1160,#1161));
#2320=EDGE_LOOP('',(#1162,#1163,#1164,#1165));
#2321=EDGE_LOOP('',(#1166,#1167,#1168,#1169));
#2322=EDGE_LOOP('',(#1170,#1171,#1172,#1173));
#2323=EDGE_LOOP('',(#1174,#1175,#1176,#1177));
#2324=EDGE_LOOP('',(#1178,#1179,#1180,#1181,#1182,#1183,#1184,#1185,#1186,
#1187,#1188,#1189,#1190,#1191,#1192,#1193,#1194));
#2325=EDGE_LOOP('',(#1195,#1196,#1197,#1198));
#2326=EDGE_LOOP('',(#1199,#1200,#1201,#1202));
#2327=EDGE_LOOP('',(#1203,#1204,#1205,#1206));
#2328=EDGE_LOOP('',(#1207,#1208,#1209,#1210));
#2329=EDGE_LOOP('',(#1211,#1212,#1213,#1214));
#2330=EDGE_LOOP('',(#1215,#1216,#1217,#1218));
#2331=EDGE_LOOP('',(#1219,#1220,#1221,#1222));
#2332=EDGE_LOOP('',(#1223,#1224,#1225,#1226));
#2333=EDGE_LOOP('',(#1227,#1228,#1229,#1230));
#2334=EDGE_LOOP('',(#1231,#1232,#1233,#1234));
#2335=EDGE_LOOP('',(#1235,#1236,#1237,#1238));
#2336=EDGE_LOOP('',(#1239,#1240,#1241,#1242));
#2337=EDGE_LOOP('',(#1243,#1244,#1245,#1246,#1247,#1248,#1249,#1250,#1251,
#1252,#1253,#1254));
#2338=EDGE_LOOP('',(#1255,#1256,#1257,#1258));
#2339=EDGE_LOOP('',(#1259,#1260,#1261,#1262));
#2340=EDGE_LOOP('',(#1263,#1264,#1265,#1266));
#2341=EDGE_LOOP('',(#1267,#1268,#1269,#1270));
#2342=EDGE_LOOP('',(#1271,#1272,#1273,#1274));
#2343=EDGE_LOOP('',(#1275,#1276,#1277,#1278));
#2344=EDGE_LOOP('',(#1279,#1280,#1281,#1282));
#2345=EDGE_LOOP('',(#1283,#1284,#1285,#1286));
#2346=EDGE_LOOP('',(#1287,#1288,#1289,#1290));
#2347=EDGE_LOOP('',(#1291,#1292,#1293,#1294));
#2348=EDGE_LOOP('',(#1295,#1296,#1297,#1298));
#2349=EDGE_LOOP('',(#1299,#1300,#1301,#1302));
#2350=EDGE_LOOP('',(#1303,#1304,#1305,#1306));
#2351=EDGE_LOOP('',(#1307,#1308,#1309,#1310));
#2352=EDGE_LOOP('',(#1311,#1312,#1313,#1314));
#2353=EDGE_LOOP('',(#1315,#1316,#1317,#1318));
#2354=EDGE_LOOP('',(#1319,#1320,#1321,#1322));
#2355=EDGE_LOOP('',(#1323,#1324,#1325,#1326,#1327,#1328,#1329,#1330,#1331,
#1332,#1333,#1334,#1335,#1336,#1337,#1338,#1339));
#2356=EDGE_LOOP('',(#1340,#1341,#1342,#1343));
#2357=EDGE_LOOP('',(#1344,#1345,#1346,#1347));
#2358=EDGE_LOOP('',(#1348,#1349,#1350,#1351));
#2359=EDGE_LOOP('',(#1352,#1353,#1354,#1355));
#2360=EDGE_LOOP('',(#1356,#1357,#1358,#1359));
#2361=EDGE_LOOP('',(#1360,#1361,#1362,#1363));
#2362=EDGE_LOOP('',(#1364,#1365,#1366,#1367));
#2363=EDGE_LOOP('',(#1368,#1369,#1370,#1371));
#2364=EDGE_LOOP('',(#1372,#1373,#1374,#1375));
#2365=EDGE_LOOP('',(#1376,#1377,#1378,#1379));
#2366=EDGE_LOOP('',(#1380,#1381,#1382,#1383));
#2367=EDGE_LOOP('',(#1384,#1385,#1386,#1387));
#2368=EDGE_LOOP('',(#1388,#1389,#1390,#1391));
#2369=EDGE_LOOP('',(#1392,#1393,#1394,#1395));
#2370=EDGE_LOOP('',(#1396,#1397,#1398,#1399));
#2371=EDGE_LOOP('',(#1400,#1401,#1402,#1403,#1404,#1405,#1406,#1407));
#2372=EDGE_LOOP('',(#1408,#1409,#1410,#1411,#1412,#1413,#1414));
#2373=EDGE_LOOP('',(#1415,#1416,#1417,#1418));
#2374=EDGE_LOOP('',(#1419,#1420,#1421,#1422));
#2375=EDGE_LOOP('',(#1423,#1424,#1425,#1426));
#2376=EDGE_LOOP('',(#1427,#1428,#1429,#1430));
#2377=EDGE_LOOP('',(#1431,#1432,#1433,#1434));
#2378=EDGE_LOOP('',(#1435,#1436,#1437,#1438));
#2379=EDGE_LOOP('',(#1439,#1440,#1441,#1442));
#2380=EDGE_LOOP('',(#1443,#1444,#1445,#1446));
#2381=EDGE_LOOP('',(#1447,#1448,#1449,#1450));
#2382=EDGE_LOOP('',(#1451,#1452,#1453,#1454));
#2383=EDGE_LOOP('',(#1455,#1456,#1457,#1458));
#2384=EDGE_LOOP('',(#1459,#1460,#1461,#1462));
#2385=EDGE_LOOP('',(#1463,#1464,#1465,#1466,#1467,#1468,#1469,#1470,#1471,
#1472,#1473,#1474));
#2386=EDGE_LOOP('',(#1475,#1476,#1477,#1478,#1479,#1480));
#2387=EDGE_LOOP('',(#1481,#1482,#1483,#1484,#1485,#1486,#1487));
#2388=FACE_BOUND('',#2229,.T.);
#2389=FACE_BOUND('',#2230,.T.);
#2390=FACE_BOUND('',#2231,.T.);
#2391=FACE_BOUND('',#2232,.T.);
#2392=FACE_BOUND('',#2233,.T.);
#2393=FACE_BOUND('',#2234,.T.);
#2394=FACE_BOUND('',#2235,.T.);
#2395=FACE_BOUND('',#2236,.T.);
#2396=FACE_BOUND('',#2237,.T.);
#2397=FACE_BOUND('',#2238,.T.);
#2398=FACE_BOUND('',#2239,.T.);
#2399=FACE_BOUND('',#2240,.T.);
#2400=FACE_BOUND('',#2241,.T.);
#2401=FACE_BOUND('',#2242,.T.);
#2402=FACE_BOUND('',#2243,.T.);
#2403=FACE_BOUND('',#2244,.T.);
#2404=FACE_BOUND('',#2245,.T.);
#2405=FACE_BOUND('',#2246,.T.);
#2406=FACE_BOUND('',#2247,.T.);
#2407=FACE_BOUND('',#2248,.T.);
#2408=FACE_BOUND('',#2249,.T.);
#2409=FACE_BOUND('',#2250,.T.);
#2410=FACE_BOUND('',#2251,.T.);
#2411=FACE_BOUND('',#2252,.T.);
#2412=FACE_BOUND('',#2253,.T.);
#2413=FACE_BOUND('',#2254,.T.);
#2414=FACE_BOUND('',#2255,.T.);
#2415=FACE_BOUND('',#2256,.T.);
#2416=FACE_BOUND('',#2257,.T.);
#2417=FACE_BOUND('',#2258,.T.);
#2418=FACE_BOUND('',#2259,.T.);
#2419=FACE_BOUND('',#2260,.T.);
#2420=FACE_BOUND('',#2261,.T.);
#2421=FACE_BOUND('',#2262,.T.);
#2422=FACE_BOUND('',#2263,.T.);
#2423=FACE_BOUND('',#2264,.T.);
#2424=FACE_BOUND('',#2265,.T.);
#2425=FACE_BOUND('',#2266,.T.);
#2426=FACE_BOUND('',#2267,.T.);
#2427=FACE_BOUND('',#2268,.T.);
#2428=FACE_BOUND('',#2269,.T.);
#2429=FACE_BOUND('',#2270,.T.);
#2430=FACE_BOUND('',#2271,.T.);
#2431=FACE_BOUND('',#2272,.T.);
#2432=FACE_BOUND('',#2273,.T.);
#2433=FACE_BOUND('',#2274,.T.);
#2434=FACE_BOUND('',#2275,.T.);
#2435=FACE_BOUND('',#2276,.T.);
#2436=FACE_BOUND('',#2277,.T.);
#2437=FACE_BOUND('',#2278,.T.);
#2438=FACE_BOUND('',#2279,.T.);
#2439=FACE_BOUND('',#2280,.T.);
#2440=FACE_BOUND('',#2281,.T.);
#2441=FACE_BOUND('',#2282,.T.);
#2442=FACE_BOUND('',#2283,.T.);
#2443=FACE_BOUND('',#2284,.T.);
#2444=FACE_BOUND('',#2285,.T.);
#2445=FACE_BOUND('',#2286,.T.);
#2446=FACE_BOUND('',#2287,.T.);
#2447=FACE_BOUND('',#2288,.T.);
#2448=FACE_BOUND('',#2289,.T.);
#2449=FACE_BOUND('',#2290,.T.);
#2450=FACE_BOUND('',#2291,.T.);
#2451=FACE_BOUND('',#2292,.T.);
#2452=FACE_BOUND('',#2293,.T.);
#2453=FACE_BOUND('',#2294,.T.);
#2454=FACE_BOUND('',#2295,.T.);
#2455=FACE_BOUND('',#2296,.T.);
#2456=FACE_BOUND('',#2297,.T.);
#2457=FACE_BOUND('',#2298,.T.);
#2458=FACE_BOUND('',#2299,.T.);
#2459=FACE_BOUND('',#2300,.T.);
#2460=FACE_BOUND('',#2301,.T.);
#2461=FACE_BOUND('',#2302,.T.);
#2462=FACE_BOUND('',#2303,.T.);
#2463=FACE_BOUND('',#2304,.T.);
#2464=FACE_BOUND('',#2305,.T.);
#2465=FACE_BOUND('',#2306,.T.);
#2466=FACE_BOUND('',#2307,.T.);
#2467=FACE_BOUND('',#2308,.T.);
#2468=FACE_BOUND('',#2309,.T.);
#2469=FACE_BOUND('',#2310,.T.);
#2470=FACE_BOUND('',#2311,.T.);
#2471=FACE_BOUND('',#2312,.T.);
#2472=FACE_BOUND('',#2313,.T.);
#2473=FACE_BOUND('',#2314,.T.);
#2474=FACE_BOUND('',#2315,.T.);
#2475=FACE_BOUND('',#2316,.T.);
#2476=FACE_BOUND('',#2317,.T.);
#2477=FACE_BOUND('',#2318,.T.);
#2478=FACE_BOUND('',#2319,.T.);
#2479=FACE_BOUND('',#2320,.T.);
#2480=FACE_BOUND('',#2321,.T.);
#2481=FACE_BOUND('',#2322,.T.);
#2482=FACE_BOUND('',#2323,.T.);
#2483=FACE_BOUND('',#2324,.T.);
#2484=FACE_BOUND('',#2325,.T.);
#2485=FACE_BOUND('',#2326,.T.);
#2486=FACE_BOUND('',#2327,.T.);
#2487=FACE_BOUND('',#2328,.T.);
#2488=FACE_BOUND('',#2329,.T.);
#2489=FACE_BOUND('',#2330,.T.);
#2490=FACE_BOUND('',#2331,.T.);
#2491=FACE_BOUND('',#2332,.T.);
#2492=FACE_BOUND('',#2333,.T.);
#2493=FACE_BOUND('',#2334,.T.);
#2494=FACE_BOUND('',#2335,.T.);
#2495=FACE_BOUND('',#2336,.T.);
#2496=FACE_BOUND('',#2337,.T.);
#2497=FACE_BOUND('',#2338,.T.);
#2498=FACE_BOUND('',#2339,.T.);
#2499=FACE_BOUND('',#2340,.T.);
#2500=FACE_BOUND('',#2341,.T.);
#2501=FACE_BOUND('',#2342,.T.);
#2502=FACE_BOUND('',#2343,.T.);
#2503=FACE_BOUND('',#2344,.T.);
#2504=FACE_BOUND('',#2345,.T.);
#2505=FACE_BOUND('',#2346,.T.);
#2506=FACE_BOUND('',#2347,.T.);
#2507=FACE_BOUND('',#2348,.T.);
#2508=FACE_BOUND('',#2349,.T.);
#2509=FACE_BOUND('',#2350,.T.);
#2510=FACE_BOUND('',#2351,.T.);
#2511=FACE_BOUND('',#2352,.T.);
#2512=FACE_BOUND('',#2353,.T.);
#2513=FACE_BOUND('',#2354,.T.);
#2514=FACE_BOUND('',#2355,.T.);
#2515=FACE_BOUND('',#2356,.T.);
#2516=FACE_BOUND('',#2357,.T.);
#2517=FACE_BOUND('',#2358,.T.);
#2518=FACE_BOUND('',#2359,.T.);
#2519=FACE_BOUND('',#2360,.T.);
#2520=FACE_BOUND('',#2361,.T.);
#2521=FACE_BOUND('',#2362,.T.);
#2522=FACE_BOUND('',#2363,.T.);
#2523=FACE_BOUND('',#2364,.T.);
#2524=FACE_BOUND('',#2365,.T.);
#2525=FACE_BOUND('',#2366,.T.);
#2526=FACE_BOUND('',#2367,.T.);
#2527=FACE_BOUND('',#2368,.T.);
#2528=FACE_BOUND('',#2369,.T.);
#2529=FACE_BOUND('',#2370,.T.);
#2530=FACE_BOUND('',#2371,.T.);
#2531=FACE_BOUND('',#2372,.T.);
#2532=FACE_BOUND('',#2373,.T.);
#2533=FACE_BOUND('',#2374,.T.);
#2534=FACE_BOUND('',#2375,.T.);
#2535=FACE_BOUND('',#2376,.T.);
#2536=FACE_BOUND('',#2377,.T.);
#2537=FACE_BOUND('',#2378,.T.);
#2538=FACE_BOUND('',#2379,.T.);
#2539=FACE_BOUND('',#2380,.T.);
#2540=FACE_BOUND('',#2381,.T.);
#2541=FACE_BOUND('',#2382,.T.);
#2542=FACE_BOUND('',#2383,.T.);
#2543=FACE_BOUND('',#2384,.T.);
#2544=FACE_BOUND('',#2385,.T.);
#2545=FACE_BOUND('',#2386,.T.);
#2546=FACE_BOUND('',#2387,.T.);
#2547=PLANE('',#3534);
#2548=PLANE('',#3537);
#2549=PLANE('',#3538);
#2550=PLANE('',#3539);
#2551=PLANE('',#3540);
#2552=PLANE('',#3541);
#2553=PLANE('',#3542);
#2554=PLANE('',#3547);
#2555=PLANE('',#3548);
#2556=PLANE('',#3549);
#2557=PLANE('',#3550);
#2558=PLANE('',#3551);
#2559=PLANE('',#3552);
#2560=PLANE('',#3553);
#2561=PLANE('',#3554);
#2562=PLANE('',#3555);
#2563=PLANE('',#3556);
#2564=PLANE('',#3557);
#2565=PLANE('',#3558);
#2566=PLANE('',#3559);
#2567=PLANE('',#3560);
#2568=PLANE('',#3561);
#2569=PLANE('',#3562);
#2570=PLANE('',#3563);
#2571=PLANE('',#3564);
#2572=PLANE('',#3565);
#2573=PLANE('',#3566);
#2574=PLANE('',#3567);
#2575=PLANE('',#3568);
#2576=PLANE('',#3569);
#2577=PLANE('',#3570);
#2578=PLANE('',#3571);
#2579=PLANE('',#3572);
#2580=PLANE('',#3573);
#2581=PLANE('',#3574);
#2582=PLANE('',#3575);
#2583=PLANE('',#3576);
#2584=PLANE('',#3577);
#2585=PLANE('',#3578);
#2586=PLANE('',#3579);
#2587=PLANE('',#3580);
#2588=PLANE('',#3581);
#2589=PLANE('',#3582);
#2590=PLANE('',#3583);
#2591=PLANE('',#3584);
#2592=PLANE('',#3585);
#2593=PLANE('',#3586);
#2594=PLANE('',#3587);
#2595=PLANE('',#3588);
#2596=PLANE('',#3589);
#2597=PLANE('',#3590);
#2598=PLANE('',#3591);
#2599=PLANE('',#3592);
#2600=PLANE('',#3593);
#2601=PLANE('',#3594);
#2602=PLANE('',#3595);
#2603=PLANE('',#3596);
#2604=PLANE('',#3597);
#2605=PLANE('',#3598);
#2606=PLANE('',#3599);
#2607=PLANE('',#3600);
#2608=PLANE('',#3601);
#2609=PLANE('',#3602);
#2610=PLANE('',#3603);
#2611=PLANE('',#3604);
#2612=PLANE('',#3605);
#2613=PLANE('',#3606);
#2614=PLANE('',#3610);
#2615=PLANE('',#3611);
#2616=PLANE('',#3612);
#2617=PLANE('',#3613);
#2618=PLANE('',#3614);
#2619=PLANE('',#3615);
#2620=PLANE('',#3616);
#2621=PLANE('',#3617);
#2622=PLANE('',#3618);
#2623=PLANE('',#3619);
#2624=PLANE('',#3620);
#2625=PLANE('',#3621);
#2626=PLANE('',#3622);
#2627=PLANE('',#3623);
#2628=PLANE('',#3624);
#2629=PLANE('',#3625);
#2630=ADVANCED_FACE('',(#2388,#2389,#2390,#2391,#2392,#2393,#2394,#2395,
#2396,#2397,#2398,#2399),#2547,.T.);
#2631=ADVANCED_FACE('',(#2400),#2548,.T.);
#2632=ADVANCED_FACE('',(#2401),#2549,.F.);
#2633=ADVANCED_FACE('',(#2402),#2550,.F.);
#2634=ADVANCED_FACE('',(#2403),#2551,.T.);
#2635=ADVANCED_FACE('',(#2404),#2552,.F.);
#2636=ADVANCED_FACE('',(#2405),#2553,.F.);
#2637=ADVANCED_FACE('',(#2406,#2407),#191,.F.);
#2638=ADVANCED_FACE('',(#2408,#2409),#192,.F.);
#2639=ADVANCED_FACE('',(#2410),#2554,.T.);
#2640=ADVANCED_FACE('',(#2411),#2555,.T.);
#2641=ADVANCED_FACE('',(#2412,#2413,#2414,#2415),#2556,.F.);
#2642=ADVANCED_FACE('Face appearance 3',(#2416),#12,.T.);
#2643=ADVANCED_FACE('Face appearance 3',(#2417),#13,.T.);
#2644=ADVANCED_FACE('Face appearance 3',(#2418),#14,.T.);
#2645=ADVANCED_FACE('Face appearance 3',(#2419),#2557,.T.);
#2646=ADVANCED_FACE('Face appearance 3',(#2420),#2558,.T.);
#2647=ADVANCED_FACE('Face appearance 3',(#2421),#15,.T.);
#2648=ADVANCED_FACE('Face appearance 3',(#2422),#16,.T.);
#2649=ADVANCED_FACE('Face appearance 3',(#2423),#17,.T.);
#2650=ADVANCED_FACE('Face appearance 3',(#2424),#2559,.T.);
#2651=ADVANCED_FACE('Face appearance 3',(#2425),#2560,.T.);
#2652=ADVANCED_FACE('Face appearance 3',(#2426),#2561,.T.);
#2653=ADVANCED_FACE('Face appearance 3',(#2427),#18,.T.);
#2654=ADVANCED_FACE('Face appearance 3',(#2428),#19,.T.);
#2655=ADVANCED_FACE('Face appearance 3',(#2429),#20,.T.);
#2656=ADVANCED_FACE('Face appearance 3',(#2430),#21,.T.);
#2657=ADVANCED_FACE('Face appearance 3',(#2431),#22,.T.);
#2658=ADVANCED_FACE('Face appearance 3',(#2432),#23,.T.);
#2659=ADVANCED_FACE('Face appearance 3',(#2433),#24,.T.);
#2660=ADVANCED_FACE('Face appearance 3',(#2434),#2562,.T.);
#2661=ADVANCED_FACE('Face appearance 3',(#2435),#2563,.T.);
#2662=ADVANCED_FACE('Face appearance 3',(#2436),#2564,.T.);
#2663=ADVANCED_FACE('Face appearance 3',(#2437),#25,.T.);
#2664=ADVANCED_FACE('Face appearance 3',(#2438),#26,.T.);
#2665=ADVANCED_FACE('Face appearance 3',(#2439),#2565,.T.);
#2666=ADVANCED_FACE('Face appearance 3',(#2440,#2441,#2442),#2566,.T.);
#2667=ADVANCED_FACE('',(#2443),#2567,.T.);
#2668=ADVANCED_FACE('Face appearance 3',(#2444),#27,.T.);
#2669=ADVANCED_FACE('Face appearance 3',(#2445),#28,.T.);
#2670=ADVANCED_FACE('Face appearance 3',(#2446),#29,.T.);
#2671=ADVANCED_FACE('Face appearance 3',(#2447),#2568,.T.);
#2672=ADVANCED_FACE('Face appearance 3',(#2448),#2569,.T.);
#2673=ADVANCED_FACE('Face appearance 3',(#2449),#2570,.T.);
#2674=ADVANCED_FACE('Face appearance 3',(#2450),#30,.T.);
#2675=ADVANCED_FACE('Face appearance 3',(#2451),#31,.T.);
#2676=ADVANCED_FACE('Face appearance 3',(#2452),#32,.T.);
#2677=ADVANCED_FACE('Face appearance 3',(#2453),#33,.T.);
#2678=ADVANCED_FACE('Face appearance 3',(#2454),#2571,.T.);
#2679=ADVANCED_FACE('Face appearance 3',(#2455),#2572,.T.);
#2680=ADVANCED_FACE('Face appearance 3',(#2456),#2573,.T.);
#2681=ADVANCED_FACE('Face appearance 3',(#2457),#34,.T.);
#2682=ADVANCED_FACE('Face appearance 3',(#2458),#2574,.T.);
#2683=ADVANCED_FACE('Face appearance 3',(#2459),#2575,.T.);
#2684=ADVANCED_FACE('Face appearance 3',(#2460),#2576,.T.);
#2685=ADVANCED_FACE('Face appearance 3',(#2461),#2577,.T.);
#2686=ADVANCED_FACE('Face appearance 3',(#2462),#2578,.T.);
#2687=ADVANCED_FACE('Face appearance 3',(#2463),#2579,.T.);
#2688=ADVANCED_FACE('Face appearance 3',(#2464),#2580,.T.);
#2689=ADVANCED_FACE('Face appearance 3',(#2465),#2581,.T.);
#2690=ADVANCED_FACE('Face appearance 3',(#2466),#35,.T.);
#2691=ADVANCED_FACE('Face appearance 3',(#2467),#36,.T.);
#2692=ADVANCED_FACE('Face appearance 3',(#2468),#37,.T.);
#2693=ADVANCED_FACE('Face appearance 3',(#2469),#38,.T.);
#2694=ADVANCED_FACE('Face appearance 3',(#2470),#39,.T.);
#2695=ADVANCED_FACE('Face appearance 3',(#2471),#40,.T.);
#2696=ADVANCED_FACE('Face appearance 3',(#2472),#41,.T.);
#2697=ADVANCED_FACE('Face appearance 3',(#2473),#2582,.T.);
#2698=ADVANCED_FACE('Face appearance 3',(#2474),#42,.T.);
#2699=ADVANCED_FACE('Face appearance 3',(#2475),#43,.T.);
#2700=ADVANCED_FACE('Face appearance 3',(#2476),#44,.T.);
#2701=ADVANCED_FACE('Face appearance 3',(#2477),#45,.T.);
#2702=ADVANCED_FACE('Face appearance 3',(#2478),#46,.T.);
#2703=ADVANCED_FACE('Face appearance 3',(#2479),#47,.T.);
#2704=ADVANCED_FACE('Face appearance 3',(#2480),#48,.T.);
#2705=ADVANCED_FACE('Face appearance 3',(#2481),#49,.T.);
#2706=ADVANCED_FACE('Face appearance 3',(#2482),#2583,.T.);
#2707=ADVANCED_FACE('Face appearance 3',(#2483),#2584,.T.);
#2708=ADVANCED_FACE('Face appearance 3',(#2484),#2585,.T.);
#2709=ADVANCED_FACE('Face appearance 3',(#2485),#2586,.T.);
#2710=ADVANCED_FACE('Face appearance 3',(#2486),#2587,.T.);
#2711=ADVANCED_FACE('Face appearance 3',(#2487),#2588,.T.);
#2712=ADVANCED_FACE('Face appearance 3',(#2488),#2589,.T.);
#2713=ADVANCED_FACE('Face appearance 3',(#2489),#2590,.T.);
#2714=ADVANCED_FACE('Face appearance 3',(#2490),#2591,.T.);
#2715=ADVANCED_FACE('Face appearance 3',(#2491),#2592,.T.);
#2716=ADVANCED_FACE('Face appearance 3',(#2492),#2593,.T.);
#2717=ADVANCED_FACE('Face appearance 3',(#2493),#2594,.T.);
#2718=ADVANCED_FACE('Face appearance 3',(#2494),#2595,.T.);
#2719=ADVANCED_FACE('Face appearance 3',(#2495),#2596,.T.);
#2720=ADVANCED_FACE('Face appearance 3',(#2496),#2597,.T.);
#2721=ADVANCED_FACE('Face appearance 3',(#2497),#50,.T.);
#2722=ADVANCED_FACE('Face appearance 3',(#2498),#51,.T.);
#2723=ADVANCED_FACE('Face appearance 3',(#2499),#52,.T.);
#2724=ADVANCED_FACE('Face appearance 3',(#2500),#53,.T.);
#2725=ADVANCED_FACE('Face appearance 3',(#2501),#54,.T.);
#2726=ADVANCED_FACE('Face appearance 3',(#2502),#55,.T.);
#2727=ADVANCED_FACE('Face appearance 3',(#2503),#56,.T.);
#2728=ADVANCED_FACE('Face appearance 3',(#2504),#2598,.T.);
#2729=ADVANCED_FACE('Face appearance 3',(#2505),#57,.T.);
#2730=ADVANCED_FACE('Face appearance 3',(#2506),#58,.T.);
#2731=ADVANCED_FACE('Face appearance 3',(#2507),#59,.T.);
#2732=ADVANCED_FACE('Face appearance 3',(#2508),#60,.T.);
#2733=ADVANCED_FACE('Face appearance 3',(#2509),#61,.T.);
#2734=ADVANCED_FACE('Face appearance 3',(#2510),#62,.T.);
#2735=ADVANCED_FACE('Face appearance 3',(#2511),#63,.T.);
#2736=ADVANCED_FACE('Face appearance 3',(#2512),#64,.T.);
#2737=ADVANCED_FACE('Face appearance 3',(#2513),#2599,.T.);
#2738=ADVANCED_FACE('Face appearance 3',(#2514),#2600,.T.);
#2739=ADVANCED_FACE('Face appearance 3',(#2515),#2601,.T.);
#2740=ADVANCED_FACE('Face appearance 3',(#2516),#2602,.T.);
#2741=ADVANCED_FACE('Face appearance 3',(#2517),#2603,.T.);
#2742=ADVANCED_FACE('Face appearance 3',(#2518),#2604,.T.);
#2743=ADVANCED_FACE('Face appearance 3',(#2519),#2605,.T.);
#2744=ADVANCED_FACE('Face appearance 3',(#2520),#65,.T.);
#2745=ADVANCED_FACE('Face appearance 3',(#2521),#2606,.T.);
#2746=ADVANCED_FACE('Face appearance 3',(#2522),#2607,.T.);
#2747=ADVANCED_FACE('Face appearance 3',(#2523),#2608,.T.);
#2748=ADVANCED_FACE('Face appearance 3',(#2524),#2609,.T.);
#2749=ADVANCED_FACE('Face appearance 3',(#2525),#2610,.T.);
#2750=ADVANCED_FACE('Face appearance 3',(#2526),#2611,.T.);
#2751=ADVANCED_FACE('Face appearance 3',(#2527),#2612,.T.);
#2752=ADVANCED_FACE('Face appearance 3',(#2528),#2613,.T.);
#2753=ADVANCED_FACE('Face appearance 3',(#2529),#193,.T.);
#2754=ADVANCED_FACE('Face appearance 3',(#2530,#2531),#2614,.T.);
#2755=ADVANCED_FACE('Face appearance 3',(#2532),#2615,.T.);
#2756=ADVANCED_FACE('Face appearance 3',(#2533),#2616,.T.);
#2757=ADVANCED_FACE('Face appearance 3',(#2534),#2617,.T.);
#2758=ADVANCED_FACE('Face appearance 3',(#2535),#2618,.T.);
#2759=ADVANCED_FACE('Face appearance 3',(#2536),#2619,.T.);
#2760=ADVANCED_FACE('Face appearance 3',(#2537),#2620,.T.);
#2761=ADVANCED_FACE('Face appearance 3',(#2538),#2621,.T.);
#2762=ADVANCED_FACE('Face appearance 3',(#2539),#2622,.T.);
#2763=ADVANCED_FACE('Face appearance 3',(#2540),#2623,.T.);
#2764=ADVANCED_FACE('Face appearance 3',(#2541),#2624,.T.);
#2765=ADVANCED_FACE('Face appearance 3',(#2542),#2625,.T.);
#2766=ADVANCED_FACE('Face appearance 3',(#2543),#2626,.T.);
#2767=ADVANCED_FACE('Face appearance 3',(#2544),#2627,.T.);
#2768=ADVANCED_FACE('',(#2545),#2628,.T.);
#2769=ADVANCED_FACE('',(#2546),#2629,.T.);
#2770=CLOSED_SHELL('',(#2630,#2631,#2632,#2633,#2634,#2635,#2636,#2637,
#2638,#2639,#2640,#2641,#2642,#2643,#2644,#2645,#2646,#2647,#2648,#2649,
#2650,#2651,#2652,#2653,#2654,#2655,#2656,#2657,#2658,#2659,#2660,#2661,
#2662,#2663,#2664,#2665,#2666,#2667,#2668,#2669,#2670,#2671,#2672,#2673,
#2674,#2675,#2676,#2677,#2678,#2679,#2680,#2681,#2682,#2683,#2684,#2685,
#2686,#2687,#2688,#2689,#2690,#2691,#2692,#2693,#2694,#2695,#2696,#2697,
#2698,#2699,#2700,#2701,#2702,#2703,#2704,#2705,#2706,#2707,#2708,#2709,
#2710,#2711,#2712,#2713,#2714,#2715,#2716,#2717,#2718,#2719,#2720,#2721,
#2722,#2723,#2724,#2725,#2726,#2727,#2728,#2729,#2730,#2731,#2732,#2733,
#2734,#2735,#2736,#2737,#2738,#2739,#2740,#2741,#2742,#2743,#2744,#2745,
#2746,#2747,#2748,#2749,#2750,#2751,#2752,#2753,#2754,#2755,#2756,#2757,
#2758,#2759,#2760,#2761,#2762,#2763,#2764,#2765,#2766,#2767,#2768,#2769));
#2771=STYLED_ITEM('',(#2772),#3530);
#2772=PRESENTATION_STYLE_ASSIGNMENT((#2898));
#2773=PRESENTATION_STYLE_ASSIGNMENT((#2899));
#2774=PRESENTATION_STYLE_ASSIGNMENT((#2900));
#2775=PRESENTATION_STYLE_ASSIGNMENT((#2901));
#2776=PRESENTATION_STYLE_ASSIGNMENT((#2902));
#2777=PRESENTATION_STYLE_ASSIGNMENT((#2903));
#2778=PRESENTATION_STYLE_ASSIGNMENT((#2904));
#2779=PRESENTATION_STYLE_ASSIGNMENT((#2905));
#2780=PRESENTATION_STYLE_ASSIGNMENT((#2906));
#2781=PRESENTATION_STYLE_ASSIGNMENT((#2907));
#2782=PRESENTATION_STYLE_ASSIGNMENT((#2908));
#2783=PRESENTATION_STYLE_ASSIGNMENT((#2909));
#2784=PRESENTATION_STYLE_ASSIGNMENT((#2910));
#2785=PRESENTATION_STYLE_ASSIGNMENT((#2911));
#2786=PRESENTATION_STYLE_ASSIGNMENT((#2912));
#2787=PRESENTATION_STYLE_ASSIGNMENT((#2913));
#2788=PRESENTATION_STYLE_ASSIGNMENT((#2914));
#2789=PRESENTATION_STYLE_ASSIGNMENT((#2915));
#2790=PRESENTATION_STYLE_ASSIGNMENT((#2916));
#2791=PRESENTATION_STYLE_ASSIGNMENT((#2917));
#2792=PRESENTATION_STYLE_ASSIGNMENT((#2918));
#2793=PRESENTATION_STYLE_ASSIGNMENT((#2919));
#2794=PRESENTATION_STYLE_ASSIGNMENT((#2920));
#2795=PRESENTATION_STYLE_ASSIGNMENT((#2921));
#2796=PRESENTATION_STYLE_ASSIGNMENT((#2922));
#2797=PRESENTATION_STYLE_ASSIGNMENT((#2923));
#2798=PRESENTATION_STYLE_ASSIGNMENT((#2924));
#2799=PRESENTATION_STYLE_ASSIGNMENT((#2925));
#2800=PRESENTATION_STYLE_ASSIGNMENT((#2926));
#2801=PRESENTATION_STYLE_ASSIGNMENT((#2927));
#2802=PRESENTATION_STYLE_ASSIGNMENT((#2928));
#2803=PRESENTATION_STYLE_ASSIGNMENT((#2929));
#2804=PRESENTATION_STYLE_ASSIGNMENT((#2930));
#2805=PRESENTATION_STYLE_ASSIGNMENT((#2931));
#2806=PRESENTATION_STYLE_ASSIGNMENT((#2932));
#2807=PRESENTATION_STYLE_ASSIGNMENT((#2933));
#2808=PRESENTATION_STYLE_ASSIGNMENT((#2934));
#2809=PRESENTATION_STYLE_ASSIGNMENT((#2935));
#2810=PRESENTATION_STYLE_ASSIGNMENT((#2936));
#2811=PRESENTATION_STYLE_ASSIGNMENT((#2937));
#2812=PRESENTATION_STYLE_ASSIGNMENT((#2938));
#2813=PRESENTATION_STYLE_ASSIGNMENT((#2939));
#2814=PRESENTATION_STYLE_ASSIGNMENT((#2940));
#2815=PRESENTATION_STYLE_ASSIGNMENT((#2941));
#2816=PRESENTATION_STYLE_ASSIGNMENT((#2942));
#2817=PRESENTATION_STYLE_ASSIGNMENT((#2943));
#2818=PRESENTATION_STYLE_ASSIGNMENT((#2944));
#2819=PRESENTATION_STYLE_ASSIGNMENT((#2945));
#2820=PRESENTATION_STYLE_ASSIGNMENT((#2946));
#2821=PRESENTATION_STYLE_ASSIGNMENT((#2947));
#2822=PRESENTATION_STYLE_ASSIGNMENT((#2948));
#2823=PRESENTATION_STYLE_ASSIGNMENT((#2949));
#2824=PRESENTATION_STYLE_ASSIGNMENT((#2950));
#2825=PRESENTATION_STYLE_ASSIGNMENT((#2951));
#2826=PRESENTATION_STYLE_ASSIGNMENT((#2952));
#2827=PRESENTATION_STYLE_ASSIGNMENT((#2953));
#2828=PRESENTATION_STYLE_ASSIGNMENT((#2954));
#2829=PRESENTATION_STYLE_ASSIGNMENT((#2955));
#2830=PRESENTATION_STYLE_ASSIGNMENT((#2956));
#2831=PRESENTATION_STYLE_ASSIGNMENT((#2957));
#2832=PRESENTATION_STYLE_ASSIGNMENT((#2958));
#2833=PRESENTATION_STYLE_ASSIGNMENT((#2959));
#2834=PRESENTATION_STYLE_ASSIGNMENT((#2960));
#2835=PRESENTATION_STYLE_ASSIGNMENT((#2961));
#2836=PRESENTATION_STYLE_ASSIGNMENT((#2962));
#2837=PRESENTATION_STYLE_ASSIGNMENT((#2963));
#2838=PRESENTATION_STYLE_ASSIGNMENT((#2964));
#2839=PRESENTATION_STYLE_ASSIGNMENT((#2965));
#2840=PRESENTATION_STYLE_ASSIGNMENT((#2966));
#2841=PRESENTATION_STYLE_ASSIGNMENT((#2967));
#2842=PRESENTATION_STYLE_ASSIGNMENT((#2968));
#2843=PRESENTATION_STYLE_ASSIGNMENT((#2969));
#2844=PRESENTATION_STYLE_ASSIGNMENT((#2970));
#2845=PRESENTATION_STYLE_ASSIGNMENT((#2971));
#2846=PRESENTATION_STYLE_ASSIGNMENT((#2972));
#2847=PRESENTATION_STYLE_ASSIGNMENT((#2973));
#2848=PRESENTATION_STYLE_ASSIGNMENT((#2974));
#2849=PRESENTATION_STYLE_ASSIGNMENT((#2975));
#2850=PRESENTATION_STYLE_ASSIGNMENT((#2976));
#2851=PRESENTATION_STYLE_ASSIGNMENT((#2977));
#2852=PRESENTATION_STYLE_ASSIGNMENT((#2978));
#2853=PRESENTATION_STYLE_ASSIGNMENT((#2979));
#2854=PRESENTATION_STYLE_ASSIGNMENT((#2980));
#2855=PRESENTATION_STYLE_ASSIGNMENT((#2981));
#2856=PRESENTATION_STYLE_ASSIGNMENT((#2982));
#2857=PRESENTATION_STYLE_ASSIGNMENT((#2983));
#2858=PRESENTATION_STYLE_ASSIGNMENT((#2984));
#2859=PRESENTATION_STYLE_ASSIGNMENT((#2985));
#2860=PRESENTATION_STYLE_ASSIGNMENT((#2986));
#2861=PRESENTATION_STYLE_ASSIGNMENT((#2987));
#2862=PRESENTATION_STYLE_ASSIGNMENT((#2988));
#2863=PRESENTATION_STYLE_ASSIGNMENT((#2989));
#2864=PRESENTATION_STYLE_ASSIGNMENT((#2990));
#2865=PRESENTATION_STYLE_ASSIGNMENT((#2991));
#2866=PRESENTATION_STYLE_ASSIGNMENT((#2992));
#2867=PRESENTATION_STYLE_ASSIGNMENT((#2993));
#2868=PRESENTATION_STYLE_ASSIGNMENT((#2994));
#2869=PRESENTATION_STYLE_ASSIGNMENT((#2995));
#2870=PRESENTATION_STYLE_ASSIGNMENT((#2996));
#2871=PRESENTATION_STYLE_ASSIGNMENT((#2997));
#2872=PRESENTATION_STYLE_ASSIGNMENT((#2998));
#2873=PRESENTATION_STYLE_ASSIGNMENT((#2999));
#2874=PRESENTATION_STYLE_ASSIGNMENT((#3000));
#2875=PRESENTATION_STYLE_ASSIGNMENT((#3001));
#2876=PRESENTATION_STYLE_ASSIGNMENT((#3002));
#2877=PRESENTATION_STYLE_ASSIGNMENT((#3003));
#2878=PRESENTATION_STYLE_ASSIGNMENT((#3004));
#2879=PRESENTATION_STYLE_ASSIGNMENT((#3005));
#2880=PRESENTATION_STYLE_ASSIGNMENT((#3006));
#2881=PRESENTATION_STYLE_ASSIGNMENT((#3007));
#2882=PRESENTATION_STYLE_ASSIGNMENT((#3008));
#2883=PRESENTATION_STYLE_ASSIGNMENT((#3009));
#2884=PRESENTATION_STYLE_ASSIGNMENT((#3010));
#2885=PRESENTATION_STYLE_ASSIGNMENT((#3011));
#2886=PRESENTATION_STYLE_ASSIGNMENT((#3012));
#2887=PRESENTATION_STYLE_ASSIGNMENT((#3013));
#2888=PRESENTATION_STYLE_ASSIGNMENT((#3014));
#2889=PRESENTATION_STYLE_ASSIGNMENT((#3015));
#2890=PRESENTATION_STYLE_ASSIGNMENT((#3016));
#2891=PRESENTATION_STYLE_ASSIGNMENT((#3017));
#2892=PRESENTATION_STYLE_ASSIGNMENT((#3018));
#2893=PRESENTATION_STYLE_ASSIGNMENT((#3019));
#2894=PRESENTATION_STYLE_ASSIGNMENT((#3020));
#2895=PRESENTATION_STYLE_ASSIGNMENT((#3021));
#2896=PRESENTATION_STYLE_ASSIGNMENT((#3022));
#2897=PRESENTATION_STYLE_ASSIGNMENT((#3023));
#2898=SURFACE_STYLE_USAGE(.BOTH.,#3024);
#2899=SURFACE_STYLE_USAGE(.BOTH.,#3025);
#2900=SURFACE_STYLE_USAGE(.BOTH.,#3026);
#2901=SURFACE_STYLE_USAGE(.BOTH.,#3027);
#2902=SURFACE_STYLE_USAGE(.BOTH.,#3028);
#2903=SURFACE_STYLE_USAGE(.BOTH.,#3029);
#2904=SURFACE_STYLE_USAGE(.BOTH.,#3030);
#2905=SURFACE_STYLE_USAGE(.BOTH.,#3031);
#2906=SURFACE_STYLE_USAGE(.BOTH.,#3032);
#2907=SURFACE_STYLE_USAGE(.BOTH.,#3033);
#2908=SURFACE_STYLE_USAGE(.BOTH.,#3034);
#2909=SURFACE_STYLE_USAGE(.BOTH.,#3035);
#2910=SURFACE_STYLE_USAGE(.BOTH.,#3036);
#2911=SURFACE_STYLE_USAGE(.BOTH.,#3037);
#2912=SURFACE_STYLE_USAGE(.BOTH.,#3038);
#2913=SURFACE_STYLE_USAGE(.BOTH.,#3039);
#2914=SURFACE_STYLE_USAGE(.BOTH.,#3040);
#2915=SURFACE_STYLE_USAGE(.BOTH.,#3041);
#2916=SURFACE_STYLE_USAGE(.BOTH.,#3042);
#2917=SURFACE_STYLE_USAGE(.BOTH.,#3043);
#2918=SURFACE_STYLE_USAGE(.BOTH.,#3044);
#2919=SURFACE_STYLE_USAGE(.BOTH.,#3045);
#2920=SURFACE_STYLE_USAGE(.BOTH.,#3046);
#2921=SURFACE_STYLE_USAGE(.BOTH.,#3047);
#2922=SURFACE_STYLE_USAGE(.BOTH.,#3048);
#2923=SURFACE_STYLE_USAGE(.BOTH.,#3049);
#2924=SURFACE_STYLE_USAGE(.BOTH.,#3050);
#2925=SURFACE_STYLE_USAGE(.BOTH.,#3051);
#2926=SURFACE_STYLE_USAGE(.BOTH.,#3052);
#2927=SURFACE_STYLE_USAGE(.BOTH.,#3053);
#2928=SURFACE_STYLE_USAGE(.BOTH.,#3054);
#2929=SURFACE_STYLE_USAGE(.BOTH.,#3055);
#2930=SURFACE_STYLE_USAGE(.BOTH.,#3056);
#2931=SURFACE_STYLE_USAGE(.BOTH.,#3057);
#2932=SURFACE_STYLE_USAGE(.BOTH.,#3058);
#2933=SURFACE_STYLE_USAGE(.BOTH.,#3059);
#2934=SURFACE_STYLE_USAGE(.BOTH.,#3060);
#2935=SURFACE_STYLE_USAGE(.BOTH.,#3061);
#2936=SURFACE_STYLE_USAGE(.BOTH.,#3062);
#2937=SURFACE_STYLE_USAGE(.BOTH.,#3063);
#2938=SURFACE_STYLE_USAGE(.BOTH.,#3064);
#2939=SURFACE_STYLE_USAGE(.BOTH.,#3065);
#2940=SURFACE_STYLE_USAGE(.BOTH.,#3066);
#2941=SURFACE_STYLE_USAGE(.BOTH.,#3067);
#2942=SURFACE_STYLE_USAGE(.BOTH.,#3068);
#2943=SURFACE_STYLE_USAGE(.BOTH.,#3069);
#2944=SURFACE_STYLE_USAGE(.BOTH.,#3070);
#2945=SURFACE_STYLE_USAGE(.BOTH.,#3071);
#2946=SURFACE_STYLE_USAGE(.BOTH.,#3072);
#2947=SURFACE_STYLE_USAGE(.BOTH.,#3073);
#2948=SURFACE_STYLE_USAGE(.BOTH.,#3074);
#2949=SURFACE_STYLE_USAGE(.BOTH.,#3075);
#2950=SURFACE_STYLE_USAGE(.BOTH.,#3076);
#2951=SURFACE_STYLE_USAGE(.BOTH.,#3077);
#2952=SURFACE_STYLE_USAGE(.BOTH.,#3078);
#2953=SURFACE_STYLE_USAGE(.BOTH.,#3079);
#2954=SURFACE_STYLE_USAGE(.BOTH.,#3080);
#2955=SURFACE_STYLE_USAGE(.BOTH.,#3081);
#2956=SURFACE_STYLE_USAGE(.BOTH.,#3082);
#2957=SURFACE_STYLE_USAGE(.BOTH.,#3083);
#2958=SURFACE_STYLE_USAGE(.BOTH.,#3084);
#2959=SURFACE_STYLE_USAGE(.BOTH.,#3085);
#2960=SURFACE_STYLE_USAGE(.BOTH.,#3086);
#2961=SURFACE_STYLE_USAGE(.BOTH.,#3087);
#2962=SURFACE_STYLE_USAGE(.BOTH.,#3088);
#2963=SURFACE_STYLE_USAGE(.BOTH.,#3089);
#2964=SURFACE_STYLE_USAGE(.BOTH.,#3090);
#2965=SURFACE_STYLE_USAGE(.BOTH.,#3091);
#2966=SURFACE_STYLE_USAGE(.BOTH.,#3092);
#2967=SURFACE_STYLE_USAGE(.BOTH.,#3093);
#2968=SURFACE_STYLE_USAGE(.BOTH.,#3094);
#2969=SURFACE_STYLE_USAGE(.BOTH.,#3095);
#2970=SURFACE_STYLE_USAGE(.BOTH.,#3096);
#2971=SURFACE_STYLE_USAGE(.BOTH.,#3097);
#2972=SURFACE_STYLE_USAGE(.BOTH.,#3098);
#2973=SURFACE_STYLE_USAGE(.BOTH.,#3099);
#2974=SURFACE_STYLE_USAGE(.BOTH.,#3100);
#2975=SURFACE_STYLE_USAGE(.BOTH.,#3101);
#2976=SURFACE_STYLE_USAGE(.BOTH.,#3102);
#2977=SURFACE_STYLE_USAGE(.BOTH.,#3103);
#2978=SURFACE_STYLE_USAGE(.BOTH.,#3104);
#2979=SURFACE_STYLE_USAGE(.BOTH.,#3105);
#2980=SURFACE_STYLE_USAGE(.BOTH.,#3106);
#2981=SURFACE_STYLE_USAGE(.BOTH.,#3107);
#2982=SURFACE_STYLE_USAGE(.BOTH.,#3108);
#2983=SURFACE_STYLE_USAGE(.BOTH.,#3109);
#2984=SURFACE_STYLE_USAGE(.BOTH.,#3110);
#2985=SURFACE_STYLE_USAGE(.BOTH.,#3111);
#2986=SURFACE_STYLE_USAGE(.BOTH.,#3112);
#2987=SURFACE_STYLE_USAGE(.BOTH.,#3113);
#2988=SURFACE_STYLE_USAGE(.BOTH.,#3114);
#2989=SURFACE_STYLE_USAGE(.BOTH.,#3115);
#2990=SURFACE_STYLE_USAGE(.BOTH.,#3116);
#2991=SURFACE_STYLE_USAGE(.BOTH.,#3117);
#2992=SURFACE_STYLE_USAGE(.BOTH.,#3118);
#2993=SURFACE_STYLE_USAGE(.BOTH.,#3119);
#2994=SURFACE_STYLE_USAGE(.BOTH.,#3120);
#2995=SURFACE_STYLE_USAGE(.BOTH.,#3121);
#2996=SURFACE_STYLE_USAGE(.BOTH.,#3122);
#2997=SURFACE_STYLE_USAGE(.BOTH.,#3123);
#2998=SURFACE_STYLE_USAGE(.BOTH.,#3124);
#2999=SURFACE_STYLE_USAGE(.BOTH.,#3125);
#3000=SURFACE_STYLE_USAGE(.BOTH.,#3126);
#3001=SURFACE_STYLE_USAGE(.BOTH.,#3127);
#3002=SURFACE_STYLE_USAGE(.BOTH.,#3128);
#3003=SURFACE_STYLE_USAGE(.BOTH.,#3129);
#3004=SURFACE_STYLE_USAGE(.BOTH.,#3130);
#3005=SURFACE_STYLE_USAGE(.BOTH.,#3131);
#3006=SURFACE_STYLE_USAGE(.BOTH.,#3132);
#3007=SURFACE_STYLE_USAGE(.BOTH.,#3133);
#3008=SURFACE_STYLE_USAGE(.BOTH.,#3134);
#3009=SURFACE_STYLE_USAGE(.BOTH.,#3135);
#3010=SURFACE_STYLE_USAGE(.BOTH.,#3136);
#3011=SURFACE_STYLE_USAGE(.BOTH.,#3137);
#3012=SURFACE_STYLE_USAGE(.BOTH.,#3138);
#3013=SURFACE_STYLE_USAGE(.BOTH.,#3139);
#3014=SURFACE_STYLE_USAGE(.BOTH.,#3140);
#3015=SURFACE_STYLE_USAGE(.BOTH.,#3141);
#3016=SURFACE_STYLE_USAGE(.BOTH.,#3142);
#3017=SURFACE_STYLE_USAGE(.BOTH.,#3143);
#3018=SURFACE_STYLE_USAGE(.BOTH.,#3144);
#3019=SURFACE_STYLE_USAGE(.BOTH.,#3145);
#3020=SURFACE_STYLE_USAGE(.BOTH.,#3146);
#3021=SURFACE_STYLE_USAGE(.BOTH.,#3147);
#3022=SURFACE_STYLE_USAGE(.BOTH.,#3148);
#3023=SURFACE_STYLE_USAGE(.BOTH.,#3149);
#3024=SURFACE_SIDE_STYLE('',(#3150));
#3025=SURFACE_SIDE_STYLE('',(#3151));
#3026=SURFACE_SIDE_STYLE('',(#3152));
#3027=SURFACE_SIDE_STYLE('',(#3153));
#3028=SURFACE_SIDE_STYLE('',(#3154));
#3029=SURFACE_SIDE_STYLE('',(#3155));
#3030=SURFACE_SIDE_STYLE('',(#3156));
#3031=SURFACE_SIDE_STYLE('',(#3157));
#3032=SURFACE_SIDE_STYLE('',(#3158));
#3033=SURFACE_SIDE_STYLE('',(#3159));
#3034=SURFACE_SIDE_STYLE('',(#3160));
#3035=SURFACE_SIDE_STYLE('',(#3161));
#3036=SURFACE_SIDE_STYLE('',(#3162));
#3037=SURFACE_SIDE_STYLE('',(#3163));
#3038=SURFACE_SIDE_STYLE('',(#3164));
#3039=SURFACE_SIDE_STYLE('',(#3165));
#3040=SURFACE_SIDE_STYLE('',(#3166));
#3041=SURFACE_SIDE_STYLE('',(#3167));
#3042=SURFACE_SIDE_STYLE('',(#3168));
#3043=SURFACE_SIDE_STYLE('',(#3169));
#3044=SURFACE_SIDE_STYLE('',(#3170));
#3045=SURFACE_SIDE_STYLE('',(#3171));
#3046=SURFACE_SIDE_STYLE('',(#3172));
#3047=SURFACE_SIDE_STYLE('',(#3173));
#3048=SURFACE_SIDE_STYLE('',(#3174));
#3049=SURFACE_SIDE_STYLE('',(#3175));
#3050=SURFACE_SIDE_STYLE('',(#3176));
#3051=SURFACE_SIDE_STYLE('',(#3177));
#3052=SURFACE_SIDE_STYLE('',(#3178));
#3053=SURFACE_SIDE_STYLE('',(#3179));
#3054=SURFACE_SIDE_STYLE('',(#3180));
#3055=SURFACE_SIDE_STYLE('',(#3181));
#3056=SURFACE_SIDE_STYLE('',(#3182));
#3057=SURFACE_SIDE_STYLE('',(#3183));
#3058=SURFACE_SIDE_STYLE('',(#3184));
#3059=SURFACE_SIDE_STYLE('',(#3185));
#3060=SURFACE_SIDE_STYLE('',(#3186));
#3061=SURFACE_SIDE_STYLE('',(#3187));
#3062=SURFACE_SIDE_STYLE('',(#3188));
#3063=SURFACE_SIDE_STYLE('',(#3189));
#3064=SURFACE_SIDE_STYLE('',(#3190));
#3065=SURFACE_SIDE_STYLE('',(#3191));
#3066=SURFACE_SIDE_STYLE('',(#3192));
#3067=SURFACE_SIDE_STYLE('',(#3193));
#3068=SURFACE_SIDE_STYLE('',(#3194));
#3069=SURFACE_SIDE_STYLE('',(#3195));
#3070=SURFACE_SIDE_STYLE('',(#3196));
#3071=SURFACE_SIDE_STYLE('',(#3197));
#3072=SURFACE_SIDE_STYLE('',(#3198));
#3073=SURFACE_SIDE_STYLE('',(#3199));
#3074=SURFACE_SIDE_STYLE('',(#3200));
#3075=SURFACE_SIDE_STYLE('',(#3201));
#3076=SURFACE_SIDE_STYLE('',(#3202));
#3077=SURFACE_SIDE_STYLE('',(#3203));
#3078=SURFACE_SIDE_STYLE('',(#3204));
#3079=SURFACE_SIDE_STYLE('',(#3205));
#3080=SURFACE_SIDE_STYLE('',(#3206));
#3081=SURFACE_SIDE_STYLE('',(#3207));
#3082=SURFACE_SIDE_STYLE('',(#3208));
#3083=SURFACE_SIDE_STYLE('',(#3209));
#3084=SURFACE_SIDE_STYLE('',(#3210));
#3085=SURFACE_SIDE_STYLE('',(#3211));
#3086=SURFACE_SIDE_STYLE('',(#3212));
#3087=SURFACE_SIDE_STYLE('',(#3213));
#3088=SURFACE_SIDE_STYLE('',(#3214));
#3089=SURFACE_SIDE_STYLE('',(#3215));
#3090=SURFACE_SIDE_STYLE('',(#3216));
#3091=SURFACE_SIDE_STYLE('',(#3217));
#3092=SURFACE_SIDE_STYLE('',(#3218));
#3093=SURFACE_SIDE_STYLE('',(#3219));
#3094=SURFACE_SIDE_STYLE('',(#3220));
#3095=SURFACE_SIDE_STYLE('',(#3221));
#3096=SURFACE_SIDE_STYLE('',(#3222));
#3097=SURFACE_SIDE_STYLE('',(#3223));
#3098=SURFACE_SIDE_STYLE('',(#3224));
#3099=SURFACE_SIDE_STYLE('',(#3225));
#3100=SURFACE_SIDE_STYLE('',(#3226));
#3101=SURFACE_SIDE_STYLE('',(#3227));
#3102=SURFACE_SIDE_STYLE('',(#3228));
#3103=SURFACE_SIDE_STYLE('',(#3229));
#3104=SURFACE_SIDE_STYLE('',(#3230));
#3105=SURFACE_SIDE_STYLE('',(#3231));
#3106=SURFACE_SIDE_STYLE('',(#3232));
#3107=SURFACE_SIDE_STYLE('',(#3233));
#3108=SURFACE_SIDE_STYLE('',(#3234));
#3109=SURFACE_SIDE_STYLE('',(#3235));
#3110=SURFACE_SIDE_STYLE('',(#3236));
#3111=SURFACE_SIDE_STYLE('',(#3237));
#3112=SURFACE_SIDE_STYLE('',(#3238));
#3113=SURFACE_SIDE_STYLE('',(#3239));
#3114=SURFACE_SIDE_STYLE('',(#3240));
#3115=SURFACE_SIDE_STYLE('',(#3241));
#3116=SURFACE_SIDE_STYLE('',(#3242));
#3117=SURFACE_SIDE_STYLE('',(#3243));
#3118=SURFACE_SIDE_STYLE('',(#3244));
#3119=SURFACE_SIDE_STYLE('',(#3245));
#3120=SURFACE_SIDE_STYLE('',(#3246));
#3121=SURFACE_SIDE_STYLE('',(#3247));
#3122=SURFACE_SIDE_STYLE('',(#3248));
#3123=SURFACE_SIDE_STYLE('',(#3249));
#3124=SURFACE_SIDE_STYLE('',(#3250));
#3125=SURFACE_SIDE_STYLE('',(#3251));
#3126=SURFACE_SIDE_STYLE('',(#3252));
#3127=SURFACE_SIDE_STYLE('',(#3253));
#3128=SURFACE_SIDE_STYLE('',(#3254));
#3129=SURFACE_SIDE_STYLE('',(#3255));
#3130=SURFACE_SIDE_STYLE('',(#3256));
#3131=SURFACE_SIDE_STYLE('',(#3257));
#3132=SURFACE_SIDE_STYLE('',(#3258));
#3133=SURFACE_SIDE_STYLE('',(#3259));
#3134=SURFACE_SIDE_STYLE('',(#3260));
#3135=SURFACE_SIDE_STYLE('',(#3261));
#3136=SURFACE_SIDE_STYLE('',(#3262));
#3137=SURFACE_SIDE_STYLE('',(#3263));
#3138=SURFACE_SIDE_STYLE('',(#3264));
#3139=SURFACE_SIDE_STYLE('',(#3265));
#3140=SURFACE_SIDE_STYLE('',(#3266));
#3141=SURFACE_SIDE_STYLE('',(#3267));
#3142=SURFACE_SIDE_STYLE('',(#3268));
#3143=SURFACE_SIDE_STYLE('',(#3269));
#3144=SURFACE_SIDE_STYLE('',(#3270));
#3145=SURFACE_SIDE_STYLE('',(#3271));
#3146=SURFACE_SIDE_STYLE('',(#3272));
#3147=SURFACE_SIDE_STYLE('',(#3273));
#3148=SURFACE_SIDE_STYLE('',(#3274));
#3149=SURFACE_SIDE_STYLE('',(#3275));
#3150=SURFACE_STYLE_FILL_AREA(#3276);
#3151=SURFACE_STYLE_FILL_AREA(#3277);
#3152=SURFACE_STYLE_FILL_AREA(#3278);
#3153=SURFACE_STYLE_FILL_AREA(#3279);
#3154=SURFACE_STYLE_FILL_AREA(#3280);
#3155=SURFACE_STYLE_FILL_AREA(#3281);
#3156=SURFACE_STYLE_FILL_AREA(#3282);
#3157=SURFACE_STYLE_FILL_AREA(#3283);
#3158=SURFACE_STYLE_FILL_AREA(#3284);
#3159=SURFACE_STYLE_FILL_AREA(#3285);
#3160=SURFACE_STYLE_FILL_AREA(#3286);
#3161=SURFACE_STYLE_FILL_AREA(#3287);
#3162=SURFACE_STYLE_FILL_AREA(#3288);
#3163=SURFACE_STYLE_FILL_AREA(#3289);
#3164=SURFACE_STYLE_FILL_AREA(#3290);
#3165=SURFACE_STYLE_FILL_AREA(#3291);
#3166=SURFACE_STYLE_FILL_AREA(#3292);
#3167=SURFACE_STYLE_FILL_AREA(#3293);
#3168=SURFACE_STYLE_FILL_AREA(#3294);
#3169=SURFACE_STYLE_FILL_AREA(#3295);
#3170=SURFACE_STYLE_FILL_AREA(#3296);
#3171=SURFACE_STYLE_FILL_AREA(#3297);
#3172=SURFACE_STYLE_FILL_AREA(#3298);
#3173=SURFACE_STYLE_FILL_AREA(#3299);
#3174=SURFACE_STYLE_FILL_AREA(#3300);
#3175=SURFACE_STYLE_FILL_AREA(#3301);
#3176=SURFACE_STYLE_FILL_AREA(#3302);
#3177=SURFACE_STYLE_FILL_AREA(#3303);
#3178=SURFACE_STYLE_FILL_AREA(#3304);
#3179=SURFACE_STYLE_FILL_AREA(#3305);
#3180=SURFACE_STYLE_FILL_AREA(#3306);
#3181=SURFACE_STYLE_FILL_AREA(#3307);
#3182=SURFACE_STYLE_FILL_AREA(#3308);
#3183=SURFACE_STYLE_FILL_AREA(#3309);
#3184=SURFACE_STYLE_FILL_AREA(#3310);
#3185=SURFACE_STYLE_FILL_AREA(#3311);
#3186=SURFACE_STYLE_FILL_AREA(#3312);
#3187=SURFACE_STYLE_FILL_AREA(#3313);
#3188=SURFACE_STYLE_FILL_AREA(#3314);
#3189=SURFACE_STYLE_FILL_AREA(#3315);
#3190=SURFACE_STYLE_FILL_AREA(#3316);
#3191=SURFACE_STYLE_FILL_AREA(#3317);
#3192=SURFACE_STYLE_FILL_AREA(#3318);
#3193=SURFACE_STYLE_FILL_AREA(#3319);
#3194=SURFACE_STYLE_FILL_AREA(#3320);
#3195=SURFACE_STYLE_FILL_AREA(#3321);
#3196=SURFACE_STYLE_FILL_AREA(#3322);
#3197=SURFACE_STYLE_FILL_AREA(#3323);
#3198=SURFACE_STYLE_FILL_AREA(#3324);
#3199=SURFACE_STYLE_FILL_AREA(#3325);
#3200=SURFACE_STYLE_FILL_AREA(#3326);
#3201=SURFACE_STYLE_FILL_AREA(#3327);
#3202=SURFACE_STYLE_FILL_AREA(#3328);
#3203=SURFACE_STYLE_FILL_AREA(#3329);
#3204=SURFACE_STYLE_FILL_AREA(#3330);
#3205=SURFACE_STYLE_FILL_AREA(#3331);
#3206=SURFACE_STYLE_FILL_AREA(#3332);
#3207=SURFACE_STYLE_FILL_AREA(#3333);
#3208=SURFACE_STYLE_FILL_AREA(#3334);
#3209=SURFACE_STYLE_FILL_AREA(#3335);
#3210=SURFACE_STYLE_FILL_AREA(#3336);
#3211=SURFACE_STYLE_FILL_AREA(#3337);
#3212=SURFACE_STYLE_FILL_AREA(#3338);
#3213=SURFACE_STYLE_FILL_AREA(#3339);
#3214=SURFACE_STYLE_FILL_AREA(#3340);
#3215=SURFACE_STYLE_FILL_AREA(#3341);
#3216=SURFACE_STYLE_FILL_AREA(#3342);
#3217=SURFACE_STYLE_FILL_AREA(#3343);
#3218=SURFACE_STYLE_FILL_AREA(#3344);
#3219=SURFACE_STYLE_FILL_AREA(#3345);
#3220=SURFACE_STYLE_FILL_AREA(#3346);
#3221=SURFACE_STYLE_FILL_AREA(#3347);
#3222=SURFACE_STYLE_FILL_AREA(#3348);
#3223=SURFACE_STYLE_FILL_AREA(#3349);
#3224=SURFACE_STYLE_FILL_AREA(#3350);
#3225=SURFACE_STYLE_FILL_AREA(#3351);
#3226=SURFACE_STYLE_FILL_AREA(#3352);
#3227=SURFACE_STYLE_FILL_AREA(#3353);
#3228=SURFACE_STYLE_FILL_AREA(#3354);
#3229=SURFACE_STYLE_FILL_AREA(#3355);
#3230=SURFACE_STYLE_FILL_AREA(#3356);
#3231=SURFACE_STYLE_FILL_AREA(#3357);
#3232=SURFACE_STYLE_FILL_AREA(#3358);
#3233=SURFACE_STYLE_FILL_AREA(#3359);
#3234=SURFACE_STYLE_FILL_AREA(#3360);
#3235=SURFACE_STYLE_FILL_AREA(#3361);
#3236=SURFACE_STYLE_FILL_AREA(#3362);
#3237=SURFACE_STYLE_FILL_AREA(#3363);
#3238=SURFACE_STYLE_FILL_AREA(#3364);
#3239=SURFACE_STYLE_FILL_AREA(#3365);
#3240=SURFACE_STYLE_FILL_AREA(#3366);
#3241=SURFACE_STYLE_FILL_AREA(#3367);
#3242=SURFACE_STYLE_FILL_AREA(#3368);
#3243=SURFACE_STYLE_FILL_AREA(#3369);
#3244=SURFACE_STYLE_FILL_AREA(#3370);
#3245=SURFACE_STYLE_FILL_AREA(#3371);
#3246=SURFACE_STYLE_FILL_AREA(#3372);
#3247=SURFACE_STYLE_FILL_AREA(#3373);
#3248=SURFACE_STYLE_FILL_AREA(#3374);
#3249=SURFACE_STYLE_FILL_AREA(#3375);
#3250=SURFACE_STYLE_FILL_AREA(#3376);
#3251=SURFACE_STYLE_FILL_AREA(#3377);
#3252=SURFACE_STYLE_FILL_AREA(#3378);
#3253=SURFACE_STYLE_FILL_AREA(#3379);
#3254=SURFACE_STYLE_FILL_AREA(#3380);
#3255=SURFACE_STYLE_FILL_AREA(#3381);
#3256=SURFACE_STYLE_FILL_AREA(#3382);
#3257=SURFACE_STYLE_FILL_AREA(#3383);
#3258=SURFACE_STYLE_FILL_AREA(#3384);
#3259=SURFACE_STYLE_FILL_AREA(#3385);
#3260=SURFACE_STYLE_FILL_AREA(#3386);
#3261=SURFACE_STYLE_FILL_AREA(#3387);
#3262=SURFACE_STYLE_FILL_AREA(#3388);
#3263=SURFACE_STYLE_FILL_AREA(#3389);
#3264=SURFACE_STYLE_FILL_AREA(#3390);
#3265=SURFACE_STYLE_FILL_AREA(#3391);
#3266=SURFACE_STYLE_FILL_AREA(#3392);
#3267=SURFACE_STYLE_FILL_AREA(#3393);
#3268=SURFACE_STYLE_FILL_AREA(#3394);
#3269=SURFACE_STYLE_FILL_AREA(#3395);
#3270=SURFACE_STYLE_FILL_AREA(#3396);
#3271=SURFACE_STYLE_FILL_AREA(#3397);
#3272=SURFACE_STYLE_FILL_AREA(#3398);
#3273=SURFACE_STYLE_FILL_AREA(#3399);
#3274=SURFACE_STYLE_FILL_AREA(#3400);
#3275=SURFACE_STYLE_FILL_AREA(#3401);
#3276=FILL_AREA_STYLE('',(#3402));
#3277=FILL_AREA_STYLE('',(#3403));
#3278=FILL_AREA_STYLE('',(#3404));
#3279=FILL_AREA_STYLE('',(#3405));
#3280=FILL_AREA_STYLE('',(#3406));
#3281=FILL_AREA_STYLE('',(#3407));
#3282=FILL_AREA_STYLE('',(#3408));
#3283=FILL_AREA_STYLE('',(#3409));
#3284=FILL_AREA_STYLE('',(#3410));
#3285=FILL_AREA_STYLE('',(#3411));
#3286=FILL_AREA_STYLE('',(#3412));
#3287=FILL_AREA_STYLE('',(#3413));
#3288=FILL_AREA_STYLE('',(#3414));
#3289=FILL_AREA_STYLE('',(#3415));
#3290=FILL_AREA_STYLE('',(#3416));
#3291=FILL_AREA_STYLE('',(#3417));
#3292=FILL_AREA_STYLE('',(#3418));
#3293=FILL_AREA_STYLE('',(#3419));
#3294=FILL_AREA_STYLE('',(#3420));
#3295=FILL_AREA_STYLE('',(#3421));
#3296=FILL_AREA_STYLE('',(#3422));
#3297=FILL_AREA_STYLE('',(#3423));
#3298=FILL_AREA_STYLE('',(#3424));
#3299=FILL_AREA_STYLE('',(#3425));
#3300=FILL_AREA_STYLE('',(#3426));
#3301=FILL_AREA_STYLE('',(#3427));
#3302=FILL_AREA_STYLE('',(#3428));
#3303=FILL_AREA_STYLE('',(#3429));
#3304=FILL_AREA_STYLE('',(#3430));
#3305=FILL_AREA_STYLE('',(#3431));
#3306=FILL_AREA_STYLE('',(#3432));
#3307=FILL_AREA_STYLE('',(#3433));
#3308=FILL_AREA_STYLE('',(#3434));
#3309=FILL_AREA_STYLE('',(#3435));
#3310=FILL_AREA_STYLE('',(#3436));
#3311=FILL_AREA_STYLE('',(#3437));
#3312=FILL_AREA_STYLE('',(#3438));
#3313=FILL_AREA_STYLE('',(#3439));
#3314=FILL_AREA_STYLE('',(#3440));
#3315=FILL_AREA_STYLE('',(#3441));
#3316=FILL_AREA_STYLE('',(#3442));
#3317=FILL_AREA_STYLE('',(#3443));
#3318=FILL_AREA_STYLE('',(#3444));
#3319=FILL_AREA_STYLE('',(#3445));
#3320=FILL_AREA_STYLE('',(#3446));
#3321=FILL_AREA_STYLE('',(#3447));
#3322=FILL_AREA_STYLE('',(#3448));
#3323=FILL_AREA_STYLE('',(#3449));
#3324=FILL_AREA_STYLE('',(#3450));
#3325=FILL_AREA_STYLE('',(#3451));
#3326=FILL_AREA_STYLE('',(#3452));
#3327=FILL_AREA_STYLE('',(#3453));
#3328=FILL_AREA_STYLE('',(#3454));
#3329=FILL_AREA_STYLE('',(#3455));
#3330=FILL_AREA_STYLE('',(#3456));
#3331=FILL_AREA_STYLE('',(#3457));
#3332=FILL_AREA_STYLE('',(#3458));
#3333=FILL_AREA_STYLE('',(#3459));
#3334=FILL_AREA_STYLE('',(#3460));
#3335=FILL_AREA_STYLE('',(#3461));
#3336=FILL_AREA_STYLE('',(#3462));
#3337=FILL_AREA_STYLE('',(#3463));
#3338=FILL_AREA_STYLE('',(#3464));
#3339=FILL_AREA_STYLE('',(#3465));
#3340=FILL_AREA_STYLE('',(#3466));
#3341=FILL_AREA_STYLE('',(#3467));
#3342=FILL_AREA_STYLE('',(#3468));
#3343=FILL_AREA_STYLE('',(#3469));
#3344=FILL_AREA_STYLE('',(#3470));
#3345=FILL_AREA_STYLE('',(#3471));
#3346=FILL_AREA_STYLE('',(#3472));
#3347=FILL_AREA_STYLE('',(#3473));
#3348=FILL_AREA_STYLE('',(#3474));
#3349=FILL_AREA_STYLE('',(#3475));
#3350=FILL_AREA_STYLE('',(#3476));
#3351=FILL_AREA_STYLE('',(#3477));
#3352=FILL_AREA_STYLE('',(#3478));
#3353=FILL_AREA_STYLE('',(#3479));
#3354=FILL_AREA_STYLE('',(#3480));
#3355=FILL_AREA_STYLE('',(#3481));
#3356=FILL_AREA_STYLE('',(#3482));
#3357=FILL_AREA_STYLE('',(#3483));
#3358=FILL_AREA_STYLE('',(#3484));
#3359=FILL_AREA_STYLE('',(#3485));
#3360=FILL_AREA_STYLE('',(#3486));
#3361=FILL_AREA_STYLE('',(#3487));
#3362=FILL_AREA_STYLE('',(#3488));
#3363=FILL_AREA_STYLE('',(#3489));
#3364=FILL_AREA_STYLE('',(#3490));
#3365=FILL_AREA_STYLE('',(#3491));
#3366=FILL_AREA_STYLE('',(#3492));
#3367=FILL_AREA_STYLE('',(#3493));
#3368=FILL_AREA_STYLE('',(#3494));
#3369=FILL_AREA_STYLE('',(#3495));
#3370=FILL_AREA_STYLE('',(#3496));
#3371=FILL_AREA_STYLE('',(#3497));
#3372=FILL_AREA_STYLE('',(#3498));
#3373=FILL_AREA_STYLE('',(#3499));
#3374=FILL_AREA_STYLE('',(#3500));
#3375=FILL_AREA_STYLE('',(#3501));
#3376=FILL_AREA_STYLE('',(#3502));
#3377=FILL_AREA_STYLE('',(#3503));
#3378=FILL_AREA_STYLE('',(#3504));
#3379=FILL_AREA_STYLE('',(#3505));
#3380=FILL_AREA_STYLE('',(#3506));
#3381=FILL_AREA_STYLE('',(#3507));
#3382=FILL_AREA_STYLE('',(#3508));
#3383=FILL_AREA_STYLE('',(#3509));
#3384=FILL_AREA_STYLE('',(#3510));
#3385=FILL_AREA_STYLE('',(#3511));
#3386=FILL_AREA_STYLE('',(#3512));
#3387=FILL_AREA_STYLE('',(#3513));
#3388=FILL_AREA_STYLE('',(#3514));
#3389=FILL_AREA_STYLE('',(#3515));
#3390=FILL_AREA_STYLE('',(#3516));
#3391=FILL_AREA_STYLE('',(#3517));
#3392=FILL_AREA_STYLE('',(#3518));
#3393=FILL_AREA_STYLE('',(#3519));
#3394=FILL_AREA_STYLE('',(#3520));
#3395=FILL_AREA_STYLE('',(#3521));
#3396=FILL_AREA_STYLE('',(#3522));
#3397=FILL_AREA_STYLE('',(#3523));
#3398=FILL_AREA_STYLE('',(#3524));
#3399=FILL_AREA_STYLE('',(#3525));
#3400=FILL_AREA_STYLE('',(#3526));
#3401=FILL_AREA_STYLE('',(#3527));
#3402=FILL_AREA_STYLE_COLOUR('',#3528);
#3403=FILL_AREA_STYLE_COLOUR('',#3529);
#3404=FILL_AREA_STYLE_COLOUR('',#3529);
#3405=FILL_AREA_STYLE_COLOUR('',#3529);
#3406=FILL_AREA_STYLE_COLOUR('',#3529);
#3407=FILL_AREA_STYLE_COLOUR('',#3529);
#3408=FILL_AREA_STYLE_COLOUR('',#3529);
#3409=FILL_AREA_STYLE_COLOUR('',#3529);
#3410=FILL_AREA_STYLE_COLOUR('',#3529);
#3411=FILL_AREA_STYLE_COLOUR('',#3529);
#3412=FILL_AREA_STYLE_COLOUR('',#3529);
#3413=FILL_AREA_STYLE_COLOUR('',#3529);
#3414=FILL_AREA_STYLE_COLOUR('',#3529);
#3415=FILL_AREA_STYLE_COLOUR('',#3529);
#3416=FILL_AREA_STYLE_COLOUR('',#3529);
#3417=FILL_AREA_STYLE_COLOUR('',#3529);
#3418=FILL_AREA_STYLE_COLOUR('',#3529);
#3419=FILL_AREA_STYLE_COLOUR('',#3529);
#3420=FILL_AREA_STYLE_COLOUR('',#3529);
#3421=FILL_AREA_STYLE_COLOUR('',#3529);
#3422=FILL_AREA_STYLE_COLOUR('',#3529);
#3423=FILL_AREA_STYLE_COLOUR('',#3529);
#3424=FILL_AREA_STYLE_COLOUR('',#3529);
#3425=FILL_AREA_STYLE_COLOUR('',#3529);
#3426=FILL_AREA_STYLE_COLOUR('',#3529);
#3427=FILL_AREA_STYLE_COLOUR('',#3529);
#3428=FILL_AREA_STYLE_COLOUR('',#3529);
#3429=FILL_AREA_STYLE_COLOUR('',#3529);
#3430=FILL_AREA_STYLE_COLOUR('',#3529);
#3431=FILL_AREA_STYLE_COLOUR('',#3529);
#3432=FILL_AREA_STYLE_COLOUR('',#3529);
#3433=FILL_AREA_STYLE_COLOUR('',#3529);
#3434=FILL_AREA_STYLE_COLOUR('',#3529);
#3435=FILL_AREA_STYLE_COLOUR('',#3529);
#3436=FILL_AREA_STYLE_COLOUR('',#3529);
#3437=FILL_AREA_STYLE_COLOUR('',#3529);
#3438=FILL_AREA_STYLE_COLOUR('',#3529);
#3439=FILL_AREA_STYLE_COLOUR('',#3529);
#3440=FILL_AREA_STYLE_COLOUR('',#3529);
#3441=FILL_AREA_STYLE_COLOUR('',#3529);
#3442=FILL_AREA_STYLE_COLOUR('',#3529);
#3443=FILL_AREA_STYLE_COLOUR('',#3529);
#3444=FILL_AREA_STYLE_COLOUR('',#3529);
#3445=FILL_AREA_STYLE_COLOUR('',#3529);
#3446=FILL_AREA_STYLE_COLOUR('',#3529);
#3447=FILL_AREA_STYLE_COLOUR('',#3529);
#3448=FILL_AREA_STYLE_COLOUR('',#3529);
#3449=FILL_AREA_STYLE_COLOUR('',#3529);
#3450=FILL_AREA_STYLE_COLOUR('',#3529);
#3451=FILL_AREA_STYLE_COLOUR('',#3529);
#3452=FILL_AREA_STYLE_COLOUR('',#3529);
#3453=FILL_AREA_STYLE_COLOUR('',#3529);
#3454=FILL_AREA_STYLE_COLOUR('',#3529);
#3455=FILL_AREA_STYLE_COLOUR('',#3529);
#3456=FILL_AREA_STYLE_COLOUR('',#3529);
#3457=FILL_AREA_STYLE_COLOUR('',#3529);
#3458=FILL_AREA_STYLE_COLOUR('',#3529);
#3459=FILL_AREA_STYLE_COLOUR('',#3529);
#3460=FILL_AREA_STYLE_COLOUR('',#3529);
#3461=FILL_AREA_STYLE_COLOUR('',#3529);
#3462=FILL_AREA_STYLE_COLOUR('',#3529);
#3463=FILL_AREA_STYLE_COLOUR('',#3529);
#3464=FILL_AREA_STYLE_COLOUR('',#3529);
#3465=FILL_AREA_STYLE_COLOUR('',#3529);
#3466=FILL_AREA_STYLE_COLOUR('',#3529);
#3467=FILL_AREA_STYLE_COLOUR('',#3529);
#3468=FILL_AREA_STYLE_COLOUR('',#3529);
#3469=FILL_AREA_STYLE_COLOUR('',#3529);
#3470=FILL_AREA_STYLE_COLOUR('',#3529);
#3471=FILL_AREA_STYLE_COLOUR('',#3529);
#3472=FILL_AREA_STYLE_COLOUR('',#3529);
#3473=FILL_AREA_STYLE_COLOUR('',#3529);
#3474=FILL_AREA_STYLE_COLOUR('',#3529);
#3475=FILL_AREA_STYLE_COLOUR('',#3529);
#3476=FILL_AREA_STYLE_COLOUR('',#3529);
#3477=FILL_AREA_STYLE_COLOUR('',#3529);
#3478=FILL_AREA_STYLE_COLOUR('',#3529);
#3479=FILL_AREA_STYLE_COLOUR('',#3529);
#3480=FILL_AREA_STYLE_COLOUR('',#3529);
#3481=FILL_AREA_STYLE_COLOUR('',#3529);
#3482=FILL_AREA_STYLE_COLOUR('',#3529);
#3483=FILL_AREA_STYLE_COLOUR('',#3529);
#3484=FILL_AREA_STYLE_COLOUR('',#3529);
#3485=FILL_AREA_STYLE_COLOUR('',#3529);
#3486=FILL_AREA_STYLE_COLOUR('',#3529);
#3487=FILL_AREA_STYLE_COLOUR('',#3529);
#3488=FILL_AREA_STYLE_COLOUR('',#3529);
#3489=FILL_AREA_STYLE_COLOUR('',#3529);
#3490=FILL_AREA_STYLE_COLOUR('',#3529);
#3491=FILL_AREA_STYLE_COLOUR('',#3529);
#3492=FILL_AREA_STYLE_COLOUR('',#3529);
#3493=FILL_AREA_STYLE_COLOUR('',#3529);
#3494=FILL_AREA_STYLE_COLOUR('',#3529);
#3495=FILL_AREA_STYLE_COLOUR('',#3529);
#3496=FILL_AREA_STYLE_COLOUR('',#3529);
#3497=FILL_AREA_STYLE_COLOUR('',#3529);
#3498=FILL_AREA_STYLE_COLOUR('',#3529);
#3499=FILL_AREA_STYLE_COLOUR('',#3529);
#3500=FILL_AREA_STYLE_COLOUR('',#3529);
#3501=FILL_AREA_STYLE_COLOUR('',#3529);
#3502=FILL_AREA_STYLE_COLOUR('',#3529);
#3503=FILL_AREA_STYLE_COLOUR('',#3529);
#3504=FILL_AREA_STYLE_COLOUR('',#3529);
#3505=FILL_AREA_STYLE_COLOUR('',#3529);
#3506=FILL_AREA_STYLE_COLOUR('',#3529);
#3507=FILL_AREA_STYLE_COLOUR('',#3529);
#3508=FILL_AREA_STYLE_COLOUR('',#3529);
#3509=FILL_AREA_STYLE_COLOUR('',#3529);
#3510=FILL_AREA_STYLE_COLOUR('',#3529);
#3511=FILL_AREA_STYLE_COLOUR('',#3529);
#3512=FILL_AREA_STYLE_COLOUR('',#3529);
#3513=FILL_AREA_STYLE_COLOUR('',#3529);
#3514=FILL_AREA_STYLE_COLOUR('',#3529);
#3515=FILL_AREA_STYLE_COLOUR('',#3529);
#3516=FILL_AREA_STYLE_COLOUR('',#3529);
#3517=FILL_AREA_STYLE_COLOUR('',#3529);
#3518=FILL_AREA_STYLE_COLOUR('',#3529);
#3519=FILL_AREA_STYLE_COLOUR('',#3529);
#3520=FILL_AREA_STYLE_COLOUR('',#3529);
#3521=FILL_AREA_STYLE_COLOUR('',#3529);
#3522=FILL_AREA_STYLE_COLOUR('',#3529);
#3523=FILL_AREA_STYLE_COLOUR('',#3529);
#3524=FILL_AREA_STYLE_COLOUR('',#3529);
#3525=FILL_AREA_STYLE_COLOUR('',#3529);
#3526=FILL_AREA_STYLE_COLOUR('',#3529);
#3527=FILL_AREA_STYLE_COLOUR('',#3529);
#3528=DRAUGHTING_PRE_DEFINED_COLOUR('white');
#3529=DRAUGHTING_PRE_DEFINED_COLOUR('black');
#3530=MANIFOLD_SOLID_BREP('Part 2',#2770);
#3531=SHAPE_DEFINITION_REPRESENTATION(#5451,#3532);
#3532=SHAPE_REPRESENTATION('Part 2',(#3533),#5446);
#3533=AXIS2_PLACEMENT_3D('',#4077,#3626,#3627);
#3534=AXIS2_PLACEMENT_3D('',#4078,#3628,#3629);
#3535=AXIS2_PLACEMENT_3D('',#4333,#3665,#3666);
#3536=AXIS2_PLACEMENT_3D('',#4335,#3667,#3668);
#3537=AXIS2_PLACEMENT_3D('',#4385,#3693,#3694);
#3538=AXIS2_PLACEMENT_3D('',#4391,#3698,#3699);
#3539=AXIS2_PLACEMENT_3D('',#4395,#3702,#3703);
#3540=AXIS2_PLACEMENT_3D('',#4399,#3706,#3707);
#3541=AXIS2_PLACEMENT_3D('',#4405,#3711,#3712);
#3542=AXIS2_PLACEMENT_3D('',#4409,#3715,#3716);
#3543=AXIS2_PLACEMENT_3D('',#4413,#3719,#3720);
#3544=AXIS2_PLACEMENT_3D('',#4414,#3721,#3722);
#3545=AXIS2_PLACEMENT_3D('',#4416,#3723,#3724);
#3546=AXIS2_PLACEMENT_3D('',#4417,#3725,#3726);
#3547=AXIS2_PLACEMENT_3D('',#4419,#3727,#3728);
#3548=AXIS2_PLACEMENT_3D('',#4421,#3730,#3731);
#3549=AXIS2_PLACEMENT_3D('',#4423,#3733,#3734);
#3550=AXIS2_PLACEMENT_3D('',#4478,#3739,#3740);
#3551=AXIS2_PLACEMENT_3D('',#4484,#3744,#3745);
#3552=AXIS2_PLACEMENT_3D('',#4544,#3753,#3754);
#3553=AXIS2_PLACEMENT_3D('',#4550,#3758,#3759);
#3554=AXIS2_PLACEMENT_3D('',#4556,#3763,#3764);
#3555=AXIS2_PLACEMENT_3D('',#4655,#3776,#3777);
#3556=AXIS2_PLACEMENT_3D('',#4659,#3780,#3781);
#3557=AXIS2_PLACEMENT_3D('',#4663,#3784,#3785);
#3558=AXIS2_PLACEMENT_3D('',#4692,#3788,#3789);
#3559=AXIS2_PLACEMENT_3D('',#4695,#3792,#3793);
#3560=AXIS2_PLACEMENT_3D('',#4696,#3794,#3795);
#3561=AXIS2_PLACEMENT_3D('',#4738,#3800,#3801);
#3562=AXIS2_PLACEMENT_3D('',#4742,#3804,#3805);
#3563=AXIS2_PLACEMENT_3D('',#4746,#3808,#3809);
#3564=AXIS2_PLACEMENT_3D('',#4802,#3816,#3817);
#3565=AXIS2_PLACEMENT_3D('',#4806,#3820,#3821);
#3566=AXIS2_PLACEMENT_3D('',#4810,#3824,#3825);
#3567=AXIS2_PLACEMENT_3D('',#4825,#3828,#3829);
#3568=AXIS2_PLACEMENT_3D('',#4826,#3830,#3831);
#3569=AXIS2_PLACEMENT_3D('',#4832,#3835,#3836);
#3570=AXIS2_PLACEMENT_3D('',#4836,#3839,#3840);
#3571=AXIS2_PLACEMENT_3D('',#4840,#3843,#3844);
#3572=AXIS2_PLACEMENT_3D('',#4844,#3847,#3848);
#3573=AXIS2_PLACEMENT_3D('',#4848,#3851,#3852);
#3574=AXIS2_PLACEMENT_3D('',#4850,#3854,#3855);
#3575=AXIS2_PLACEMENT_3D('',#4944,#3864,#3865);
#3576=AXIS2_PLACEMENT_3D('',#5052,#3876,#3877);
#3577=AXIS2_PLACEMENT_3D('',#5054,#3879,#3880);
#3578=AXIS2_PLACEMENT_3D('',#5055,#3881,#3882);
#3579=AXIS2_PLACEMENT_3D('',#5061,#3886,#3887);
#3580=AXIS2_PLACEMENT_3D('',#5065,#3890,#3891);
#3581=AXIS2_PLACEMENT_3D('',#5069,#3894,#3895);
#3582=AXIS2_PLACEMENT_3D('',#5073,#3898,#3899);
#3583=AXIS2_PLACEMENT_3D('',#5077,#3902,#3903);
#3584=AXIS2_PLACEMENT_3D('',#5081,#3906,#3907);
#3585=AXIS2_PLACEMENT_3D('',#5085,#3910,#3911);
#3586=AXIS2_PLACEMENT_3D('',#5089,#3914,#3915);
#3587=AXIS2_PLACEMENT_3D('',#5093,#3918,#3919);
#3588=AXIS2_PLACEMENT_3D('',#5097,#3922,#3923);
#3589=AXIS2_PLACEMENT_3D('',#5101,#3926,#3927);
#3590=AXIS2_PLACEMENT_3D('',#5103,#3929,#3930);
#3591=AXIS2_PLACEMENT_3D('',#5197,#3939,#3940);
#3592=AXIS2_PLACEMENT_3D('',#5305,#3951,#3952);
#3593=AXIS2_PLACEMENT_3D('',#5307,#3954,#3955);
#3594=AXIS2_PLACEMENT_3D('',#5308,#3956,#3957);
#3595=AXIS2_PLACEMENT_3D('',#5317,#3962,#3963);
#3596=AXIS2_PLACEMENT_3D('',#5323,#3967,#3968);
#3597=AXIS2_PLACEMENT_3D('',#5329,#3972,#3973);
#3598=AXIS2_PLACEMENT_3D('',#5335,#3977,#3978);
#3599=AXIS2_PLACEMENT_3D('',#5358,#3983,#3984);
#3600=AXIS2_PLACEMENT_3D('',#5364,#3988,#3989);
#3601=AXIS2_PLACEMENT_3D('',#5368,#3992,#3993);
#3602=AXIS2_PLACEMENT_3D('',#5372,#3996,#3997);
#3603=AXIS2_PLACEMENT_3D('',#5376,#4000,#4001);
#3604=AXIS2_PLACEMENT_3D('',#5380,#4004,#4005);
#3605=AXIS2_PLACEMENT_3D('',#5384,#4008,#4009);
#3606=AXIS2_PLACEMENT_3D('',#5388,#4012,#4013);
#3607=AXIS2_PLACEMENT_3D('',#5390,#4015,#4016);
#3608=AXIS2_PLACEMENT_3D('',#5391,#4017,#4018);
#3609=AXIS2_PLACEMENT_3D('',#5392,#4019,#4020);
#3610=AXIS2_PLACEMENT_3D('',#5393,#4021,#4022);
#3611=AXIS2_PLACEMENT_3D('',#5394,#4023,#4024);
#3612=AXIS2_PLACEMENT_3D('',#5400,#4028,#4029);
#3613=AXIS2_PLACEMENT_3D('',#5404,#4032,#4033);
#3614=AXIS2_PLACEMENT_3D('',#5408,#4036,#4037);
#3615=AXIS2_PLACEMENT_3D('',#5412,#4040,#4041);
#3616=AXIS2_PLACEMENT_3D('',#5416,#4044,#4045);
#3617=AXIS2_PLACEMENT_3D('',#5420,#4048,#4049);
#3618=AXIS2_PLACEMENT_3D('',#5424,#4052,#4053);
#3619=AXIS2_PLACEMENT_3D('',#5428,#4056,#4057);
#3620=AXIS2_PLACEMENT_3D('',#5432,#4060,#4061);
#3621=AXIS2_PLACEMENT_3D('',#5436,#4064,#4065);
#3622=AXIS2_PLACEMENT_3D('',#5440,#4068,#4069);
#3623=AXIS2_PLACEMENT_3D('',#5442,#4071,#4072);
#3624=AXIS2_PLACEMENT_3D('',#5443,#4073,#4074);
#3625=AXIS2_PLACEMENT_3D('',#5444,#4075,#4076);
#3626=DIRECTION('',(0.,0.,1.));
#3627=DIRECTION('',(1.,0.,0.));
#3628=DIRECTION('',(0.,0.,1.));
#3629=DIRECTION('',(1.,0.,0.));
#3630=DIRECTION('',(0.935608980466417,-0.353038008818585,0.));
#3631=DIRECTION('',(-0.964681627046001,-0.263418599267175,0.));
#3632=DIRECTION('',(-1.,0.,0.));
#3633=DIRECTION('',(-0.615961533374384,0.787776230539535,0.));
#3634=DIRECTION('',(-0.794357832977196,-0.607450107570797,0.));
#3635=DIRECTION('',(0.,-1.,0.));
#3636=DIRECTION('',(-1.,0.,0.));
#3637=DIRECTION('',(-2.16937448808227E-16,1.,0.));
#3638=DIRECTION('',(1.,0.,0.));
#3639=DIRECTION('',(0.,-1.,0.));
#3640=DIRECTION('',(0.704793958291016,0.709412063864495,0.));
#3641=DIRECTION('',(1.,0.,0.));
#3642=DIRECTION('',(-0.71068699955556,-0.703508342994392,0.));
#3643=DIRECTION('',(0.625107028490341,-0.780539046385237,0.));
#3644=DIRECTION('',(0.935608980466417,-0.353038008818586,0.));
#3645=DIRECTION('',(-0.964681627046001,-0.263418599267174,0.));
#3646=DIRECTION('',(-1.,-1.45384412039973E-16,0.));
#3647=DIRECTION('',(0.,1.,0.));
#3648=DIRECTION('',(1.,0.,0.));
#3649=DIRECTION('',(0.,-1.,0.));
#3650=DIRECTION('',(1.,2.0211078863788E-16,0.));
#3651=DIRECTION('',(0.,-1.,0.));
#3652=DIRECTION('',(0.,1.,0.));
#3653=DIRECTION('',(1.,0.,0.));
#3654=DIRECTION('',(0.,-1.,0.));
#3655=DIRECTION('',(0.,1.,0.));
#3656=DIRECTION('',(1.,0.,0.));
#3657=DIRECTION('',(0.,-1.,0.));
#3658=DIRECTION('',(-1.,-2.16789738334685E-16,0.));
#3659=DIRECTION('',(0.,1.,0.));
#3660=DIRECTION('',(1.,0.,0.));
#3661=DIRECTION('',(0.,-1.,0.));
#3662=DIRECTION('',(1.,4.12483064183374E-16,0.));
#3663=DIRECTION('',(0.,-1.,0.));
#3664=DIRECTION('',(1.,3.66651612607444E-16,0.));
#3665=DIRECTION('',(0.,0.,1.));
#3666=DIRECTION('',(1.,0.,0.));
#3667=DIRECTION('',(0.,0.,1.));
#3668=DIRECTION('',(1.,0.,0.));
#3669=DIRECTION('',(1.,1.46699659702056E-16,0.));
#3670=DIRECTION('',(2.37889935373608E-16,-1.,0.));
#3671=DIRECTION('',(1.,1.46699659702056E-16,0.));
#3672=DIRECTION('',(2.37889935373608E-16,-1.,0.));
#3673=DIRECTION('',(-1.,0.,0.));
#3674=DIRECTION('',(-0.328292656975926,0.944576059073957,0.));
#3675=DIRECTION('',(-1.,0.,0.));
#3676=DIRECTION('',(-0.328292656975926,-0.944576059073957,0.));
#3677=DIRECTION('',(-1.,0.,0.));
#3678=DIRECTION('',(0.342856301459447,0.939387862679495,0.));
#3679=DIRECTION('',(1.,0.,0.));
#3680=DIRECTION('',(0.341537384580202,-0.939868190191644,0.));
#3681=DIRECTION('',(-1.,0.,0.));
#3682=DIRECTION('',(0.,1.,0.));
#3683=DIRECTION('',(-1.,0.,0.));
#3684=DIRECTION('',(0.,-1.,0.));
#3685=DIRECTION('',(-1.,0.,0.));
#3686=DIRECTION('',(0.,1.,0.));
#3687=DIRECTION('',(1.,0.,0.));
#3688=DIRECTION('',(0.,-1.,0.));
#3689=DIRECTION('',(1.,0.,0.));
#3690=DIRECTION('',(0.,1.,0.));
#3691=DIRECTION('',(1.,0.,0.));
#3692=DIRECTION('',(0.,-1.,0.));
#3693=DIRECTION('',(-1.46699659702056E-16,1.,0.));
#3694=DIRECTION('',(-1.,-1.46699659702056E-16,0.));
#3695=DIRECTION('',(1.,1.46699659702056E-16,0.));
#3696=DIRECTION('',(0.,0.,-1.));
#3697=DIRECTION('',(0.,0.,-1.));
#3698=DIRECTION('',(1.,2.37889935373608E-16,0.));
#3699=DIRECTION('',(-2.37889935373608E-16,1.,0.));
#3700=DIRECTION('',(2.37889935373608E-16,-1.,0.));
#3701=DIRECTION('',(0.,0.,-1.));
#3702=DIRECTION('',(-1.46699659702056E-16,1.,0.));
#3703=DIRECTION('',(-1.,-1.46699659702056E-16,0.));
#3704=DIRECTION('',(1.,1.46699659702056E-16,0.));
#3705=DIRECTION('',(0.,0.,-1.));
#3706=DIRECTION('',(1.,0.,0.));
#3707=DIRECTION('',(0.,0.,-1.));
#3708=DIRECTION('',(0.,-1.,0.));
#3709=DIRECTION('',(0.,0.,-1.));
#3710=DIRECTION('',(0.,0.,-1.));
#3711=DIRECTION('',(-4.12483064183374E-16,1.,0.));
#3712=DIRECTION('',(-1.,-4.12483064183374E-16,0.));
#3713=DIRECTION('',(1.,4.12483064183374E-16,0.));
#3714=DIRECTION('',(0.,0.,-1.));
#3715=DIRECTION('',(1.,0.,0.));
#3716=DIRECTION('',(0.,0.,-1.));
#3717=DIRECTION('',(0.,-1.,0.));
#3718=DIRECTION('',(0.,0.,-1.));
#3719=DIRECTION('',(0.,0.,-1.));
#3720=DIRECTION('',(-1.,0.,0.));
#3721=DIRECTION('',(0.,0.,1.));
#3722=DIRECTION('',(1.,0.,0.));
#3723=DIRECTION('',(0.,0.,-1.));
#3724=DIRECTION('',(-1.,0.,0.));
#3725=DIRECTION('',(0.,0.,1.));
#3726=DIRECTION('',(1.,0.,0.));
#3727=DIRECTION('',(-3.66651612607444E-16,1.,0.));
#3728=DIRECTION('',(-1.,-3.66651612607444E-16,0.));
#3729=DIRECTION('',(1.,3.66651612607444E-16,0.));
#3730=DIRECTION('',(1.,2.37889935373608E-16,0.));
#3731=DIRECTION('',(-2.37889935373608E-16,1.,0.));
#3732=DIRECTION('',(2.37889935373608E-16,-1.,0.));
#3733=DIRECTION('',(0.,0.,1.));
#3734=DIRECTION('',(1.,0.,0.));
#3735=DIRECTION('',(0.,0.,-1.));
#3736=DIRECTION('',(0.,0.,-1.));
#3737=DIRECTION('',(0.,0.,-1.));
#3738=DIRECTION('',(0.,0.,-1.));
#3739=DIRECTION('',(0.,1.,0.));
#3740=DIRECTION('',(0.,0.,1.));
#3741=DIRECTION('',(1.,0.,0.));
#3742=DIRECTION('',(0.,0.,-1.));
#3743=DIRECTION('',(1.,0.,0.));
#3744=DIRECTION('',(1.,0.,0.));
#3745=DIRECTION('',(0.,0.,-1.));
#3746=DIRECTION('',(0.,-1.,0.));
#3747=DIRECTION('',(0.,0.,-1.));
#3748=DIRECTION('',(0.,-1.,0.));
#3749=DIRECTION('',(0.,0.,-1.));
#3750=DIRECTION('',(0.,0.,-1.));
#3751=DIRECTION('',(0.,0.,-1.));
#3752=DIRECTION('',(0.,0.,-1.));
#3753=DIRECTION('',(0.,1.,0.));
#3754=DIRECTION('',(0.,0.,1.));
#3755=DIRECTION('',(1.,0.,0.));
#3756=DIRECTION('',(0.,0.,-1.));
#3757=DIRECTION('',(1.,0.,0.));
#3758=DIRECTION('',(1.,0.,0.));
#3759=DIRECTION('',(0.,0.,-1.));
#3760=DIRECTION('',(0.,-1.,0.));
#3761=DIRECTION('',(0.,0.,-1.));
#3762=DIRECTION('',(0.,-1.,0.));
#3763=DIRECTION('',(0.,-1.,0.));
#3764=DIRECTION('',(0.,0.,-1.));
#3765=DIRECTION('',(-1.,0.,0.));
#3766=DIRECTION('',(0.,0.,-1.));
#3767=DIRECTION('',(-1.,0.,0.));
#3768=DIRECTION('',(0.,0.,-1.));
#3769=DIRECTION('',(0.,0.,-1.));
#3770=DIRECTION('',(0.,0.,-1.));
#3771=DIRECTION('',(0.,0.,-1.));
#3772=DIRECTION('',(0.,0.,-1.));
#3773=DIRECTION('',(0.,0.,-1.));
#3774=DIRECTION('',(0.,0.,-1.));
#3775=DIRECTION('',(0.,0.,-1.));
#3776=DIRECTION('',(0.,1.,0.));
#3777=DIRECTION('',(0.,0.,1.));
#3778=DIRECTION('',(0.,0.,-1.));
#3779=DIRECTION('',(1.,0.,0.));
#3780=DIRECTION('',(-1.,0.,0.));
#3781=DIRECTION('',(0.,0.,1.));
#3782=DIRECTION('',(0.,0.,-1.));
#3783=DIRECTION('',(0.,1.,0.));
#3784=DIRECTION('',(2.16789738334685E-16,-1.,0.));
#3785=DIRECTION('',(1.,2.16789738334685E-16,0.));
#3786=DIRECTION('',(0.,0.,-1.));
#3787=DIRECTION('',(-1.,-2.16789738334685E-16,0.));
#3788=DIRECTION('',(0.,-1.,0.));
#3789=DIRECTION('',(0.,0.,-1.));
#3790=DIRECTION('',(-1.,0.,0.));
#3791=DIRECTION('',(-1.,0.,0.));
#3792=DIRECTION('',(0.,0.,1.));
#3793=DIRECTION('',(1.,0.,0.));
#3794=DIRECTION('',(0.,0.,1.));
#3795=DIRECTION('',(1.,0.,0.));
#3796=DIRECTION('',(0.,0.,-1.));
#3797=DIRECTION('',(0.,0.,-1.));
#3798=DIRECTION('',(0.,0.,-1.));
#3799=DIRECTION('',(0.,0.,-1.));
#3800=DIRECTION('',(1.,0.,0.));
#3801=DIRECTION('',(0.,0.,-1.));
#3802=DIRECTION('',(0.,0.,-1.));
#3803=DIRECTION('',(0.,-1.,0.));
#3804=DIRECTION('',(0.,1.,0.));
#3805=DIRECTION('',(0.,0.,1.));
#3806=DIRECTION('',(0.,0.,-1.));
#3807=DIRECTION('',(1.,0.,0.));
#3808=DIRECTION('',(-1.,0.,0.));
#3809=DIRECTION('',(0.,0.,1.));
#3810=DIRECTION('',(0.,0.,-1.));
#3811=DIRECTION('',(0.,1.,0.));
#3812=DIRECTION('',(0.,0.,-1.));
#3813=DIRECTION('',(0.,0.,-1.));
#3814=DIRECTION('',(0.,0.,-1.));
#3815=DIRECTION('',(0.,0.,-1.));
#3816=DIRECTION('',(1.,0.,0.));
#3817=DIRECTION('',(0.,0.,-1.));
#3818=DIRECTION('',(0.,0.,-1.));
#3819=DIRECTION('',(0.,-1.,0.));
#3820=DIRECTION('',(0.,1.,0.));
#3821=DIRECTION('',(0.,0.,1.));
#3822=DIRECTION('',(0.,0.,-1.));
#3823=DIRECTION('',(1.,0.,0.));
#3824=DIRECTION('',(-1.,0.,0.));
#3825=DIRECTION('',(0.,0.,1.));
#3826=DIRECTION('',(0.,0.,-1.));
#3827=DIRECTION('',(0.,1.,0.));
#3828=DIRECTION('',(0.,0.,1.));
#3829=DIRECTION('',(1.,0.,0.));
#3830=DIRECTION('',(-1.,0.,0.));
#3831=DIRECTION('',(0.,0.,1.));
#3832=DIRECTION('',(0.,0.,-1.));
#3833=DIRECTION('',(0.,1.,0.));
#3834=DIRECTION('',(0.,0.,-1.));
#3835=DIRECTION('',(1.45384412039973E-16,-1.,0.));
#3836=DIRECTION('',(1.,1.45384412039973E-16,0.));
#3837=DIRECTION('',(0.,0.,-1.));
#3838=DIRECTION('',(-1.,-1.45384412039973E-16,0.));
#3839=DIRECTION('',(1.,0.,0.));
#3840=DIRECTION('',(0.,0.,-1.));
#3841=DIRECTION('',(0.,0.,-1.));
#3842=DIRECTION('',(0.,-1.,0.));
#3843=DIRECTION('',(-2.0211078863788E-16,1.,0.));
#3844=DIRECTION('',(-1.,-2.0211078863788E-16,0.));
#3845=DIRECTION('',(0.,0.,-1.));
#3846=DIRECTION('',(1.,2.0211078863788E-16,0.));
#3847=DIRECTION('',(1.,0.,0.));
#3848=DIRECTION('',(0.,0.,-1.));
#3849=DIRECTION('',(0.,0.,-1.));
#3850=DIRECTION('',(0.,-1.,0.));
#3851=DIRECTION('',(0.,1.,0.));
#3852=DIRECTION('',(0.,0.,1.));
#3853=DIRECTION('',(1.,0.,0.));
#3854=DIRECTION('',(0.,0.,1.));
#3855=DIRECTION('',(1.,0.,0.));
#3856=DIRECTION('',(0.,0.,-1.));
#3857=DIRECTION('',(0.,0.,-1.));
#3858=DIRECTION('',(0.,0.,-1.));
#3859=DIRECTION('',(0.,0.,-1.));
#3860=DIRECTION('',(0.,0.,-1.));
#3861=DIRECTION('',(0.,0.,-1.));
#3862=DIRECTION('',(0.,0.,-1.));
#3863=DIRECTION('',(0.,0.,-1.));
#3864=DIRECTION('',(0.263418599267174,-0.964681627046001,0.));
#3865=DIRECTION('',(0.964681627046001,0.263418599267174,0.));
#3866=DIRECTION('',(0.,0.,-1.));
#3867=DIRECTION('',(-0.964681627046001,-0.263418599267174,0.));
#3868=DIRECTION('',(0.,0.,-1.));
#3869=DIRECTION('',(0.,0.,-1.));
#3870=DIRECTION('',(0.,0.,-1.));
#3871=DIRECTION('',(0.,0.,-1.));
#3872=DIRECTION('',(0.,0.,-1.));
#3873=DIRECTION('',(0.,0.,-1.));
#3874=DIRECTION('',(0.,0.,-1.));
#3875=DIRECTION('',(0.,0.,-1.));
#3876=DIRECTION('',(0.353038008818586,0.935608980466417,0.));
#3877=DIRECTION('',(-0.935608980466417,0.353038008818586,0.));
#3878=DIRECTION('',(0.935608980466417,-0.353038008818586,0.));
#3879=DIRECTION('',(0.,0.,1.));
#3880=DIRECTION('',(1.,0.,0.));
#3881=DIRECTION('',(-0.787776230539534,-0.615961533374384,0.));
#3882=DIRECTION('',(0.615961533374384,-0.787776230539534,0.));
#3883=DIRECTION('',(0.,0.,-1.));
#3884=DIRECTION('',(-0.615961533374384,0.787776230539535,0.));
#3885=DIRECTION('',(0.,0.,-1.));
#3886=DIRECTION('',(0.,-1.,0.));
#3887=DIRECTION('',(0.,0.,-1.));
#3888=DIRECTION('',(0.,0.,-1.));
#3889=DIRECTION('',(-1.,0.,0.));
#3890=DIRECTION('',(0.780539046385237,0.625107028490341,0.));
#3891=DIRECTION('',(-0.625107028490341,0.780539046385237,0.));
#3892=DIRECTION('',(0.,0.,-1.));
#3893=DIRECTION('',(0.625107028490341,-0.780539046385237,0.));
#3894=DIRECTION('',(0.703508342994392,-0.71068699955556,0.));
#3895=DIRECTION('',(0.71068699955556,0.703508342994392,0.));
#3896=DIRECTION('',(0.,0.,-1.));
#3897=DIRECTION('',(-0.71068699955556,-0.703508342994392,0.));
#3898=DIRECTION('',(0.,1.,0.));
#3899=DIRECTION('',(0.,0.,1.));
#3900=DIRECTION('',(0.,0.,-1.));
#3901=DIRECTION('',(1.,0.,0.));
#3902=DIRECTION('',(-0.709412063864495,0.704793958291016,0.));
#3903=DIRECTION('',(-0.704793958291016,-0.709412063864495,0.));
#3904=DIRECTION('',(0.,0.,-1.));
#3905=DIRECTION('',(0.704793958291016,0.709412063864495,0.));
#3906=DIRECTION('',(1.,0.,0.));
#3907=DIRECTION('',(0.,0.,-1.));
#3908=DIRECTION('',(0.,0.,-1.));
#3909=DIRECTION('',(0.,-1.,0.));
#3910=DIRECTION('',(0.,1.,0.));
#3911=DIRECTION('',(0.,0.,1.));
#3912=DIRECTION('',(0.,0.,-1.));
#3913=DIRECTION('',(1.,0.,0.));
#3914=DIRECTION('',(-1.,-2.16937448808227E-16,0.));
#3915=DIRECTION('',(2.16937448808227E-16,-1.,0.));
#3916=DIRECTION('',(0.,0.,-1.));
#3917=DIRECTION('',(-2.16937448808227E-16,1.,0.));
#3918=DIRECTION('',(0.,-1.,0.));
#3919=DIRECTION('',(0.,0.,-1.));
#3920=DIRECTION('',(0.,0.,-1.));
#3921=DIRECTION('',(-1.,0.,0.));
#3922=DIRECTION('',(1.,0.,0.));
#3923=DIRECTION('',(0.,0.,-1.));
#3924=DIRECTION('',(0.,0.,-1.));
#3925=DIRECTION('',(0.,-1.,0.));
#3926=DIRECTION('',(0.607450107570797,-0.794357832977196,0.));
#3927=DIRECTION('',(0.794357832977196,0.607450107570797,0.));
#3928=DIRECTION('',(-0.794357832977196,-0.607450107570797,0.));
#3929=DIRECTION('',(0.,0.,1.));
#3930=DIRECTION('',(1.,0.,0.));
#3931=DIRECTION('',(0.,0.,-1.));
#3932=DIRECTION('',(0.,0.,-1.));
#3933=DIRECTION('',(0.,0.,-1.));
#3934=DIRECTION('',(0.,0.,-1.));
#3935=DIRECTION('',(0.,0.,-1.));
#3936=DIRECTION('',(0.,0.,-1.));
#3937=DIRECTION('',(0.,0.,-1.));
#3938=DIRECTION('',(0.,0.,-1.));
#3939=DIRECTION('',(0.263418599267175,-0.964681627046001,0.));
#3940=DIRECTION('',(0.964681627046001,0.263418599267175,0.));
#3941=DIRECTION('',(0.,0.,-1.));
#3942=DIRECTION('',(-0.964681627046001,-0.263418599267175,0.));
#3943=DIRECTION('',(0.,0.,-1.));
#3944=DIRECTION('',(0.,0.,-1.));
#3945=DIRECTION('',(0.,0.,-1.));
#3946=DIRECTION('',(0.,0.,-1.));
#3947=DIRECTION('',(0.,0.,-1.));
#3948=DIRECTION('',(0.,0.,-1.));
#3949=DIRECTION('',(0.,0.,-1.));
#3950=DIRECTION('',(0.,0.,-1.));
#3951=DIRECTION('',(0.353038008818585,0.935608980466417,0.));
#3952=DIRECTION('',(-0.935608980466417,0.353038008818585,0.));
#3953=DIRECTION('',(0.935608980466417,-0.353038008818585,0.));
#3954=DIRECTION('',(0.,0.,1.));
#3955=DIRECTION('',(1.,0.,0.));
#3956=DIRECTION('',(0.967617272396843,-0.252421897147005,0.));
#3957=DIRECTION('',(0.252421897147005,0.967617272396843,0.));
#3958=DIRECTION('',(-0.252421897147005,-0.967617272396843,0.));
#3959=DIRECTION('',(0.,0.,-1.));
#3960=DIRECTION('',(-0.252421897147005,-0.967617272396843,0.));
#3961=DIRECTION('',(0.,0.,-1.));
#3962=DIRECTION('',(-0.956351571051341,-0.292218535599015,0.));
#3963=DIRECTION('',(0.292218535599015,-0.956351571051341,0.));
#3964=DIRECTION('',(-0.292218535599015,0.95635157105134,0.));
#3965=DIRECTION('',(0.,0.,-1.));
#3966=DIRECTION('',(-0.292218535599015,0.95635157105134,0.));
#3967=DIRECTION('',(-0.953718228392326,-0.300701747304873,0.));
#3968=DIRECTION('',(0.300701747304873,-0.953718228392326,0.));
#3969=DIRECTION('',(-0.300701747304873,0.953718228392326,0.));
#3970=DIRECTION('',(0.,0.,-1.));
#3971=DIRECTION('',(-0.300701747304873,0.953718228392326,0.));
#3972=DIRECTION('',(-0.94565068502263,-0.325184227656002,0.));
#3973=DIRECTION('',(0.325184227656002,-0.94565068502263,0.));
#3974=DIRECTION('',(-0.325184227656002,0.94565068502263,0.));
#3975=DIRECTION('',(0.,0.,-1.));
#3976=DIRECTION('',(-0.325184227656002,0.94565068502263,0.));
#3977=DIRECTION('',(0.,1.,0.));
#3978=DIRECTION('',(0.,0.,1.));
#3979=DIRECTION('',(1.,0.,0.));
#3980=DIRECTION('',(0.,0.,-1.));
#3981=DIRECTION('',(1.,0.,0.));
#3982=DIRECTION('',(0.,0.,-1.));
#3983=DIRECTION('',(-0.944576059073957,-0.328292656975926,0.));
#3984=DIRECTION('',(0.328292656975926,-0.944576059073957,0.));
#3985=DIRECTION('',(0.,0.,-1.));
#3986=DIRECTION('',(-0.328292656975926,0.944576059073957,0.));
#3987=DIRECTION('',(0.,0.,-1.));
#3988=DIRECTION('',(0.,-1.,0.));
#3989=DIRECTION('',(0.,0.,-1.));
#3990=DIRECTION('',(0.,0.,-1.));
#3991=DIRECTION('',(-1.,0.,0.));
#3992=DIRECTION('',(0.939868190191643,0.341537384580202,0.));
#3993=DIRECTION('',(-0.341537384580202,0.939868190191643,0.));
#3994=DIRECTION('',(0.,0.,-1.));
#3995=DIRECTION('',(0.341537384580202,-0.939868190191644,0.));
#3996=DIRECTION('',(0.,1.,0.));
#3997=DIRECTION('',(0.,0.,1.));
#3998=DIRECTION('',(0.,0.,-1.));
#3999=DIRECTION('',(1.,0.,0.));
#4000=DIRECTION('',(-0.939387862679495,0.342856301459447,0.));
#4001=DIRECTION('',(-0.342856301459447,-0.939387862679495,0.));
#4002=DIRECTION('',(0.,0.,-1.));
#4003=DIRECTION('',(0.342856301459447,0.939387862679495,0.));
#4004=DIRECTION('',(0.,-1.,0.));
#4005=DIRECTION('',(0.,0.,-1.));
#4006=DIRECTION('',(0.,0.,-1.));
#4007=DIRECTION('',(-1.,0.,0.));
#4008=DIRECTION('',(0.944576059073957,-0.328292656975926,0.));
#4009=DIRECTION('',(0.328292656975926,0.944576059073957,0.));
#4010=DIRECTION('',(0.,0.,-1.));
#4011=DIRECTION('',(-0.328292656975926,-0.944576059073957,0.));
#4012=DIRECTION('',(0.,-1.,0.));
#4013=DIRECTION('',(0.,0.,-1.));
#4014=DIRECTION('',(-1.,0.,0.));
#4015=DIRECTION('',(0.,0.,-1.));
#4016=DIRECTION('',(0.959244155016043,-0.28257857503278,0.));
#4017=DIRECTION('',(0.,0.,-1.));
#4018=DIRECTION('',(-1.,0.,0.));
#4019=DIRECTION('',(0.,0.,-1.));
#4020=DIRECTION('',(-1.,0.,0.));
#4021=DIRECTION('',(0.,0.,1.));
#4022=DIRECTION('',(1.,0.,0.));
#4023=DIRECTION('',(-1.,0.,0.));
#4024=DIRECTION('',(0.,0.,1.));
#4025=DIRECTION('',(0.,0.,-1.));
#4026=DIRECTION('',(0.,1.,0.));
#4027=DIRECTION('',(0.,0.,-1.));
#4028=DIRECTION('',(0.,-1.,0.));
#4029=DIRECTION('',(0.,0.,-1.));
#4030=DIRECTION('',(0.,0.,-1.));
#4031=DIRECTION('',(-1.,0.,0.));
#4032=DIRECTION('',(1.,0.,0.));
#4033=DIRECTION('',(0.,0.,-1.));
#4034=DIRECTION('',(0.,0.,-1.));
#4035=DIRECTION('',(0.,-1.,0.));
#4036=DIRECTION('',(0.,1.,0.));
#4037=DIRECTION('',(0.,0.,1.));
#4038=DIRECTION('',(0.,0.,-1.));
#4039=DIRECTION('',(1.,0.,0.));
#4040=DIRECTION('',(-1.,0.,0.));
#4041=DIRECTION('',(0.,0.,1.));
#4042=DIRECTION('',(0.,0.,-1.));
#4043=DIRECTION('',(0.,1.,0.));
#4044=DIRECTION('',(0.,1.,0.));
#4045=DIRECTION('',(0.,0.,1.));
#4046=DIRECTION('',(0.,0.,-1.));
#4047=DIRECTION('',(1.,0.,0.));
#4048=DIRECTION('',(1.,0.,0.));
#4049=DIRECTION('',(0.,0.,-1.));
#4050=DIRECTION('',(0.,0.,-1.));
#4051=DIRECTION('',(0.,-1.,0.));
#4052=DIRECTION('',(0.,1.,0.));
#4053=DIRECTION('',(0.,0.,1.));
#4054=DIRECTION('',(0.,0.,-1.));
#4055=DIRECTION('',(1.,0.,0.));
#4056=DIRECTION('',(-1.,0.,0.));
#4057=DIRECTION('',(0.,0.,1.));
#4058=DIRECTION('',(0.,0.,-1.));
#4059=DIRECTION('',(0.,1.,0.));
#4060=DIRECTION('',(0.,-1.,0.));
#4061=DIRECTION('',(0.,0.,-1.));
#4062=DIRECTION('',(0.,0.,-1.));
#4063=DIRECTION('',(-1.,0.,0.));
#4064=DIRECTION('',(1.,0.,0.));
#4065=DIRECTION('',(0.,0.,-1.));
#4066=DIRECTION('',(0.,0.,-1.));
#4067=DIRECTION('',(0.,-1.,0.));
#4068=DIRECTION('',(0.,-1.,0.));
#4069=DIRECTION('',(0.,0.,-1.));
#4070=DIRECTION('',(-1.,0.,0.));
#4071=DIRECTION('',(0.,0.,1.));
#4072=DIRECTION('',(1.,0.,0.));
#4073=DIRECTION('',(0.,0.,1.));
#4074=DIRECTION('',(1.,0.,0.));
#4075=DIRECTION('',(0.,0.,1.));
#4076=DIRECTION('',(1.,0.,0.));
#4077=CARTESIAN_POINT('',(0.,0.,0.));
#4078=CARTESIAN_POINT('',(-0.000366441750526428,-0.010828666085685,0.0136));
#4079=CARTESIAN_POINT('',(-0.0135946485807429,0.00413074643307078,0.0136));
#4080=CARTESIAN_POINT('',(-0.0129907852036314,0.00340429425007944,0.0136));
#4081=CARTESIAN_POINT('',(-0.011850255276335,0.00340429425007944,0.0136));
#4082=CARTESIAN_POINT('',(-0.0135946485807429,0.00413074643307078,0.0136));
#4083=CARTESIAN_POINT('',(-0.011850255276335,0.00340429425007944,0.0136));
#4084=CARTESIAN_POINT('',(-0.011850255276335,0.00340429425007944,0.0136));
#4085=CARTESIAN_POINT('',(-0.0103337863443406,0.00340429425007945,0.0136));
#4086=CARTESIAN_POINT('',(-0.00974354394566017,0.0049243954429888,0.0136));
#4087=CARTESIAN_POINT('',(-0.00974354394566017,0.0049243954429888,0.0136));
#4088=CARTESIAN_POINT('',(-0.00901436756698263,0.00464925167868083,0.0136));
#4089=CARTESIAN_POINT('',(-0.00828519118830508,0.00437410791437287,0.0136));
#4090=CARTESIAN_POINT('',(-0.00828519118830508,0.00437410791437287,0.0136));
#4091=CARTESIAN_POINT('',(-0.00875556897679197,0.0032154166825017,0.0136));
#4092=CARTESIAN_POINT('',(-0.00966726646644608,0.00265060011022595,0.0136));
#4093=CARTESIAN_POINT('',(-0.00966726646644608,0.00265060011022595,0.0136));
#4094=CARTESIAN_POINT('',(-0.00966726646644608,0.00265060011022595,0.0136));
#4095=CARTESIAN_POINT('',(-0.0105789639561002,0.00208578353795019,0.0136));
#4096=CARTESIAN_POINT('',(-0.011850255276335,0.00208578353795019,0.0136));
#4097=CARTESIAN_POINT('',(-0.011850255276335,0.00208578353795019,0.0136));
#4098=CARTESIAN_POINT('',(-0.011850255276335,0.00208578353795019,0.0136));
#4099=CARTESIAN_POINT('',(-0.013778985822177,0.00208578353795019,0.0136));
#4100=CARTESIAN_POINT('',(-0.0148314334222857,0.00317909407335214,0.0136));
#4101=CARTESIAN_POINT('',(-0.0148314334222857,0.00317909407335214,0.0136));
#4102=CARTESIAN_POINT('',(-0.0148314334222857,0.00317909407335214,0.0136));
#4103=CARTESIAN_POINT('',(-0.0158838810223943,0.00427240460875408,0.0136));
#4104=CARTESIAN_POINT('',(-0.0158838810223943,0.00623564163328814,0.0136));
#4105=CARTESIAN_POINT('',(-0.0158838810223943,0.00623564163328814,0.0136));
#4106=CARTESIAN_POINT('',(-0.0158838810223943,0.00623564163328814,0.0136));
#4107=CARTESIAN_POINT('',(-0.0158838810223943,0.00820432704919464,0.0136));
#4108=CARTESIAN_POINT('',(-0.014868664096664,0.00926040691021828,0.0136));
#4109=CARTESIAN_POINT('',(-0.014868664096664,0.00926040691021828,0.0136));
#4110=CARTESIAN_POINT('',(-0.014868664096664,0.00926040691021828,0.0136));
#4111=CARTESIAN_POINT('',(-0.0138534471709336,0.0103164867712419,0.0136));
#4112=CARTESIAN_POINT('',(-0.0119229004946341,0.0103164867712419,0.0136));
#4113=CARTESIAN_POINT('',(-0.0119229004946341,0.0103164867712419,0.0136));
#4114=CARTESIAN_POINT('',(-0.0119229004946341,0.0103164867712419,0.0136));
#4115=CARTESIAN_POINT('',(-0.0105153993900885,0.0103164867712419,0.0136));
#4116=CARTESIAN_POINT('',(-0.00963003579206778,0.00975167019896616,0.0136));
#4117=CARTESIAN_POINT('',(-0.00963003579206778,0.00975167019896616,0.0136));
#4118=CARTESIAN_POINT('',(-0.00963003579206778,0.00975167019896616,0.0136));
#4119=CARTESIAN_POINT('',(-0.0087446721940471,0.00918685362669041,0.0136));
#4120=CARTESIAN_POINT('',(-0.00838689449392387,0.00809172696083098,0.0136));
#4121=CARTESIAN_POINT('',(-0.00838689449392387,0.00809172696083098,0.0136));
#4122=CARTESIAN_POINT('',(-0.00912515152488881,0.00789013648005089,0.0136));
#4123=CARTESIAN_POINT('',(-0.00986340855585374,0.00768854599927079,0.0136));
#4124=CARTESIAN_POINT('',(-0.00986340855585374,0.00768854599927079,0.0136));
#4125=CARTESIAN_POINT('',(-0.010050469992974,0.00828968518069612,0.0136));
#4126=CARTESIAN_POINT('',(-0.0105980333259037,0.00864473868513313,0.0136));
#4127=CARTESIAN_POINT('',(-0.0105980333259037,0.00864473868513313,0.0136));
#4128=CARTESIAN_POINT('',(-0.0105980333259037,0.00864473868513313,0.0136));
#4129=CARTESIAN_POINT('',(-0.0111455966588334,0.00899979218957014,0.0136));
#4130=CARTESIAN_POINT('',(-0.0118883940159421,0.00899979218957014,0.0136));
#4131=CARTESIAN_POINT('',(-0.0118883940159421,0.00899979218957014,0.0136));
#4132=CARTESIAN_POINT('',(-0.0118883940159421,0.00899979218957014,0.0136));
#4133=CARTESIAN_POINT('',(-0.013023475551866,0.00899979218957014,0.0136));
#4134=CARTESIAN_POINT('',(-0.0136109937548602,0.00829604163729729,0.0136));
#4135=CARTESIAN_POINT('',(-0.0136109937548602,0.00829604163729729,0.0136));
#4136=CARTESIAN_POINT('',(-0.0136109937548602,0.00829604163729729,0.0136));
#4137=CARTESIAN_POINT('',(-0.0141985119578545,0.00759229108502444,0.0136));
#4138=CARTESIAN_POINT('',(-0.0141985119578545,0.00623564163328814,0.0136));
#4139=CARTESIAN_POINT('',(-0.0141985119578545,0.00623564163328814,0.0136));
#4140=CARTESIAN_POINT('',(-0.0141985119578545,0.00623564163328814,0.0136));
#4141=CARTESIAN_POINT('',(-0.0141985119578545,0.0048571986160621,0.0136));
#4142=CARTESIAN_POINT('',(-0.0135946485807429,0.00413074643307078,0.0136));
#4143=CARTESIAN_POINT('',(-0.000668340049641031,0.00220019975677132,0.0136));
#4144=CARTESIAN_POINT('',(0.000319634919227173,0.00220019975677132,0.0136));
#4145=CARTESIAN_POINT('',(-0.00165631501850923,0.00220019975677132,0.0136));
#4146=CARTESIAN_POINT('',(-0.00309196614514585,0.00403630764928191,0.0136));
#4147=CARTESIAN_POINT('',(-0.00452761727178245,0.00587241554179248,0.0136));
#4148=CARTESIAN_POINT('',(-0.00502160475621655,0.00549466040663699,0.0136));
#4149=CARTESIAN_POINT('',(-0.00551559224065066,0.0051169052714815,0.0136));
#4150=CARTESIAN_POINT('',(-0.00551559224065066,0.00365855251412641,0.0136));
#4151=CARTESIAN_POINT('',(-0.00551559224065066,0.00220019975677132,0.0136));
#4152=CARTESIAN_POINT('',(-0.00635282838154816,0.00220019975677132,0.0136));
#4153=CARTESIAN_POINT('',(-0.00719006452244566,0.00220019975677132,0.0136));
#4154=CARTESIAN_POINT('',(-0.00719006452244566,0.00619841095890984,0.0136));
#4155=CARTESIAN_POINT('',(-0.00719006452244566,0.0101966221610483,0.0136));
#4156=CARTESIAN_POINT('',(-0.00635282838154816,0.0101966221610483,0.0136));
#4157=CARTESIAN_POINT('',(-0.00551559224065066,0.0101966221610483,0.0136));
#4158=CARTESIAN_POINT('',(-0.00551559224065066,0.00838321589925625,0.0136));
#4159=CARTESIAN_POINT('',(-0.00551559224065066,0.00656980963746415,0.0136));
#4160=CARTESIAN_POINT('',(-0.00371399082683217,0.00838321589925625,0.0136));
#4161=CARTESIAN_POINT('',(-0.00191238941301368,0.0101966221610483,0.0136));
#4162=CARTESIAN_POINT('',(-0.000936219292119079,0.0101966221610483,0.0136));
#4163=CARTESIAN_POINT('',(3.99508287755171E-5,0.0101966221610483,0.0136));
#4164=CARTESIAN_POINT('',(-0.00166811986648284,0.00850580470513604,0.0136));
#4165=CARTESIAN_POINT('',(-0.0033761905617412,0.00681498724922373,0.0136));
#4166=CARTESIAN_POINT('',(-0.00152827782125701,0.00450759350299753,0.0136));
#4167=CARTESIAN_POINT('',(0.0031936613681866,0.00413074643307078,0.0136));
#4168=CARTESIAN_POINT('',(0.00379752474529815,0.00340429425007945,0.0136));
#4169=CARTESIAN_POINT('',(0.00493805467259453,0.00340429425007945,0.0136));
#4170=CARTESIAN_POINT('',(0.0031936613681866,0.00413074643307078,0.0136));
#4171=CARTESIAN_POINT('',(0.00493805467259453,0.00340429425007945,0.0136));
#4172=CARTESIAN_POINT('',(0.00493805467259453,0.00340429425007945,0.0136));
#4173=CARTESIAN_POINT('',(0.00645452360458892,0.00340429425007945,0.0136));
#4174=CARTESIAN_POINT('',(0.00704476600326938,0.0049243954429888,0.0136));
#4175=CARTESIAN_POINT('',(0.00704476600326938,0.0049243954429888,0.0136));
#4176=CARTESIAN_POINT('',(0.00777394238194692,0.00464925167868084,0.0136));
#4177=CARTESIAN_POINT('',(0.00850311876062446,0.00437410791437287,0.0136));
#4178=CARTESIAN_POINT('',(0.00850311876062446,0.00437410791437287,0.0136));
#4179=CARTESIAN_POINT('',(0.00803274097213758,0.0032154166825017,0.0136));
#4180=CARTESIAN_POINT('',(0.00712104348248347,0.00265060011022595,0.0136));
#4181=CARTESIAN_POINT('',(0.00712104348248347,0.00265060011022595,0.0136));
#4182=CARTESIAN_POINT('',(0.00712104348248347,0.00265060011022595,0.0136));
#4183=CARTESIAN_POINT('',(0.00620934599282935,0.00208578353795019,0.0136));
#4184=CARTESIAN_POINT('',(0.00493805467259453,0.00208578353795019,0.0136));
#4185=CARTESIAN_POINT('',(0.00493805467259453,0.00208578353795019,0.0136));
#4186=CARTESIAN_POINT('',(0.00493805467259453,0.00208578353795019,0.0136));
#4187=CARTESIAN_POINT('',(0.00300932412675256,0.00208578353795019,0.0136));
#4188=CARTESIAN_POINT('',(0.00195687652664388,0.00317909407335214,0.0136));
#4189=CARTESIAN_POINT('',(0.00195687652664388,0.00317909407335214,0.0136));
#4190=CARTESIAN_POINT('',(0.00195687652664388,0.00317909407335214,0.0136));
#4191=CARTESIAN_POINT('',(0.000904428926535195,0.00427240460875408,0.0136));
#4192=CARTESIAN_POINT('',(0.000904428926535195,0.00623564163328814,0.0136));
#4193=CARTESIAN_POINT('',(0.000904428926535195,0.00623564163328814,0.0136));
#4194=CARTESIAN_POINT('',(0.000904428926535195,0.00623564163328814,0.0136));
#4195=CARTESIAN_POINT('',(0.000904428926535195,0.00820432704919464,0.0136));
#4196=CARTESIAN_POINT('',(0.00191964585226557,0.00926040691021828,0.0136));
#4197=CARTESIAN_POINT('',(0.00191964585226557,0.00926040691021828,0.0136));
#4198=CARTESIAN_POINT('',(0.00191964585226557,0.00926040691021828,0.0136));
#4199=CARTESIAN_POINT('',(0.00293486277799595,0.0103164867712419,0.0136));
#4200=CARTESIAN_POINT('',(0.0048654094542954,0.0103164867712419,0.0136));
#4201=CARTESIAN_POINT('',(0.0048654094542954,0.0103164867712419,0.0136));
#4202=CARTESIAN_POINT('',(0.0048654094542954,0.0103164867712419,0.0136));
#4203=CARTESIAN_POINT('',(0.00627291055884109,0.0103164867712419,0.0136));
#4204=CARTESIAN_POINT('',(0.00715827415686177,0.00975167019896617,0.0136));
#4205=CARTESIAN_POINT('',(0.00715827415686177,0.00975167019896617,0.0136));
#4206=CARTESIAN_POINT('',(0.00715827415686177,0.00975167019896617,0.0136));
#4207=CARTESIAN_POINT('',(0.00804363775488245,0.00918685362669041,0.0136));
#4208=CARTESIAN_POINT('',(0.00840141545500568,0.00809172696083099,0.0136));
#4209=CARTESIAN_POINT('',(0.00840141545500568,0.00809172696083099,0.0136));
#4210=CARTESIAN_POINT('',(0.00766315842404075,0.00789013648005089,0.0136));
#4211=CARTESIAN_POINT('',(0.00692490139307581,0.0076885459992708,0.0136));
#4212=CARTESIAN_POINT('',(0.00692490139307581,0.0076885459992708,0.0136));
#4213=CARTESIAN_POINT('',(0.00673783995595555,0.00828968518069612,0.0136));
#4214=CARTESIAN_POINT('',(0.00619027662302583,0.00864473868513313,0.0136));
#4215=CARTESIAN_POINT('',(0.00619027662302583,0.00864473868513313,0.0136));
#4216=CARTESIAN_POINT('',(0.00619027662302583,0.00864473868513313,0.0136));
#4217=CARTESIAN_POINT('',(0.00564271329009612,0.00899979218957014,0.0136));
#4218=CARTESIAN_POINT('',(0.00489991593298749,0.00899979218957014,0.0136));
#4219=CARTESIAN_POINT('',(0.00489991593298749,0.00899979218957014,0.0136));
#4220=CARTESIAN_POINT('',(0.00489991593298749,0.00899979218957014,0.0136));
#4221=CARTESIAN_POINT('',(0.00376483439706354,0.00899979218957014,0.0136));
#4222=CARTESIAN_POINT('',(0.0031773161940693,0.00829604163729729,0.0136));
#4223=CARTESIAN_POINT('',(0.0031773161940693,0.00829604163729729,0.0136));
#4224=CARTESIAN_POINT('',(0.0031773161940693,0.00829604163729729,0.0136));
#4225=CARTESIAN_POINT('',(0.00258979799107506,0.00759229108502445,0.0136));
#4226=CARTESIAN_POINT('',(0.00258979799107506,0.00623564163328814,0.0136));
#4227=CARTESIAN_POINT('',(0.00258979799107506,0.00623564163328814,0.0136));
#4228=CARTESIAN_POINT('',(0.00258979799107506,0.00623564163328814,0.0136));
#4229=CARTESIAN_POINT('',(0.00258979799107506,0.0048571986160621,0.0136));
#4230=CARTESIAN_POINT('',(0.0031936613681866,0.00413074643307078,0.0136));
#4231=CARTESIAN_POINT('',(0.012581239702892,0.00220019975677133,0.0136));
#4232=CARTESIAN_POINT('',(0.0155642339793001,0.00220019975677133,0.0136));
#4233=CARTESIAN_POINT('',(0.00959824542648389,0.00220019975677133,0.0136));
#4234=CARTESIAN_POINT('',(0.00959824542648389,0.00619841095890984,0.0136));
#4235=CARTESIAN_POINT('',(0.00959824542648389,0.0101966221610483,0.0136));
#4236=CARTESIAN_POINT('',(0.0104354815673814,0.0101966221610483,0.0136));
#4237=CARTESIAN_POINT('',(0.0112727177082789,0.0101966221610483,0.0136));
#4238=CARTESIAN_POINT('',(0.0112727177082789,0.00684586146700086,0.0136));
#4239=CARTESIAN_POINT('',(0.0112727177082789,0.00349510077295337,0.0136));
#4240=CARTESIAN_POINT('',(0.0134184758437895,0.00349510077295337,0.0136));
#4241=CARTESIAN_POINT('',(0.0155642339793001,0.00349510077295337,0.0136));
#4242=CARTESIAN_POINT('',(0.0155642339793001,0.00284765026486235,0.0136));
#4243=CARTESIAN_POINT('',(0.0226653040680404,0.0029230196788477,0.0136));
#4244=CARTESIAN_POINT('',(0.0217263646215241,0.00208578353795019,0.0136));
#4245=CARTESIAN_POINT('',(0.0200228342524094,0.00208578353795019,0.0136));
#4246=CARTESIAN_POINT('',(0.0226653040680404,0.0029230196788477,0.0136));
#4247=CARTESIAN_POINT('',(0.0200228342524094,0.00208578353795019,0.0136));
#4248=CARTESIAN_POINT('',(0.0200228342524094,0.00208578353795019,0.0136));
#4249=CARTESIAN_POINT('',(0.0183719716665617,0.00208578353795019,0.0136));
#4250=CARTESIAN_POINT('',(0.0174947806555996,0.00289214546107057,0.0136));
#4251=CARTESIAN_POINT('',(0.0174947806555996,0.00289214546107057,0.0136));
#4252=CARTESIAN_POINT('',(0.0174947806555996,0.00289214546107057,0.0136));
#4253=CARTESIAN_POINT('',(0.0166175896446376,0.00369850738419094,0.0136));
#4254=CARTESIAN_POINT('',(0.0166175896446376,0.00519681501161055,0.0136));
#4255=CARTESIAN_POINT('',(0.0166175896446376,0.00519681501161055,0.0136));
#4256=CARTESIAN_POINT('',(0.0166175896446376,0.00769671858632945,0.0136));
#4257=CARTESIAN_POINT('',(0.0166175896446376,0.0101966221610483,0.0136));
#4258=CARTESIAN_POINT('',(0.0174548257855351,0.0101966221610483,0.0136));
#4259=CARTESIAN_POINT('',(0.0182920619264326,0.0101966221610483,0.0136));
#4260=CARTESIAN_POINT('',(0.0182920619264326,0.00776209928279867,0.0136));
#4261=CARTESIAN_POINT('',(0.0182920619264326,0.00532757640454899,0.0136));
#4262=CARTESIAN_POINT('',(0.0182920619264326,0.00532757640454899,0.0136));
#4263=CARTESIAN_POINT('',(0.0182920619264326,0.00437955630574531,0.0136));
#4264=CARTESIAN_POINT('',(0.0187433703451159,0.00388829301699743,0.0136));
#4265=CARTESIAN_POINT('',(0.0187433703451159,0.00388829301699743,0.0136));
#4266=CARTESIAN_POINT('',(0.0187433703451159,0.00388829301699743,0.0136));
#4267=CARTESIAN_POINT('',(0.0191946787637993,0.00339702972824954,0.0136));
#4268=CARTESIAN_POINT('',(0.0200682375138464,0.00339702972824954,0.0136));
#4269=CARTESIAN_POINT('',(0.0200682375138464,0.00339702972824954,0.0136));
#4270=CARTESIAN_POINT('',(0.0200682375138464,0.00339702972824954,0.0136));
#4271=CARTESIAN_POINT('',(0.0209654059598407,0.00339702972824954,0.0136));
#4272=CARTESIAN_POINT('',(0.0214475885963012,0.00391099464771591,0.0136));
#4273=CARTESIAN_POINT('',(0.0214475885963012,0.00391099464771591,0.0136));
#4274=CARTESIAN_POINT('',(0.0214475885963012,0.00391099464771591,0.0136));
#4275=CARTESIAN_POINT('',(0.0219297712327617,0.00442495956718227,0.0136));
#4276=CARTESIAN_POINT('',(0.0219297712327617,0.00538387644873082,0.0136));
#4277=CARTESIAN_POINT('',(0.0219297712327617,0.00538387644873082,0.0136));
#4278=CARTESIAN_POINT('',(0.0219297712327617,0.00779024930488959,0.0136));
#4279=CARTESIAN_POINT('',(0.0219297712327617,0.0101966221610483,0.0136));
#4280=CARTESIAN_POINT('',(0.0227670073736592,0.0101966221610483,0.0136));
#4281=CARTESIAN_POINT('',(0.0236042435145567,0.0101966221610483,0.0136));
#4282=CARTESIAN_POINT('',(0.0236042435145567,0.00773939765208019,0.0136));
#4283=CARTESIAN_POINT('',(0.0236042435145567,0.00528217314311203,0.0136));
#4284=CARTESIAN_POINT('',(0.0236042435145567,0.00528217314311203,0.0136));
#4285=CARTESIAN_POINT('',(0.0236042435145567,0.0037602558197452,0.0136));
#4286=CARTESIAN_POINT('',(0.0226653040680404,0.0029230196788477,0.0136));
#4287=CARTESIAN_POINT('',(0.0316724030719041,0.00579522999734966,0.0136));
#4288=CARTESIAN_POINT('',(0.0321800115347693,0.00529851831722934,0.0136));
#4289=CARTESIAN_POINT('',(0.0321800115347693,0.00448125961136409,0.0136));
#4290=CARTESIAN_POINT('',(0.0316724030719041,0.00579522999734966,0.0136));
#4291=CARTESIAN_POINT('',(0.0321800115347693,0.00448125961136409,0.0136));
#4292=CARTESIAN_POINT('',(0.0321800115347693,0.00448125961136409,0.0136));
#4293=CARTESIAN_POINT('',(0.0321800115347693,0.0033915813368771,0.0136));
#4294=CARTESIAN_POINT('',(0.0313627528289041,0.00279589054682422,0.0136));
#4295=CARTESIAN_POINT('',(0.0313627528289041,0.00279589054682422,0.0136));
#4296=CARTESIAN_POINT('',(0.0313627528289041,0.00279589054682422,0.0136));
#4297=CARTESIAN_POINT('',(0.0305454941230388,0.00220019975677133,0.0136));
#4298=CARTESIAN_POINT('',(0.0290925897570562,0.00220019975677133,0.0136));
#4299=CARTESIAN_POINT('',(0.0290925897570562,0.00220019975677133,0.0136));
#4300=CARTESIAN_POINT('',(0.0270921220581437,0.00220019975677133,0.0136));
#4301=CARTESIAN_POINT('',(0.0250916543592314,0.00220019975677133,0.0136));
#4302=CARTESIAN_POINT('',(0.0250916543592314,0.00619841095890984,0.0136));
#4303=CARTESIAN_POINT('',(0.0250916543592314,0.0101966221610483,0.0136));
#4304=CARTESIAN_POINT('',(0.0269223138603695,0.0101966221610483,0.0136));
#4305=CARTESIAN_POINT('',(0.0287529733615077,0.0101966221610484,0.0136));
#4306=CARTESIAN_POINT('',(0.0287529733615077,0.0101966221610484,0.0136));
#4307=CARTESIAN_POINT('',(0.0302167745102352,0.0101966221610484,0.0136));
#4308=CARTESIAN_POINT('',(0.0309686525196313,0.00968901369818317,0.0136));
#4309=CARTESIAN_POINT('',(0.0309686525196313,0.00968901369818317,0.0136));
#4310=CARTESIAN_POINT('',(0.0309686525196313,0.00968901369818317,0.0136));
#4311=CARTESIAN_POINT('',(0.0317205305290273,0.00918140523531798,0.0136));
#4312=CARTESIAN_POINT('',(0.0317205305290273,0.00818798187507734,0.0136));
#4313=CARTESIAN_POINT('',(0.0317205305290273,0.00818798187507734,0.0136));
#4314=CARTESIAN_POINT('',(0.0317205305290273,0.00818798187507734,0.0136));
#4315=CARTESIAN_POINT('',(0.0317205305290273,0.00750693295352297,0.0136));
#4316=CARTESIAN_POINT('',(0.0313436834591005,0.00703837129549357,0.0136));
#4317=CARTESIAN_POINT('',(0.0313436834591005,0.00703837129549357,0.0136));
#4318=CARTESIAN_POINT('',(0.0313436834591005,0.00703837129549357,0.0136));
#4319=CARTESIAN_POINT('',(0.0309668363891738,0.00656980963746416,0.0136));
#4320=CARTESIAN_POINT('',(0.0301949809447455,0.00640635789629111,0.0136));
#4321=CARTESIAN_POINT('',(0.0301949809447455,0.00640635789629111,0.0136));
#4322=CARTESIAN_POINT('',(0.0301949809447455,0.00640635789629111,0.0136));
#4323=CARTESIAN_POINT('',(0.0311647946090389,0.00629194167746998,0.0136));
#4324=CARTESIAN_POINT('',(0.0316724030719041,0.00579522999734966,0.0136));
#4325=CARTESIAN_POINT('',(-0.0381035945600246,-0.0161069058200041,0.0136));
#4326=CARTESIAN_POINT('',(-0.0381035945600246,-0.00675427787584114,0.0136));
#4327=CARTESIAN_POINT('',(-0.0381035945600246,-0.025459533764167,0.0136));
#4328=CARTESIAN_POINT('',(-0.00025352836469944,-0.00675427787584112,0.0136));
#4329=CARTESIAN_POINT('',(0.0375965378306257,-0.00675427787584111,0.0136));
#4330=CARTESIAN_POINT('',(0.0375965378306257,-0.016106905820004,0.0136));
#4331=CARTESIAN_POINT('',(0.0375965378306257,-0.025459533764167,0.0136));
#4332=CARTESIAN_POINT('',(-0.00025352836469944,-0.025459533764167,0.0136));
#4333=CARTESIAN_POINT('',(-0.0431367754936219,-0.0366373993456363,0.0136));
#4334=CARTESIAN_POINT('',(-0.0415367754936219,-0.0366373993456363,0.0136));
#4335=CARTESIAN_POINT('',(0.0424505545589991,-0.0363123376832605,0.0136));
#4336=CARTESIAN_POINT('',(0.0440505545589991,-0.0363123376832605,0.0136));
#4337=CARTESIAN_POINT('',(-0.000366441750526435,0.018339839479755,0.0136));
#4338=CARTESIAN_POINT('',(-0.0476664417505264,0.0183398394797549,0.0136));
#4339=CARTESIAN_POINT('',(0.0469335582494736,0.018339839479755,0.0136));
#4340=CARTESIAN_POINT('',(-0.0476664417505264,-0.010828666085685,0.0136));
#4341=CARTESIAN_POINT('',(-0.0476664417505264,-0.039997171651125,0.0136));
#4342=CARTESIAN_POINT('',(-0.000366441750526421,-0.039997171651125,0.0136));
#4343=CARTESIAN_POINT('',(0.0469335582494736,-0.039997171651125,0.0136));
#4344=CARTESIAN_POINT('',(0.0469335582494736,-0.010828666085685,0.0136));
#4345=CARTESIAN_POINT('',(-0.0174966048686351,0.00220019975677132,0.0136));
#4346=CARTESIAN_POINT('',(-0.016668449380025,0.00220019975677132,0.0136));
#4347=CARTESIAN_POINT('',(-0.0183247603572452,0.00220019975677132,0.0136));
#4348=CARTESIAN_POINT('',(-0.0186798138616822,0.00322177313910288,0.0136));
#4349=CARTESIAN_POINT('',(-0.0190348673661192,0.00424334652143442,0.0136));
#4350=CARTESIAN_POINT('',(-0.0205586008199436,0.00424334652143442,0.0136));
#4351=CARTESIAN_POINT('',(-0.0220823342737679,0.00424334652143443,0.0136));
#4352=CARTESIAN_POINT('',(-0.0224373877782048,0.00322177313910288,0.0136));
#4353=CARTESIAN_POINT('',(-0.0227924412826419,0.00220019975677132,0.0136));
#4354=CARTESIAN_POINT('',(-0.0236296774235394,0.00220019975677132,0.0136));
#4355=CARTESIAN_POINT('',(-0.0244669135644369,0.00220019975677132,0.0136));
#4356=CARTESIAN_POINT('',(-0.023007652741853,0.00619841095890984,0.0136));
#4357=CARTESIAN_POINT('',(-0.0215483919192693,0.0101966221610483,0.0136));
#4358=CARTESIAN_POINT('',(-0.0205613250156297,0.0101966221610483,0.0136));
#4359=CARTESIAN_POINT('',(-0.0195742581119903,0.0101966221610483,0.0136));
#4360=CARTESIAN_POINT('',(-0.0181213537460076,0.00619841095890984,0.0136));
#4361=CARTESIAN_POINT('',(-0.0263756666752466,0.00220019975677132,0.0136));
#4362=CARTESIAN_POINT('',(-0.0255384305343491,0.00220019975677132,0.0136));
#4363=CARTESIAN_POINT('',(-0.0272129028161441,0.00220019975677132,0.0136));
#4364=CARTESIAN_POINT('',(-0.0272129028161441,0.00391462690863085,0.0136));
#4365=CARTESIAN_POINT('',(-0.0272129028161441,0.00562905406049038,0.0136));
#4366=CARTESIAN_POINT('',(-0.0289554799900946,0.00562905406049038,0.0136));
#4367=CARTESIAN_POINT('',(-0.030698057164045,0.00562905406049038,0.0136));
#4368=CARTESIAN_POINT('',(-0.030698057164045,0.00391462690863085,0.0136));
#4369=CARTESIAN_POINT('',(-0.030698057164045,0.00220019975677132,0.0136));
#4370=CARTESIAN_POINT('',(-0.0315352933049425,0.00220019975677132,0.0136));
#4371=CARTESIAN_POINT('',(-0.03237252944584,0.00220019975677132,0.0136));
#4372=CARTESIAN_POINT('',(-0.03237252944584,0.00619841095890983,0.0136));
#4373=CARTESIAN_POINT('',(-0.03237252944584,0.0101966221610483,0.0136));
#4374=CARTESIAN_POINT('',(-0.0315352933049425,0.0101966221610483,0.0136));
#4375=CARTESIAN_POINT('',(-0.030698057164045,0.0101966221610483,0.0136));
#4376=CARTESIAN_POINT('',(-0.030698057164045,0.0086047838150686,0.0136));
#4377=CARTESIAN_POINT('',(-0.030698057164045,0.00701294546908886,0.0136));
#4378=CARTESIAN_POINT('',(-0.0289554799900946,0.00701294546908886,0.0136));
#4379=CARTESIAN_POINT('',(-0.0272129028161441,0.00701294546908886,0.0136));
#4380=CARTESIAN_POINT('',(-0.0272129028161441,0.0086047838150686,0.0136));
#4381=CARTESIAN_POINT('',(-0.0272129028161441,0.0101966221610483,0.0136));
#4382=CARTESIAN_POINT('',(-0.0263756666752466,0.0101966221610483,0.0136));
#4383=CARTESIAN_POINT('',(-0.0255384305343491,0.0101966221610483,0.0136));
#4384=CARTESIAN_POINT('',(-0.0255384305343491,0.00619841095890984,0.0136));
#4385=CARTESIAN_POINT('',(-0.000366441750526435,0.018339839479755,0.0136));
#4386=CARTESIAN_POINT('',(-0.000366441750526435,0.018339839479755,0.0116));
#4387=CARTESIAN_POINT('',(-0.0476664417505264,0.0183398394797549,0.0116));
#4388=CARTESIAN_POINT('',(0.0469335582494736,0.018339839479755,0.0116));
#4389=CARTESIAN_POINT('',(-0.0476664417505264,0.0183398394797549,0.0136));
#4390=CARTESIAN_POINT('',(0.0469335582494736,0.018339839479755,0.0136));
#4391=CARTESIAN_POINT('',(-0.0476664417505264,-0.010828666085685,0.0136));
#4392=CARTESIAN_POINT('',(-0.0476664417505264,-0.010828666085685,0.0116));
#4393=CARTESIAN_POINT('',(-0.0476664417505264,-0.039997171651125,0.0116));
#4394=CARTESIAN_POINT('',(-0.0476664417505264,-0.039997171651125,0.0136));
#4395=CARTESIAN_POINT('',(-0.000366441750526421,-0.039997171651125,0.0136));
#4396=CARTESIAN_POINT('',(-0.000366441750526421,-0.039997171651125,0.0116));
#4397=CARTESIAN_POINT('',(0.0469335582494736,-0.039997171651125,0.0116));
#4398=CARTESIAN_POINT('',(0.0469335582494736,-0.039997171651125,0.0136));
#4399=CARTESIAN_POINT('',(-0.0381035945600246,-0.0161069058200041,0.0136));
#4400=CARTESIAN_POINT('',(-0.0381035945600246,-0.0161069058200041,0.0116));
#4401=CARTESIAN_POINT('',(-0.0381035945600246,-0.00675427787584114,0.0116));
#4402=CARTESIAN_POINT('',(-0.0381035945600246,-0.025459533764167,0.0116));
#4403=CARTESIAN_POINT('',(-0.0381035945600246,-0.00675427787584114,0.0136));
#4404=CARTESIAN_POINT('',(-0.0381035945600246,-0.025459533764167,0.0136));
#4405=CARTESIAN_POINT('',(-0.00025352836469944,-0.00675427787584112,0.0136));
#4406=CARTESIAN_POINT('',(-0.00025352836469944,-0.00675427787584112,0.0116));
#4407=CARTESIAN_POINT('',(0.0375965378306257,-0.00675427787584111,0.0116));
#4408=CARTESIAN_POINT('',(0.0375965378306257,-0.00675427787584111,0.0136));
#4409=CARTESIAN_POINT('',(0.0375965378306257,-0.016106905820004,0.0136));
#4410=CARTESIAN_POINT('',(0.0375965378306257,-0.016106905820004,0.0116));
#4411=CARTESIAN_POINT('',(0.0375965378306257,-0.025459533764167,0.0116));
#4412=CARTESIAN_POINT('',(0.0375965378306257,-0.025459533764167,0.0136));
#4413=CARTESIAN_POINT('',(0.0424505545589991,-0.0363123376832605,0.0136));
#4414=CARTESIAN_POINT('',(0.0424505545589991,-0.0363123376832605,0.0116));
#4415=CARTESIAN_POINT('',(0.0440505545589991,-0.0363123376832605,0.0116));
#4416=CARTESIAN_POINT('',(-0.0431367754936219,-0.0366373993456363,0.0136));
#4417=CARTESIAN_POINT('',(-0.0431367754936219,-0.0366373993456363,0.0116));
#4418=CARTESIAN_POINT('',(-0.0415367754936219,-0.0366373993456363,0.0116));
#4419=CARTESIAN_POINT('',(-0.00025352836469944,-0.025459533764167,0.0136));
#4420=CARTESIAN_POINT('',(-0.00025352836469944,-0.025459533764167,0.0116));
#4421=CARTESIAN_POINT('',(0.0469335582494736,-0.010828666085685,0.0136));
#4422=CARTESIAN_POINT('',(0.0469335582494736,-0.010828666085685,0.0116));
#4423=CARTESIAN_POINT('',(-0.000366441750526428,-0.010828666085685,0.0116));
#4424=CARTESIAN_POINT('',(0.0305000908616018,0.00461202100430254,0.0149));
#4425=CARTESIAN_POINT('',(0.0305000908616018,0.00461202100430254,0.0136));
#4426=CARTESIAN_POINT('',(0.0305000908616018,0.00536147750642192,0.0149));
#4427=CARTESIAN_POINT('',(0.0305000908616018,0.00536147750642192,0.0136));
#4428=CARTESIAN_POINT('',(0.0299631216230074,0.00573620575748161,0.0149));
#4429=CARTESIAN_POINT('',(0.0299631216230074,0.00573620575748161,0.0136));
#4430=CARTESIAN_POINT('',(0.0288891831458186,0.00573620575748161,0.0149));
#4431=CARTESIAN_POINT('',(0.0288891831458186,0.00573620575748161,0.0136));
#4432=CARTESIAN_POINT('',(0.0305000908616018,0.00461202100430254,0.0136));
#4433=CARTESIAN_POINT('',(0.0305000908616018,0.00573620575748161,0.0136));
#4434=CARTESIAN_POINT('',(0.0288891831458186,0.00573620575748161,0.0136));
#4435=CARTESIAN_POINT('',(0.0305000908616018,0.00461202100430254,0.0136));
#4436=CARTESIAN_POINT('',(0.0288891831458186,0.00573620575748161,0.0136));
#4437=CARTESIAN_POINT('',(0.0305000908616018,0.00461202100430254,0.0149));
#4438=CARTESIAN_POINT('',(0.0305000908616018,0.00461202100430254,0.0149));
#4439=CARTESIAN_POINT('',(0.0305000908616018,0.00461202100430254,0.0149));
#4440=CARTESIAN_POINT('',(0.0305000908616018,0.00573620575748161,0.0149));
#4441=CARTESIAN_POINT('',(0.0288891831458186,0.00573620575748161,0.0149));
#4442=CARTESIAN_POINT('',(0.0288891831458186,0.00573620575748161,0.0149));
#4443=CARTESIAN_POINT('',(0.0288891831458186,0.00573620575748161,0.0149));
#4444=CARTESIAN_POINT('',(0.0301286921830475,0.00373482999334051,0.0149));
#4445=CARTESIAN_POINT('',(0.0301286921830475,0.00373482999334051,0.0136));
#4446=CARTESIAN_POINT('',(0.0303762913020837,0.00392976132910985,0.0149));
#4447=CARTESIAN_POINT('',(0.0303762913020837,0.00392976132910985,0.0136));
#4448=CARTESIAN_POINT('',(0.0305000908616018,0.00422215833276386,0.0149));
#4449=CARTESIAN_POINT('',(0.0305000908616018,0.00422215833276386,0.0136));
#4450=CARTESIAN_POINT('',(0.0305000908616018,0.00461202100430254,0.0149));
#4451=CARTESIAN_POINT('',(0.0305000908616018,0.00461202100430254,0.0136));
#4452=CARTESIAN_POINT('',(0.0301286921830475,0.00373482999334051,0.0136));
#4453=CARTESIAN_POINT('',(0.0305000908616018,0.00402722699699452,0.0136));
#4454=CARTESIAN_POINT('',(0.0305000908616018,0.00461202100430254,0.0136));
#4455=CARTESIAN_POINT('',(0.0301286921830475,0.00373482999334051,0.0136));
#4456=CARTESIAN_POINT('',(0.0301286921830475,0.00373482999334051,0.0149));
#4457=CARTESIAN_POINT('',(0.0301286921830475,0.00373482999334051,0.0149));
#4458=CARTESIAN_POINT('',(0.0301286921830475,0.00373482999334051,0.0149));
#4459=CARTESIAN_POINT('',(0.0305000908616018,0.00402722699699452,0.0149));
#4460=CARTESIAN_POINT('',(0.0305000908616018,0.00461202100430254,0.0149));
#4461=CARTESIAN_POINT('',(0.0289509315813728,0.0034424329896865,0.0149));
#4462=CARTESIAN_POINT('',(0.0289509315813728,0.0034424329896865,0.0136));
#4463=CARTESIAN_POINT('',(0.0294885061967864,0.0034424329896865,0.0149));
#4464=CARTESIAN_POINT('',(0.0294885061967864,0.0034424329896865,0.0136));
#4465=CARTESIAN_POINT('',(0.0298810930640113,0.00353989865757117,0.0149));
#4466=CARTESIAN_POINT('',(0.0298810930640113,0.00353989865757117,0.0136));
#4467=CARTESIAN_POINT('',(0.0301286921830475,0.00373482999334051,0.0149));
#4468=CARTESIAN_POINT('',(0.0301286921830475,0.00373482999334051,0.0136));
#4469=CARTESIAN_POINT('',(0.0289509315813728,0.0034424329896865,0.0136));
#4470=CARTESIAN_POINT('',(0.0297572935044932,0.0034424329896865,0.0136));
#4471=CARTESIAN_POINT('',(0.0301286921830475,0.00373482999334051,0.0136));
#4472=CARTESIAN_POINT('',(0.0289509315813728,0.0034424329896865,0.0136));
#4473=CARTESIAN_POINT('',(0.0289509315813728,0.0034424329896865,0.0149));
#4474=CARTESIAN_POINT('',(0.0289509315813728,0.0034424329896865,0.0149));
#4475=CARTESIAN_POINT('',(0.0289509315813728,0.0034424329896865,0.0149));
#4476=CARTESIAN_POINT('',(0.0297572935044932,0.0034424329896865,0.0149));
#4477=CARTESIAN_POINT('',(0.0301286921830475,0.00373482999334051,0.0149));
#4478=CARTESIAN_POINT('',(0.0278585291111996,0.0034424329896865,0.0149));
#4479=CARTESIAN_POINT('',(0.0278585291111996,0.0034424329896865,0.0136));
#4480=CARTESIAN_POINT('',(0.0267661266410264,0.0034424329896865,0.0136));
#4481=CARTESIAN_POINT('',(0.0267661266410264,0.0034424329896865,0.0149));
#4482=CARTESIAN_POINT('',(0.0267661266410264,0.0034424329896865,0.0149));
#4483=CARTESIAN_POINT('',(0.0278585291111996,0.0034424329896865,0.0149));
#4484=CARTESIAN_POINT('',(0.0267661266410264,0.00458931937358406,0.0149));
#4485=CARTESIAN_POINT('',(0.0267661266410264,0.00458931937358406,0.0136));
#4486=CARTESIAN_POINT('',(0.0267661266410264,0.00573620575748161,0.0136));
#4487=CARTESIAN_POINT('',(0.0267661266410264,0.00573620575748161,0.0149));
#4488=CARTESIAN_POINT('',(0.0267661266410264,0.00573620575748161,0.0149));
#4489=CARTESIAN_POINT('',(0.0267661266410264,0.00458931937358406,0.0149));
#4490=CARTESIAN_POINT('',(0.0300351614644874,0.00796096556789255,0.0149));
#4491=CARTESIAN_POINT('',(0.0300351614644874,0.00796096556789255,0.0136));
#4492=CARTESIAN_POINT('',(0.0300351614644874,0.00832055939847326,0.0149));
#4493=CARTESIAN_POINT('',(0.0300351614644874,0.00832055939847326,0.0136));
#4494=CARTESIAN_POINT('',(0.0299207452456663,0.00857602841615854,0.0149));
#4495=CARTESIAN_POINT('',(0.0299207452456663,0.00857602841615854,0.0136));
#4496=CARTESIAN_POINT('',(0.029691912808024,0.0087273726209484,0.0149));
#4497=CARTESIAN_POINT('',(0.029691912808024,0.0087273726209484,0.0136));
#4498=CARTESIAN_POINT('',(0.0300351614644874,0.00796096556789255,0.0136));
#4499=CARTESIAN_POINT('',(0.0300351614644874,0.00850035631376361,0.0136));
#4500=CARTESIAN_POINT('',(0.029691912808024,0.0087273726209484,0.0136));
#4501=CARTESIAN_POINT('',(0.0300351614644874,0.00796096556789255,0.0136));
#4502=CARTESIAN_POINT('',(0.029691912808024,0.0087273726209484,0.0136));
#4503=CARTESIAN_POINT('',(0.0300351614644874,0.00796096556789255,0.0149));
#4504=CARTESIAN_POINT('',(0.0300351614644874,0.00796096556789255,0.0149));
#4505=CARTESIAN_POINT('',(0.0300351614644874,0.00796096556789255,0.0149));
#4506=CARTESIAN_POINT('',(0.0300351614644874,0.00850035631376361,0.0149));
#4507=CARTESIAN_POINT('',(0.029691912808024,0.0087273726209484,0.0149));
#4508=CARTESIAN_POINT('',(0.029691912808024,0.0087273726209484,0.0149));
#4509=CARTESIAN_POINT('',(0.029691912808024,0.0087273726209484,0.0149));
#4510=CARTESIAN_POINT('',(0.0297146144387424,0.0072199843412414,0.0149));
#4511=CARTESIAN_POINT('',(0.0297146144387424,0.0072199843412414,0.0136));
#4512=CARTESIAN_POINT('',(0.0299283124559058,0.00738464683605277,0.0149));
#4513=CARTESIAN_POINT('',(0.0299283124559058,0.00738464683605277,0.0136));
#4514=CARTESIAN_POINT('',(0.0300351614644874,0.00763164057826982,0.0149));
#4515=CARTESIAN_POINT('',(0.0300351614644874,0.00763164057826982,0.0136));
#4516=CARTESIAN_POINT('',(0.0300351614644874,0.00796096556789255,0.0149));
#4517=CARTESIAN_POINT('',(0.0300351614644874,0.00796096556789255,0.0136));
#4518=CARTESIAN_POINT('',(0.0297146144387424,0.0072199843412414,0.0136));
#4519=CARTESIAN_POINT('',(0.0300351614644874,0.00746697808345845,0.0136));
#4520=CARTESIAN_POINT('',(0.0300351614644874,0.00796096556789255,0.0136));
#4521=CARTESIAN_POINT('',(0.0297146144387424,0.0072199843412414,0.0136));
#4522=CARTESIAN_POINT('',(0.0297146144387424,0.0072199843412414,0.0149));
#4523=CARTESIAN_POINT('',(0.0297146144387424,0.0072199843412414,0.0149));
#4524=CARTESIAN_POINT('',(0.0297146144387424,0.0072199843412414,0.0149));
#4525=CARTESIAN_POINT('',(0.0300351614644874,0.00746697808345845,0.0149));
#4526=CARTESIAN_POINT('',(0.0300351614644874,0.00796096556789255,0.0149));
#4527=CARTESIAN_POINT('',(0.0286839604041235,0.00697299059902435,0.0149));
#4528=CARTESIAN_POINT('',(0.0286839604041235,0.00697299059902435,0.0136));
#4529=CARTESIAN_POINT('',(0.0291573650767062,0.00697299059902435,0.0149));
#4530=CARTESIAN_POINT('',(0.0291573650767062,0.00697299059902435,0.0136));
#4531=CARTESIAN_POINT('',(0.0295009164215792,0.00705532184643003,0.0149));
#4532=CARTESIAN_POINT('',(0.0295009164215792,0.00705532184643003,0.0136));
#4533=CARTESIAN_POINT('',(0.0297146144387424,0.0072199843412414,0.0149));
#4534=CARTESIAN_POINT('',(0.0297146144387424,0.0072199843412414,0.0136));
#4535=CARTESIAN_POINT('',(0.0286839604041235,0.00697299059902435,0.0136));
#4536=CARTESIAN_POINT('',(0.0293940674129976,0.00697299059902435,0.0136));
#4537=CARTESIAN_POINT('',(0.0297146144387424,0.0072199843412414,0.0136));
#4538=CARTESIAN_POINT('',(0.0286839604041235,0.00697299059902435,0.0136));
#4539=CARTESIAN_POINT('',(0.0286839604041235,0.00697299059902435,0.0149));
#4540=CARTESIAN_POINT('',(0.0286839604041235,0.00697299059902435,0.0149));
#4541=CARTESIAN_POINT('',(0.0286839604041235,0.00697299059902435,0.0149));
#4542=CARTESIAN_POINT('',(0.0293940674129976,0.00697299059902435,0.0149));
#4543=CARTESIAN_POINT('',(0.0297146144387424,0.0072199843412414,0.0149));
#4544=CARTESIAN_POINT('',(0.0277250435225749,0.00697299059902435,0.0149));
#4545=CARTESIAN_POINT('',(0.0277250435225749,0.00697299059902435,0.0136));
#4546=CARTESIAN_POINT('',(0.0267661266410264,0.00697299059902435,0.0136));
#4547=CARTESIAN_POINT('',(0.0267661266410264,0.00697299059902435,0.0149));
#4548=CARTESIAN_POINT('',(0.0267661266410264,0.00697299059902435,0.0149));
#4549=CARTESIAN_POINT('',(0.0277250435225749,0.00697299059902435,0.0149));
#4550=CARTESIAN_POINT('',(0.0267661266410264,0.00796368976357877,0.0149));
#4551=CARTESIAN_POINT('',(0.0267661266410264,0.00796368976357877,0.0136));
#4552=CARTESIAN_POINT('',(0.0267661266410264,0.00895438892813319,0.0136));
#4553=CARTESIAN_POINT('',(0.0267661266410264,0.00895438892813319,0.0149));
#4554=CARTESIAN_POINT('',(0.0267661266410264,0.00895438892813319,0.0149));
#4555=CARTESIAN_POINT('',(0.0267661266410264,0.00796368976357877,0.0149));
#4556=CARTESIAN_POINT('',(0.0277195951312026,0.00895438892813319,0.0149));
#4557=CARTESIAN_POINT('',(0.0277195951312026,0.00895438892813319,0.0136));
#4558=CARTESIAN_POINT('',(0.0286730636213786,0.00895438892813319,0.0136));
#4559=CARTESIAN_POINT('',(0.0286730636213786,0.00895438892813319,0.0149));
#4560=CARTESIAN_POINT('',(0.0286730636213786,0.00895438892813319,0.0149));
#4561=CARTESIAN_POINT('',(0.0277195951312026,0.00895438892813319,0.0149));
#4562=CARTESIAN_POINT('',(0.0321800115347693,0.00448125961136409,0.0149));
#4563=CARTESIAN_POINT('',(0.0321800115347693,0.00448125961136409,0.0136));
#4564=CARTESIAN_POINT('',(0.0321800115347693,0.00375480742837277,0.0149));
#4565=CARTESIAN_POINT('',(0.0321800115347693,0.00375480742837277,0.0136));
#4566=CARTESIAN_POINT('',(0.0319075919661475,0.00319301774019281,0.0149));
#4567=CARTESIAN_POINT('',(0.0319075919661475,0.00319301774019281,0.0136));
#4568=CARTESIAN_POINT('',(0.0313627528289041,0.00279589054682422,0.0149));
#4569=CARTESIAN_POINT('',(0.0313627528289041,0.00279589054682422,0.0136));
#4570=CARTESIAN_POINT('',(0.0321800115347693,0.00448125961136409,0.0149));
#4571=CARTESIAN_POINT('',(0.0321800115347693,0.00448125961136409,0.0149));
#4572=CARTESIAN_POINT('',(0.0321800115347693,0.00448125961136409,0.0149));
#4573=CARTESIAN_POINT('',(0.0321800115347693,0.0033915813368771,0.0149));
#4574=CARTESIAN_POINT('',(0.0313627528289041,0.00279589054682422,0.0149));
#4575=CARTESIAN_POINT('',(0.0313627528289041,0.00279589054682422,0.0149));
#4576=CARTESIAN_POINT('',(0.0313627528289041,0.00279589054682422,0.0149));
#4577=CARTESIAN_POINT('',(0.0316724030719041,0.00579522999734966,0.0149));
#4578=CARTESIAN_POINT('',(0.0316724030719041,0.00579522999734966,0.0136));
#4579=CARTESIAN_POINT('',(0.0320108087138142,0.00546408887726945,0.0149));
#4580=CARTESIAN_POINT('',(0.0320108087138142,0.00546408887726945,0.0136));
#4581=CARTESIAN_POINT('',(0.0321800115347693,0.00502609874860759,0.0149));
#4582=CARTESIAN_POINT('',(0.0321800115347693,0.00502609874860759,0.0136));
#4583=CARTESIAN_POINT('',(0.0321800115347693,0.00448125961136409,0.0149));
#4584=CARTESIAN_POINT('',(0.0321800115347693,0.00448125961136409,0.0136));
#4585=CARTESIAN_POINT('',(0.0316724030719041,0.00579522999734966,0.0149));
#4586=CARTESIAN_POINT('',(0.0316724030719041,0.00579522999734966,0.0149));
#4587=CARTESIAN_POINT('',(0.0316724030719041,0.00579522999734966,0.0149));
#4588=CARTESIAN_POINT('',(0.0321800115347693,0.00529851831722934,0.0149));
#4589=CARTESIAN_POINT('',(0.0321800115347693,0.00448125961136409,0.0149));
#4590=CARTESIAN_POINT('',(0.0301949809447455,0.00640635789629111,0.0149));
#4591=CARTESIAN_POINT('',(0.0301949809447455,0.00640635789629111,0.0136));
#4592=CARTESIAN_POINT('',(0.0308415233876078,0.00633008041707702,0.0149));
#4593=CARTESIAN_POINT('',(0.0308415233876078,0.00633008041707702,0.0136));
#4594=CARTESIAN_POINT('',(0.031333997429994,0.00612637111742987,0.0149));
#4595=CARTESIAN_POINT('',(0.031333997429994,0.00612637111742987,0.0136));
#4596=CARTESIAN_POINT('',(0.0316724030719041,0.00579522999734966,0.0149));
#4597=CARTESIAN_POINT('',(0.0316724030719041,0.00579522999734966,0.0136));
#4598=CARTESIAN_POINT('',(0.0301949809447455,0.00640635789629111,0.0149));
#4599=CARTESIAN_POINT('',(0.0301949809447455,0.00640635789629111,0.0149));
#4600=CARTESIAN_POINT('',(0.0301949809447455,0.00640635789629111,0.0149));
#4601=CARTESIAN_POINT('',(0.0311647946090389,0.00629194167746998,0.0149));
#4602=CARTESIAN_POINT('',(0.0316724030719041,0.00579522999734966,0.0149));
#4603=CARTESIAN_POINT('',(0.0313436834591005,0.00703837129549357,0.0149));
#4604=CARTESIAN_POINT('',(0.0313436834591005,0.00703837129549357,0.0136));
#4605=CARTESIAN_POINT('',(0.0310924520791493,0.0067259968568073,0.0149));
#4606=CARTESIAN_POINT('',(0.0310924520791493,0.0067259968568073,0.0136));
#4607=CARTESIAN_POINT('',(0.030709551241031,0.00651532572373981,0.0149));
#4608=CARTESIAN_POINT('',(0.030709551241031,0.00651532572373981,0.0136));
#4609=CARTESIAN_POINT('',(0.0301949809447455,0.00640635789629111,0.0149));
#4610=CARTESIAN_POINT('',(0.0301949809447455,0.00640635789629111,0.0136));
#4611=CARTESIAN_POINT('',(0.0313436834591005,0.00703837129549357,0.0149));
#4612=CARTESIAN_POINT('',(0.0313436834591005,0.00703837129549357,0.0149));
#4613=CARTESIAN_POINT('',(0.0313436834591005,0.00703837129549357,0.0149));
#4614=CARTESIAN_POINT('',(0.0309668363891738,0.00656980963746416,0.0149));
#4615=CARTESIAN_POINT('',(0.0301949809447455,0.00640635789629111,0.0149));
#4616=CARTESIAN_POINT('',(0.0317205305290273,0.00818798187507734,0.0149));
#4617=CARTESIAN_POINT('',(0.0317205305290273,0.00818798187507734,0.0136));
#4618=CARTESIAN_POINT('',(0.0317205305290273,0.00773394926070776,0.0149));
#4619=CARTESIAN_POINT('',(0.0317205305290273,0.00773394926070776,0.0136));
#4620=CARTESIAN_POINT('',(0.0315949148390517,0.00735074573417984,0.0149));
#4621=CARTESIAN_POINT('',(0.0315949148390517,0.00735074573417984,0.0136));
#4622=CARTESIAN_POINT('',(0.0313436834591005,0.00703837129549357,0.0149));
#4623=CARTESIAN_POINT('',(0.0313436834591005,0.00703837129549357,0.0136));
#4624=CARTESIAN_POINT('',(0.0317205305290273,0.00818798187507734,0.0149));
#4625=CARTESIAN_POINT('',(0.0317205305290273,0.00818798187507734,0.0149));
#4626=CARTESIAN_POINT('',(0.0317205305290273,0.00818798187507734,0.0149));
#4627=CARTESIAN_POINT('',(0.0317205305290273,0.00750693295352297,0.0149));
#4628=CARTESIAN_POINT('',(0.0313436834591005,0.00703837129549357,0.0149));
#4629=CARTESIAN_POINT('',(0.0309686525196313,0.00968901369818317,0.0149));
#4630=CARTESIAN_POINT('',(0.0309686525196313,0.00968901369818317,0.0136));
#4631=CARTESIAN_POINT('',(0.0314699045258953,0.00935060805627304,0.0149));
#4632=CARTESIAN_POINT('',(0.0314699045258953,0.00935060805627304,0.0136));
#4633=CARTESIAN_POINT('',(0.0317205305290273,0.00885026411523777,0.0149));
#4634=CARTESIAN_POINT('',(0.0317205305290273,0.00885026411523777,0.0136));
#4635=CARTESIAN_POINT('',(0.0317205305290273,0.00818798187507734,0.0149));
#4636=CARTESIAN_POINT('',(0.0317205305290273,0.00818798187507734,0.0136));
#4637=CARTESIAN_POINT('',(0.0309686525196313,0.00968901369818317,0.0149));
#4638=CARTESIAN_POINT('',(0.0309686525196313,0.00968901369818317,0.0149));
#4639=CARTESIAN_POINT('',(0.0309686525196313,0.00968901369818317,0.0149));
#4640=CARTESIAN_POINT('',(0.0317205305290273,0.00918140523531798,0.0149));
#4641=CARTESIAN_POINT('',(0.0317205305290273,0.00818798187507734,0.0149));
#4642=CARTESIAN_POINT('',(0.0287529733615077,0.0101966221610484,0.0149));
#4643=CARTESIAN_POINT('',(0.0287529733615077,0.0101966221610484,0.0136));
#4644=CARTESIAN_POINT('',(0.0297288407939927,0.0101966221610484,0.0149));
#4645=CARTESIAN_POINT('',(0.0297288407939927,0.0101966221610484,0.0136));
#4646=CARTESIAN_POINT('',(0.0304674005133672,0.0100274193400933,0.0149));
#4647=CARTESIAN_POINT('',(0.0304674005133672,0.0100274193400933,0.0136));
#4648=CARTESIAN_POINT('',(0.0309686525196313,0.00968901369818317,0.0149));
#4649=CARTESIAN_POINT('',(0.0309686525196313,0.00968901369818317,0.0136));
#4650=CARTESIAN_POINT('',(0.0287529733615077,0.0101966221610484,0.0149));
#4651=CARTESIAN_POINT('',(0.0287529733615077,0.0101966221610484,0.0149));
#4652=CARTESIAN_POINT('',(0.0287529733615077,0.0101966221610484,0.0149));
#4653=CARTESIAN_POINT('',(0.0302167745102352,0.0101966221610484,0.0149));
#4654=CARTESIAN_POINT('',(0.0309686525196313,0.00968901369818317,0.0149));
#4655=CARTESIAN_POINT('',(0.0269223138603695,0.0101966221610483,0.0149));
#4656=CARTESIAN_POINT('',(0.0250916543592314,0.0101966221610483,0.0149));
#4657=CARTESIAN_POINT('',(0.0250916543592314,0.0101966221610483,0.0149));
#4658=CARTESIAN_POINT('',(0.0269223138603695,0.0101966221610483,0.0149));
#4659=CARTESIAN_POINT('',(0.0250916543592314,0.00619841095890984,0.0149));
#4660=CARTESIAN_POINT('',(0.0250916543592314,0.00220019975677133,0.0149));
#4661=CARTESIAN_POINT('',(0.0250916543592314,0.00220019975677133,0.0149));
#4662=CARTESIAN_POINT('',(0.0250916543592314,0.00619841095890984,0.0149));
#4663=CARTESIAN_POINT('',(0.0270921220581437,0.00220019975677133,0.0149));
#4664=CARTESIAN_POINT('',(0.0290925897570562,0.00220019975677133,0.0149));
#4665=CARTESIAN_POINT('',(0.0290925897570562,0.00220019975677133,0.0149));
#4666=CARTESIAN_POINT('',(0.0270921220581437,0.00220019975677133,0.0149));
#4667=CARTESIAN_POINT('',(0.029691912808024,0.0087273726209484,0.0149));
#4668=CARTESIAN_POINT('',(0.029691912808024,0.0087273726209484,0.0136));
#4669=CARTESIAN_POINT('',(0.0294630803703817,0.00887871682573826,0.0149));
#4670=CARTESIAN_POINT('',(0.0294630803703817,0.00887871682573826,0.0136));
#4671=CARTESIAN_POINT('',(0.0291234639748333,0.00895438892813319,0.0149));
#4672=CARTESIAN_POINT('',(0.0291234639748333,0.00895438892813319,0.0136));
#4673=CARTESIAN_POINT('',(0.0286730636213786,0.00895438892813319,0.0149));
#4674=CARTESIAN_POINT('',(0.0286730636213786,0.00895438892813319,0.0136));
#4675=CARTESIAN_POINT('',(0.029691912808024,0.0087273726209484,0.0136));
#4676=CARTESIAN_POINT('',(0.0293486641515606,0.00895438892813319,0.0136));
#4677=CARTESIAN_POINT('',(0.0286730636213786,0.00895438892813319,0.0136));
#4678=CARTESIAN_POINT('',(0.029691912808024,0.0087273726209484,0.0149));
#4679=CARTESIAN_POINT('',(0.0293486641515606,0.00895438892813319,0.0149));
#4680=CARTESIAN_POINT('',(0.0286730636213786,0.00895438892813319,0.0149));
#4681=CARTESIAN_POINT('',(0.0313627528289041,0.00279589054682422,0.0149));
#4682=CARTESIAN_POINT('',(0.0313627528289041,0.00279589054682422,0.0136));
#4683=CARTESIAN_POINT('',(0.0308179136916606,0.00239876335345563,0.0149));
#4684=CARTESIAN_POINT('',(0.0308179136916606,0.00239876335345563,0.0136));
#4685=CARTESIAN_POINT('',(0.0300611926677113,0.00220019975677133,0.0149));
#4686=CARTESIAN_POINT('',(0.0300611926677113,0.00220019975677133,0.0136));
#4687=CARTESIAN_POINT('',(0.0290925897570562,0.00220019975677133,0.0149));
#4688=CARTESIAN_POINT('',(0.0290925897570562,0.00220019975677133,0.0136));
#4689=CARTESIAN_POINT('',(0.0313627528289041,0.00279589054682422,0.0149));
#4690=CARTESIAN_POINT('',(0.0305454941230388,0.00220019975677133,0.0149));
#4691=CARTESIAN_POINT('',(0.0290925897570562,0.00220019975677133,0.0149));
#4692=CARTESIAN_POINT('',(0.0278276548934225,0.00573620575748161,0.0149));
#4693=CARTESIAN_POINT('',(0.0278276548934225,0.00573620575748161,0.0136));
#4694=CARTESIAN_POINT('',(0.0278276548934225,0.00573620575748161,0.0149));
#4695=CARTESIAN_POINT('',(-0.000366441750526428,-0.010828666085685,0.0149));
#4696=CARTESIAN_POINT('',(-0.000366441750526428,-0.010828666085685,0.0136));
#4697=CARTESIAN_POINT('',(0.0200228342524094,0.00208578353795019,0.0149));
#4698=CARTESIAN_POINT('',(0.0200228342524094,0.00208578353795019,0.0136));
#4699=CARTESIAN_POINT('',(0.0189222591951776,0.00208578353795019,0.0149));
#4700=CARTESIAN_POINT('',(0.0189222591951776,0.00208578353795019,0.0136));
#4701=CARTESIAN_POINT('',(0.0180795746629076,0.00235457084565699,0.0149));
#4702=CARTESIAN_POINT('',(0.0180795746629076,0.00235457084565699,0.0136));
#4703=CARTESIAN_POINT('',(0.0174947806555996,0.00289214546107057,0.0149));
#4704=CARTESIAN_POINT('',(0.0174947806555996,0.00289214546107057,0.0136));
#4705=CARTESIAN_POINT('',(0.0200228342524094,0.00208578353795019,0.0149));
#4706=CARTESIAN_POINT('',(0.0200228342524094,0.00208578353795019,0.0149));
#4707=CARTESIAN_POINT('',(0.0200228342524094,0.00208578353795019,0.0149));
#4708=CARTESIAN_POINT('',(0.0183719716665617,0.00208578353795019,0.0149));
#4709=CARTESIAN_POINT('',(0.0174947806555996,0.00289214546107057,0.0149));
#4710=CARTESIAN_POINT('',(0.0174947806555996,0.00289214546107057,0.0149));
#4711=CARTESIAN_POINT('',(0.0174947806555996,0.00289214546107057,0.0149));
#4712=CARTESIAN_POINT('',(0.0226653040680404,0.0029230196788477,0.0149));
#4713=CARTESIAN_POINT('',(0.0226653040680404,0.0029230196788477,0.0136));
#4714=CARTESIAN_POINT('',(0.0220393444370295,0.0023648622515827,0.0149));
#4715=CARTESIAN_POINT('',(0.0220393444370295,0.0023648622515827,0.0136));
#4716=CARTESIAN_POINT('',(0.0211585211651525,0.00208578353795019,0.0149));
#4717=CARTESIAN_POINT('',(0.0211585211651525,0.00208578353795019,0.0136));
#4718=CARTESIAN_POINT('',(0.0200228342524094,0.00208578353795019,0.0149));
#4719=CARTESIAN_POINT('',(0.0200228342524094,0.00208578353795019,0.0136));
#4720=CARTESIAN_POINT('',(0.0226653040680404,0.0029230196788477,0.0149));
#4721=CARTESIAN_POINT('',(0.0226653040680404,0.0029230196788477,0.0149));
#4722=CARTESIAN_POINT('',(0.0226653040680404,0.0029230196788477,0.0149));
#4723=CARTESIAN_POINT('',(0.0217263646215241,0.00208578353795019,0.0149));
#4724=CARTESIAN_POINT('',(0.0200228342524094,0.00208578353795019,0.0149));
#4725=CARTESIAN_POINT('',(0.0236042435145567,0.00528217314311203,0.0149));
#4726=CARTESIAN_POINT('',(0.0236042435145567,0.00528217314311203,0.0136));
#4727=CARTESIAN_POINT('',(0.0236042435145567,0.00426756159420081,0.0149));
#4728=CARTESIAN_POINT('',(0.0236042435145567,0.00426756159420081,0.0136));
#4729=CARTESIAN_POINT('',(0.0232912636990512,0.0034811771061127,0.0149));
#4730=CARTESIAN_POINT('',(0.0232912636990512,0.0034811771061127,0.0136));
#4731=CARTESIAN_POINT('',(0.0226653040680404,0.0029230196788477,0.0149));
#4732=CARTESIAN_POINT('',(0.0226653040680404,0.0029230196788477,0.0136));
#4733=CARTESIAN_POINT('',(0.0236042435145567,0.00528217314311203,0.0149));
#4734=CARTESIAN_POINT('',(0.0236042435145567,0.00528217314311203,0.0149));
#4735=CARTESIAN_POINT('',(0.0236042435145567,0.00528217314311203,0.0149));
#4736=CARTESIAN_POINT('',(0.0236042435145567,0.0037602558197452,0.0149));
#4737=CARTESIAN_POINT('',(0.0226653040680404,0.0029230196788477,0.0149));
#4738=CARTESIAN_POINT('',(0.0236042435145567,0.00773939765208019,0.0149));
#4739=CARTESIAN_POINT('',(0.0236042435145567,0.0101966221610483,0.0149));
#4740=CARTESIAN_POINT('',(0.0236042435145567,0.0101966221610483,0.0149));
#4741=CARTESIAN_POINT('',(0.0236042435145567,0.00773939765208019,0.0149));
#4742=CARTESIAN_POINT('',(0.0227670073736592,0.0101966221610483,0.0149));
#4743=CARTESIAN_POINT('',(0.0219297712327617,0.0101966221610483,0.0149));
#4744=CARTESIAN_POINT('',(0.0219297712327617,0.0101966221610483,0.0149));
#4745=CARTESIAN_POINT('',(0.0227670073736592,0.0101966221610483,0.0149));
#4746=CARTESIAN_POINT('',(0.0219297712327617,0.00779024930488959,0.0149));
#4747=CARTESIAN_POINT('',(0.0219297712327617,0.00538387644873082,0.0149));
#4748=CARTESIAN_POINT('',(0.0219297712327617,0.00538387644873082,0.0149));
#4749=CARTESIAN_POINT('',(0.0219297712327617,0.00779024930488959,0.0149));
#4750=CARTESIAN_POINT('',(0.0214475885963012,0.00391099464771591,0.0149));
#4751=CARTESIAN_POINT('',(0.0214475885963012,0.00391099464771591,0.0136));
#4752=CARTESIAN_POINT('',(0.0217690436872748,0.00425363792736015,0.0149));
#4753=CARTESIAN_POINT('',(0.0217690436872748,0.00425363792736015,0.0136));
#4754=CARTESIAN_POINT('',(0.0219297712327616,0.00474459852769845,0.0149));
#4755=CARTESIAN_POINT('',(0.0219297712327616,0.00474459852769845,0.0136));
#4756=CARTESIAN_POINT('',(0.0219297712327617,0.00538387644873082,0.0149));
#4757=CARTESIAN_POINT('',(0.0219297712327617,0.00538387644873082,0.0136));
#4758=CARTESIAN_POINT('',(0.0214475885963012,0.00391099464771591,0.0149));
#4759=CARTESIAN_POINT('',(0.0214475885963012,0.00391099464771591,0.0149));
#4760=CARTESIAN_POINT('',(0.0214475885963012,0.00391099464771591,0.0149));
#4761=CARTESIAN_POINT('',(0.0219297712327617,0.00442495956718227,0.0149));
#4762=CARTESIAN_POINT('',(0.0219297712327617,0.00538387644873082,0.0149));
#4763=CARTESIAN_POINT('',(0.0200682375138464,0.00339702972824954,0.0149));
#4764=CARTESIAN_POINT('',(0.0200682375138464,0.00339702972824954,0.0136));
#4765=CARTESIAN_POINT('',(0.0206663498111759,0.00339702972824954,0.0149));
#4766=CARTESIAN_POINT('',(0.0206663498111759,0.00339702972824954,0.0136));
#4767=CARTESIAN_POINT('',(0.0211261335053275,0.00356835136807166,0.0149));
#4768=CARTESIAN_POINT('',(0.0211261335053275,0.00356835136807166,0.0136));
#4769=CARTESIAN_POINT('',(0.0214475885963012,0.00391099464771591,0.0149));
#4770=CARTESIAN_POINT('',(0.0214475885963012,0.00391099464771591,0.0136));
#4771=CARTESIAN_POINT('',(0.0200682375138464,0.00339702972824954,0.0149));
#4772=CARTESIAN_POINT('',(0.0200682375138464,0.00339702972824954,0.0149));
#4773=CARTESIAN_POINT('',(0.0200682375138464,0.00339702972824954,0.0149));
#4774=CARTESIAN_POINT('',(0.0209654059598407,0.00339702972824954,0.0149));
#4775=CARTESIAN_POINT('',(0.0214475885963012,0.00391099464771591,0.0149));
#4776=CARTESIAN_POINT('',(0.0187433703451159,0.00388829301699743,0.0149));
#4777=CARTESIAN_POINT('',(0.0187433703451159,0.00388829301699743,0.0136));
#4778=CARTESIAN_POINT('',(0.0190442426242382,0.00356078415783217,0.0149));
#4779=CARTESIAN_POINT('',(0.0190442426242382,0.00356078415783217,0.0136));
#4780=CARTESIAN_POINT('',(0.019485865013815,0.00339702972824954,0.0149));
#4781=CARTESIAN_POINT('',(0.019485865013815,0.00339702972824954,0.0136));
#4782=CARTESIAN_POINT('',(0.0200682375138464,0.00339702972824954,0.0149));
#4783=CARTESIAN_POINT('',(0.0200682375138464,0.00339702972824954,0.0136));
#4784=CARTESIAN_POINT('',(0.0187433703451159,0.00388829301699743,0.0149));
#4785=CARTESIAN_POINT('',(0.0187433703451159,0.00388829301699743,0.0149));
#4786=CARTESIAN_POINT('',(0.0187433703451159,0.00388829301699743,0.0149));
#4787=CARTESIAN_POINT('',(0.0191946787637993,0.00339702972824954,0.0149));
#4788=CARTESIAN_POINT('',(0.0200682375138464,0.00339702972824954,0.0149));
#4789=CARTESIAN_POINT('',(0.0182920619264326,0.00532757640454899,0.0149));
#4790=CARTESIAN_POINT('',(0.0182920619264326,0.00532757640454899,0.0136));
#4791=CARTESIAN_POINT('',(0.0182920619264326,0.00469556300534654,0.0149));
#4792=CARTESIAN_POINT('',(0.0182920619264326,0.00469556300534654,0.0136));
#4793=CARTESIAN_POINT('',(0.0184424980659937,0.00421580187616268,0.0149));
#4794=CARTESIAN_POINT('',(0.0184424980659937,0.00421580187616268,0.0136));
#4795=CARTESIAN_POINT('',(0.0187433703451159,0.00388829301699743,0.0149));
#4796=CARTESIAN_POINT('',(0.0187433703451159,0.00388829301699743,0.0136));
#4797=CARTESIAN_POINT('',(0.0182920619264326,0.00532757640454899,0.0149));
#4798=CARTESIAN_POINT('',(0.0182920619264326,0.00532757640454899,0.0149));
#4799=CARTESIAN_POINT('',(0.0182920619264326,0.00532757640454899,0.0149));
#4800=CARTESIAN_POINT('',(0.0182920619264326,0.00437955630574531,0.0149));
#4801=CARTESIAN_POINT('',(0.0187433703451159,0.00388829301699743,0.0149));
#4802=CARTESIAN_POINT('',(0.0182920619264326,0.00776209928279867,0.0149));
#4803=CARTESIAN_POINT('',(0.0182920619264326,0.0101966221610483,0.0149));
#4804=CARTESIAN_POINT('',(0.0182920619264326,0.0101966221610483,0.0149));
#4805=CARTESIAN_POINT('',(0.0182920619264326,0.00776209928279867,0.0149));
#4806=CARTESIAN_POINT('',(0.0174548257855351,0.0101966221610483,0.0149));
#4807=CARTESIAN_POINT('',(0.0166175896446376,0.0101966221610483,0.0149));
#4808=CARTESIAN_POINT('',(0.0166175896446376,0.0101966221610483,0.0149));
#4809=CARTESIAN_POINT('',(0.0174548257855351,0.0101966221610483,0.0149));
#4810=CARTESIAN_POINT('',(0.0166175896446376,0.00769671858632945,0.0149));
#4811=CARTESIAN_POINT('',(0.0166175896446376,0.00519681501161055,0.0149));
#4812=CARTESIAN_POINT('',(0.0166175896446376,0.00519681501161055,0.0149));
#4813=CARTESIAN_POINT('',(0.0166175896446376,0.00769671858632945,0.0149));
#4814=CARTESIAN_POINT('',(0.0174947806555996,0.00289214546107057,0.0149));
#4815=CARTESIAN_POINT('',(0.0174947806555996,0.00289214546107057,0.0136));
#4816=CARTESIAN_POINT('',(0.0169099866482916,0.00342972007648415,0.0149));
#4817=CARTESIAN_POINT('',(0.0169099866482916,0.00342972007648415,0.0136));
#4818=CARTESIAN_POINT('',(0.0166175896446376,0.00419794325999748,0.0149));
#4819=CARTESIAN_POINT('',(0.0166175896446376,0.00419794325999748,0.0136));
#4820=CARTESIAN_POINT('',(0.0166175896446376,0.00519681501161055,0.0149));
#4821=CARTESIAN_POINT('',(0.0166175896446376,0.00519681501161055,0.0136));
#4822=CARTESIAN_POINT('',(0.0174947806555996,0.00289214546107057,0.0149));
#4823=CARTESIAN_POINT('',(0.0166175896446376,0.00369850738419094,0.0149));
#4824=CARTESIAN_POINT('',(0.0166175896446376,0.00519681501161055,0.0149));
#4825=CARTESIAN_POINT('',(-0.000366441750526428,-0.010828666085685,0.0149));
#4826=CARTESIAN_POINT('',(0.00959824542648389,0.00619841095890984,0.0149));
#4827=CARTESIAN_POINT('',(0.00959824542648389,0.00220019975677133,0.0149));
#4828=CARTESIAN_POINT('',(0.00959824542648389,0.00220019975677133,0.0149));
#4829=CARTESIAN_POINT('',(0.00959824542648389,0.00619841095890984,0.0149));
#4830=CARTESIAN_POINT('',(0.00959824542648389,0.0101966221610483,0.0149));
#4831=CARTESIAN_POINT('',(0.00959824542648389,0.0101966221610483,0.0149));
#4832=CARTESIAN_POINT('',(0.012581239702892,0.00220019975677133,0.0149));
#4833=CARTESIAN_POINT('',(0.0155642339793001,0.00220019975677133,0.0149));
#4834=CARTESIAN_POINT('',(0.0155642339793001,0.00220019975677133,0.0149));
#4835=CARTESIAN_POINT('',(0.012581239702892,0.00220019975677133,0.0149));
#4836=CARTESIAN_POINT('',(0.0155642339793001,0.00284765026486235,0.0149));
#4837=CARTESIAN_POINT('',(0.0155642339793001,0.00349510077295337,0.0149));
#4838=CARTESIAN_POINT('',(0.0155642339793001,0.00349510077295337,0.0149));
#4839=CARTESIAN_POINT('',(0.0155642339793001,0.00284765026486235,0.0149));
#4840=CARTESIAN_POINT('',(0.0134184758437895,0.00349510077295337,0.0149));
#4841=CARTESIAN_POINT('',(0.0112727177082789,0.00349510077295337,0.0149));
#4842=CARTESIAN_POINT('',(0.0112727177082789,0.00349510077295337,0.0149));
#4843=CARTESIAN_POINT('',(0.0134184758437895,0.00349510077295337,0.0149));
#4844=CARTESIAN_POINT('',(0.0112727177082789,0.00684586146700086,0.0149));
#4845=CARTESIAN_POINT('',(0.0112727177082789,0.0101966221610483,0.0149));
#4846=CARTESIAN_POINT('',(0.0112727177082789,0.0101966221610483,0.0149));
#4847=CARTESIAN_POINT('',(0.0112727177082789,0.00684586146700086,0.0149));
#4848=CARTESIAN_POINT('',(0.0104354815673814,0.0101966221610483,0.0149));
#4849=CARTESIAN_POINT('',(0.0104354815673814,0.0101966221610483,0.0149));
#4850=CARTESIAN_POINT('',(-0.000366441750526428,-0.010828666085685,0.0149));
#4851=CARTESIAN_POINT('',(0.00493805467259453,0.00340429425007945,0.0149));
#4852=CARTESIAN_POINT('',(0.00493805467259453,0.00340429425007945,0.0136));
#4853=CARTESIAN_POINT('',(0.00594903396059079,0.00340429425007945,0.0149));
#4854=CARTESIAN_POINT('',(0.00594903396059079,0.00340429425007945,0.0136));
#4855=CARTESIAN_POINT('',(0.00665127107081574,0.0039109946477159,0.0149));
#4856=CARTESIAN_POINT('',(0.00665127107081574,0.0039109946477159,0.0136));
#4857=CARTESIAN_POINT('',(0.00704476600326938,0.0049243954429888,0.0149));
#4858=CARTESIAN_POINT('',(0.00704476600326938,0.0049243954429888,0.0136));
#4859=CARTESIAN_POINT('',(0.00493805467259453,0.00340429425007945,0.0149));
#4860=CARTESIAN_POINT('',(0.00493805467259453,0.00340429425007945,0.0149));
#4861=CARTESIAN_POINT('',(0.00493805467259453,0.00340429425007945,0.0149));
#4862=CARTESIAN_POINT('',(0.00645452360458892,0.00340429425007945,0.0149));
#4863=CARTESIAN_POINT('',(0.00704476600326938,0.0049243954429888,0.0149));
#4864=CARTESIAN_POINT('',(0.00704476600326938,0.0049243954429888,0.0149));
#4865=CARTESIAN_POINT('',(0.00704476600326938,0.0049243954429888,0.0149));
#4866=CARTESIAN_POINT('',(0.0031936613681866,0.00413074643307078,0.0149));
#4867=CARTESIAN_POINT('',(0.0031936613681866,0.00413074643307078,0.0136));
#4868=CARTESIAN_POINT('',(0.00359623695292763,0.00364644497774323,0.0149));
#4869=CARTESIAN_POINT('',(0.00359623695292763,0.00364644497774323,0.0136));
#4870=CARTESIAN_POINT('',(0.00417770138773027,0.00340429425007945,0.0149));
#4871=CARTESIAN_POINT('',(0.00417770138773027,0.00340429425007945,0.0136));
#4872=CARTESIAN_POINT('',(0.00493805467259453,0.00340429425007945,0.0149));
#4873=CARTESIAN_POINT('',(0.00493805467259453,0.00340429425007945,0.0136));
#4874=CARTESIAN_POINT('',(0.0031936613681866,0.00413074643307078,0.0149));
#4875=CARTESIAN_POINT('',(0.0031936613681866,0.00413074643307078,0.0149));
#4876=CARTESIAN_POINT('',(0.0031936613681866,0.00413074643307078,0.0149));
#4877=CARTESIAN_POINT('',(0.00379752474529815,0.00340429425007945,0.0149));
#4878=CARTESIAN_POINT('',(0.00493805467259453,0.00340429425007945,0.0149));
#4879=CARTESIAN_POINT('',(0.00258979799107506,0.00623564163328814,0.0149));
#4880=CARTESIAN_POINT('',(0.00258979799107506,0.00623564163328814,0.0136));
#4881=CARTESIAN_POINT('',(0.00258979799107506,0.00531667962180411,0.0149));
#4882=CARTESIAN_POINT('',(0.00258979799107506,0.00531667962180411,0.0136));
#4883=CARTESIAN_POINT('',(0.00279108578344558,0.00461504788839833,0.0149));
#4884=CARTESIAN_POINT('',(0.00279108578344558,0.00461504788839833,0.0136));
#4885=CARTESIAN_POINT('',(0.0031936613681866,0.00413074643307078,0.0149));
#4886=CARTESIAN_POINT('',(0.0031936613681866,0.00413074643307078,0.0136));
#4887=CARTESIAN_POINT('',(0.00258979799107506,0.00623564163328814,0.0149));
#4888=CARTESIAN_POINT('',(0.00258979799107506,0.00623564163328814,0.0149));
#4889=CARTESIAN_POINT('',(0.00258979799107506,0.00623564163328814,0.0149));
#4890=CARTESIAN_POINT('',(0.00258979799107506,0.0048571986160621,0.0149));
#4891=CARTESIAN_POINT('',(0.0031936613681866,0.00413074643307078,0.0149));
#4892=CARTESIAN_POINT('',(0.0031773161940693,0.00829604163729729,0.0149));
#4893=CARTESIAN_POINT('',(0.0031773161940693,0.00829604163729729,0.0136));
#4894=CARTESIAN_POINT('',(0.00278563739207314,0.00782687460244873,0.0149));
#4895=CARTESIAN_POINT('',(0.00278563739207314,0.00782687460244873,0.0136));
#4896=CARTESIAN_POINT('',(0.00258979799107506,0.00714007460111235,0.0149));
#4897=CARTESIAN_POINT('',(0.00258979799107506,0.00714007460111235,0.0136));
#4898=CARTESIAN_POINT('',(0.00258979799107506,0.00623564163328814,0.0149));
#4899=CARTESIAN_POINT('',(0.00258979799107506,0.00623564163328814,0.0136));
#4900=CARTESIAN_POINT('',(0.0031773161940693,0.00829604163729729,0.0149));
#4901=CARTESIAN_POINT('',(0.0031773161940693,0.00829604163729729,0.0149));
#4902=CARTESIAN_POINT('',(0.0031773161940693,0.00829604163729729,0.0149));
#4903=CARTESIAN_POINT('',(0.00258979799107506,0.00759229108502445,0.0149));
#4904=CARTESIAN_POINT('',(0.00258979799107506,0.00623564163328814,0.0149));
#4905=CARTESIAN_POINT('',(0.00489991593298749,0.00899979218957014,0.0149));
#4906=CARTESIAN_POINT('',(0.00489991593298749,0.00899979218957014,0.0136));
#4907=CARTESIAN_POINT('',(0.00414319490903819,0.00899979218957014,0.0149));
#4908=CARTESIAN_POINT('',(0.00414319490903819,0.00899979218957014,0.0136));
#4909=CARTESIAN_POINT('',(0.00356899499606546,0.00876520867214586,0.0149));
#4910=CARTESIAN_POINT('',(0.00356899499606546,0.00876520867214586,0.0136));
#4911=CARTESIAN_POINT('',(0.0031773161940693,0.00829604163729729,0.0149));
#4912=CARTESIAN_POINT('',(0.0031773161940693,0.00829604163729729,0.0136));
#4913=CARTESIAN_POINT('',(0.00489991593298749,0.00899979218957014,0.0149));
#4914=CARTESIAN_POINT('',(0.00489991593298749,0.00899979218957014,0.0149));
#4915=CARTESIAN_POINT('',(0.00489991593298749,0.00899979218957014,0.0149));
#4916=CARTESIAN_POINT('',(0.00376483439706354,0.00899979218957014,0.0149));
#4917=CARTESIAN_POINT('',(0.0031773161940693,0.00829604163729729,0.0149));
#4918=CARTESIAN_POINT('',(0.00619027662302583,0.00864473868513313,0.0149));
#4919=CARTESIAN_POINT('',(0.00619027662302583,0.00864473868513313,0.0136));
#4920=CARTESIAN_POINT('',(0.00582523440107269,0.00888144102142447,0.0149));
#4921=CARTESIAN_POINT('',(0.00582523440107269,0.00888144102142447,0.0136));
#4922=CARTESIAN_POINT('',(0.00539511417105991,0.00899979218957014,0.0149));
#4923=CARTESIAN_POINT('',(0.00539511417105991,0.00899979218957014,0.0136));
#4924=CARTESIAN_POINT('',(0.00489991593298749,0.00899979218957014,0.0149));
#4925=CARTESIAN_POINT('',(0.00489991593298749,0.00899979218957014,0.0136));
#4926=CARTESIAN_POINT('',(0.00619027662302583,0.00864473868513313,0.0149));
#4927=CARTESIAN_POINT('',(0.00619027662302583,0.00864473868513313,0.0149));
#4928=CARTESIAN_POINT('',(0.00619027662302583,0.00864473868513313,0.0149));
#4929=CARTESIAN_POINT('',(0.00564271329009612,0.00899979218957014,0.0149));
#4930=CARTESIAN_POINT('',(0.00489991593298749,0.00899979218957014,0.0149));
#4931=CARTESIAN_POINT('',(0.00692490139307581,0.0076885459992708,0.0149));
#4932=CARTESIAN_POINT('',(0.00692490139307581,0.0076885459992708,0.0136));
#4933=CARTESIAN_POINT('',(0.00680019376832897,0.00808930545355435,0.0149));
#4934=CARTESIAN_POINT('',(0.00680019376832897,0.00808930545355435,0.0136));
#4935=CARTESIAN_POINT('',(0.00655531884497898,0.00840803634884179,0.0149));
#4936=CARTESIAN_POINT('',(0.00655531884497898,0.00840803634884179,0.0136));
#4937=CARTESIAN_POINT('',(0.00619027662302583,0.00864473868513313,0.0149));
#4938=CARTESIAN_POINT('',(0.00619027662302583,0.00864473868513313,0.0136));
#4939=CARTESIAN_POINT('',(0.00692490139307581,0.0076885459992708,0.0149));
#4940=CARTESIAN_POINT('',(0.00692490139307581,0.0076885459992708,0.0149));
#4941=CARTESIAN_POINT('',(0.00692490139307581,0.0076885459992708,0.0149));
#4942=CARTESIAN_POINT('',(0.00673783995595555,0.00828968518069612,0.0149));
#4943=CARTESIAN_POINT('',(0.00619027662302583,0.00864473868513313,0.0149));
#4944=CARTESIAN_POINT('',(0.00766315842404075,0.00789013648005089,0.0149));
#4945=CARTESIAN_POINT('',(0.00840141545500568,0.00809172696083099,0.0149));
#4946=CARTESIAN_POINT('',(0.00840141545500568,0.00809172696083099,0.0149));
#4947=CARTESIAN_POINT('',(0.00766315842404075,0.00789013648005089,0.0149));
#4948=CARTESIAN_POINT('',(0.00715827415686177,0.00975167019896617,0.0149));
#4949=CARTESIAN_POINT('',(0.00715827415686177,0.00975167019896617,0.0136));
#4950=CARTESIAN_POINT('',(0.00774851655554222,0.009375125817449,0.0149));
#4951=CARTESIAN_POINT('',(0.00774851655554222,0.009375125817449,0.0136));
#4952=CARTESIAN_POINT('',(0.00816289698825686,0.00882181140473727,0.0149));
#4953=CARTESIAN_POINT('',(0.00816289698825686,0.00882181140473727,0.0136));
#4954=CARTESIAN_POINT('',(0.00840141545500568,0.00809172696083099,0.0149));
#4955=CARTESIAN_POINT('',(0.00840141545500568,0.00809172696083099,0.0136));
#4956=CARTESIAN_POINT('',(0.00715827415686177,0.00975167019896617,0.0149));
#4957=CARTESIAN_POINT('',(0.00715827415686177,0.00975167019896617,0.0149));
#4958=CARTESIAN_POINT('',(0.00715827415686177,0.00975167019896617,0.0149));
#4959=CARTESIAN_POINT('',(0.00804363775488245,0.00918685362669041,0.0149));
#4960=CARTESIAN_POINT('',(0.00840141545500568,0.00809172696083099,0.0149));
#4961=CARTESIAN_POINT('',(0.0048654094542954,0.0103164867712419,0.0149));
#4962=CARTESIAN_POINT('',(0.0048654094542954,0.0103164867712419,0.0136));
#4963=CARTESIAN_POINT('',(0.00580374352399253,0.0103164867712419,0.0149));
#4964=CARTESIAN_POINT('',(0.00580374352399253,0.0103164867712419,0.0136));
#4965=CARTESIAN_POINT('',(0.00656803175818132,0.0101282145804833,0.0149));
#4966=CARTESIAN_POINT('',(0.00656803175818132,0.0101282145804833,0.0136));
#4967=CARTESIAN_POINT('',(0.00715827415686177,0.00975167019896617,0.0149));
#4968=CARTESIAN_POINT('',(0.00715827415686177,0.00975167019896617,0.0136));
#4969=CARTESIAN_POINT('',(0.0048654094542954,0.0103164867712419,0.0149));
#4970=CARTESIAN_POINT('',(0.0048654094542954,0.0103164867712419,0.0149));
#4971=CARTESIAN_POINT('',(0.0048654094542954,0.0103164867712419,0.0149));
#4972=CARTESIAN_POINT('',(0.00627291055884109,0.0103164867712419,0.0149));
#4973=CARTESIAN_POINT('',(0.00715827415686177,0.00975167019896617,0.0149));
#4974=CARTESIAN_POINT('',(0.00191964585226557,0.00926040691021828,0.0149));
#4975=CARTESIAN_POINT('',(0.00191964585226557,0.00926040691021828,0.0136));
#4976=CARTESIAN_POINT('',(0.00259645713608582,0.0099644601509007,0.0149));
#4977=CARTESIAN_POINT('',(0.00259645713608582,0.0099644601509007,0.0136));
#4978=CARTESIAN_POINT('',(0.00357837833676243,0.0103164867712419,0.0149));
#4979=CARTESIAN_POINT('',(0.00357837833676243,0.0103164867712419,0.0136));
#4980=CARTESIAN_POINT('',(0.0048654094542954,0.0103164867712419,0.0149));
#4981=CARTESIAN_POINT('',(0.0048654094542954,0.0103164867712419,0.0136));
#4982=CARTESIAN_POINT('',(0.00191964585226557,0.00926040691021828,0.0149));
#4983=CARTESIAN_POINT('',(0.00191964585226557,0.00926040691021828,0.0149));
#4984=CARTESIAN_POINT('',(0.00191964585226557,0.00926040691021828,0.0149));
#4985=CARTESIAN_POINT('',(0.00293486277799595,0.0103164867712419,0.0149));
#4986=CARTESIAN_POINT('',(0.0048654094542954,0.0103164867712419,0.0149));
#4987=CARTESIAN_POINT('',(0.000904428926535195,0.00623564163328814,0.0149));
#4988=CARTESIAN_POINT('',(0.000904428926535195,0.00623564163328814,0.0136));
#4989=CARTESIAN_POINT('',(0.000904428926535195,0.00754809857722581,0.0149));
#4990=CARTESIAN_POINT('',(0.000904428926535195,0.00754809857722581,0.0136));
#4991=CARTESIAN_POINT('',(0.00124283456844532,0.00855635366953585,0.0149));
#4992=CARTESIAN_POINT('',(0.00124283456844532,0.00855635366953585,0.0136));
#4993=CARTESIAN_POINT('',(0.00191964585226557,0.00926040691021828,0.0149));
#4994=CARTESIAN_POINT('',(0.00191964585226557,0.00926040691021828,0.0136));
#4995=CARTESIAN_POINT('',(0.000904428926535195,0.00623564163328814,0.0149));
#4996=CARTESIAN_POINT('',(0.000904428926535195,0.00623564163328814,0.0149));
#4997=CARTESIAN_POINT('',(0.000904428926535195,0.00623564163328814,0.0149));
#4998=CARTESIAN_POINT('',(0.000904428926535195,0.00820432704919464,0.0149));
#4999=CARTESIAN_POINT('',(0.00191964585226557,0.00926040691021828,0.0149));
#5000=CARTESIAN_POINT('',(0.00195687652664388,0.00317909407335214,0.0149));
#5001=CARTESIAN_POINT('',(0.00195687652664388,0.00317909407335214,0.0136));
#5002=CARTESIAN_POINT('',(0.00125524479323809,0.0039079677636201,0.0149));
#5003=CARTESIAN_POINT('',(0.00125524479323809,0.0039079677636201,0.0136));
#5004=CARTESIAN_POINT('',(0.000904428926535195,0.00492681695026544,0.0149));
#5005=CARTESIAN_POINT('',(0.000904428926535195,0.00492681695026544,0.0136));
#5006=CARTESIAN_POINT('',(0.000904428926535195,0.00623564163328814,0.0149));
#5007=CARTESIAN_POINT('',(0.000904428926535195,0.00623564163328814,0.0136));
#5008=CARTESIAN_POINT('',(0.00195687652664388,0.00317909407335214,0.0149));
#5009=CARTESIAN_POINT('',(0.00195687652664388,0.00317909407335214,0.0149));
#5010=CARTESIAN_POINT('',(0.00195687652664388,0.00317909407335214,0.0149));
#5011=CARTESIAN_POINT('',(0.000904428926535195,0.00427240460875408,0.0149));
#5012=CARTESIAN_POINT('',(0.000904428926535195,0.00623564163328814,0.0149));
#5013=CARTESIAN_POINT('',(0.00493805467259453,0.00208578353795019,0.0149));
#5014=CARTESIAN_POINT('',(0.00493805467259453,0.00208578353795019,0.0136));
#5015=CARTESIAN_POINT('',(0.00365223430869988,0.00208578353795019,0.0149));
#5016=CARTESIAN_POINT('',(0.00365223430869988,0.00208578353795019,0.0136));
#5017=CARTESIAN_POINT('',(0.00265850826004967,0.00245022038308418,0.0149));
#5018=CARTESIAN_POINT('',(0.00265850826004967,0.00245022038308418,0.0136));
#5019=CARTESIAN_POINT('',(0.00195687652664388,0.00317909407335214,0.0149));
#5020=CARTESIAN_POINT('',(0.00195687652664388,0.00317909407335214,0.0136));
#5021=CARTESIAN_POINT('',(0.00493805467259453,0.00208578353795019,0.0149));
#5022=CARTESIAN_POINT('',(0.00493805467259453,0.00208578353795019,0.0149));
#5023=CARTESIAN_POINT('',(0.00493805467259453,0.00208578353795019,0.0149));
#5024=CARTESIAN_POINT('',(0.00300932412675256,0.00208578353795019,0.0149));
#5025=CARTESIAN_POINT('',(0.00195687652664388,0.00317909407335214,0.0149));
#5026=CARTESIAN_POINT('',(0.00712104348248347,0.00265060011022595,0.0149));
#5027=CARTESIAN_POINT('',(0.00712104348248347,0.00265060011022595,0.0136));
#5028=CARTESIAN_POINT('',(0.00651324515604739,0.00227405572870878,0.0149));
#5029=CARTESIAN_POINT('',(0.00651324515604739,0.00227405572870878,0.0136));
#5030=CARTESIAN_POINT('',(0.00578558221941774,0.00208578353795019,0.0149));
#5031=CARTESIAN_POINT('',(0.00578558221941774,0.00208578353795019,0.0136));
#5032=CARTESIAN_POINT('',(0.00493805467259453,0.00208578353795019,0.0149));
#5033=CARTESIAN_POINT('',(0.00493805467259453,0.00208578353795019,0.0136));
#5034=CARTESIAN_POINT('',(0.00712104348248347,0.00265060011022595,0.0149));
#5035=CARTESIAN_POINT('',(0.00712104348248347,0.00265060011022595,0.0149));
#5036=CARTESIAN_POINT('',(0.00712104348248347,0.00265060011022595,0.0149));
#5037=CARTESIAN_POINT('',(0.00620934599282935,0.00208578353795019,0.0149));
#5038=CARTESIAN_POINT('',(0.00493805467259453,0.00208578353795019,0.0149));
#5039=CARTESIAN_POINT('',(0.00850311876062446,0.00437410791437287,0.0149));
#5040=CARTESIAN_POINT('',(0.00850311876062446,0.00437410791437287,0.0136));
#5041=CARTESIAN_POINT('',(0.00818953356829987,0.00360164709312543,0.0149));
#5042=CARTESIAN_POINT('',(0.00818953356829987,0.00360164709312543,0.0136));
#5043=CARTESIAN_POINT('',(0.00772884180891954,0.00302714449174312,0.0149));
#5044=CARTESIAN_POINT('',(0.00772884180891954,0.00302714449174312,0.0136));
#5045=CARTESIAN_POINT('',(0.00712104348248347,0.00265060011022595,0.0149));
#5046=CARTESIAN_POINT('',(0.00712104348248347,0.00265060011022595,0.0136));
#5047=CARTESIAN_POINT('',(0.00850311876062446,0.00437410791437287,0.0149));
#5048=CARTESIAN_POINT('',(0.00850311876062446,0.00437410791437287,0.0149));
#5049=CARTESIAN_POINT('',(0.00850311876062446,0.00437410791437287,0.0149));
#5050=CARTESIAN_POINT('',(0.00803274097213758,0.0032154166825017,0.0149));
#5051=CARTESIAN_POINT('',(0.00712104348248347,0.00265060011022595,0.0149));
#5052=CARTESIAN_POINT('',(0.00777394238194692,0.00464925167868084,0.0149));
#5053=CARTESIAN_POINT('',(0.00777394238194692,0.00464925167868084,0.0149));
#5054=CARTESIAN_POINT('',(-0.000366441750526428,-0.010828666085685,0.0149));
#5055=CARTESIAN_POINT('',(-0.00309196614514585,0.00403630764928191,0.0149));
#5056=CARTESIAN_POINT('',(-0.00165631501850923,0.00220019975677132,0.0149));
#5057=CARTESIAN_POINT('',(-0.00165631501850923,0.00220019975677132,0.0149));
#5058=CARTESIAN_POINT('',(-0.00309196614514585,0.00403630764928191,0.0149));
#5059=CARTESIAN_POINT('',(-0.00452761727178245,0.00587241554179248,0.0149));
#5060=CARTESIAN_POINT('',(-0.00452761727178245,0.00587241554179248,0.0149));
#5061=CARTESIAN_POINT('',(-0.000668340049641031,0.00220019975677132,0.0149));
#5062=CARTESIAN_POINT('',(0.000319634919227173,0.00220019975677132,0.0149));
#5063=CARTESIAN_POINT('',(0.000319634919227173,0.00220019975677132,0.0149));
#5064=CARTESIAN_POINT('',(-0.000668340049641031,0.00220019975677132,0.0149));
#5065=CARTESIAN_POINT('',(-0.00152827782125701,0.00450759350299753,0.0149));
#5066=CARTESIAN_POINT('',(-0.0033761905617412,0.00681498724922373,0.0149));
#5067=CARTESIAN_POINT('',(-0.0033761905617412,0.00681498724922373,0.0149));
#5068=CARTESIAN_POINT('',(-0.00152827782125701,0.00450759350299753,0.0149));
#5069=CARTESIAN_POINT('',(-0.00166811986648284,0.00850580470513604,0.0149));
#5070=CARTESIAN_POINT('',(3.99508287755171E-5,0.0101966221610483,0.0149));
#5071=CARTESIAN_POINT('',(3.99508287755171E-5,0.0101966221610483,0.0149));
#5072=CARTESIAN_POINT('',(-0.00166811986648284,0.00850580470513604,0.0149));
#5073=CARTESIAN_POINT('',(-0.000936219292119079,0.0101966221610483,0.0149));
#5074=CARTESIAN_POINT('',(-0.00191238941301368,0.0101966221610483,0.0149));
#5075=CARTESIAN_POINT('',(-0.00191238941301368,0.0101966221610483,0.0149));
#5076=CARTESIAN_POINT('',(-0.000936219292119079,0.0101966221610483,0.0149));
#5077=CARTESIAN_POINT('',(-0.00371399082683217,0.00838321589925625,0.0149));
#5078=CARTESIAN_POINT('',(-0.00551559224065066,0.00656980963746415,0.0149));
#5079=CARTESIAN_POINT('',(-0.00551559224065066,0.00656980963746415,0.0149));
#5080=CARTESIAN_POINT('',(-0.00371399082683217,0.00838321589925625,0.0149));
#5081=CARTESIAN_POINT('',(-0.00551559224065066,0.00838321589925625,0.0149));
#5082=CARTESIAN_POINT('',(-0.00551559224065066,0.0101966221610483,0.0149));
#5083=CARTESIAN_POINT('',(-0.00551559224065066,0.0101966221610483,0.0149));
#5084=CARTESIAN_POINT('',(-0.00551559224065066,0.00838321589925625,0.0149));
#5085=CARTESIAN_POINT('',(-0.00635282838154816,0.0101966221610483,0.0149));
#5086=CARTESIAN_POINT('',(-0.00719006452244566,0.0101966221610483,0.0149));
#5087=CARTESIAN_POINT('',(-0.00719006452244566,0.0101966221610483,0.0149));
#5088=CARTESIAN_POINT('',(-0.00635282838154816,0.0101966221610483,0.0149));
#5089=CARTESIAN_POINT('',(-0.00719006452244566,0.00619841095890984,0.0149));
#5090=CARTESIAN_POINT('',(-0.00719006452244566,0.00220019975677132,0.0149));
#5091=CARTESIAN_POINT('',(-0.00719006452244566,0.00220019975677132,0.0149));
#5092=CARTESIAN_POINT('',(-0.00719006452244566,0.00619841095890984,0.0149));
#5093=CARTESIAN_POINT('',(-0.00635282838154816,0.00220019975677132,0.0149));
#5094=CARTESIAN_POINT('',(-0.00551559224065066,0.00220019975677132,0.0149));
#5095=CARTESIAN_POINT('',(-0.00551559224065066,0.00220019975677132,0.0149));
#5096=CARTESIAN_POINT('',(-0.00635282838154816,0.00220019975677132,0.0149));
#5097=CARTESIAN_POINT('',(-0.00551559224065066,0.00365855251412641,0.0149));
#5098=CARTESIAN_POINT('',(-0.00551559224065066,0.0051169052714815,0.0149));
#5099=CARTESIAN_POINT('',(-0.00551559224065066,0.0051169052714815,0.0149));
#5100=CARTESIAN_POINT('',(-0.00551559224065066,0.00365855251412641,0.0149));
#5101=CARTESIAN_POINT('',(-0.00502160475621655,0.00549466040663699,0.0149));
#5102=CARTESIAN_POINT('',(-0.00502160475621655,0.00549466040663699,0.0149));
#5103=CARTESIAN_POINT('',(-0.000366441750526428,-0.010828666085685,0.0149));
#5104=CARTESIAN_POINT('',(-0.011850255276335,0.00340429425007944,0.0149));
#5105=CARTESIAN_POINT('',(-0.011850255276335,0.00340429425007944,0.0136));
#5106=CARTESIAN_POINT('',(-0.0108392759883388,0.00340429425007945,0.0149));
#5107=CARTESIAN_POINT('',(-0.0108392759883388,0.00340429425007945,0.0136));
#5108=CARTESIAN_POINT('',(-0.0101370388781138,0.0039109946477159,0.0149));
#5109=CARTESIAN_POINT('',(-0.0101370388781138,0.0039109946477159,0.0136));
#5110=CARTESIAN_POINT('',(-0.00974354394566017,0.0049243954429888,0.0149));
#5111=CARTESIAN_POINT('',(-0.00974354394566017,0.0049243954429888,0.0136));
#5112=CARTESIAN_POINT('',(-0.011850255276335,0.00340429425007944,0.0149));
#5113=CARTESIAN_POINT('',(-0.011850255276335,0.00340429425007944,0.0149));
#5114=CARTESIAN_POINT('',(-0.011850255276335,0.00340429425007944,0.0149));
#5115=CARTESIAN_POINT('',(-0.0103337863443406,0.00340429425007945,0.0149));
#5116=CARTESIAN_POINT('',(-0.00974354394566017,0.0049243954429888,0.0149));
#5117=CARTESIAN_POINT('',(-0.00974354394566017,0.0049243954429888,0.0149));
#5118=CARTESIAN_POINT('',(-0.00974354394566017,0.0049243954429888,0.0149));
#5119=CARTESIAN_POINT('',(-0.0135946485807429,0.00413074643307078,0.0149));
#5120=CARTESIAN_POINT('',(-0.0135946485807429,0.00413074643307078,0.0136));
#5121=CARTESIAN_POINT('',(-0.0131920729960019,0.00364644497774322,0.0149));
#5122=CARTESIAN_POINT('',(-0.0131920729960019,0.00364644497774322,0.0136));
#5123=CARTESIAN_POINT('',(-0.0126106085611993,0.00340429425007944,0.0149));
#5124=CARTESIAN_POINT('',(-0.0126106085611993,0.00340429425007944,0.0136));
#5125=CARTESIAN_POINT('',(-0.011850255276335,0.00340429425007944,0.0149));
#5126=CARTESIAN_POINT('',(-0.011850255276335,0.00340429425007944,0.0136));
#5127=CARTESIAN_POINT('',(-0.0135946485807429,0.00413074643307078,0.0149));
#5128=CARTESIAN_POINT('',(-0.0135946485807429,0.00413074643307078,0.0149));
#5129=CARTESIAN_POINT('',(-0.0135946485807429,0.00413074643307078,0.0149));
#5130=CARTESIAN_POINT('',(-0.0129907852036314,0.00340429425007944,0.0149));
#5131=CARTESIAN_POINT('',(-0.011850255276335,0.00340429425007944,0.0149));
#5132=CARTESIAN_POINT('',(-0.0141985119578545,0.00623564163328814,0.0149));
#5133=CARTESIAN_POINT('',(-0.0141985119578545,0.00623564163328814,0.0136));
#5134=CARTESIAN_POINT('',(-0.0141985119578545,0.00531667962180411,0.0149));
#5135=CARTESIAN_POINT('',(-0.0141985119578545,0.00531667962180411,0.0136));
#5136=CARTESIAN_POINT('',(-0.013997224165484,0.00461504788839833,0.0149));
#5137=CARTESIAN_POINT('',(-0.013997224165484,0.00461504788839833,0.0136));
#5138=CARTESIAN_POINT('',(-0.0135946485807429,0.00413074643307078,0.0149));
#5139=CARTESIAN_POINT('',(-0.0135946485807429,0.00413074643307078,0.0136));
#5140=CARTESIAN_POINT('',(-0.0141985119578545,0.00623564163328814,0.0149));
#5141=CARTESIAN_POINT('',(-0.0141985119578545,0.00623564163328814,0.0149));
#5142=CARTESIAN_POINT('',(-0.0141985119578545,0.00623564163328814,0.0149));
#5143=CARTESIAN_POINT('',(-0.0141985119578545,0.0048571986160621,0.0149));
#5144=CARTESIAN_POINT('',(-0.0135946485807429,0.00413074643307078,0.0149));
#5145=CARTESIAN_POINT('',(-0.0136109937548602,0.00829604163729729,0.0149));
#5146=CARTESIAN_POINT('',(-0.0136109937548602,0.00829604163729729,0.0136));
#5147=CARTESIAN_POINT('',(-0.0140026725568564,0.00782687460244872,0.0149));
#5148=CARTESIAN_POINT('',(-0.0140026725568564,0.00782687460244872,0.0136));
#5149=CARTESIAN_POINT('',(-0.0141985119578545,0.00714007460111234,0.0149));
#5150=CARTESIAN_POINT('',(-0.0141985119578545,0.00714007460111234,0.0136));
#5151=CARTESIAN_POINT('',(-0.0141985119578545,0.00623564163328814,0.0149));
#5152=CARTESIAN_POINT('',(-0.0141985119578545,0.00623564163328814,0.0136));
#5153=CARTESIAN_POINT('',(-0.0136109937548602,0.00829604163729729,0.0149));
#5154=CARTESIAN_POINT('',(-0.0136109937548602,0.00829604163729729,0.0149));
#5155=CARTESIAN_POINT('',(-0.0136109937548602,0.00829604163729729,0.0149));
#5156=CARTESIAN_POINT('',(-0.0141985119578545,0.00759229108502444,0.0149));
#5157=CARTESIAN_POINT('',(-0.0141985119578545,0.00623564163328814,0.0149));
#5158=CARTESIAN_POINT('',(-0.0118883940159421,0.00899979218957014,0.0149));
#5159=CARTESIAN_POINT('',(-0.0118883940159421,0.00899979218957014,0.0136));
#5160=CARTESIAN_POINT('',(-0.0126451150398914,0.00899979218957014,0.0149));
#5161=CARTESIAN_POINT('',(-0.0126451150398914,0.00899979218957014,0.0136));
#5162=CARTESIAN_POINT('',(-0.0132193149528641,0.00876520867214586,0.0149));
#5163=CARTESIAN_POINT('',(-0.0132193149528641,0.00876520867214586,0.0136));
#5164=CARTESIAN_POINT('',(-0.0136109937548602,0.00829604163729729,0.0149));
#5165=CARTESIAN_POINT('',(-0.0136109937548602,0.00829604163729729,0.0136));
#5166=CARTESIAN_POINT('',(-0.0118883940159421,0.00899979218957014,0.0149));
#5167=CARTESIAN_POINT('',(-0.0118883940159421,0.00899979218957014,0.0149));
#5168=CARTESIAN_POINT('',(-0.0118883940159421,0.00899979218957014,0.0149));
#5169=CARTESIAN_POINT('',(-0.013023475551866,0.00899979218957014,0.0149));
#5170=CARTESIAN_POINT('',(-0.0136109937548602,0.00829604163729729,0.0149));
#5171=CARTESIAN_POINT('',(-0.0105980333259037,0.00864473868513313,0.0149));
#5172=CARTESIAN_POINT('',(-0.0105980333259037,0.00864473868513313,0.0136));
#5173=CARTESIAN_POINT('',(-0.0109630755478569,0.00888144102142447,0.0149));
#5174=CARTESIAN_POINT('',(-0.0109630755478569,0.00888144102142447,0.0136));
#5175=CARTESIAN_POINT('',(-0.0113931957778696,0.00899979218957014,0.0149));
#5176=CARTESIAN_POINT('',(-0.0113931957778696,0.00899979218957014,0.0136));
#5177=CARTESIAN_POINT('',(-0.0118883940159421,0.00899979218957014,0.0149));
#5178=CARTESIAN_POINT('',(-0.0118883940159421,0.00899979218957014,0.0136));
#5179=CARTESIAN_POINT('',(-0.0105980333259037,0.00864473868513313,0.0149));
#5180=CARTESIAN_POINT('',(-0.0105980333259037,0.00864473868513313,0.0149));
#5181=CARTESIAN_POINT('',(-0.0105980333259037,0.00864473868513313,0.0149));
#5182=CARTESIAN_POINT('',(-0.0111455966588334,0.00899979218957014,0.0149));
#5183=CARTESIAN_POINT('',(-0.0118883940159421,0.00899979218957014,0.0149));
#5184=CARTESIAN_POINT('',(-0.00986340855585374,0.00768854599927079,0.0149));
#5185=CARTESIAN_POINT('',(-0.00986340855585374,0.00768854599927079,0.0136));
#5186=CARTESIAN_POINT('',(-0.00998811618060058,0.00808930545355434,0.0149));
#5187=CARTESIAN_POINT('',(-0.00998811618060058,0.00808930545355434,0.0136));
#5188=CARTESIAN_POINT('',(-0.0102329911039506,0.00840803634884179,0.0149));
#5189=CARTESIAN_POINT('',(-0.0102329911039506,0.00840803634884179,0.0136));
#5190=CARTESIAN_POINT('',(-0.0105980333259037,0.00864473868513313,0.0149));
#5191=CARTESIAN_POINT('',(-0.0105980333259037,0.00864473868513313,0.0136));
#5192=CARTESIAN_POINT('',(-0.00986340855585374,0.00768854599927079,0.0149));
#5193=CARTESIAN_POINT('',(-0.00986340855585374,0.00768854599927079,0.0149));
#5194=CARTESIAN_POINT('',(-0.00986340855585374,0.00768854599927079,0.0149));
#5195=CARTESIAN_POINT('',(-0.010050469992974,0.00828968518069612,0.0149));
#5196=CARTESIAN_POINT('',(-0.0105980333259037,0.00864473868513313,0.0149));
#5197=CARTESIAN_POINT('',(-0.00912515152488881,0.00789013648005089,0.0149));
#5198=CARTESIAN_POINT('',(-0.00838689449392387,0.00809172696083098,0.0149));
#5199=CARTESIAN_POINT('',(-0.00838689449392387,0.00809172696083098,0.0149));
#5200=CARTESIAN_POINT('',(-0.00912515152488881,0.00789013648005089,0.0149));
#5201=CARTESIAN_POINT('',(-0.00963003579206778,0.00975167019896616,0.0149));
#5202=CARTESIAN_POINT('',(-0.00963003579206778,0.00975167019896616,0.0136));
#5203=CARTESIAN_POINT('',(-0.00903979339338733,0.00937512581744899,0.0149));
#5204=CARTESIAN_POINT('',(-0.00903979339338733,0.00937512581744899,0.0136));
#5205=CARTESIAN_POINT('',(-0.00862541296067269,0.00882181140473727,0.0149));
#5206=CARTESIAN_POINT('',(-0.00862541296067269,0.00882181140473727,0.0136));
#5207=CARTESIAN_POINT('',(-0.00838689449392387,0.00809172696083098,0.0149));
#5208=CARTESIAN_POINT('',(-0.00838689449392387,0.00809172696083098,0.0136));
#5209=CARTESIAN_POINT('',(-0.00963003579206778,0.00975167019896616,0.0149));
#5210=CARTESIAN_POINT('',(-0.00963003579206778,0.00975167019896616,0.0149));
#5211=CARTESIAN_POINT('',(-0.00963003579206778,0.00975167019896616,0.0149));
#5212=CARTESIAN_POINT('',(-0.0087446721940471,0.00918685362669041,0.0149));
#5213=CARTESIAN_POINT('',(-0.00838689449392387,0.00809172696083098,0.0149));
#5214=CARTESIAN_POINT('',(-0.0119229004946341,0.0103164867712419,0.0149));
#5215=CARTESIAN_POINT('',(-0.0119229004946341,0.0103164867712419,0.0136));
#5216=CARTESIAN_POINT('',(-0.010984566424937,0.0103164867712419,0.0149));
#5217=CARTESIAN_POINT('',(-0.010984566424937,0.0103164867712419,0.0136));
#5218=CARTESIAN_POINT('',(-0.0102202781907482,0.0101282145804833,0.0149));
#5219=CARTESIAN_POINT('',(-0.0102202781907482,0.0101282145804833,0.0136));
#5220=CARTESIAN_POINT('',(-0.00963003579206778,0.00975167019896616,0.0149));
#5221=CARTESIAN_POINT('',(-0.00963003579206778,0.00975167019896616,0.0136));
#5222=CARTESIAN_POINT('',(-0.0119229004946341,0.0103164867712419,0.0149));
#5223=CARTESIAN_POINT('',(-0.0119229004946341,0.0103164867712419,0.0149));
#5224=CARTESIAN_POINT('',(-0.0119229004946341,0.0103164867712419,0.0149));
#5225=CARTESIAN_POINT('',(-0.0105153993900885,0.0103164867712419,0.0149));
#5226=CARTESIAN_POINT('',(-0.00963003579206778,0.00975167019896616,0.0149));
#5227=CARTESIAN_POINT('',(-0.014868664096664,0.00926040691021828,0.0149));
#5228=CARTESIAN_POINT('',(-0.014868664096664,0.00926040691021828,0.0136));
#5229=CARTESIAN_POINT('',(-0.0141918528128437,0.0099644601509007,0.0149));
#5230=CARTESIAN_POINT('',(-0.0141918528128437,0.0099644601509007,0.0136));
#5231=CARTESIAN_POINT('',(-0.0132099316121671,0.0103164867712419,0.0149));
#5232=CARTESIAN_POINT('',(-0.0132099316121671,0.0103164867712419,0.0136));
#5233=CARTESIAN_POINT('',(-0.0119229004946341,0.0103164867712419,0.0149));
#5234=CARTESIAN_POINT('',(-0.0119229004946341,0.0103164867712419,0.0136));
#5235=CARTESIAN_POINT('',(-0.014868664096664,0.00926040691021828,0.0149));
#5236=CARTESIAN_POINT('',(-0.014868664096664,0.00926040691021828,0.0149));
#5237=CARTESIAN_POINT('',(-0.014868664096664,0.00926040691021828,0.0149));
#5238=CARTESIAN_POINT('',(-0.0138534471709336,0.0103164867712419,0.0149));
#5239=CARTESIAN_POINT('',(-0.0119229004946341,0.0103164867712419,0.0149));
#5240=CARTESIAN_POINT('',(-0.0158838810223943,0.00623564163328814,0.0149));
#5241=CARTESIAN_POINT('',(-0.0158838810223943,0.00623564163328814,0.0136));
#5242=CARTESIAN_POINT('',(-0.0158838810223943,0.00754809857722581,0.0149));
#5243=CARTESIAN_POINT('',(-0.0158838810223943,0.00754809857722581,0.0136));
#5244=CARTESIAN_POINT('',(-0.0155454753804842,0.00855635366953585,0.0149));
#5245=CARTESIAN_POINT('',(-0.0155454753804842,0.00855635366953585,0.0136));
#5246=CARTESIAN_POINT('',(-0.014868664096664,0.00926040691021828,0.0149));
#5247=CARTESIAN_POINT('',(-0.014868664096664,0.00926040691021828,0.0136));
#5248=CARTESIAN_POINT('',(-0.0158838810223943,0.00623564163328814,0.0149));
#5249=CARTESIAN_POINT('',(-0.0158838810223943,0.00623564163328814,0.0149));
#5250=CARTESIAN_POINT('',(-0.0158838810223943,0.00623564163328814,0.0149));
#5251=CARTESIAN_POINT('',(-0.0158838810223943,0.00820432704919464,0.0149));
#5252=CARTESIAN_POINT('',(-0.014868664096664,0.00926040691021828,0.0149));
#5253=CARTESIAN_POINT('',(-0.0148314334222857,0.00317909407335214,0.0149));
#5254=CARTESIAN_POINT('',(-0.0148314334222857,0.00317909407335214,0.0136));
#5255=CARTESIAN_POINT('',(-0.0155330651556915,0.0039079677636201,0.0149));
#5256=CARTESIAN_POINT('',(-0.0155330651556915,0.0039079677636201,0.0136));
#5257=CARTESIAN_POINT('',(-0.0158838810223943,0.00492681695026543,0.0149));
#5258=CARTESIAN_POINT('',(-0.0158838810223943,0.00492681695026543,0.0136));
#5259=CARTESIAN_POINT('',(-0.0158838810223943,0.00623564163328814,0.0149));
#5260=CARTESIAN_POINT('',(-0.0158838810223943,0.00623564163328814,0.0136));
#5261=CARTESIAN_POINT('',(-0.0148314334222857,0.00317909407335214,0.0149));
#5262=CARTESIAN_POINT('',(-0.0148314334222857,0.00317909407335214,0.0149));
#5263=CARTESIAN_POINT('',(-0.0148314334222857,0.00317909407335214,0.0149));
#5264=CARTESIAN_POINT('',(-0.0158838810223943,0.00427240460875408,0.0149));
#5265=CARTESIAN_POINT('',(-0.0158838810223943,0.00623564163328814,0.0149));
#5266=CARTESIAN_POINT('',(-0.011850255276335,0.00208578353795019,0.0149));
#5267=CARTESIAN_POINT('',(-0.011850255276335,0.00208578353795019,0.0136));
#5268=CARTESIAN_POINT('',(-0.0131360756402297,0.00208578353795019,0.0149));
#5269=CARTESIAN_POINT('',(-0.0131360756402297,0.00208578353795019,0.0136));
#5270=CARTESIAN_POINT('',(-0.0141298016888799,0.00245022038308417,0.0149));
#5271=CARTESIAN_POINT('',(-0.0141298016888799,0.00245022038308417,0.0136));
#5272=CARTESIAN_POINT('',(-0.0148314334222857,0.00317909407335214,0.0149));
#5273=CARTESIAN_POINT('',(-0.0148314334222857,0.00317909407335214,0.0136));
#5274=CARTESIAN_POINT('',(-0.011850255276335,0.00208578353795019,0.0149));
#5275=CARTESIAN_POINT('',(-0.011850255276335,0.00208578353795019,0.0149));
#5276=CARTESIAN_POINT('',(-0.011850255276335,0.00208578353795019,0.0149));
#5277=CARTESIAN_POINT('',(-0.013778985822177,0.00208578353795019,0.0149));
#5278=CARTESIAN_POINT('',(-0.0148314334222857,0.00317909407335214,0.0149));
#5279=CARTESIAN_POINT('',(-0.00966726646644608,0.00265060011022595,0.0149));
#5280=CARTESIAN_POINT('',(-0.00966726646644608,0.00265060011022595,0.0136));
#5281=CARTESIAN_POINT('',(-0.0102750647928822,0.00227405572870877,0.0149));
#5282=CARTESIAN_POINT('',(-0.0102750647928822,0.00227405572870877,0.0136));
#5283=CARTESIAN_POINT('',(-0.0110027277295118,0.00208578353795019,0.0149));
#5284=CARTESIAN_POINT('',(-0.0110027277295118,0.00208578353795019,0.0136));
#5285=CARTESIAN_POINT('',(-0.011850255276335,0.00208578353795019,0.0149));
#5286=CARTESIAN_POINT('',(-0.011850255276335,0.00208578353795019,0.0136));
#5287=CARTESIAN_POINT('',(-0.00966726646644608,0.00265060011022595,0.0149));
#5288=CARTESIAN_POINT('',(-0.00966726646644608,0.00265060011022595,0.0149));
#5289=CARTESIAN_POINT('',(-0.00966726646644608,0.00265060011022595,0.0149));
#5290=CARTESIAN_POINT('',(-0.0105789639561002,0.00208578353795019,0.0149));
#5291=CARTESIAN_POINT('',(-0.011850255276335,0.00208578353795019,0.0149));
#5292=CARTESIAN_POINT('',(-0.00828519118830508,0.00437410791437287,0.0149));
#5293=CARTESIAN_POINT('',(-0.00828519118830508,0.00437410791437287,0.0136));
#5294=CARTESIAN_POINT('',(-0.00859877638062967,0.00360164709312543,0.0149));
#5295=CARTESIAN_POINT('',(-0.00859877638062967,0.00360164709312543,0.0136));
#5296=CARTESIAN_POINT('',(-0.00905946814001001,0.00302714449174312,0.0149));
#5297=CARTESIAN_POINT('',(-0.00905946814001001,0.00302714449174312,0.0136));
#5298=CARTESIAN_POINT('',(-0.00966726646644608,0.00265060011022595,0.0149));
#5299=CARTESIAN_POINT('',(-0.00966726646644608,0.00265060011022595,0.0136));
#5300=CARTESIAN_POINT('',(-0.00828519118830508,0.00437410791437287,0.0149));
#5301=CARTESIAN_POINT('',(-0.00828519118830508,0.00437410791437287,0.0149));
#5302=CARTESIAN_POINT('',(-0.00828519118830508,0.00437410791437287,0.0149));
#5303=CARTESIAN_POINT('',(-0.00875556897679197,0.0032154166825017,0.0149));
#5304=CARTESIAN_POINT('',(-0.00966726646644608,0.00265060011022595,0.0149));
#5305=CARTESIAN_POINT('',(-0.00901436756698263,0.00464925167868083,0.0149));
#5306=CARTESIAN_POINT('',(-0.00901436756698263,0.00464925167868083,0.0149));
#5307=CARTESIAN_POINT('',(-0.000366441750526428,-0.010828666085685,0.0149));
#5308=CARTESIAN_POINT('',(-0.0205785782549758,0.00890262921009505,0.0149));
#5309=CARTESIAN_POINT('',(-0.0205785782549758,0.00890262921009505,0.0136));
#5310=CARTESIAN_POINT('',(-0.0205622330808585,0.00896528571087805,0.0136));
#5311=CARTESIAN_POINT('',(-0.0205949038917324,0.00883996710054109,0.0136));
#5312=CARTESIAN_POINT('',(-0.0205622330808585,0.00896528571087805,0.0149));
#5313=CARTESIAN_POINT('',(-0.0205622330808585,0.00896528571087805,0.0149));
#5314=CARTESIAN_POINT('',(-0.0205785782549758,0.00890262921009505,0.0149));
#5315=CARTESIAN_POINT('',(-0.0205949038917293,0.00883996710054018,0.01489999975));
#5316=CARTESIAN_POINT('',(-0.0205949234290931,0.00883997270931205,0.0149));
#5317=CARTESIAN_POINT('',(-0.0205023007757617,0.00876914362147039,0.0149));
#5318=CARTESIAN_POINT('',(-0.0205023007757617,0.00876914362147039,0.0136));
#5319=CARTESIAN_POINT('',(-0.020442368470665,0.00857300153206273,0.0136));
#5320=CARTESIAN_POINT('',(-0.020442368470665,0.00857300153206273,0.0149));
#5321=CARTESIAN_POINT('',(-0.020442368470665,0.00857300153206273,0.0149));
#5322=CARTESIAN_POINT('',(-0.0205023007757617,0.00876914362147039,0.0149));
#5323=CARTESIAN_POINT('',(-0.0203206877300139,0.00818707380984859,0.0149));
#5324=CARTESIAN_POINT('',(-0.0203206877300139,0.00818707380984859,0.0136));
#5325=CARTESIAN_POINT('',(-0.0201990069893629,0.00780114608763445,0.0136));
#5326=CARTESIAN_POINT('',(-0.0201990069893629,0.00780114608763445,0.0149));
#5327=CARTESIAN_POINT('',(-0.0201990069893629,0.00780114608763445,0.0149));
#5328=CARTESIAN_POINT('',(-0.0203206877300139,0.00818707380984859,0.0149));
#5329=CARTESIAN_POINT('',(-0.0198039986148613,0.00665244357327941,0.0149));
#5330=CARTESIAN_POINT('',(-0.0198039986148613,0.00665244357327941,0.0136));
#5331=CARTESIAN_POINT('',(-0.0194089902403598,0.00550374105892438,0.0136));
#5332=CARTESIAN_POINT('',(-0.0194089902403598,0.00550374105892438,0.0149));
#5333=CARTESIAN_POINT('',(-0.0194089902403598,0.00550374105892438,0.0149));
#5334=CARTESIAN_POINT('',(-0.0198039986148613,0.00665244357327941,0.0149));
#5335=CARTESIAN_POINT('',(-0.0205586008199436,0.00550374105892438,0.0149));
#5336=CARTESIAN_POINT('',(-0.0205586008199436,0.00550374105892438,0.0136));
#5337=CARTESIAN_POINT('',(-0.0217082113995273,0.00550374105892438,0.0136));
#5338=CARTESIAN_POINT('',(-0.0217082113995273,0.00550374105892438,0.0149));
#5339=CARTESIAN_POINT('',(-0.0217082113995273,0.00550374105892438,0.0149));
#5340=CARTESIAN_POINT('',(-0.0205586008199436,0.00550374105892438,0.0149));
#5341=CARTESIAN_POINT('',(-0.0207320412786328,0.0083750433121976,0.0149));
#5342=CARTESIAN_POINT('',(-0.0207320412786328,0.0083750433121976,0.0136));
#5343=CARTESIAN_POINT('',(-0.0207847090618996,0.00820069478827968,0.0149));
#5344=CARTESIAN_POINT('',(-0.0207847090618996,0.00820069478827968,0.0136));
#5345=CARTESIAN_POINT('',(-0.0211100991021978,0.00724359403718861,0.0149));
#5346=CARTESIAN_POINT('',(-0.0211100991021978,0.00724359403718861,0.0136));
#5347=CARTESIAN_POINT('',(-0.0217082113995273,0.00550374105892438,0.0149));
#5348=CARTESIAN_POINT('',(-0.0217082113995273,0.00550374105892438,0.0136));
#5349=CARTESIAN_POINT('',(-0.0207320412786328,0.0083750433121976,0.0136));
#5350=CARTESIAN_POINT('',(-0.020811042953533,0.00811352052632072,0.0136));
#5351=CARTESIAN_POINT('',(-0.0217082113995273,0.00550374105892438,0.0136));
#5352=CARTESIAN_POINT('',(-0.0207320412786328,0.0083750433121976,0.0136));
#5353=CARTESIAN_POINT('',(-0.0207320412786328,0.0083750433121976,0.0149));
#5354=CARTESIAN_POINT('',(-0.0207320412786328,0.0083750433121976,0.0149));
#5355=CARTESIAN_POINT('',(-0.0207320412786328,0.0083750433121976,0.0149));
#5356=CARTESIAN_POINT('',(-0.020811042953533,0.00811352052632072,0.0149));
#5357=CARTESIAN_POINT('',(-0.0217082113995273,0.00550374105892438,0.0149));
#5358=CARTESIAN_POINT('',(-0.0186798138616822,0.00322177313910288,0.0149));
#5359=CARTESIAN_POINT('',(-0.0183247603572452,0.00220019975677132,0.0149));
#5360=CARTESIAN_POINT('',(-0.0183247603572452,0.00220019975677132,0.0149));
#5361=CARTESIAN_POINT('',(-0.0186798138616822,0.00322177313910288,0.0149));
#5362=CARTESIAN_POINT('',(-0.0190348673661192,0.00424334652143442,0.0149));
#5363=CARTESIAN_POINT('',(-0.0190348673661192,0.00424334652143442,0.0149));
#5364=CARTESIAN_POINT('',(-0.0174966048686351,0.00220019975677132,0.0149));
#5365=CARTESIAN_POINT('',(-0.016668449380025,0.00220019975677132,0.0149));
#5366=CARTESIAN_POINT('',(-0.016668449380025,0.00220019975677132,0.0149));
#5367=CARTESIAN_POINT('',(-0.0174966048686351,0.00220019975677132,0.0149));
#5368=CARTESIAN_POINT('',(-0.0181213537460076,0.00619841095890984,0.0149));
#5369=CARTESIAN_POINT('',(-0.0195742581119903,0.0101966221610483,0.0149));
#5370=CARTESIAN_POINT('',(-0.0195742581119903,0.0101966221610483,0.0149));
#5371=CARTESIAN_POINT('',(-0.0181213537460076,0.00619841095890984,0.0149));
#5372=CARTESIAN_POINT('',(-0.0205613250156297,0.0101966221610483,0.0149));
#5373=CARTESIAN_POINT('',(-0.0215483919192693,0.0101966221610483,0.0149));
#5374=CARTESIAN_POINT('',(-0.0215483919192693,0.0101966221610483,0.0149));
#5375=CARTESIAN_POINT('',(-0.0205613250156297,0.0101966221610483,0.0149));
#5376=CARTESIAN_POINT('',(-0.023007652741853,0.00619841095890984,0.0149));
#5377=CARTESIAN_POINT('',(-0.0244669135644369,0.00220019975677132,0.0149));
#5378=CARTESIAN_POINT('',(-0.0244669135644369,0.00220019975677132,0.0149));
#5379=CARTESIAN_POINT('',(-0.023007652741853,0.00619841095890984,0.0149));
#5380=CARTESIAN_POINT('',(-0.0236296774235394,0.00220019975677132,0.0149));
#5381=CARTESIAN_POINT('',(-0.0227924412826419,0.00220019975677132,0.0149));
#5382=CARTESIAN_POINT('',(-0.0227924412826419,0.00220019975677132,0.0149));
#5383=CARTESIAN_POINT('',(-0.0236296774235394,0.00220019975677132,0.0149));
#5384=CARTESIAN_POINT('',(-0.0224373877782048,0.00322177313910288,0.0149));
#5385=CARTESIAN_POINT('',(-0.0220823342737679,0.00424334652143443,0.0149));
#5386=CARTESIAN_POINT('',(-0.0220823342737679,0.00424334652143443,0.0149));
#5387=CARTESIAN_POINT('',(-0.0224373877782048,0.00322177313910288,0.0149));
#5388=CARTESIAN_POINT('',(-0.0205586008199436,0.00424334652143442,0.0149));
#5389=CARTESIAN_POINT('',(-0.0205586008199436,0.00424334652143442,0.0149));
#5390=CARTESIAN_POINT('',(-0.0521182331799006,0.0178896610150838,0.0149));
#5391=CARTESIAN_POINT('',(-0.0521182331799006,0.0178896610150838,0.0136));
#5392=CARTESIAN_POINT('',(-0.0521182331799006,0.0178896610150838,0.0149));
#5393=CARTESIAN_POINT('',(-0.000366441750526428,-0.010828666085685,0.0149));
#5394=CARTESIAN_POINT('',(-0.0272129028161441,0.00391462690863085,0.0149));
#5395=CARTESIAN_POINT('',(-0.0272129028161441,0.00220019975677132,0.0149));
#5396=CARTESIAN_POINT('',(-0.0272129028161441,0.00220019975677132,0.0149));
#5397=CARTESIAN_POINT('',(-0.0272129028161441,0.00391462690863085,0.0149));
#5398=CARTESIAN_POINT('',(-0.0272129028161441,0.00562905406049038,0.0149));
#5399=CARTESIAN_POINT('',(-0.0272129028161441,0.00562905406049038,0.0149));
#5400=CARTESIAN_POINT('',(-0.0263756666752466,0.00220019975677132,0.0149));
#5401=CARTESIAN_POINT('',(-0.0255384305343491,0.00220019975677132,0.0149));
#5402=CARTESIAN_POINT('',(-0.0255384305343491,0.00220019975677132,0.0149));
#5403=CARTESIAN_POINT('',(-0.0263756666752466,0.00220019975677132,0.0149));
#5404=CARTESIAN_POINT('',(-0.0255384305343491,0.00619841095890984,0.0149));
#5405=CARTESIAN_POINT('',(-0.0255384305343491,0.0101966221610483,0.0149));
#5406=CARTESIAN_POINT('',(-0.0255384305343491,0.0101966221610483,0.0149));
#5407=CARTESIAN_POINT('',(-0.0255384305343491,0.00619841095890984,0.0149));
#5408=CARTESIAN_POINT('',(-0.0263756666752466,0.0101966221610483,0.0149));
#5409=CARTESIAN_POINT('',(-0.0272129028161441,0.0101966221610483,0.0149));
#5410=CARTESIAN_POINT('',(-0.0272129028161441,0.0101966221610483,0.0149));
#5411=CARTESIAN_POINT('',(-0.0263756666752466,0.0101966221610483,0.0149));
#5412=CARTESIAN_POINT('',(-0.0272129028161441,0.0086047838150686,0.0149));
#5413=CARTESIAN_POINT('',(-0.0272129028161441,0.00701294546908886,0.0149));
#5414=CARTESIAN_POINT('',(-0.0272129028161441,0.00701294546908886,0.0149));
#5415=CARTESIAN_POINT('',(-0.0272129028161441,0.0086047838150686,0.0149));
#5416=CARTESIAN_POINT('',(-0.0289554799900946,0.00701294546908886,0.0149));
#5417=CARTESIAN_POINT('',(-0.030698057164045,0.00701294546908886,0.0149));
#5418=CARTESIAN_POINT('',(-0.030698057164045,0.00701294546908886,0.0149));
#5419=CARTESIAN_POINT('',(-0.0289554799900946,0.00701294546908886,0.0149));
#5420=CARTESIAN_POINT('',(-0.030698057164045,0.0086047838150686,0.0149));
#5421=CARTESIAN_POINT('',(-0.030698057164045,0.0101966221610483,0.0149));
#5422=CARTESIAN_POINT('',(-0.030698057164045,0.0101966221610483,0.0149));
#5423=CARTESIAN_POINT('',(-0.030698057164045,0.0086047838150686,0.0149));
#5424=CARTESIAN_POINT('',(-0.0315352933049425,0.0101966221610483,0.0149));
#5425=CARTESIAN_POINT('',(-0.03237252944584,0.0101966221610483,0.0149));
#5426=CARTESIAN_POINT('',(-0.03237252944584,0.0101966221610483,0.0149));
#5427=CARTESIAN_POINT('',(-0.0315352933049425,0.0101966221610483,0.0149));
#5428=CARTESIAN_POINT('',(-0.03237252944584,0.00619841095890983,0.0149));
#5429=CARTESIAN_POINT('',(-0.03237252944584,0.00220019975677132,0.0149));
#5430=CARTESIAN_POINT('',(-0.03237252944584,0.00220019975677132,0.0149));
#5431=CARTESIAN_POINT('',(-0.03237252944584,0.00619841095890983,0.0149));
#5432=CARTESIAN_POINT('',(-0.0315352933049425,0.00220019975677132,0.0149));
#5433=CARTESIAN_POINT('',(-0.030698057164045,0.00220019975677132,0.0149));
#5434=CARTESIAN_POINT('',(-0.030698057164045,0.00220019975677132,0.0149));
#5435=CARTESIAN_POINT('',(-0.0315352933049425,0.00220019975677132,0.0149));
#5436=CARTESIAN_POINT('',(-0.030698057164045,0.00391462690863085,0.0149));
#5437=CARTESIAN_POINT('',(-0.030698057164045,0.00562905406049038,0.0149));
#5438=CARTESIAN_POINT('',(-0.030698057164045,0.00562905406049038,0.0149));
#5439=CARTESIAN_POINT('',(-0.030698057164045,0.00391462690863085,0.0149));
#5440=CARTESIAN_POINT('',(-0.0289554799900946,0.00562905406049038,0.0149));
#5441=CARTESIAN_POINT('',(-0.0289554799900946,0.00562905406049038,0.0149));
#5442=CARTESIAN_POINT('',(-0.000366441750526428,-0.010828666085685,0.0149));
#5443=CARTESIAN_POINT('',(-0.000366441750526428,-0.010828666085685,0.0136));
#5444=CARTESIAN_POINT('',(-0.000366441750526428,-0.010828666085685,0.0136));
#5445=MECHANICAL_DESIGN_GEOMETRIC_PRESENTATION_REPRESENTATION('',(#2771,
#66,#67,#68,#69,#70,#71,#72,#73,#74,#75,#76,#77,#78,#79,#80,#81,#82,#83,
#84,#85,#86,#87,#88,#89,#90,#91,#92,#93,#94,#95,#96,#97,#98,#99,#100,#101,
#102,#103,#104,#105,#106,#107,#108,#109,#110,#111,#112,#113,#114,#115,#116,
#117,#118,#119,#120,#121,#122,#123,#124,#125,#126,#127,#128,#129,#130,#131,
#132,#133,#134,#135,#136,#137,#138,#139,#140,#141,#142,#143,#144,#145,#146,
#147,#148,#149,#150,#151,#152,#153,#154,#155,#156,#157,#158,#159,#160,#161,
#162,#163,#164,#165,#166,#167,#168,#169,#170,#171,#172,#173,#174,#175,#176,
#177,#178,#179,#180,#181,#182,#183,#184,#185,#186,#187,#188,#189,#190),
#5446);
#5446=(
GEOMETRIC_REPRESENTATION_CONTEXT(3)
GLOBAL_UNCERTAINTY_ASSIGNED_CONTEXT((#5447))
GLOBAL_UNIT_ASSIGNED_CONTEXT((#5450,#5449,#5448))
REPRESENTATION_CONTEXT('Part 2','TOP_LEVEL_ASSEMBLY_PART')
);
#5447=UNCERTAINTY_MEASURE_WITH_UNIT(LENGTH_MEASURE(2.E-5),#5450,
'DISTANCE_ACCURACY_VALUE','Maximum Tolerance applied to model');
#5448=(
NAMED_UNIT(*)
SI_UNIT($,.STERADIAN.)
SOLID_ANGLE_UNIT()
);
#5449=(
NAMED_UNIT(*)
PLANE_ANGLE_UNIT()
SI_UNIT($,.RADIAN.)
);
#5450=(
LENGTH_UNIT()
NAMED_UNIT(*)
SI_UNIT($,.METRE.)
);
#5451=PRODUCT_DEFINITION_SHAPE('','',#5452);
#5452=PRODUCT_DEFINITION('','',#5454,#5453);
#5453=PRODUCT_DEFINITION_CONTEXT('',#5460,'design');
#5454=PRODUCT_DEFINITION_FORMATION_WITH_SPECIFIED_SOURCE('','',#5456,
 .NOT_KNOWN.);
#5455=PRODUCT_RELATED_PRODUCT_CATEGORY('','',(#5456));
#5456=PRODUCT('Part 2','Part 2','Part 2',(#5458));
#5457=PRODUCT_CATEGORY('','');
#5458=PRODUCT_CONTEXT('',#5460,'mechanical');
#5459=APPLICATION_PROTOCOL_DEFINITION('international standard',
'ap242_managed_model_based_3d_engineering',2020,#5460);
#5460=APPLICATION_CONTEXT('managed model based 3d engineering');
ENDSEC;
END-ISO-10303-21;
