ISO-10303-21;
HEADER;
/* Generated by software containing ST-Developer
 * from STEP Tools, Inc. (www.steptools.com) 
 */
/* OPTION: using custom renumber hook */

FILE_DESCRIPTION(
/* description */ ('STEP AP242 Edition 2',
'CAx-IF Rec.Pracs.---Representation and Presentation of Product Manufa
cturing Information (PMI)---4.0---2014-10-13',
'CAx-IF Rec.Pracs.---3D Tessellated Geometry---0.4---2014-09-14','2;1',
'CAx-IF Rec.Pracs.---User Defined Attributes---1.5---2016-08-15'),
/* implementation_level */ '2;1');

FILE_NAME(
/* name */ 'Part Studio 2 - Part 1',
/* time_stamp */ '2026-09-07T14:24:16Z',
/* author */ (''),
/* organization */ (''),
/* preprocessor_version */ 'ST-DEVELOPER v20',
/* originating_system */ 'ONSHAPE BY PTC INC, 1.220',
/* authorisation */ '  ');

FILE_SCHEMA (('AP242_MANAGED_MODEL_BASED_3D_ENGINEERING_MIM_LF { 1 0 10303 442 3 1 4 }'));
ENDSEC;

DATA;
#10=SHAPE_REPRESENTATION_RELATIONSHIP('','',#3522,#11);
#11=ADVANCED_BREP_SHAPE_REPRESENTATION('',(#3520),#5560);
#12=B_SPLINE_SURFACE_WITH_KNOTS('',3,1,((#4899,#4900),(#4901,#4902),(#4903,
#4904),(#4905,#4906)),.SURF_OF_LINEAR_EXTRUSION.,.F.,.F.,.F.,(4,4),(2,2),
(0.,1.),(0.,1.),.PIECEWISE_BEZIER_KNOTS.);
#13=B_SPLINE_SURFACE_WITH_KNOTS('',3,1,((#4921,#4922),(#4923,#4924),(#4925,
#4926),(#4927,#4928)),.SURF_OF_LINEAR_EXTRUSION.,.F.,.F.,.F.,(4,4),(2,2),
(0.,1.),(0.,1.),.PIECEWISE_BEZIER_KNOTS.);
#14=B_SPLINE_SURFACE_WITH_KNOTS('',3,1,((#4940,#4941),(#4942,#4943),(#4944,
#4945),(#4946,#4947)),.SURF_OF_LINEAR_EXTRUSION.,.F.,.F.,.F.,(4,4),(2,2),
(0.,1.),(0.,1.),.PIECEWISE_BEZIER_KNOTS.);
#15=B_SPLINE_SURFACE_WITH_KNOTS('',3,1,((#4966,#4967),(#4968,#4969),(#4970,
#4971),(#4972,#4973)),.SURF_OF_LINEAR_EXTRUSION.,.F.,.F.,.F.,(4,4),(2,2),
(0.,1.),(0.,1.),.PIECEWISE_BEZIER_KNOTS.);
#16=B_SPLINE_SURFACE_WITH_KNOTS('',3,1,((#4984,#4985),(#4986,#4987),(#4988,
#4989),(#4990,#4991)),.SURF_OF_LINEAR_EXTRUSION.,.F.,.F.,.F.,(4,4),(2,2),
(0.,1.),(0.,1.),.PIECEWISE_BEZIER_KNOTS.);
#17=B_SPLINE_SURFACE_WITH_KNOTS('',3,1,((#5002,#5003),(#5004,#5005),(#5006,
#5007),(#5008,#5009)),.SURF_OF_LINEAR_EXTRUSION.,.F.,.F.,.F.,(4,4),(2,2),
(0.,1.),(0.,1.),.PIECEWISE_BEZIER_KNOTS.);
#18=B_SPLINE_SURFACE_WITH_KNOTS('',3,1,((#5016,#5017),(#5018,#5019),(#5020,
#5021),(#5022,#5023)),.SURF_OF_LINEAR_EXTRUSION.,.F.,.F.,.F.,(4,4),(2,2),
(0.,1.),(0.,1.),.PIECEWISE_BEZIER_KNOTS.);
#19=B_SPLINE_SURFACE_WITH_KNOTS('',3,1,((#5035,#5036),(#5037,#5038),(#5039,
#5040),(#5041,#5042)),.SURF_OF_LINEAR_EXTRUSION.,.F.,.F.,.F.,(4,4),(2,2),
(0.,1.),(0.,1.),.PIECEWISE_BEZIER_KNOTS.);
#20=B_SPLINE_SURFACE_WITH_KNOTS('',3,1,((#5053,#5054),(#5055,#5056),(#5057,
#5058),(#5059,#5060)),.SURF_OF_LINEAR_EXTRUSION.,.F.,.F.,.F.,(4,4),(2,2),
(0.,1.),(0.,1.),.PIECEWISE_BEZIER_KNOTS.);
#21=B_SPLINE_SURFACE_WITH_KNOTS('',3,1,((#5071,#5072),(#5073,#5074),(#5075,
#5076),(#5077,#5078)),.SURF_OF_LINEAR_EXTRUSION.,.F.,.F.,.F.,(4,4),(2,2),
(0.,1.),(0.,1.),.PIECEWISE_BEZIER_KNOTS.);
#22=B_SPLINE_SURFACE_WITH_KNOTS('',3,1,((#5089,#5090),(#5091,#5092),(#5093,
#5094),(#5095,#5096)),.SURF_OF_LINEAR_EXTRUSION.,.F.,.F.,.F.,(4,4),(2,2),
(0.,1.),(0.,1.),.PIECEWISE_BEZIER_KNOTS.);
#23=B_SPLINE_SURFACE_WITH_KNOTS('',3,1,((#5108,#5109),(#5110,#5111),(#5112,
#5113),(#5114,#5115)),.SURF_OF_LINEAR_EXTRUSION.,.F.,.F.,.F.,(4,4),(2,2),
(0.,1.),(0.,1.),.PIECEWISE_BEZIER_KNOTS.);
#24=B_SPLINE_SURFACE_WITH_KNOTS('',3,1,((#5142,#5143),(#5144,#5145),(#5146,
#5147),(#5148,#5149)),.SURF_OF_LINEAR_EXTRUSION.,.F.,.F.,.F.,(4,4),(2,2),
(0.,1.),(0.,1.),.PIECEWISE_BEZIER_KNOTS.);
#25=B_SPLINE_SURFACE_WITH_KNOTS('',3,1,((#5156,#5157),(#5158,#5159),(#5160,
#5161),(#5162,#5163)),.SURF_OF_LINEAR_EXTRUSION.,.F.,.F.,.F.,(4,4),(2,2),
(0.,1.),(0.,1.),.PIECEWISE_BEZIER_KNOTS.);
#26=B_SPLINE_SURFACE_WITH_KNOTS('',3,1,((#5174,#5175),(#5176,#5177),(#5178,
#5179),(#5180,#5181)),.SURF_OF_LINEAR_EXTRUSION.,.F.,.F.,.F.,(4,4),(2,2),
(0.,1.),(0.,1.),.PIECEWISE_BEZIER_KNOTS.);
#27=B_SPLINE_SURFACE_WITH_KNOTS('',3,1,((#5188,#5189),(#5190,#5191),(#5192,
#5193),(#5194,#5195)),.SURF_OF_LINEAR_EXTRUSION.,.F.,.F.,.F.,(4,4),(2,2),
(0.,1.),(0.,1.),.PIECEWISE_BEZIER_KNOTS.);
#28=B_SPLINE_SURFACE_WITH_KNOTS('',3,1,((#5219,#5220),(#5221,#5222),(#5223,
#5224),(#5225,#5226)),.SURF_OF_LINEAR_EXTRUSION.,.F.,.F.,.F.,(4,4),(2,2),
(0.,1.),(0.,1.),.PIECEWISE_BEZIER_KNOTS.);
#29=B_SPLINE_SURFACE_WITH_KNOTS('',3,1,((#5237,#5238),(#5239,#5240),(#5241,
#5242),(#5243,#5244)),.SURF_OF_LINEAR_EXTRUSION.,.F.,.F.,.F.,(4,4),(2,2),
(0.,1.),(0.,1.),.PIECEWISE_BEZIER_KNOTS.);
#30=B_SPLINE_SURFACE_WITH_KNOTS('',3,1,((#5255,#5256),(#5257,#5258),(#5259,
#5260),(#5261,#5262)),.SURF_OF_LINEAR_EXTRUSION.,.F.,.F.,.F.,(4,4),(2,2),
(0.,1.),(0.,1.),.PIECEWISE_BEZIER_KNOTS.);
#31=B_SPLINE_SURFACE_WITH_KNOTS('',3,1,((#5274,#5275),(#5276,#5277),(#5278,
#5279),(#5280,#5281)),.SURF_OF_LINEAR_EXTRUSION.,.F.,.F.,.F.,(4,4),(2,2),
(0.,1.),(0.,1.),.PIECEWISE_BEZIER_KNOTS.);
#32=B_SPLINE_SURFACE_WITH_KNOTS('',3,1,((#5292,#5293),(#5294,#5295),(#5296,
#5297),(#5298,#5299)),.SURF_OF_LINEAR_EXTRUSION.,.F.,.F.,.F.,(4,4),(2,2),
(0.,1.),(0.,1.),.PIECEWISE_BEZIER_KNOTS.);
#33=B_SPLINE_SURFACE_WITH_KNOTS('',3,1,((#5315,#5316),(#5317,#5318),(#5319,
#5320),(#5321,#5322)),.SURF_OF_LINEAR_EXTRUSION.,.F.,.F.,.F.,(4,4),(2,2),
(0.,1.),(0.,1.),.PIECEWISE_BEZIER_KNOTS.);
#34=B_SPLINE_SURFACE_WITH_KNOTS('',3,1,((#5333,#5334),(#5335,#5336),(#5337,
#5338),(#5339,#5340)),.SURF_OF_LINEAR_EXTRUSION.,.F.,.F.,.F.,(4,4),(2,2),
(0.,1.),(0.,1.),.PIECEWISE_BEZIER_KNOTS.);
#35=B_SPLINE_SURFACE_WITH_KNOTS('',3,1,((#5359,#5360),(#5361,#5362),(#5363,
#5364),(#5365,#5366)),.SURF_OF_LINEAR_EXTRUSION.,.F.,.F.,.F.,(4,4),(2,2),
(0.,1.),(0.,1.),.PIECEWISE_BEZIER_KNOTS.);
#36=B_SPLINE_SURFACE_WITH_KNOTS('',3,1,((#5377,#5378),(#5379,#5380),(#5381,
#5382),(#5383,#5384)),.SURF_OF_LINEAR_EXTRUSION.,.F.,.F.,.F.,(4,4),(2,2),
(0.,1.),(0.,1.),.PIECEWISE_BEZIER_KNOTS.);
#37=B_SPLINE_SURFACE_WITH_KNOTS('',3,1,((#5395,#5396),(#5397,#5398),(#5399,
#5400),(#5401,#5402)),.SURF_OF_LINEAR_EXTRUSION.,.F.,.F.,.F.,(4,4),(2,2),
(0.,1.),(0.,1.),.PIECEWISE_BEZIER_KNOTS.);
#38=B_SPLINE_SURFACE_WITH_KNOTS('',3,1,((#5417,#5418),(#5419,#5420),(#5421,
#5422),(#5423,#5424)),.SURF_OF_LINEAR_EXTRUSION.,.F.,.F.,.F.,(4,4),(2,2),
(0.,1.),(0.,1.),.PIECEWISE_BEZIER_KNOTS.);
#39=B_SPLINE_SURFACE_WITH_KNOTS('',3,1,((#5431,#5432),(#5433,#5434),(#5435,
#5436),(#5437,#5438)),.SURF_OF_LINEAR_EXTRUSION.,.F.,.F.,.F.,(4,4),(2,2),
(0.,1.),(0.,1.),.PIECEWISE_BEZIER_KNOTS.);
#40=B_SPLINE_SURFACE_WITH_KNOTS('',3,1,((#5445,#5446),(#5447,#5448),(#5449,
#5450),(#5451,#5452)),.SURF_OF_LINEAR_EXTRUSION.,.F.,.F.,.F.,(4,4),(2,2),
(0.,1.),(0.,1.),.PIECEWISE_BEZIER_KNOTS.);
#41=B_SPLINE_SURFACE_WITH_KNOTS('',3,1,((#5463,#5464),(#5465,#5466),(#5467,
#5468),(#5469,#5470)),.SURF_OF_LINEAR_EXTRUSION.,.F.,.F.,.F.,(4,4),(2,2),
(0.,1.),(0.,1.),.PIECEWISE_BEZIER_KNOTS.);
#42=B_SPLINE_SURFACE_WITH_KNOTS('',3,1,((#5477,#5478),(#5479,#5480),(#5481,
#5482),(#5483,#5484)),.SURF_OF_LINEAR_EXTRUSION.,.F.,.F.,.F.,(4,4),(2,2),
(0.,1.),(0.,1.),.PIECEWISE_BEZIER_KNOTS.);
#43=B_SPLINE_SURFACE_WITH_KNOTS('',3,1,((#5491,#5492),(#5493,#5494),(#5495,
#5496),(#5497,#5498)),.SURF_OF_LINEAR_EXTRUSION.,.F.,.F.,.F.,(4,4),(2,2),
(0.,1.),(0.,1.),.PIECEWISE_BEZIER_KNOTS.);
#44=B_SPLINE_SURFACE_WITH_KNOTS('',3,1,((#5509,#5510),(#5511,#5512),(#5513,
#5514),(#5515,#5516)),.SURF_OF_LINEAR_EXTRUSION.,.F.,.F.,.F.,(4,4),(2,2),
(0.,1.),(0.,1.),.PIECEWISE_BEZIER_KNOTS.);
#45=B_SPLINE_SURFACE_WITH_KNOTS('',3,1,((#5528,#5529),(#5530,#5531),(#5532,
#5533),(#5534,#5535)),.SURF_OF_LINEAR_EXTRUSION.,.F.,.F.,.F.,(4,4),(2,2),
(0.,1.),(0.,1.),.PIECEWISE_BEZIER_KNOTS.);
#46=B_SPLINE_SURFACE_WITH_KNOTS('',3,1,((#5546,#5547),(#5548,#5549),(#5550,
#5551),(#5552,#5553)),.SURF_OF_LINEAR_EXTRUSION.,.F.,.F.,.F.,(4,4),(2,2),
(0.,1.),(0.,1.),.PIECEWISE_BEZIER_KNOTS.);
#47=OVER_RIDING_STYLED_ITEM('',(#2997),#2908,#2995);
#48=OVER_RIDING_STYLED_ITEM('',(#2998),#2909,#2995);
#49=OVER_RIDING_STYLED_ITEM('',(#2999),#2910,#2995);
#50=OVER_RIDING_STYLED_ITEM('',(#3000),#2911,#2995);
#51=OVER_RIDING_STYLED_ITEM('',(#3001),#2912,#2995);
#52=OVER_RIDING_STYLED_ITEM('',(#3002),#2913,#2995);
#53=OVER_RIDING_STYLED_ITEM('',(#3003),#2914,#2995);
#54=OVER_RIDING_STYLED_ITEM('',(#3004),#2915,#2995);
#55=OVER_RIDING_STYLED_ITEM('',(#3005),#2916,#2995);
#56=OVER_RIDING_STYLED_ITEM('',(#3006),#2917,#2995);
#57=OVER_RIDING_STYLED_ITEM('',(#3007),#2918,#2995);
#58=OVER_RIDING_STYLED_ITEM('',(#3008),#2919,#2995);
#59=OVER_RIDING_STYLED_ITEM('',(#3009),#2920,#2995);
#60=OVER_RIDING_STYLED_ITEM('',(#3010),#2921,#2995);
#61=OVER_RIDING_STYLED_ITEM('',(#3011),#2922,#2995);
#62=OVER_RIDING_STYLED_ITEM('',(#3012),#2923,#2995);
#63=OVER_RIDING_STYLED_ITEM('',(#3013),#2924,#2995);
#64=OVER_RIDING_STYLED_ITEM('',(#3014),#2925,#2995);
#65=OVER_RIDING_STYLED_ITEM('',(#3015),#2926,#2995);
#66=OVER_RIDING_STYLED_ITEM('',(#3016),#2927,#2995);
#67=OVER_RIDING_STYLED_ITEM('',(#3017),#2928,#2995);
#68=OVER_RIDING_STYLED_ITEM('',(#3018),#2929,#2995);
#69=OVER_RIDING_STYLED_ITEM('',(#3019),#2930,#2995);
#70=OVER_RIDING_STYLED_ITEM('',(#3020),#2931,#2995);
#71=OVER_RIDING_STYLED_ITEM('',(#3021),#2932,#2995);
#72=OVER_RIDING_STYLED_ITEM('',(#3022),#2933,#2995);
#73=OVER_RIDING_STYLED_ITEM('',(#3023),#2934,#2995);
#74=OVER_RIDING_STYLED_ITEM('',(#3024),#2935,#2995);
#75=OVER_RIDING_STYLED_ITEM('',(#3025),#2936,#2995);
#76=OVER_RIDING_STYLED_ITEM('',(#3026),#2937,#2995);
#77=OVER_RIDING_STYLED_ITEM('',(#3027),#2938,#2995);
#78=OVER_RIDING_STYLED_ITEM('',(#3028),#2939,#2995);
#79=OVER_RIDING_STYLED_ITEM('',(#3029),#2940,#2995);
#80=OVER_RIDING_STYLED_ITEM('',(#3030),#2941,#2995);
#81=OVER_RIDING_STYLED_ITEM('',(#3031),#2942,#2995);
#82=OVER_RIDING_STYLED_ITEM('',(#3032),#2943,#2995);
#83=OVER_RIDING_STYLED_ITEM('',(#3033),#2944,#2995);
#84=OVER_RIDING_STYLED_ITEM('',(#3034),#2945,#2995);
#85=OVER_RIDING_STYLED_ITEM('',(#3035),#2946,#2995);
#86=OVER_RIDING_STYLED_ITEM('',(#3036),#2947,#2995);
#87=OVER_RIDING_STYLED_ITEM('',(#3037),#2948,#2995);
#88=OVER_RIDING_STYLED_ITEM('',(#3038),#2949,#2995);
#89=OVER_RIDING_STYLED_ITEM('',(#3039),#2950,#2995);
#90=OVER_RIDING_STYLED_ITEM('',(#3040),#2951,#2995);
#91=OVER_RIDING_STYLED_ITEM('',(#3041),#2952,#2995);
#92=OVER_RIDING_STYLED_ITEM('',(#3042),#2953,#2995);
#93=OVER_RIDING_STYLED_ITEM('',(#3043),#2954,#2995);
#94=OVER_RIDING_STYLED_ITEM('',(#3044),#2955,#2995);
#95=OVER_RIDING_STYLED_ITEM('',(#3045),#2956,#2995);
#96=OVER_RIDING_STYLED_ITEM('',(#3046),#2957,#2995);
#97=OVER_RIDING_STYLED_ITEM('',(#3047),#2958,#2995);
#98=OVER_RIDING_STYLED_ITEM('',(#3048),#2959,#2995);
#99=OVER_RIDING_STYLED_ITEM('',(#3049),#2960,#2995);
#100=OVER_RIDING_STYLED_ITEM('',(#3050),#2961,#2995);
#101=OVER_RIDING_STYLED_ITEM('',(#3051),#2962,#2995);
#102=OVER_RIDING_STYLED_ITEM('',(#3052),#2963,#2995);
#103=OVER_RIDING_STYLED_ITEM('',(#3053),#2964,#2995);
#104=OVER_RIDING_STYLED_ITEM('',(#3054),#2965,#2995);
#105=OVER_RIDING_STYLED_ITEM('',(#3055),#2966,#2995);
#106=OVER_RIDING_STYLED_ITEM('',(#3056),#2967,#2995);
#107=OVER_RIDING_STYLED_ITEM('',(#3057),#2968,#2995);
#108=OVER_RIDING_STYLED_ITEM('',(#3058),#2969,#2995);
#109=OVER_RIDING_STYLED_ITEM('',(#3059),#2970,#2995);
#110=OVER_RIDING_STYLED_ITEM('',(#3060),#2971,#2995);
#111=OVER_RIDING_STYLED_ITEM('',(#3061),#2972,#2995);
#112=OVER_RIDING_STYLED_ITEM('',(#3062),#2973,#2995);
#113=OVER_RIDING_STYLED_ITEM('',(#3063),#2974,#2995);
#114=OVER_RIDING_STYLED_ITEM('',(#3064),#2975,#2995);
#115=OVER_RIDING_STYLED_ITEM('',(#3065),#2976,#2995);
#116=OVER_RIDING_STYLED_ITEM('',(#3066),#2977,#2995);
#117=OVER_RIDING_STYLED_ITEM('',(#3067),#2978,#2995);
#118=OVER_RIDING_STYLED_ITEM('',(#3068),#2979,#2995);
#119=OVER_RIDING_STYLED_ITEM('',(#3069),#2980,#2995);
#120=OVER_RIDING_STYLED_ITEM('',(#3070),#2981,#2995);
#121=OVER_RIDING_STYLED_ITEM('',(#3071),#2982,#2995);
#122=OVER_RIDING_STYLED_ITEM('',(#3072),#2983,#2995);
#123=OVER_RIDING_STYLED_ITEM('',(#3073),#2984,#2995);
#124=OVER_RIDING_STYLED_ITEM('',(#3074),#2985,#2995);
#125=OVER_RIDING_STYLED_ITEM('',(#3075),#2986,#2995);
#126=OVER_RIDING_STYLED_ITEM('',(#3076),#2987,#2995);
#127=OVER_RIDING_STYLED_ITEM('',(#3077),#2988,#2995);
#128=OVER_RIDING_STYLED_ITEM('',(#3078),#2989,#2995);
#129=OVER_RIDING_STYLED_ITEM('',(#3079),#2990,#2995);
#130=OVER_RIDING_STYLED_ITEM('',(#3080),#2991,#2995);
#131=OVER_RIDING_STYLED_ITEM('',(#3081),#2992,#2995);
#132=OVER_RIDING_STYLED_ITEM('',(#3082),#2993,#2995);
#133=CYLINDRICAL_SURFACE('',#3551,0.00159838528037072);
#134=CYLINDRICAL_SURFACE('',#3562,0.00159838528037072);
#135=CYLINDRICAL_SURFACE('',#3565,0.0016);
#136=CYLINDRICAL_SURFACE('',#3572,0.00160637075196371);
#137=CYLINDRICAL_SURFACE('',#3577,0.0016);
#138=CYLINDRICAL_SURFACE('',#3580,0.0016);
#139=CYLINDRICAL_SURFACE('',#3610,0.00747313938587685);
#140=CYLINDRICAL_SURFACE('',#3612,0.00529996754849108);
#141=CYLINDRICAL_SURFACE('',#3618,0.0105456856658951);
#142=CYLINDRICAL_SURFACE('',#3631,0.0182742471519443);
#143=CYLINDRICAL_SURFACE('',#3634,0.0181875719331905);
#144=CYLINDRICAL_SURFACE('',#3638,0.00517777630930716);
#145=CYLINDRICAL_SURFACE('',#3642,0.0233159179772692);
#146=CYLINDRICAL_SURFACE('',#3656,0.0150045961417629);
#147=CIRCLE('',#3525,0.00529996754849108);
#148=CIRCLE('',#3526,0.00747313938587685);
#149=CIRCLE('',#3527,0.0105456856658951);
#150=CIRCLE('',#3528,0.00517777630930716);
#151=CIRCLE('',#3529,0.0181875719331905);
#152=CIRCLE('',#3530,0.0182742471519443);
#153=CIRCLE('',#3531,0.0233159179772692);
#154=CIRCLE('',#3532,0.0150045961417629);
#155=CIRCLE('',#3542,0.0016);
#156=CIRCLE('',#3543,0.0016);
#157=CIRCLE('',#3552,0.00159838528037072);
#158=CIRCLE('',#3553,0.00159838528037072);
#159=CIRCLE('',#3558,0.00159838528037072);
#160=CIRCLE('',#3560,0.00159838528037072);
#161=CIRCLE('',#3566,0.0016);
#162=CIRCLE('',#3567,0.0016);
#163=CIRCLE('',#3573,0.00160637075196371);
#164=CIRCLE('',#3574,0.00160637075196371);
#165=CIRCLE('',#3578,0.0016);
#166=CIRCLE('',#3581,0.0016);
#167=CIRCLE('',#3611,0.00747313938587685);
#168=CIRCLE('',#3613,0.00529996754849108);
#169=CIRCLE('',#3619,0.0105456856658951);
#170=CIRCLE('',#3632,0.0182742471519443);
#171=CIRCLE('',#3635,0.0181875719331905);
#172=CIRCLE('',#3639,0.00517777630930716);
#173=CIRCLE('',#3643,0.0233159179772692);
#174=CIRCLE('',#3657,0.0150045961417629);
#175=B_SPLINE_CURVE_WITH_KNOTS('',3,(#4273,#4274,#4275,#4276),
 .UNSPECIFIED.,.F.,.F.,(4,4),(0.,1.),.PIECEWISE_BEZIER_KNOTS.);
#176=B_SPLINE_CURVE_WITH_KNOTS('',3,(#4282,#4283,#4284,#4285),
 .UNSPECIFIED.,.F.,.F.,(4,4),(0.,1.),.PIECEWISE_BEZIER_KNOTS.);
#177=B_SPLINE_CURVE_WITH_KNOTS('',3,(#4304,#4305,#4306,#4307),
 .UNSPECIFIED.,.F.,.F.,(4,4),(0.,1.),.PIECEWISE_BEZIER_KNOTS.);
#178=B_SPLINE_CURVE_WITH_KNOTS('',3,(#4312,#4313,#4314,#4315),
 .UNSPECIFIED.,.F.,.F.,(4,4),(0.,1.),.PIECEWISE_BEZIER_KNOTS.);
#179=B_SPLINE_CURVE_WITH_KNOTS('',3,(#4317,#4318,#4319,#4320),
 .UNSPECIFIED.,.F.,.F.,(4,4),(0.,1.),.PIECEWISE_BEZIER_KNOTS.);
#180=B_SPLINE_CURVE_WITH_KNOTS('',3,(#4324,#4325,#4326,#4327),
 .UNSPECIFIED.,.F.,.F.,(4,4),(0.,1.),.PIECEWISE_BEZIER_KNOTS.);
#181=B_SPLINE_CURVE_WITH_KNOTS('',3,(#4331,#4332,#4333,#4334),
 .UNSPECIFIED.,.F.,.F.,(4,4),(0.,1.),.PIECEWISE_BEZIER_KNOTS.);
#182=B_SPLINE_CURVE_WITH_KNOTS('',3,(#4341,#4342,#4343,#4344),
 .UNSPECIFIED.,.F.,.F.,(4,4),(0.,1.),.PIECEWISE_BEZIER_KNOTS.);
#183=B_SPLINE_CURVE_WITH_KNOTS('',3,(#4349,#4350,#4351,#4352),
 .UNSPECIFIED.,.F.,.F.,(4,4),(0.,1.),.PIECEWISE_BEZIER_KNOTS.);
#184=B_SPLINE_CURVE_WITH_KNOTS('',3,(#4356,#4357,#4358,#4359),
 .UNSPECIFIED.,.F.,.F.,(4,4),(0.,1.),.PIECEWISE_BEZIER_KNOTS.);
#185=B_SPLINE_CURVE_WITH_KNOTS('',3,(#4363,#4364,#4365,#4366),
 .UNSPECIFIED.,.F.,.F.,(4,4),(0.,1.),.PIECEWISE_BEZIER_KNOTS.);
#186=B_SPLINE_CURVE_WITH_KNOTS('',3,(#4369,#4370,#4371,#4372),
 .UNSPECIFIED.,.F.,.F.,(4,4),(0.,1.),.PIECEWISE_BEZIER_KNOTS.);
#187=B_SPLINE_CURVE_WITH_KNOTS('',3,(#4379,#4380,#4381,#4382),
 .UNSPECIFIED.,.F.,.F.,(4,4),(0.,1.),.PIECEWISE_BEZIER_KNOTS.);
#188=B_SPLINE_CURVE_WITH_KNOTS('',3,(#4384,#4385,#4386,#4387),
 .UNSPECIFIED.,.F.,.F.,(4,4),(0.,1.),.PIECEWISE_BEZIER_KNOTS.);
#189=B_SPLINE_CURVE_WITH_KNOTS('',3,(#4391,#4392,#4393,#4394),
 .UNSPECIFIED.,.F.,.F.,(4,4),(0.,1.),.PIECEWISE_BEZIER_KNOTS.);
#190=B_SPLINE_CURVE_WITH_KNOTS('',3,(#4396,#4397,#4398,#4399),
 .UNSPECIFIED.,.F.,.F.,(4,4),(0.,1.),.PIECEWISE_BEZIER_KNOTS.);
#191=B_SPLINE_CURVE_WITH_KNOTS('',3,(#4415,#4416,#4417,#4418),
 .UNSPECIFIED.,.F.,.F.,(4,4),(0.,1.),.PIECEWISE_BEZIER_KNOTS.);
#192=B_SPLINE_CURVE_WITH_KNOTS('',3,(#4422,#4423,#4424,#4425),
 .UNSPECIFIED.,.F.,.F.,(4,4),(0.,1.),.PIECEWISE_BEZIER_KNOTS.);
#193=B_SPLINE_CURVE_WITH_KNOTS('',3,(#4429,#4430,#4431,#4432),
 .UNSPECIFIED.,.F.,.F.,(4,4),(0.,1.),.PIECEWISE_BEZIER_KNOTS.);
#194=B_SPLINE_CURVE_WITH_KNOTS('',3,(#4435,#4436,#4437,#4438),
 .UNSPECIFIED.,.F.,.F.,(4,4),(0.,1.),.PIECEWISE_BEZIER_KNOTS.);
#195=B_SPLINE_CURVE_WITH_KNOTS('',3,(#4443,#4444,#4445,#4446),
 .UNSPECIFIED.,.F.,.F.,(4,4),(0.,1.),.PIECEWISE_BEZIER_KNOTS.);
#196=B_SPLINE_CURVE_WITH_KNOTS('',3,(#4454,#4455,#4456,#4457),
 .UNSPECIFIED.,.F.,.F.,(4,4),(0.,1.),.PIECEWISE_BEZIER_KNOTS.);
#197=B_SPLINE_CURVE_WITH_KNOTS('',3,(#4461,#4462,#4463,#4464),
 .UNSPECIFIED.,.F.,.F.,(4,4),(0.,1.),.PIECEWISE_BEZIER_KNOTS.);
#198=B_SPLINE_CURVE_WITH_KNOTS('',3,(#4466,#4467,#4468,#4469),
 .UNSPECIFIED.,.F.,.F.,(4,4),(0.,1.),.PIECEWISE_BEZIER_KNOTS.);
#199=B_SPLINE_CURVE_WITH_KNOTS('',3,(#4471,#4472,#4473,#4474),
 .UNSPECIFIED.,.F.,.F.,(4,4),(0.,1.),.PIECEWISE_BEZIER_KNOTS.);
#200=B_SPLINE_CURVE_WITH_KNOTS('',3,(#4478,#4479,#4480,#4481),
 .UNSPECIFIED.,.F.,.F.,(4,4),(0.,1.),.PIECEWISE_BEZIER_KNOTS.);
#201=B_SPLINE_CURVE_WITH_KNOTS('',3,(#4483,#4484,#4485,#4486),
 .UNSPECIFIED.,.F.,.F.,(4,4),(0.,1.),.PIECEWISE_BEZIER_KNOTS.);
#202=B_SPLINE_CURVE_WITH_KNOTS('',3,(#4488,#4489,#4490,#4491),
 .UNSPECIFIED.,.F.,.F.,(4,4),(0.,1.),.PIECEWISE_BEZIER_KNOTS.);
#203=B_SPLINE_CURVE_WITH_KNOTS('',3,(#4497,#4498,#4499,#4500),
 .UNSPECIFIED.,.F.,.F.,(4,4),(0.,1.),.PIECEWISE_BEZIER_KNOTS.);
#204=B_SPLINE_CURVE_WITH_KNOTS('',3,(#4504,#4505,#4506,#4507),
 .UNSPECIFIED.,.F.,.F.,(4,4),(0.,1.),.PIECEWISE_BEZIER_KNOTS.);
#205=B_SPLINE_CURVE_WITH_KNOTS('',3,(#4511,#4512,#4513,#4514),
 .UNSPECIFIED.,.F.,.F.,(4,4),(0.,1.),.PIECEWISE_BEZIER_KNOTS.);
#206=B_SPLINE_CURVE_WITH_KNOTS('',3,(#4522,#4523,#4524,#4525),
 .UNSPECIFIED.,.F.,.F.,(4,4),(0.,1.),.PIECEWISE_BEZIER_KNOTS.);
#207=B_SPLINE_CURVE_WITH_KNOTS('',3,(#4529,#4530,#4531,#4532),
 .UNSPECIFIED.,.F.,.F.,(4,4),(0.,1.),.PIECEWISE_BEZIER_KNOTS.);
#208=B_SPLINE_CURVE_WITH_KNOTS('',3,(#4533,#4534,#4535,#4536),
 .UNSPECIFIED.,.F.,.F.,(4,4),(0.,1.),.PIECEWISE_BEZIER_KNOTS.);
#209=B_SPLINE_CURVE_WITH_KNOTS('',3,(#4541,#4542,#4543,#4544),
 .UNSPECIFIED.,.F.,.F.,(4,4),(0.,1.),.PIECEWISE_BEZIER_KNOTS.);
#210=B_SPLINE_CURVE_WITH_KNOTS('',3,(#4909,#4910,#4911,#4912),
 .UNSPECIFIED.,.F.,.F.,(4,4),(0.,1.),.PIECEWISE_BEZIER_KNOTS.);
#211=B_SPLINE_CURVE_WITH_KNOTS('',3,(#4929,#4930,#4931,#4932),
 .UNSPECIFIED.,.F.,.F.,(4,4),(0.,1.),.PIECEWISE_BEZIER_KNOTS.);
#212=B_SPLINE_CURVE_WITH_KNOTS('',3,(#4950,#4951,#4952,#4953),
 .UNSPECIFIED.,.F.,.F.,(4,4),(0.,1.),.PIECEWISE_BEZIER_KNOTS.);
#213=B_SPLINE_CURVE_WITH_KNOTS('',3,(#4976,#4977,#4978,#4979),
 .UNSPECIFIED.,.F.,.F.,(4,4),(0.,1.),.PIECEWISE_BEZIER_KNOTS.);
#214=B_SPLINE_CURVE_WITH_KNOTS('',3,(#4994,#4995,#4996,#4997),
 .UNSPECIFIED.,.F.,.F.,(4,4),(0.,1.),.PIECEWISE_BEZIER_KNOTS.);
#215=B_SPLINE_CURVE_WITH_KNOTS('',3,(#5012,#5013,#5014,#5015),
 .UNSPECIFIED.,.F.,.F.,(4,4),(0.,1.),.PIECEWISE_BEZIER_KNOTS.);
#216=B_SPLINE_CURVE_WITH_KNOTS('',3,(#5024,#5025,#5026,#5027),
 .UNSPECIFIED.,.F.,.F.,(4,4),(0.,1.),.PIECEWISE_BEZIER_KNOTS.);
#217=B_SPLINE_CURVE_WITH_KNOTS('',3,(#5045,#5046,#5047,#5048),
 .UNSPECIFIED.,.F.,.F.,(4,4),(0.,1.),.PIECEWISE_BEZIER_KNOTS.);
#218=B_SPLINE_CURVE_WITH_KNOTS('',3,(#5063,#5064,#5065,#5066),
 .UNSPECIFIED.,.F.,.F.,(4,4),(0.,1.),.PIECEWISE_BEZIER_KNOTS.);
#219=B_SPLINE_CURVE_WITH_KNOTS('',3,(#5081,#5082,#5083,#5084),
 .UNSPECIFIED.,.F.,.F.,(4,4),(0.,1.),.PIECEWISE_BEZIER_KNOTS.);
#220=B_SPLINE_CURVE_WITH_KNOTS('',3,(#5097,#5098,#5099,#5100),
 .UNSPECIFIED.,.F.,.F.,(4,4),(0.,1.),.PIECEWISE_BEZIER_KNOTS.);
#221=B_SPLINE_CURVE_WITH_KNOTS('',3,(#5118,#5119,#5120,#5121),
 .UNSPECIFIED.,.F.,.F.,(4,4),(0.,1.),.PIECEWISE_BEZIER_KNOTS.);
#222=B_SPLINE_CURVE_WITH_KNOTS('',3,(#5152,#5153,#5154,#5155),
 .UNSPECIFIED.,.F.,.F.,(4,4),(0.,1.),.PIECEWISE_BEZIER_KNOTS.);
#223=B_SPLINE_CURVE_WITH_KNOTS('',3,(#5166,#5167,#5168,#5169),
 .UNSPECIFIED.,.F.,.F.,(4,4),(0.,1.),.PIECEWISE_BEZIER_KNOTS.);
#224=B_SPLINE_CURVE_WITH_KNOTS('',3,(#5184,#5185,#5186,#5187),
 .UNSPECIFIED.,.F.,.F.,(4,4),(0.,1.),.PIECEWISE_BEZIER_KNOTS.);
#225=B_SPLINE_CURVE_WITH_KNOTS('',3,(#5198,#5199,#5200,#5201),
 .UNSPECIFIED.,.F.,.F.,(4,4),(0.,1.),.PIECEWISE_BEZIER_KNOTS.);
#226=B_SPLINE_CURVE_WITH_KNOTS('',3,(#5229,#5230,#5231,#5232),
 .UNSPECIFIED.,.F.,.F.,(4,4),(0.,1.),.PIECEWISE_BEZIER_KNOTS.);
#227=B_SPLINE_CURVE_WITH_KNOTS('',3,(#5247,#5248,#5249,#5250),
 .UNSPECIFIED.,.F.,.F.,(4,4),(0.,1.),.PIECEWISE_BEZIER_KNOTS.);
#228=B_SPLINE_CURVE_WITH_KNOTS('',3,(#5263,#5264,#5265,#5266),
 .UNSPECIFIED.,.F.,.F.,(4,4),(0.,1.),.PIECEWISE_BEZIER_KNOTS.);
#229=B_SPLINE_CURVE_WITH_KNOTS('',3,(#5284,#5285,#5286,#5287),
 .UNSPECIFIED.,.F.,.F.,(4,4),(0.,1.),.PIECEWISE_BEZIER_KNOTS.);
#230=B_SPLINE_CURVE_WITH_KNOTS('',3,(#5300,#5301,#5302,#5303),
 .UNSPECIFIED.,.F.,.F.,(4,4),(0.,1.),.PIECEWISE_BEZIER_KNOTS.);
#231=B_SPLINE_CURVE_WITH_KNOTS('',3,(#5325,#5326,#5327,#5328),
 .UNSPECIFIED.,.F.,.F.,(4,4),(0.,1.),.PIECEWISE_BEZIER_KNOTS.);
#232=B_SPLINE_CURVE_WITH_KNOTS('',3,(#5343,#5344,#5345,#5346),
 .UNSPECIFIED.,.F.,.F.,(4,4),(0.,1.),.PIECEWISE_BEZIER_KNOTS.);
#233=B_SPLINE_CURVE_WITH_KNOTS('',3,(#5369,#5370,#5371,#5372),
 .UNSPECIFIED.,.F.,.F.,(4,4),(0.,1.),.PIECEWISE_BEZIER_KNOTS.);
#234=B_SPLINE_CURVE_WITH_KNOTS('',3,(#5387,#5388,#5389,#5390),
 .UNSPECIFIED.,.F.,.F.,(4,4),(0.,1.),.PIECEWISE_BEZIER_KNOTS.);
#235=B_SPLINE_CURVE_WITH_KNOTS('',3,(#5405,#5406,#5407,#5408),
 .UNSPECIFIED.,.F.,.F.,(4,4),(0.,1.),.PIECEWISE_BEZIER_KNOTS.);
#236=B_SPLINE_CURVE_WITH_KNOTS('',3,(#5427,#5428,#5429,#5430),
 .UNSPECIFIED.,.F.,.F.,(4,4),(0.,1.),.PIECEWISE_BEZIER_KNOTS.);
#237=B_SPLINE_CURVE_WITH_KNOTS('',3,(#5441,#5442,#5443,#5444),
 .UNSPECIFIED.,.F.,.F.,(4,4),(0.,1.),.PIECEWISE_BEZIER_KNOTS.);
#238=B_SPLINE_CURVE_WITH_KNOTS('',3,(#5455,#5456,#5457,#5458),
 .UNSPECIFIED.,.F.,.F.,(4,4),(0.,1.),.PIECEWISE_BEZIER_KNOTS.);
#239=B_SPLINE_CURVE_WITH_KNOTS('',3,(#5473,#5474,#5475,#5476),
 .UNSPECIFIED.,.F.,.F.,(4,4),(0.,1.),.PIECEWISE_BEZIER_KNOTS.);
#240=B_SPLINE_CURVE_WITH_KNOTS('',3,(#5487,#5488,#5489,#5490),
 .UNSPECIFIED.,.F.,.F.,(4,4),(0.,1.),.PIECEWISE_BEZIER_KNOTS.);
#241=B_SPLINE_CURVE_WITH_KNOTS('',3,(#5501,#5502,#5503,#5504),
 .UNSPECIFIED.,.F.,.F.,(4,4),(0.,1.),.PIECEWISE_BEZIER_KNOTS.);
#242=B_SPLINE_CURVE_WITH_KNOTS('',3,(#5517,#5518,#5519,#5520),
 .UNSPECIFIED.,.F.,.F.,(4,4),(0.,1.),.PIECEWISE_BEZIER_KNOTS.);
#243=B_SPLINE_CURVE_WITH_KNOTS('',3,(#5538,#5539,#5540,#5541),
 .UNSPECIFIED.,.F.,.F.,(4,4),(0.,1.),.PIECEWISE_BEZIER_KNOTS.);
#244=B_SPLINE_CURVE_WITH_KNOTS('',3,(#5554,#5555,#5556,#5557),
 .UNSPECIFIED.,.F.,.F.,(4,4),(0.,1.),.PIECEWISE_BEZIER_KNOTS.);
#245=ORIENTED_EDGE('',*,*,#1061,.F.);
#246=ORIENTED_EDGE('',*,*,#1062,.F.);
#247=ORIENTED_EDGE('',*,*,#1063,.F.);
#248=ORIENTED_EDGE('',*,*,#1064,.F.);
#249=ORIENTED_EDGE('',*,*,#1065,.F.);
#250=ORIENTED_EDGE('',*,*,#1066,.F.);
#251=ORIENTED_EDGE('',*,*,#1067,.F.);
#252=ORIENTED_EDGE('',*,*,#1068,.F.);
#253=ORIENTED_EDGE('',*,*,#1069,.T.);
#254=ORIENTED_EDGE('',*,*,#1070,.T.);
#255=ORIENTED_EDGE('',*,*,#1071,.F.);
#256=ORIENTED_EDGE('',*,*,#1072,.T.);
#257=ORIENTED_EDGE('',*,*,#1073,.T.);
#258=ORIENTED_EDGE('',*,*,#1074,.F.);
#259=ORIENTED_EDGE('',*,*,#1075,.F.);
#260=ORIENTED_EDGE('',*,*,#1076,.F.);
#261=ORIENTED_EDGE('',*,*,#1077,.F.);
#262=ORIENTED_EDGE('',*,*,#1078,.F.);
#263=ORIENTED_EDGE('',*,*,#1079,.F.);
#264=ORIENTED_EDGE('',*,*,#1080,.F.);
#265=ORIENTED_EDGE('',*,*,#1081,.F.);
#266=ORIENTED_EDGE('',*,*,#1082,.F.);
#267=ORIENTED_EDGE('',*,*,#1083,.F.);
#268=ORIENTED_EDGE('',*,*,#1084,.F.);
#269=ORIENTED_EDGE('',*,*,#1085,.F.);
#270=ORIENTED_EDGE('',*,*,#1086,.F.);
#271=ORIENTED_EDGE('',*,*,#1087,.F.);
#272=ORIENTED_EDGE('',*,*,#1088,.F.);
#273=ORIENTED_EDGE('',*,*,#1089,.F.);
#274=ORIENTED_EDGE('',*,*,#1090,.F.);
#275=ORIENTED_EDGE('',*,*,#1091,.F.);
#276=ORIENTED_EDGE('',*,*,#1092,.F.);
#277=ORIENTED_EDGE('',*,*,#1093,.F.);
#278=ORIENTED_EDGE('',*,*,#1094,.F.);
#279=ORIENTED_EDGE('',*,*,#1095,.F.);
#280=ORIENTED_EDGE('',*,*,#1096,.F.);
#281=ORIENTED_EDGE('',*,*,#1097,.F.);
#282=ORIENTED_EDGE('',*,*,#1098,.F.);
#283=ORIENTED_EDGE('',*,*,#1099,.F.);
#284=ORIENTED_EDGE('',*,*,#1100,.F.);
#285=ORIENTED_EDGE('',*,*,#1101,.F.);
#286=ORIENTED_EDGE('',*,*,#1102,.F.);
#287=ORIENTED_EDGE('',*,*,#1103,.F.);
#288=ORIENTED_EDGE('',*,*,#1104,.F.);
#289=ORIENTED_EDGE('',*,*,#1105,.F.);
#290=ORIENTED_EDGE('',*,*,#1106,.F.);
#291=ORIENTED_EDGE('',*,*,#1107,.F.);
#292=ORIENTED_EDGE('',*,*,#1108,.F.);
#293=ORIENTED_EDGE('',*,*,#1109,.F.);
#294=ORIENTED_EDGE('',*,*,#1110,.F.);
#295=ORIENTED_EDGE('',*,*,#1111,.F.);
#296=ORIENTED_EDGE('',*,*,#1112,.F.);
#297=ORIENTED_EDGE('',*,*,#1113,.F.);
#298=ORIENTED_EDGE('',*,*,#1114,.F.);
#299=ORIENTED_EDGE('',*,*,#1115,.F.);
#300=ORIENTED_EDGE('',*,*,#1116,.F.);
#301=ORIENTED_EDGE('',*,*,#1117,.F.);
#302=ORIENTED_EDGE('',*,*,#1118,.F.);
#303=ORIENTED_EDGE('',*,*,#1119,.F.);
#304=ORIENTED_EDGE('',*,*,#1120,.F.);
#305=ORIENTED_EDGE('',*,*,#1121,.F.);
#306=ORIENTED_EDGE('',*,*,#1122,.F.);
#307=ORIENTED_EDGE('',*,*,#1123,.F.);
#308=ORIENTED_EDGE('',*,*,#1124,.F.);
#309=ORIENTED_EDGE('',*,*,#1125,.F.);
#310=ORIENTED_EDGE('',*,*,#1126,.F.);
#311=ORIENTED_EDGE('',*,*,#1127,.F.);
#312=ORIENTED_EDGE('',*,*,#1128,.F.);
#313=ORIENTED_EDGE('',*,*,#1129,.F.);
#314=ORIENTED_EDGE('',*,*,#1130,.F.);
#315=ORIENTED_EDGE('',*,*,#1131,.F.);
#316=ORIENTED_EDGE('',*,*,#1132,.F.);
#317=ORIENTED_EDGE('',*,*,#1133,.F.);
#318=ORIENTED_EDGE('',*,*,#1134,.F.);
#319=ORIENTED_EDGE('',*,*,#1135,.F.);
#320=ORIENTED_EDGE('',*,*,#1136,.F.);
#321=ORIENTED_EDGE('',*,*,#1137,.F.);
#322=ORIENTED_EDGE('',*,*,#1138,.F.);
#323=ORIENTED_EDGE('',*,*,#1139,.F.);
#324=ORIENTED_EDGE('',*,*,#1140,.F.);
#325=ORIENTED_EDGE('',*,*,#1141,.F.);
#326=ORIENTED_EDGE('',*,*,#1142,.F.);
#327=ORIENTED_EDGE('',*,*,#1143,.F.);
#328=ORIENTED_EDGE('',*,*,#1144,.F.);
#329=ORIENTED_EDGE('',*,*,#1145,.F.);
#330=ORIENTED_EDGE('',*,*,#1146,.F.);
#331=ORIENTED_EDGE('',*,*,#1147,.F.);
#332=ORIENTED_EDGE('',*,*,#1148,.F.);
#333=ORIENTED_EDGE('',*,*,#1149,.T.);
#334=ORIENTED_EDGE('',*,*,#1150,.T.);
#335=ORIENTED_EDGE('',*,*,#1151,.F.);
#336=ORIENTED_EDGE('',*,*,#1152,.T.);
#337=ORIENTED_EDGE('',*,*,#1153,.T.);
#338=ORIENTED_EDGE('',*,*,#1154,.F.);
#339=ORIENTED_EDGE('',*,*,#1155,.T.);
#340=ORIENTED_EDGE('',*,*,#1156,.T.);
#341=ORIENTED_EDGE('',*,*,#1157,.F.);
#342=ORIENTED_EDGE('',*,*,#1158,.F.);
#343=ORIENTED_EDGE('',*,*,#1159,.T.);
#344=ORIENTED_EDGE('',*,*,#1160,.F.);
#345=ORIENTED_EDGE('',*,*,#1161,.F.);
#346=ORIENTED_EDGE('',*,*,#1162,.T.);
#347=ORIENTED_EDGE('',*,*,#1163,.T.);
#348=ORIENTED_EDGE('',*,*,#1164,.F.);
#349=ORIENTED_EDGE('',*,*,#1165,.F.);
#350=ORIENTED_EDGE('',*,*,#1166,.T.);
#351=ORIENTED_EDGE('',*,*,#1167,.T.);
#352=ORIENTED_EDGE('',*,*,#1168,.T.);
#353=ORIENTED_EDGE('',*,*,#1169,.F.);
#354=ORIENTED_EDGE('',*,*,#1170,.F.);
#355=ORIENTED_EDGE('',*,*,#1171,.T.);
#356=ORIENTED_EDGE('',*,*,#1172,.T.);
#357=ORIENTED_EDGE('',*,*,#1173,.F.);
#358=ORIENTED_EDGE('',*,*,#1174,.F.);
#359=ORIENTED_EDGE('',*,*,#1175,.T.);
#360=ORIENTED_EDGE('',*,*,#1176,.T.);
#361=ORIENTED_EDGE('',*,*,#1177,.F.);
#362=ORIENTED_EDGE('',*,*,#1178,.F.);
#363=ORIENTED_EDGE('',*,*,#1179,.T.);
#364=ORIENTED_EDGE('',*,*,#1180,.T.);
#365=ORIENTED_EDGE('',*,*,#1181,.F.);
#366=ORIENTED_EDGE('',*,*,#1182,.F.);
#367=ORIENTED_EDGE('',*,*,#1183,.T.);
#368=ORIENTED_EDGE('',*,*,#1184,.T.);
#369=ORIENTED_EDGE('',*,*,#1185,.F.);
#370=ORIENTED_EDGE('',*,*,#1186,.F.);
#371=ORIENTED_EDGE('',*,*,#1187,.T.);
#372=ORIENTED_EDGE('',*,*,#1188,.T.);
#373=ORIENTED_EDGE('',*,*,#1189,.F.);
#374=ORIENTED_EDGE('',*,*,#1190,.F.);
#375=ORIENTED_EDGE('',*,*,#1191,.T.);
#376=ORIENTED_EDGE('',*,*,#1070,.F.);
#377=ORIENTED_EDGE('',*,*,#1192,.F.);
#378=ORIENTED_EDGE('',*,*,#1193,.T.);
#379=ORIENTED_EDGE('',*,*,#1194,.T.);
#380=ORIENTED_EDGE('',*,*,#1195,.T.);
#381=ORIENTED_EDGE('',*,*,#1196,.F.);
#382=ORIENTED_EDGE('',*,*,#1197,.F.);
#383=ORIENTED_EDGE('',*,*,#1198,.T.);
#384=ORIENTED_EDGE('',*,*,#1199,.T.);
#385=ORIENTED_EDGE('',*,*,#1200,.F.);
#386=ORIENTED_EDGE('',*,*,#1201,.F.);
#387=ORIENTED_EDGE('',*,*,#1202,.T.);
#388=ORIENTED_EDGE('',*,*,#1193,.F.);
#389=ORIENTED_EDGE('',*,*,#1203,.F.);
#390=ORIENTED_EDGE('',*,*,#1204,.T.);
#391=ORIENTED_EDGE('',*,*,#1205,.T.);
#392=ORIENTED_EDGE('',*,*,#1206,.T.);
#393=ORIENTED_EDGE('',*,*,#1207,.F.);
#394=ORIENTED_EDGE('',*,*,#1208,.F.);
#395=ORIENTED_EDGE('',*,*,#1209,.F.);
#396=ORIENTED_EDGE('',*,*,#1210,.F.);
#397=ORIENTED_EDGE('',*,*,#1211,.T.);
#398=ORIENTED_EDGE('',*,*,#1165,.T.);
#399=ORIENTED_EDGE('',*,*,#1212,.F.);
#400=ORIENTED_EDGE('',*,*,#1213,.F.);
#401=ORIENTED_EDGE('',*,*,#1214,.T.);
#402=ORIENTED_EDGE('',*,*,#1161,.T.);
#403=ORIENTED_EDGE('',*,*,#1215,.F.);
#404=ORIENTED_EDGE('',*,*,#1216,.F.);
#405=ORIENTED_EDGE('',*,*,#1217,.T.);
#406=ORIENTED_EDGE('',*,*,#1218,.T.);
#407=ORIENTED_EDGE('',*,*,#1219,.T.);
#408=ORIENTED_EDGE('',*,*,#1220,.T.);
#409=ORIENTED_EDGE('',*,*,#1221,.F.);
#410=ORIENTED_EDGE('',*,*,#1222,.F.);
#411=ORIENTED_EDGE('',*,*,#1210,.T.);
#412=ORIENTED_EDGE('',*,*,#1223,.T.);
#413=ORIENTED_EDGE('',*,*,#1224,.F.);
#414=ORIENTED_EDGE('',*,*,#1225,.F.);
#415=ORIENTED_EDGE('',*,*,#1216,.T.);
#416=ORIENTED_EDGE('',*,*,#1226,.T.);
#417=ORIENTED_EDGE('',*,*,#1227,.F.);
#418=ORIENTED_EDGE('',*,*,#1228,.T.);
#419=ORIENTED_EDGE('',*,*,#1229,.T.);
#420=ORIENTED_EDGE('',*,*,#1230,.F.);
#421=ORIENTED_EDGE('',*,*,#1231,.F.);
#422=ORIENTED_EDGE('',*,*,#1232,.F.);
#423=ORIENTED_EDGE('',*,*,#1233,.F.);
#424=ORIENTED_EDGE('',*,*,#1155,.F.);
#425=ORIENTED_EDGE('',*,*,#1234,.F.);
#426=ORIENTED_EDGE('',*,*,#1235,.T.);
#427=ORIENTED_EDGE('',*,*,#1236,.T.);
#428=ORIENTED_EDGE('',*,*,#1159,.F.);
#429=ORIENTED_EDGE('',*,*,#1237,.T.);
#430=ORIENTED_EDGE('',*,*,#1238,.T.);
#431=ORIENTED_EDGE('',*,*,#1239,.F.);
#432=ORIENTED_EDGE('',*,*,#1204,.F.);
#433=ORIENTED_EDGE('',*,*,#1240,.T.);
#434=ORIENTED_EDGE('',*,*,#1068,.T.);
#435=ORIENTED_EDGE('',*,*,#1241,.F.);
#436=ORIENTED_EDGE('',*,*,#1242,.F.);
#437=ORIENTED_EDGE('',*,*,#1226,.F.);
#438=ORIENTED_EDGE('',*,*,#1215,.T.);
#439=ORIENTED_EDGE('',*,*,#1160,.T.);
#440=ORIENTED_EDGE('',*,*,#1236,.F.);
#441=ORIENTED_EDGE('',*,*,#1243,.T.);
#442=ORIENTED_EDGE('',*,*,#1150,.F.);
#443=ORIENTED_EDGE('',*,*,#1244,.F.);
#444=ORIENTED_EDGE('',*,*,#1245,.T.);
#445=ORIENTED_EDGE('',*,*,#1246,.F.);
#446=ORIENTED_EDGE('',*,*,#1247,.F.);
#447=ORIENTED_EDGE('',*,*,#1202,.F.);
#448=ORIENTED_EDGE('',*,*,#1239,.T.);
#449=ORIENTED_EDGE('',*,*,#1067,.T.);
#450=ORIENTED_EDGE('',*,*,#1191,.F.);
#451=ORIENTED_EDGE('',*,*,#1248,.F.);
#452=ORIENTED_EDGE('',*,*,#1249,.T.);
#453=ORIENTED_EDGE('',*,*,#1227,.T.);
#454=ORIENTED_EDGE('',*,*,#1247,.T.);
#455=ORIENTED_EDGE('',*,*,#1250,.F.);
#456=ORIENTED_EDGE('',*,*,#1251,.F.);
#457=ORIENTED_EDGE('',*,*,#1231,.T.);
#458=ORIENTED_EDGE('',*,*,#1252,.F.);
#459=ORIENTED_EDGE('',*,*,#1244,.T.);
#460=ORIENTED_EDGE('',*,*,#1149,.F.);
#461=ORIENTED_EDGE('',*,*,#1253,.F.);
#462=ORIENTED_EDGE('',*,*,#1254,.T.);
#463=ORIENTED_EDGE('',*,*,#1245,.F.);
#464=ORIENTED_EDGE('',*,*,#1254,.F.);
#465=ORIENTED_EDGE('',*,*,#1255,.T.);
#466=ORIENTED_EDGE('',*,*,#1256,.T.);
#467=ORIENTED_EDGE('',*,*,#1246,.T.);
#468=ORIENTED_EDGE('',*,*,#1256,.F.);
#469=ORIENTED_EDGE('',*,*,#1257,.F.);
#470=ORIENTED_EDGE('',*,*,#1250,.T.);
#471=ORIENTED_EDGE('',*,*,#1243,.F.);
#472=ORIENTED_EDGE('',*,*,#1235,.F.);
#473=ORIENTED_EDGE('',*,*,#1258,.T.);
#474=ORIENTED_EDGE('',*,*,#1147,.T.);
#475=ORIENTED_EDGE('',*,*,#1259,.T.);
#476=ORIENTED_EDGE('',*,*,#1260,.F.);
#477=ORIENTED_EDGE('',*,*,#1261,.F.);
#478=ORIENTED_EDGE('',*,*,#1157,.T.);
#479=ORIENTED_EDGE('',*,*,#1262,.F.);
#480=ORIENTED_EDGE('',*,*,#1238,.F.);
#481=ORIENTED_EDGE('',*,*,#1263,.T.);
#482=ORIENTED_EDGE('',*,*,#1260,.T.);
#483=ORIENTED_EDGE('',*,*,#1264,.T.);
#484=ORIENTED_EDGE('',*,*,#1265,.F.);
#485=ORIENTED_EDGE('',*,*,#1237,.F.);
#486=ORIENTED_EDGE('',*,*,#1158,.T.);
#487=ORIENTED_EDGE('',*,*,#1261,.T.);
#488=ORIENTED_EDGE('',*,*,#1263,.F.);
#489=ORIENTED_EDGE('',*,*,#1264,.F.);
#490=ORIENTED_EDGE('',*,*,#1233,.T.);
#491=ORIENTED_EDGE('',*,*,#1262,.T.);
#492=ORIENTED_EDGE('',*,*,#1259,.F.);
#493=ORIENTED_EDGE('',*,*,#1156,.F.);
#494=ORIENTED_EDGE('',*,*,#1265,.T.);
#495=ORIENTED_EDGE('',*,*,#1266,.F.);
#496=ORIENTED_EDGE('',*,*,#1248,.T.);
#497=ORIENTED_EDGE('',*,*,#1267,.T.);
#498=ORIENTED_EDGE('',*,*,#1268,.F.);
#499=ORIENTED_EDGE('',*,*,#1269,.F.);
#500=ORIENTED_EDGE('',*,*,#1249,.F.);
#501=ORIENTED_EDGE('',*,*,#1266,.T.);
#502=ORIENTED_EDGE('',*,*,#1270,.F.);
#503=ORIENTED_EDGE('',*,*,#1228,.F.);
#504=ORIENTED_EDGE('',*,*,#1271,.T.);
#505=ORIENTED_EDGE('',*,*,#1267,.F.);
#506=ORIENTED_EDGE('',*,*,#1252,.T.);
#507=ORIENTED_EDGE('',*,*,#1230,.T.);
#508=ORIENTED_EDGE('',*,*,#1272,.T.);
#509=ORIENTED_EDGE('',*,*,#1272,.F.);
#510=ORIENTED_EDGE('',*,*,#1229,.F.);
#511=ORIENTED_EDGE('',*,*,#1270,.T.);
#512=ORIENTED_EDGE('',*,*,#1268,.T.);
#513=ORIENTED_EDGE('',*,*,#1269,.T.);
#514=ORIENTED_EDGE('',*,*,#1271,.F.);
#515=ORIENTED_EDGE('',*,*,#1273,.T.);
#516=ORIENTED_EDGE('',*,*,#1274,.F.);
#517=ORIENTED_EDGE('',*,*,#1275,.F.);
#518=ORIENTED_EDGE('',*,*,#1213,.T.);
#519=ORIENTED_EDGE('',*,*,#1276,.T.);
#520=ORIENTED_EDGE('',*,*,#1163,.F.);
#521=ORIENTED_EDGE('',*,*,#1277,.F.);
#522=ORIENTED_EDGE('',*,*,#1274,.T.);
#523=ORIENTED_EDGE('',*,*,#1278,.T.);
#524=ORIENTED_EDGE('',*,*,#1279,.F.);
#525=ORIENTED_EDGE('',*,*,#1214,.F.);
#526=ORIENTED_EDGE('',*,*,#1275,.T.);
#527=ORIENTED_EDGE('',*,*,#1277,.T.);
#528=ORIENTED_EDGE('',*,*,#1162,.F.);
#529=ORIENTED_EDGE('',*,*,#1278,.F.);
#530=ORIENTED_EDGE('',*,*,#1212,.T.);
#531=ORIENTED_EDGE('',*,*,#1164,.T.);
#532=ORIENTED_EDGE('',*,*,#1276,.F.);
#533=ORIENTED_EDGE('',*,*,#1273,.F.);
#534=ORIENTED_EDGE('',*,*,#1279,.T.);
#535=ORIENTED_EDGE('',*,*,#1280,.T.);
#536=ORIENTED_EDGE('',*,*,#1281,.F.);
#537=ORIENTED_EDGE('',*,*,#1282,.F.);
#538=ORIENTED_EDGE('',*,*,#1224,.T.);
#539=ORIENTED_EDGE('',*,*,#1283,.F.);
#540=ORIENTED_EDGE('',*,*,#1218,.F.);
#541=ORIENTED_EDGE('',*,*,#1284,.T.);
#542=ORIENTED_EDGE('',*,*,#1281,.T.);
#543=ORIENTED_EDGE('',*,*,#1285,.T.);
#544=ORIENTED_EDGE('',*,*,#1286,.F.);
#545=ORIENTED_EDGE('',*,*,#1217,.F.);
#546=ORIENTED_EDGE('',*,*,#1225,.T.);
#547=ORIENTED_EDGE('',*,*,#1282,.T.);
#548=ORIENTED_EDGE('',*,*,#1284,.F.);
#549=ORIENTED_EDGE('',*,*,#1285,.F.);
#550=ORIENTED_EDGE('',*,*,#1209,.T.);
#551=ORIENTED_EDGE('',*,*,#1283,.T.);
#552=ORIENTED_EDGE('',*,*,#1280,.F.);
#553=ORIENTED_EDGE('',*,*,#1223,.F.);
#554=ORIENTED_EDGE('',*,*,#1286,.T.);
#555=ORIENTED_EDGE('',*,*,#1287,.F.);
#556=ORIENTED_EDGE('',*,*,#1242,.T.);
#557=ORIENTED_EDGE('',*,*,#1287,.T.);
#558=ORIENTED_EDGE('',*,*,#1288,.F.);
#559=ORIENTED_EDGE('',*,*,#1241,.T.);
#560=ORIENTED_EDGE('',*,*,#1288,.T.);
#561=ORIENTED_EDGE('',*,*,#1211,.F.);
#562=ORIENTED_EDGE('',*,*,#1232,.T.);
#563=ORIENTED_EDGE('',*,*,#1251,.T.);
#564=ORIENTED_EDGE('',*,*,#1257,.T.);
#565=ORIENTED_EDGE('',*,*,#1255,.F.);
#566=ORIENTED_EDGE('',*,*,#1253,.T.);
#567=ORIENTED_EDGE('',*,*,#1148,.T.);
#568=ORIENTED_EDGE('',*,*,#1258,.F.);
#569=ORIENTED_EDGE('',*,*,#1234,.T.);
#570=ORIENTED_EDGE('',*,*,#1166,.F.);
#571=ORIENTED_EDGE('',*,*,#1240,.F.);
#572=ORIENTED_EDGE('',*,*,#1203,.T.);
#573=ORIENTED_EDGE('',*,*,#1192,.T.);
#574=ORIENTED_EDGE('',*,*,#1069,.F.);
#575=ORIENTED_EDGE('',*,*,#1289,.T.);
#576=ORIENTED_EDGE('',*,*,#1205,.F.);
#577=ORIENTED_EDGE('',*,*,#1290,.F.);
#578=ORIENTED_EDGE('',*,*,#1220,.F.);
#579=ORIENTED_EDGE('',*,*,#1221,.T.);
#580=ORIENTED_EDGE('',*,*,#1290,.T.);
#581=ORIENTED_EDGE('',*,*,#1208,.T.);
#582=ORIENTED_EDGE('',*,*,#1291,.F.);
#583=ORIENTED_EDGE('',*,*,#1222,.T.);
#584=ORIENTED_EDGE('',*,*,#1291,.T.);
#585=ORIENTED_EDGE('',*,*,#1207,.T.);
#586=ORIENTED_EDGE('',*,*,#1292,.F.);
#587=ORIENTED_EDGE('',*,*,#1292,.T.);
#588=ORIENTED_EDGE('',*,*,#1206,.F.);
#589=ORIENTED_EDGE('',*,*,#1289,.F.);
#590=ORIENTED_EDGE('',*,*,#1219,.F.);
#591=ORIENTED_EDGE('',*,*,#1293,.T.);
#592=ORIENTED_EDGE('',*,*,#1187,.F.);
#593=ORIENTED_EDGE('',*,*,#1294,.F.);
#594=ORIENTED_EDGE('',*,*,#1168,.F.);
#595=ORIENTED_EDGE('',*,*,#1169,.T.);
#596=ORIENTED_EDGE('',*,*,#1294,.T.);
#597=ORIENTED_EDGE('',*,*,#1190,.T.);
#598=ORIENTED_EDGE('',*,*,#1295,.F.);
#599=ORIENTED_EDGE('',*,*,#1170,.T.);
#600=ORIENTED_EDGE('',*,*,#1295,.T.);
#601=ORIENTED_EDGE('',*,*,#1189,.T.);
#602=ORIENTED_EDGE('',*,*,#1296,.F.);
#603=ORIENTED_EDGE('',*,*,#1296,.T.);
#604=ORIENTED_EDGE('',*,*,#1188,.F.);
#605=ORIENTED_EDGE('',*,*,#1293,.F.);
#606=ORIENTED_EDGE('',*,*,#1167,.F.);
#607=ORIENTED_EDGE('',*,*,#1297,.T.);
#608=ORIENTED_EDGE('',*,*,#1194,.F.);
#609=ORIENTED_EDGE('',*,*,#1298,.F.);
#610=ORIENTED_EDGE('',*,*,#1172,.F.);
#611=ORIENTED_EDGE('',*,*,#1173,.T.);
#612=ORIENTED_EDGE('',*,*,#1298,.T.);
#613=ORIENTED_EDGE('',*,*,#1197,.T.);
#614=ORIENTED_EDGE('',*,*,#1299,.F.);
#615=ORIENTED_EDGE('',*,*,#1174,.T.);
#616=ORIENTED_EDGE('',*,*,#1299,.T.);
#617=ORIENTED_EDGE('',*,*,#1196,.T.);
#618=ORIENTED_EDGE('',*,*,#1300,.F.);
#619=ORIENTED_EDGE('',*,*,#1300,.T.);
#620=ORIENTED_EDGE('',*,*,#1195,.F.);
#621=ORIENTED_EDGE('',*,*,#1297,.F.);
#622=ORIENTED_EDGE('',*,*,#1171,.F.);
#623=ORIENTED_EDGE('',*,*,#1301,.T.);
#624=ORIENTED_EDGE('',*,*,#1183,.F.);
#625=ORIENTED_EDGE('',*,*,#1302,.F.);
#626=ORIENTED_EDGE('',*,*,#1176,.F.);
#627=ORIENTED_EDGE('',*,*,#1177,.T.);
#628=ORIENTED_EDGE('',*,*,#1302,.T.);
#629=ORIENTED_EDGE('',*,*,#1186,.T.);
#630=ORIENTED_EDGE('',*,*,#1303,.F.);
#631=ORIENTED_EDGE('',*,*,#1178,.T.);
#632=ORIENTED_EDGE('',*,*,#1303,.T.);
#633=ORIENTED_EDGE('',*,*,#1185,.T.);
#634=ORIENTED_EDGE('',*,*,#1304,.F.);
#635=ORIENTED_EDGE('',*,*,#1304,.T.);
#636=ORIENTED_EDGE('',*,*,#1184,.F.);
#637=ORIENTED_EDGE('',*,*,#1301,.F.);
#638=ORIENTED_EDGE('',*,*,#1175,.F.);
#639=ORIENTED_EDGE('',*,*,#1305,.T.);
#640=ORIENTED_EDGE('',*,*,#1198,.F.);
#641=ORIENTED_EDGE('',*,*,#1306,.F.);
#642=ORIENTED_EDGE('',*,*,#1180,.F.);
#643=ORIENTED_EDGE('',*,*,#1181,.T.);
#644=ORIENTED_EDGE('',*,*,#1306,.T.);
#645=ORIENTED_EDGE('',*,*,#1201,.T.);
#646=ORIENTED_EDGE('',*,*,#1307,.F.);
#647=ORIENTED_EDGE('',*,*,#1182,.T.);
#648=ORIENTED_EDGE('',*,*,#1307,.T.);
#649=ORIENTED_EDGE('',*,*,#1200,.T.);
#650=ORIENTED_EDGE('',*,*,#1308,.F.);
#651=ORIENTED_EDGE('',*,*,#1308,.T.);
#652=ORIENTED_EDGE('',*,*,#1199,.F.);
#653=ORIENTED_EDGE('',*,*,#1305,.F.);
#654=ORIENTED_EDGE('',*,*,#1179,.F.);
#655=ORIENTED_EDGE('',*,*,#1151,.T.);
#656=ORIENTED_EDGE('',*,*,#1309,.T.);
#657=ORIENTED_EDGE('',*,*,#1072,.F.);
#658=ORIENTED_EDGE('',*,*,#1310,.F.);
#659=ORIENTED_EDGE('',*,*,#1310,.T.);
#660=ORIENTED_EDGE('',*,*,#1071,.T.);
#661=ORIENTED_EDGE('',*,*,#1311,.F.);
#662=ORIENTED_EDGE('',*,*,#1152,.F.);
#663=ORIENTED_EDGE('',*,*,#1311,.T.);
#664=ORIENTED_EDGE('',*,*,#1074,.T.);
#665=ORIENTED_EDGE('',*,*,#1312,.F.);
#666=ORIENTED_EDGE('',*,*,#1153,.F.);
#667=ORIENTED_EDGE('',*,*,#1154,.T.);
#668=ORIENTED_EDGE('',*,*,#1312,.T.);
#669=ORIENTED_EDGE('',*,*,#1073,.F.);
#670=ORIENTED_EDGE('',*,*,#1309,.F.);
#671=ORIENTED_EDGE('',*,*,#1061,.T.);
#672=ORIENTED_EDGE('',*,*,#1313,.F.);
#673=ORIENTED_EDGE('',*,*,#1314,.F.);
#674=ORIENTED_EDGE('',*,*,#1315,.T.);
#675=ORIENTED_EDGE('',*,*,#1066,.T.);
#676=ORIENTED_EDGE('',*,*,#1316,.F.);
#677=ORIENTED_EDGE('',*,*,#1317,.F.);
#678=ORIENTED_EDGE('',*,*,#1313,.T.);
#679=ORIENTED_EDGE('',*,*,#1065,.T.);
#680=ORIENTED_EDGE('',*,*,#1318,.F.);
#681=ORIENTED_EDGE('',*,*,#1319,.F.);
#682=ORIENTED_EDGE('',*,*,#1316,.T.);
#683=ORIENTED_EDGE('',*,*,#1064,.T.);
#684=ORIENTED_EDGE('',*,*,#1320,.F.);
#685=ORIENTED_EDGE('',*,*,#1321,.F.);
#686=ORIENTED_EDGE('',*,*,#1318,.T.);
#687=ORIENTED_EDGE('',*,*,#1063,.T.);
#688=ORIENTED_EDGE('',*,*,#1322,.F.);
#689=ORIENTED_EDGE('',*,*,#1323,.F.);
#690=ORIENTED_EDGE('',*,*,#1320,.T.);
#691=ORIENTED_EDGE('',*,*,#1062,.T.);
#692=ORIENTED_EDGE('',*,*,#1315,.F.);
#693=ORIENTED_EDGE('',*,*,#1324,.F.);
#694=ORIENTED_EDGE('',*,*,#1322,.T.);
#695=ORIENTED_EDGE('',*,*,#1314,.T.);
#696=ORIENTED_EDGE('',*,*,#1317,.T.);
#697=ORIENTED_EDGE('',*,*,#1319,.T.);
#698=ORIENTED_EDGE('',*,*,#1321,.T.);
#699=ORIENTED_EDGE('',*,*,#1323,.T.);
#700=ORIENTED_EDGE('',*,*,#1324,.T.);
#701=ORIENTED_EDGE('',*,*,#1076,.T.);
#702=ORIENTED_EDGE('',*,*,#1325,.F.);
#703=ORIENTED_EDGE('',*,*,#1326,.F.);
#704=ORIENTED_EDGE('',*,*,#1327,.T.);
#705=ORIENTED_EDGE('',*,*,#1075,.T.);
#706=ORIENTED_EDGE('',*,*,#1328,.F.);
#707=ORIENTED_EDGE('',*,*,#1329,.F.);
#708=ORIENTED_EDGE('',*,*,#1325,.T.);
#709=ORIENTED_EDGE('',*,*,#1085,.T.);
#710=ORIENTED_EDGE('',*,*,#1330,.F.);
#711=ORIENTED_EDGE('',*,*,#1331,.F.);
#712=ORIENTED_EDGE('',*,*,#1328,.T.);
#713=ORIENTED_EDGE('',*,*,#1084,.T.);
#714=ORIENTED_EDGE('',*,*,#1332,.F.);
#715=ORIENTED_EDGE('',*,*,#1333,.F.);
#716=ORIENTED_EDGE('',*,*,#1330,.T.);
#717=ORIENTED_EDGE('',*,*,#1083,.T.);
#718=ORIENTED_EDGE('',*,*,#1334,.F.);
#719=ORIENTED_EDGE('',*,*,#1335,.F.);
#720=ORIENTED_EDGE('',*,*,#1332,.T.);
#721=ORIENTED_EDGE('',*,*,#1082,.T.);
#722=ORIENTED_EDGE('',*,*,#1336,.F.);
#723=ORIENTED_EDGE('',*,*,#1337,.F.);
#724=ORIENTED_EDGE('',*,*,#1334,.T.);
#725=ORIENTED_EDGE('',*,*,#1081,.T.);
#726=ORIENTED_EDGE('',*,*,#1338,.F.);
#727=ORIENTED_EDGE('',*,*,#1339,.F.);
#728=ORIENTED_EDGE('',*,*,#1336,.T.);
#729=ORIENTED_EDGE('',*,*,#1080,.T.);
#730=ORIENTED_EDGE('',*,*,#1340,.F.);
#731=ORIENTED_EDGE('',*,*,#1341,.F.);
#732=ORIENTED_EDGE('',*,*,#1338,.T.);
#733=ORIENTED_EDGE('',*,*,#1079,.T.);
#734=ORIENTED_EDGE('',*,*,#1342,.F.);
#735=ORIENTED_EDGE('',*,*,#1343,.F.);
#736=ORIENTED_EDGE('',*,*,#1340,.T.);
#737=ORIENTED_EDGE('',*,*,#1078,.T.);
#738=ORIENTED_EDGE('',*,*,#1344,.F.);
#739=ORIENTED_EDGE('',*,*,#1345,.F.);
#740=ORIENTED_EDGE('',*,*,#1342,.T.);
#741=ORIENTED_EDGE('',*,*,#1077,.T.);
#742=ORIENTED_EDGE('',*,*,#1327,.F.);
#743=ORIENTED_EDGE('',*,*,#1346,.F.);
#744=ORIENTED_EDGE('',*,*,#1344,.T.);
#745=ORIENTED_EDGE('',*,*,#1326,.T.);
#746=ORIENTED_EDGE('',*,*,#1329,.T.);
#747=ORIENTED_EDGE('',*,*,#1331,.T.);
#748=ORIENTED_EDGE('',*,*,#1333,.T.);
#749=ORIENTED_EDGE('',*,*,#1335,.T.);
#750=ORIENTED_EDGE('',*,*,#1337,.T.);
#751=ORIENTED_EDGE('',*,*,#1339,.T.);
#752=ORIENTED_EDGE('',*,*,#1341,.T.);
#753=ORIENTED_EDGE('',*,*,#1343,.T.);
#754=ORIENTED_EDGE('',*,*,#1345,.T.);
#755=ORIENTED_EDGE('',*,*,#1346,.T.);
#756=ORIENTED_EDGE('',*,*,#1087,.T.);
#757=ORIENTED_EDGE('',*,*,#1347,.F.);
#758=ORIENTED_EDGE('',*,*,#1348,.F.);
#759=ORIENTED_EDGE('',*,*,#1349,.T.);
#760=ORIENTED_EDGE('',*,*,#1086,.T.);
#761=ORIENTED_EDGE('',*,*,#1350,.F.);
#762=ORIENTED_EDGE('',*,*,#1351,.F.);
#763=ORIENTED_EDGE('',*,*,#1347,.T.);
#764=ORIENTED_EDGE('',*,*,#1093,.T.);
#765=ORIENTED_EDGE('',*,*,#1352,.F.);
#766=ORIENTED_EDGE('',*,*,#1353,.F.);
#767=ORIENTED_EDGE('',*,*,#1350,.T.);
#768=ORIENTED_EDGE('',*,*,#1092,.T.);
#769=ORIENTED_EDGE('',*,*,#1354,.F.);
#770=ORIENTED_EDGE('',*,*,#1355,.F.);
#771=ORIENTED_EDGE('',*,*,#1352,.T.);
#772=ORIENTED_EDGE('',*,*,#1091,.T.);
#773=ORIENTED_EDGE('',*,*,#1356,.F.);
#774=ORIENTED_EDGE('',*,*,#1357,.F.);
#775=ORIENTED_EDGE('',*,*,#1354,.T.);
#776=ORIENTED_EDGE('',*,*,#1090,.T.);
#777=ORIENTED_EDGE('',*,*,#1358,.F.);
#778=ORIENTED_EDGE('',*,*,#1359,.F.);
#779=ORIENTED_EDGE('',*,*,#1356,.T.);
#780=ORIENTED_EDGE('',*,*,#1089,.T.);
#781=ORIENTED_EDGE('',*,*,#1360,.F.);
#782=ORIENTED_EDGE('',*,*,#1361,.F.);
#783=ORIENTED_EDGE('',*,*,#1358,.T.);
#784=ORIENTED_EDGE('',*,*,#1088,.T.);
#785=ORIENTED_EDGE('',*,*,#1349,.F.);
#786=ORIENTED_EDGE('',*,*,#1362,.F.);
#787=ORIENTED_EDGE('',*,*,#1360,.T.);
#788=ORIENTED_EDGE('',*,*,#1348,.T.);
#789=ORIENTED_EDGE('',*,*,#1351,.T.);
#790=ORIENTED_EDGE('',*,*,#1353,.T.);
#791=ORIENTED_EDGE('',*,*,#1355,.T.);
#792=ORIENTED_EDGE('',*,*,#1357,.T.);
#793=ORIENTED_EDGE('',*,*,#1359,.T.);
#794=ORIENTED_EDGE('',*,*,#1361,.T.);
#795=ORIENTED_EDGE('',*,*,#1362,.T.);
#796=ORIENTED_EDGE('',*,*,#1095,.T.);
#797=ORIENTED_EDGE('',*,*,#1363,.F.);
#798=ORIENTED_EDGE('',*,*,#1364,.F.);
#799=ORIENTED_EDGE('',*,*,#1365,.T.);
#800=ORIENTED_EDGE('',*,*,#1094,.T.);
#801=ORIENTED_EDGE('',*,*,#1366,.F.);
#802=ORIENTED_EDGE('',*,*,#1367,.F.);
#803=ORIENTED_EDGE('',*,*,#1363,.T.);
#804=ORIENTED_EDGE('',*,*,#1106,.T.);
#805=ORIENTED_EDGE('',*,*,#1368,.F.);
#806=ORIENTED_EDGE('',*,*,#1369,.F.);
#807=ORIENTED_EDGE('',*,*,#1366,.T.);
#808=ORIENTED_EDGE('',*,*,#1105,.T.);
#809=ORIENTED_EDGE('',*,*,#1370,.F.);
#810=ORIENTED_EDGE('',*,*,#1371,.F.);
#811=ORIENTED_EDGE('',*,*,#1368,.T.);
#812=ORIENTED_EDGE('',*,*,#1104,.T.);
#813=ORIENTED_EDGE('',*,*,#1372,.F.);
#814=ORIENTED_EDGE('',*,*,#1373,.F.);
#815=ORIENTED_EDGE('',*,*,#1370,.T.);
#816=ORIENTED_EDGE('',*,*,#1103,.T.);
#817=ORIENTED_EDGE('',*,*,#1374,.F.);
#818=ORIENTED_EDGE('',*,*,#1375,.F.);
#819=ORIENTED_EDGE('',*,*,#1372,.T.);
#820=ORIENTED_EDGE('',*,*,#1102,.T.);
#821=ORIENTED_EDGE('',*,*,#1376,.F.);
#822=ORIENTED_EDGE('',*,*,#1377,.F.);
#823=ORIENTED_EDGE('',*,*,#1374,.T.);
#824=ORIENTED_EDGE('',*,*,#1101,.T.);
#825=ORIENTED_EDGE('',*,*,#1378,.F.);
#826=ORIENTED_EDGE('',*,*,#1379,.F.);
#827=ORIENTED_EDGE('',*,*,#1376,.T.);
#828=ORIENTED_EDGE('',*,*,#1100,.T.);
#829=ORIENTED_EDGE('',*,*,#1380,.F.);
#830=ORIENTED_EDGE('',*,*,#1381,.F.);
#831=ORIENTED_EDGE('',*,*,#1378,.T.);
#832=ORIENTED_EDGE('',*,*,#1099,.T.);
#833=ORIENTED_EDGE('',*,*,#1382,.F.);
#834=ORIENTED_EDGE('',*,*,#1383,.F.);
#835=ORIENTED_EDGE('',*,*,#1380,.T.);
#836=ORIENTED_EDGE('',*,*,#1098,.T.);
#837=ORIENTED_EDGE('',*,*,#1384,.F.);
#838=ORIENTED_EDGE('',*,*,#1385,.F.);
#839=ORIENTED_EDGE('',*,*,#1382,.T.);
#840=ORIENTED_EDGE('',*,*,#1097,.T.);
#841=ORIENTED_EDGE('',*,*,#1386,.F.);
#842=ORIENTED_EDGE('',*,*,#1387,.F.);
#843=ORIENTED_EDGE('',*,*,#1384,.T.);
#844=ORIENTED_EDGE('',*,*,#1096,.T.);
#845=ORIENTED_EDGE('',*,*,#1365,.F.);
#846=ORIENTED_EDGE('',*,*,#1388,.F.);
#847=ORIENTED_EDGE('',*,*,#1386,.T.);
#848=ORIENTED_EDGE('',*,*,#1364,.T.);
#849=ORIENTED_EDGE('',*,*,#1367,.T.);
#850=ORIENTED_EDGE('',*,*,#1369,.T.);
#851=ORIENTED_EDGE('',*,*,#1371,.T.);
#852=ORIENTED_EDGE('',*,*,#1373,.T.);
#853=ORIENTED_EDGE('',*,*,#1375,.T.);
#854=ORIENTED_EDGE('',*,*,#1377,.T.);
#855=ORIENTED_EDGE('',*,*,#1379,.T.);
#856=ORIENTED_EDGE('',*,*,#1381,.T.);
#857=ORIENTED_EDGE('',*,*,#1383,.T.);
#858=ORIENTED_EDGE('',*,*,#1385,.T.);
#859=ORIENTED_EDGE('',*,*,#1387,.T.);
#860=ORIENTED_EDGE('',*,*,#1388,.T.);
#861=ORIENTED_EDGE('',*,*,#1108,.T.);
#862=ORIENTED_EDGE('',*,*,#1389,.F.);
#863=ORIENTED_EDGE('',*,*,#1390,.F.);
#864=ORIENTED_EDGE('',*,*,#1391,.T.);
#865=ORIENTED_EDGE('',*,*,#1107,.T.);
#866=ORIENTED_EDGE('',*,*,#1392,.F.);
#867=ORIENTED_EDGE('',*,*,#1393,.F.);
#868=ORIENTED_EDGE('',*,*,#1389,.T.);
#869=ORIENTED_EDGE('',*,*,#1114,.T.);
#870=ORIENTED_EDGE('',*,*,#1394,.F.);
#871=ORIENTED_EDGE('',*,*,#1395,.F.);
#872=ORIENTED_EDGE('',*,*,#1392,.T.);
#873=ORIENTED_EDGE('',*,*,#1113,.T.);
#874=ORIENTED_EDGE('',*,*,#1396,.F.);
#875=ORIENTED_EDGE('',*,*,#1397,.F.);
#876=ORIENTED_EDGE('',*,*,#1394,.T.);
#877=ORIENTED_EDGE('',*,*,#1112,.T.);
#878=ORIENTED_EDGE('',*,*,#1398,.F.);
#879=ORIENTED_EDGE('',*,*,#1399,.F.);
#880=ORIENTED_EDGE('',*,*,#1396,.T.);
#881=ORIENTED_EDGE('',*,*,#1111,.T.);
#882=ORIENTED_EDGE('',*,*,#1400,.F.);
#883=ORIENTED_EDGE('',*,*,#1401,.F.);
#884=ORIENTED_EDGE('',*,*,#1398,.T.);
#885=ORIENTED_EDGE('',*,*,#1110,.T.);
#886=ORIENTED_EDGE('',*,*,#1402,.F.);
#887=ORIENTED_EDGE('',*,*,#1403,.F.);
#888=ORIENTED_EDGE('',*,*,#1400,.T.);
#889=ORIENTED_EDGE('',*,*,#1109,.T.);
#890=ORIENTED_EDGE('',*,*,#1391,.F.);
#891=ORIENTED_EDGE('',*,*,#1404,.F.);
#892=ORIENTED_EDGE('',*,*,#1402,.T.);
#893=ORIENTED_EDGE('',*,*,#1390,.T.);
#894=ORIENTED_EDGE('',*,*,#1393,.T.);
#895=ORIENTED_EDGE('',*,*,#1395,.T.);
#896=ORIENTED_EDGE('',*,*,#1397,.T.);
#897=ORIENTED_EDGE('',*,*,#1399,.T.);
#898=ORIENTED_EDGE('',*,*,#1401,.T.);
#899=ORIENTED_EDGE('',*,*,#1403,.T.);
#900=ORIENTED_EDGE('',*,*,#1404,.T.);
#901=ORIENTED_EDGE('',*,*,#1116,.T.);
#902=ORIENTED_EDGE('',*,*,#1405,.F.);
#903=ORIENTED_EDGE('',*,*,#1406,.F.);
#904=ORIENTED_EDGE('',*,*,#1407,.T.);
#905=ORIENTED_EDGE('',*,*,#1115,.T.);
#906=ORIENTED_EDGE('',*,*,#1408,.F.);
#907=ORIENTED_EDGE('',*,*,#1409,.F.);
#908=ORIENTED_EDGE('',*,*,#1405,.T.);
#909=ORIENTED_EDGE('',*,*,#1118,.T.);
#910=ORIENTED_EDGE('',*,*,#1410,.F.);
#911=ORIENTED_EDGE('',*,*,#1411,.F.);
#912=ORIENTED_EDGE('',*,*,#1408,.T.);
#913=ORIENTED_EDGE('',*,*,#1117,.T.);
#914=ORIENTED_EDGE('',*,*,#1407,.F.);
#915=ORIENTED_EDGE('',*,*,#1412,.F.);
#916=ORIENTED_EDGE('',*,*,#1410,.T.);
#917=ORIENTED_EDGE('',*,*,#1406,.T.);
#918=ORIENTED_EDGE('',*,*,#1409,.T.);
#919=ORIENTED_EDGE('',*,*,#1411,.T.);
#920=ORIENTED_EDGE('',*,*,#1412,.T.);
#921=ORIENTED_EDGE('',*,*,#1120,.T.);
#922=ORIENTED_EDGE('',*,*,#1413,.F.);
#923=ORIENTED_EDGE('',*,*,#1414,.F.);
#924=ORIENTED_EDGE('',*,*,#1415,.T.);
#925=ORIENTED_EDGE('',*,*,#1119,.T.);
#926=ORIENTED_EDGE('',*,*,#1416,.F.);
#927=ORIENTED_EDGE('',*,*,#1417,.F.);
#928=ORIENTED_EDGE('',*,*,#1413,.T.);
#929=ORIENTED_EDGE('',*,*,#1142,.T.);
#930=ORIENTED_EDGE('',*,*,#1418,.F.);
#931=ORIENTED_EDGE('',*,*,#1419,.F.);
#932=ORIENTED_EDGE('',*,*,#1416,.T.);
#933=ORIENTED_EDGE('',*,*,#1141,.T.);
#934=ORIENTED_EDGE('',*,*,#1420,.F.);
#935=ORIENTED_EDGE('',*,*,#1421,.F.);
#936=ORIENTED_EDGE('',*,*,#1418,.T.);
#937=ORIENTED_EDGE('',*,*,#1140,.T.);
#938=ORIENTED_EDGE('',*,*,#1422,.F.);
#939=ORIENTED_EDGE('',*,*,#1423,.F.);
#940=ORIENTED_EDGE('',*,*,#1420,.T.);
#941=ORIENTED_EDGE('',*,*,#1139,.T.);
#942=ORIENTED_EDGE('',*,*,#1424,.F.);
#943=ORIENTED_EDGE('',*,*,#1425,.F.);
#944=ORIENTED_EDGE('',*,*,#1422,.T.);
#945=ORIENTED_EDGE('',*,*,#1138,.T.);
#946=ORIENTED_EDGE('',*,*,#1426,.F.);
#947=ORIENTED_EDGE('',*,*,#1427,.F.);
#948=ORIENTED_EDGE('',*,*,#1424,.T.);
#949=ORIENTED_EDGE('',*,*,#1137,.T.);
#950=ORIENTED_EDGE('',*,*,#1428,.F.);
#951=ORIENTED_EDGE('',*,*,#1429,.F.);
#952=ORIENTED_EDGE('',*,*,#1426,.T.);
#953=ORIENTED_EDGE('',*,*,#1136,.T.);
#954=ORIENTED_EDGE('',*,*,#1430,.F.);
#955=ORIENTED_EDGE('',*,*,#1431,.F.);
#956=ORIENTED_EDGE('',*,*,#1428,.T.);
#957=ORIENTED_EDGE('',*,*,#1135,.T.);
#958=ORIENTED_EDGE('',*,*,#1432,.F.);
#959=ORIENTED_EDGE('',*,*,#1433,.F.);
#960=ORIENTED_EDGE('',*,*,#1430,.T.);
#961=ORIENTED_EDGE('',*,*,#1134,.T.);
#962=ORIENTED_EDGE('',*,*,#1434,.F.);
#963=ORIENTED_EDGE('',*,*,#1435,.F.);
#964=ORIENTED_EDGE('',*,*,#1432,.T.);
#965=ORIENTED_EDGE('',*,*,#1133,.T.);
#966=ORIENTED_EDGE('',*,*,#1436,.F.);
#967=ORIENTED_EDGE('',*,*,#1437,.F.);
#968=ORIENTED_EDGE('',*,*,#1434,.T.);
#969=ORIENTED_EDGE('',*,*,#1132,.T.);
#970=ORIENTED_EDGE('',*,*,#1438,.F.);
#971=ORIENTED_EDGE('',*,*,#1439,.F.);
#972=ORIENTED_EDGE('',*,*,#1436,.T.);
#973=ORIENTED_EDGE('',*,*,#1131,.T.);
#974=ORIENTED_EDGE('',*,*,#1440,.F.);
#975=ORIENTED_EDGE('',*,*,#1441,.F.);
#976=ORIENTED_EDGE('',*,*,#1438,.T.);
#977=ORIENTED_EDGE('',*,*,#1130,.T.);
#978=ORIENTED_EDGE('',*,*,#1442,.F.);
#979=ORIENTED_EDGE('',*,*,#1443,.F.);
#980=ORIENTED_EDGE('',*,*,#1440,.T.);
#981=ORIENTED_EDGE('',*,*,#1129,.T.);
#982=ORIENTED_EDGE('',*,*,#1444,.F.);
#983=ORIENTED_EDGE('',*,*,#1445,.F.);
#984=ORIENTED_EDGE('',*,*,#1442,.T.);
#985=ORIENTED_EDGE('',*,*,#1128,.T.);
#986=ORIENTED_EDGE('',*,*,#1446,.F.);
#987=ORIENTED_EDGE('',*,*,#1447,.F.);
#988=ORIENTED_EDGE('',*,*,#1444,.T.);
#989=ORIENTED_EDGE('',*,*,#1127,.T.);
#990=ORIENTED_EDGE('',*,*,#1448,.F.);
#991=ORIENTED_EDGE('',*,*,#1449,.F.);
#992=ORIENTED_EDGE('',*,*,#1446,.T.);
#993=ORIENTED_EDGE('',*,*,#1126,.T.);
#994=ORIENTED_EDGE('',*,*,#1450,.F.);
#995=ORIENTED_EDGE('',*,*,#1451,.F.);
#996=ORIENTED_EDGE('',*,*,#1448,.T.);
#997=ORIENTED_EDGE('',*,*,#1125,.T.);
#998=ORIENTED_EDGE('',*,*,#1452,.F.);
#999=ORIENTED_EDGE('',*,*,#1453,.F.);
#1000=ORIENTED_EDGE('',*,*,#1450,.T.);
#1001=ORIENTED_EDGE('',*,*,#1124,.T.);
#1002=ORIENTED_EDGE('',*,*,#1454,.F.);
#1003=ORIENTED_EDGE('',*,*,#1455,.F.);
#1004=ORIENTED_EDGE('',*,*,#1452,.T.);
#1005=ORIENTED_EDGE('',*,*,#1123,.T.);
#1006=ORIENTED_EDGE('',*,*,#1456,.F.);
#1007=ORIENTED_EDGE('',*,*,#1457,.F.);
#1008=ORIENTED_EDGE('',*,*,#1454,.T.);
#1009=ORIENTED_EDGE('',*,*,#1122,.T.);
#1010=ORIENTED_EDGE('',*,*,#1458,.F.);
#1011=ORIENTED_EDGE('',*,*,#1459,.F.);
#1012=ORIENTED_EDGE('',*,*,#1456,.T.);
#1013=ORIENTED_EDGE('',*,*,#1121,.T.);
#1014=ORIENTED_EDGE('',*,*,#1415,.F.);
#1015=ORIENTED_EDGE('',*,*,#1460,.F.);
#1016=ORIENTED_EDGE('',*,*,#1458,.T.);
#1017=ORIENTED_EDGE('',*,*,#1414,.T.);
#1018=ORIENTED_EDGE('',*,*,#1417,.T.);
#1019=ORIENTED_EDGE('',*,*,#1419,.T.);
#1020=ORIENTED_EDGE('',*,*,#1421,.T.);
#1021=ORIENTED_EDGE('',*,*,#1423,.T.);
#1022=ORIENTED_EDGE('',*,*,#1425,.T.);
#1023=ORIENTED_EDGE('',*,*,#1427,.T.);
#1024=ORIENTED_EDGE('',*,*,#1429,.T.);
#1025=ORIENTED_EDGE('',*,*,#1431,.T.);
#1026=ORIENTED_EDGE('',*,*,#1433,.T.);
#1027=ORIENTED_EDGE('',*,*,#1435,.T.);
#1028=ORIENTED_EDGE('',*,*,#1437,.T.);
#1029=ORIENTED_EDGE('',*,*,#1439,.T.);
#1030=ORIENTED_EDGE('',*,*,#1441,.T.);
#1031=ORIENTED_EDGE('',*,*,#1443,.T.);
#1032=ORIENTED_EDGE('',*,*,#1445,.T.);
#1033=ORIENTED_EDGE('',*,*,#1447,.T.);
#1034=ORIENTED_EDGE('',*,*,#1449,.T.);
#1035=ORIENTED_EDGE('',*,*,#1451,.T.);
#1036=ORIENTED_EDGE('',*,*,#1453,.T.);
#1037=ORIENTED_EDGE('',*,*,#1455,.T.);
#1038=ORIENTED_EDGE('',*,*,#1457,.T.);
#1039=ORIENTED_EDGE('',*,*,#1459,.T.);
#1040=ORIENTED_EDGE('',*,*,#1460,.T.);
#1041=ORIENTED_EDGE('',*,*,#1144,.T.);
#1042=ORIENTED_EDGE('',*,*,#1461,.F.);
#1043=ORIENTED_EDGE('',*,*,#1462,.F.);
#1044=ORIENTED_EDGE('',*,*,#1463,.T.);
#1045=ORIENTED_EDGE('',*,*,#1143,.T.);
#1046=ORIENTED_EDGE('',*,*,#1464,.F.);
#1047=ORIENTED_EDGE('',*,*,#1465,.F.);
#1048=ORIENTED_EDGE('',*,*,#1461,.T.);
#1049=ORIENTED_EDGE('',*,*,#1146,.T.);
#1050=ORIENTED_EDGE('',*,*,#1466,.F.);
#1051=ORIENTED_EDGE('',*,*,#1467,.F.);
#1052=ORIENTED_EDGE('',*,*,#1464,.T.);
#1053=ORIENTED_EDGE('',*,*,#1145,.T.);
#1054=ORIENTED_EDGE('',*,*,#1463,.F.);
#1055=ORIENTED_EDGE('',*,*,#1468,.F.);
#1056=ORIENTED_EDGE('',*,*,#1466,.T.);
#1057=ORIENTED_EDGE('',*,*,#1462,.T.);
#1058=ORIENTED_EDGE('',*,*,#1465,.T.);
#1059=ORIENTED_EDGE('',*,*,#1467,.T.);
#1060=ORIENTED_EDGE('',*,*,#1468,.T.);
#1061=EDGE_CURVE('',#1469,#1470,#1745,.T.);
#1062=EDGE_CURVE('',#1471,#1469,#175,.T.);
#1063=EDGE_CURVE('',#1472,#1471,#1746,.T.);
#1064=EDGE_CURVE('',#1473,#1472,#147,.T.);
#1065=EDGE_CURVE('',#1474,#1473,#176,.T.);
#1066=EDGE_CURVE('',#1470,#1474,#148,.T.);
#1067=EDGE_CURVE('',#1475,#1476,#1747,.T.);
#1068=EDGE_CURVE('',#1477,#1475,#1748,.T.);
#1069=EDGE_CURVE('',#1477,#1478,#1749,.T.);
#1070=EDGE_CURVE('',#1478,#1476,#1750,.T.);
#1071=EDGE_CURVE('',#1479,#1480,#1751,.T.);
#1072=EDGE_CURVE('',#1479,#1481,#1752,.T.);
#1073=EDGE_CURVE('',#1481,#1482,#1753,.T.);
#1074=EDGE_CURVE('',#1480,#1482,#1754,.T.);
#1075=EDGE_CURVE('',#1483,#1484,#177,.T.);
#1076=EDGE_CURVE('',#1485,#1483,#1755,.T.);
#1077=EDGE_CURVE('',#1486,#1485,#178,.T.);
#1078=EDGE_CURVE('',#1487,#1486,#179,.T.);
#1079=EDGE_CURVE('',#1488,#1487,#1756,.T.);
#1080=EDGE_CURVE('',#1489,#1488,#180,.T.);
#1081=EDGE_CURVE('',#1490,#1489,#1757,.T.);
#1082=EDGE_CURVE('',#1491,#1490,#181,.T.);
#1083=EDGE_CURVE('',#1492,#1491,#1758,.T.);
#1084=EDGE_CURVE('',#1493,#1492,#149,.T.);
#1085=EDGE_CURVE('',#1484,#1493,#1759,.T.);
#1086=EDGE_CURVE('',#1494,#1495,#182,.T.);
#1087=EDGE_CURVE('',#1496,#1494,#1760,.T.);
#1088=EDGE_CURVE('',#1497,#1496,#183,.T.);
#1089=EDGE_CURVE('',#1498,#1497,#1761,.T.);
#1090=EDGE_CURVE('',#1499,#1498,#184,.T.);
#1091=EDGE_CURVE('',#1500,#1499,#1762,.T.);
#1092=EDGE_CURVE('',#1501,#1500,#185,.T.);
#1093=EDGE_CURVE('',#1495,#1501,#1763,.T.);
#1094=EDGE_CURVE('',#1502,#1503,#186,.T.);
#1095=EDGE_CURVE('',#1504,#1502,#1764,.T.);
#1096=EDGE_CURVE('',#1505,#1504,#150,.T.);
#1097=EDGE_CURVE('',#1506,#1505,#187,.T.);
#1098=EDGE_CURVE('',#1507,#1506,#188,.T.);
#1099=EDGE_CURVE('',#1508,#1507,#1765,.T.);
#1100=EDGE_CURVE('',#1509,#1508,#189,.T.);
#1101=EDGE_CURVE('',#1510,#1509,#190,.T.);
#1102=EDGE_CURVE('',#1511,#1510,#1766,.T.);
#1103=EDGE_CURVE('',#1512,#1511,#151,.T.);
#1104=EDGE_CURVE('',#1513,#1512,#1767,.T.);
#1105=EDGE_CURVE('',#1514,#1513,#152,.T.);
#1106=EDGE_CURVE('',#1503,#1514,#1768,.T.);
#1107=EDGE_CURVE('',#1515,#1516,#153,.T.);
#1108=EDGE_CURVE('',#1517,#1515,#1769,.T.);
#1109=EDGE_CURVE('',#1518,#1517,#191,.T.);
#1110=EDGE_CURVE('',#1519,#1518,#1770,.T.);
#1111=EDGE_CURVE('',#1520,#1519,#192,.T.);
#1112=EDGE_CURVE('',#1521,#1520,#1771,.T.);
#1113=EDGE_CURVE('',#1522,#1521,#193,.T.);
#1114=EDGE_CURVE('',#1516,#1522,#1772,.T.);
#1115=EDGE_CURVE('',#1523,#1524,#194,.T.);
#1116=EDGE_CURVE('',#1525,#1523,#1773,.T.);
#1117=EDGE_CURVE('',#1526,#1525,#195,.T.);
#1118=EDGE_CURVE('',#1524,#1526,#1774,.T.);
#1119=EDGE_CURVE('',#1527,#1528,#1775,.T.);
#1120=EDGE_CURVE('',#1529,#1527,#1776,.T.);
#1121=EDGE_CURVE('',#1530,#1529,#196,.T.);
#1122=EDGE_CURVE('',#1531,#1530,#1777,.T.);
#1123=EDGE_CURVE('',#1532,#1531,#197,.T.);
#1124=EDGE_CURVE('',#1533,#1532,#198,.T.);
#1125=EDGE_CURVE('',#1534,#1533,#199,.T.);
#1126=EDGE_CURVE('',#1535,#1534,#1778,.T.);
#1127=EDGE_CURVE('',#1536,#1535,#200,.T.);
#1128=EDGE_CURVE('',#1537,#1536,#201,.T.);
#1129=EDGE_CURVE('',#1538,#1537,#202,.T.);
#1130=EDGE_CURVE('',#1539,#1538,#1779,.T.);
#1131=EDGE_CURVE('',#1540,#1539,#1780,.T.);
#1132=EDGE_CURVE('',#1541,#1540,#203,.T.);
#1133=EDGE_CURVE('',#1542,#1541,#1781,.T.);
#1134=EDGE_CURVE('',#1543,#1542,#204,.T.);
#1135=EDGE_CURVE('',#1544,#1543,#1782,.T.);
#1136=EDGE_CURVE('',#1545,#1544,#205,.T.);
#1137=EDGE_CURVE('',#1546,#1545,#154,.T.);
#1138=EDGE_CURVE('',#1547,#1546,#1783,.T.);
#1139=EDGE_CURVE('',#1548,#1547,#1784,.T.);
#1140=EDGE_CURVE('',#1549,#1548,#206,.T.);
#1141=EDGE_CURVE('',#1550,#1549,#1785,.T.);
#1142=EDGE_CURVE('',#1528,#1550,#207,.T.);
#1143=EDGE_CURVE('',#1551,#1552,#208,.T.);
#1144=EDGE_CURVE('',#1553,#1551,#1786,.T.);
#1145=EDGE_CURVE('',#1554,#1553,#209,.T.);
#1146=EDGE_CURVE('',#1552,#1554,#1787,.T.);
#1147=EDGE_CURVE('',#1555,#1556,#1788,.T.);
#1148=EDGE_CURVE('',#1557,#1555,#1789,.T.);
#1149=EDGE_CURVE('',#1557,#1558,#1790,.T.);
#1150=EDGE_CURVE('',#1558,#1556,#1791,.T.);
#1151=EDGE_CURVE('',#1559,#1560,#1792,.T.);
#1152=EDGE_CURVE('',#1559,#1561,#1793,.T.);
#1153=EDGE_CURVE('',#1561,#1562,#1794,.T.);
#1154=EDGE_CURVE('',#1560,#1562,#1795,.T.);
#1155=EDGE_CURVE('',#1563,#1564,#1796,.T.);
#1156=EDGE_CURVE('',#1564,#1565,#1797,.T.);
#1157=EDGE_CURVE('',#1566,#1565,#1798,.T.);
#1158=EDGE_CURVE('',#1567,#1566,#1799,.T.);
#1159=EDGE_CURVE('',#1567,#1568,#1800,.T.);
#1160=EDGE_CURVE('',#1569,#1568,#1801,.T.);
#1161=EDGE_CURVE('',#1570,#1569,#1802,.T.);
#1162=EDGE_CURVE('',#1570,#1571,#1803,.T.);
#1163=EDGE_CURVE('',#1571,#1572,#1804,.T.);
#1164=EDGE_CURVE('',#1573,#1572,#1805,.T.);
#1165=EDGE_CURVE('',#1574,#1573,#1806,.T.);
#1166=EDGE_CURVE('',#1574,#1563,#1807,.T.);
#1167=EDGE_CURVE('',#1575,#1576,#1808,.T.);
#1168=EDGE_CURVE('',#1576,#1577,#1809,.T.);
#1169=EDGE_CURVE('',#1578,#1577,#1810,.T.);
#1170=EDGE_CURVE('',#1575,#1578,#1811,.T.);
#1171=EDGE_CURVE('',#1579,#1580,#1812,.T.);
#1172=EDGE_CURVE('',#1580,#1581,#1813,.T.);
#1173=EDGE_CURVE('',#1582,#1581,#1814,.T.);
#1174=EDGE_CURVE('',#1579,#1582,#1815,.T.);
#1175=EDGE_CURVE('',#1583,#1584,#1816,.T.);
#1176=EDGE_CURVE('',#1584,#1585,#1817,.T.);
#1177=EDGE_CURVE('',#1586,#1585,#1818,.T.);
#1178=EDGE_CURVE('',#1583,#1586,#1819,.T.);
#1179=EDGE_CURVE('',#1587,#1588,#1820,.T.);
#1180=EDGE_CURVE('',#1588,#1589,#1821,.T.);
#1181=EDGE_CURVE('',#1590,#1589,#1822,.T.);
#1182=EDGE_CURVE('',#1587,#1590,#1823,.T.);
#1183=EDGE_CURVE('',#1591,#1592,#1824,.T.);
#1184=EDGE_CURVE('',#1592,#1593,#1825,.T.);
#1185=EDGE_CURVE('',#1594,#1593,#1826,.T.);
#1186=EDGE_CURVE('',#1591,#1594,#1827,.T.);
#1187=EDGE_CURVE('',#1595,#1596,#1828,.T.);
#1188=EDGE_CURVE('',#1596,#1597,#1829,.T.);
#1189=EDGE_CURVE('',#1598,#1597,#1830,.T.);
#1190=EDGE_CURVE('',#1595,#1598,#1831,.T.);
#1191=EDGE_CURVE('',#1599,#1476,#1832,.T.);
#1192=EDGE_CURVE('',#1600,#1478,#1833,.T.);
#1193=EDGE_CURVE('',#1600,#1599,#1834,.T.);
#1194=EDGE_CURVE('',#1601,#1602,#1835,.T.);
#1195=EDGE_CURVE('',#1602,#1603,#1836,.T.);
#1196=EDGE_CURVE('',#1604,#1603,#1837,.T.);
#1197=EDGE_CURVE('',#1601,#1604,#1838,.T.);
#1198=EDGE_CURVE('',#1605,#1606,#1839,.T.);
#1199=EDGE_CURVE('',#1606,#1607,#1840,.T.);
#1200=EDGE_CURVE('',#1608,#1607,#1841,.T.);
#1201=EDGE_CURVE('',#1605,#1608,#1842,.T.);
#1202=EDGE_CURVE('',#1609,#1599,#1843,.T.);
#1203=EDGE_CURVE('',#1610,#1600,#1844,.T.);
#1204=EDGE_CURVE('',#1610,#1609,#1845,.T.);
#1205=EDGE_CURVE('',#1611,#1612,#1846,.T.);
#1206=EDGE_CURVE('',#1612,#1613,#1847,.T.);
#1207=EDGE_CURVE('',#1614,#1613,#1848,.T.);
#1208=EDGE_CURVE('',#1611,#1614,#1849,.T.);
#1209=EDGE_CURVE('',#1615,#1616,#1850,.T.);
#1210=EDGE_CURVE('',#1617,#1615,#1851,.T.);
#1211=EDGE_CURVE('',#1617,#1574,#1852,.T.);
#1212=EDGE_CURVE('',#1618,#1573,#1853,.T.);
#1213=EDGE_CURVE('',#1619,#1618,#1854,.T.);
#1214=EDGE_CURVE('',#1619,#1570,#1855,.T.);
#1215=EDGE_CURVE('',#1620,#1569,#1856,.T.);
#1216=EDGE_CURVE('',#1621,#1620,#1857,.T.);
#1217=EDGE_CURVE('',#1621,#1622,#1858,.T.);
#1218=EDGE_CURVE('',#1622,#1616,#1859,.T.);
#1219=EDGE_CURVE('',#1623,#1624,#1860,.T.);
#1220=EDGE_CURVE('',#1624,#1625,#1861,.T.);
#1221=EDGE_CURVE('',#1626,#1625,#1862,.T.);
#1222=EDGE_CURVE('',#1623,#1626,#1863,.T.);
#1223=EDGE_CURVE('',#1615,#1627,#1864,.T.);
#1224=EDGE_CURVE('',#1628,#1627,#1865,.T.);
#1225=EDGE_CURVE('',#1621,#1628,#1866,.T.);
#1226=EDGE_CURVE('',#1620,#1629,#1867,.T.);
#1227=EDGE_CURVE('',#1630,#1629,#1868,.T.);
#1228=EDGE_CURVE('',#1630,#1631,#1869,.T.);
#1229=EDGE_CURVE('',#1631,#1632,#1870,.T.);
#1230=EDGE_CURVE('',#1633,#1632,#1871,.T.);
#1231=EDGE_CURVE('',#1634,#1633,#1872,.T.);
#1232=EDGE_CURVE('',#1617,#1634,#1873,.T.);
#1233=EDGE_CURVE('',#1564,#1635,#1874,.T.);
#1234=EDGE_CURVE('',#1636,#1563,#1875,.T.);
#1235=EDGE_CURVE('',#1636,#1637,#1876,.T.);
#1236=EDGE_CURVE('',#1637,#1568,#1877,.T.);
#1237=EDGE_CURVE('',#1567,#1638,#1878,.T.);
#1238=EDGE_CURVE('',#1638,#1635,#1879,.T.);
#1239=EDGE_CURVE('',#1609,#1475,#1880,.T.);
#1240=EDGE_CURVE('',#1610,#1477,#1881,.T.);
#1241=EDGE_CURVE('',#1639,#1639,#155,.T.);
#1242=EDGE_CURVE('',#1640,#1640,#156,.T.);
#1243=EDGE_CURVE('',#1637,#1556,#1882,.T.);
#1244=EDGE_CURVE('',#1641,#1558,#1883,.T.);
#1245=EDGE_CURVE('',#1641,#1642,#1884,.T.);
#1246=EDGE_CURVE('',#1643,#1642,#1885,.T.);
#1247=EDGE_CURVE('',#1629,#1643,#1886,.T.);
#1248=EDGE_CURVE('',#1644,#1645,#1887,.T.);
#1249=EDGE_CURVE('',#1644,#1630,#1888,.T.);
#1250=EDGE_CURVE('',#1646,#1643,#1889,.T.);
#1251=EDGE_CURVE('',#1634,#1646,#1890,.T.);
#1252=EDGE_CURVE('',#1645,#1633,#1891,.T.);
#1253=EDGE_CURVE('',#1647,#1557,#1892,.T.);
#1254=EDGE_CURVE('',#1647,#1641,#1893,.T.);
#1255=EDGE_CURVE('',#1647,#1648,#1894,.T.);
#1256=EDGE_CURVE('',#1648,#1642,#1895,.T.);
#1257=EDGE_CURVE('',#1646,#1648,#1896,.T.);
#1258=EDGE_CURVE('',#1636,#1555,#1897,.T.);
#1259=EDGE_CURVE('',#1565,#1649,#1898,.T.);
#1260=EDGE_CURVE('',#1650,#1649,#1899,.T.);
#1261=EDGE_CURVE('',#1566,#1650,#1900,.T.);
#1262=EDGE_CURVE('',#1635,#1649,#1901,.T.);
#1263=EDGE_CURVE('',#1638,#1650,#1902,.T.);
#1264=EDGE_CURVE('',#1651,#1651,#157,.T.);
#1265=EDGE_CURVE('',#1652,#1652,#158,.T.);
#1266=EDGE_CURVE('',#1644,#1653,#1903,.T.);
#1267=EDGE_CURVE('',#1645,#1654,#1904,.T.);
#1268=EDGE_CURVE('',#1653,#1654,#1905,.T.);
#1269=EDGE_CURVE('',#1655,#1655,#159,.T.);
#1270=EDGE_CURVE('',#1631,#1653,#1906,.T.);
#1271=EDGE_CURVE('',#1656,#1656,#160,.T.);
#1272=EDGE_CURVE('',#1632,#1654,#1907,.T.);
#1273=EDGE_CURVE('',#1618,#1657,#1908,.T.);
#1274=EDGE_CURVE('',#1658,#1657,#1909,.T.);
#1275=EDGE_CURVE('',#1619,#1658,#1910,.T.);
#1276=EDGE_CURVE('',#1657,#1572,#1911,.T.);
#1277=EDGE_CURVE('',#1658,#1571,#1912,.T.);
#1278=EDGE_CURVE('',#1659,#1659,#161,.T.);
#1279=EDGE_CURVE('',#1660,#1660,#162,.T.);
#1280=EDGE_CURVE('',#1627,#1661,#1913,.T.);
#1281=EDGE_CURVE('',#1662,#1661,#1914,.T.);
#1282=EDGE_CURVE('',#1628,#1662,#1915,.T.);
#1283=EDGE_CURVE('',#1616,#1661,#1916,.T.);
#1284=EDGE_CURVE('',#1622,#1662,#1917,.T.);
#1285=EDGE_CURVE('',#1663,#1663,#163,.T.);
#1286=EDGE_CURVE('',#1664,#1664,#164,.T.);
#1287=EDGE_CURVE('',#1665,#1665,#165,.T.);
#1288=EDGE_CURVE('',#1666,#1666,#166,.T.);
#1289=EDGE_CURVE('',#1624,#1612,#1918,.T.);
#1290=EDGE_CURVE('',#1625,#1611,#1919,.T.);
#1291=EDGE_CURVE('',#1626,#1614,#1920,.T.);
#1292=EDGE_CURVE('',#1623,#1613,#1921,.T.);
#1293=EDGE_CURVE('',#1576,#1596,#1922,.T.);
#1294=EDGE_CURVE('',#1577,#1595,#1923,.T.);
#1295=EDGE_CURVE('',#1578,#1598,#1924,.T.);
#1296=EDGE_CURVE('',#1575,#1597,#1925,.T.);
#1297=EDGE_CURVE('',#1580,#1602,#1926,.T.);
#1298=EDGE_CURVE('',#1581,#1601,#1927,.T.);
#1299=EDGE_CURVE('',#1582,#1604,#1928,.T.);
#1300=EDGE_CURVE('',#1579,#1603,#1929,.T.);
#1301=EDGE_CURVE('',#1584,#1592,#1930,.T.);
#1302=EDGE_CURVE('',#1585,#1591,#1931,.T.);
#1303=EDGE_CURVE('',#1586,#1594,#1932,.T.);
#1304=EDGE_CURVE('',#1583,#1593,#1933,.T.);
#1305=EDGE_CURVE('',#1588,#1606,#1934,.T.);
#1306=EDGE_CURVE('',#1589,#1605,#1935,.T.);
#1307=EDGE_CURVE('',#1590,#1608,#1936,.T.);
#1308=EDGE_CURVE('',#1587,#1607,#1937,.T.);
#1309=EDGE_CURVE('',#1560,#1481,#1938,.T.);
#1310=EDGE_CURVE('',#1559,#1479,#1939,.T.);
#1311=EDGE_CURVE('',#1561,#1480,#1940,.T.);
#1312=EDGE_CURVE('',#1562,#1482,#1941,.T.);
#1313=EDGE_CURVE('',#1667,#1470,#1942,.T.);
#1314=EDGE_CURVE('',#1668,#1667,#1943,.T.);
#1315=EDGE_CURVE('',#1668,#1469,#1944,.T.);
#1316=EDGE_CURVE('',#1669,#1474,#1945,.T.);
#1317=EDGE_CURVE('',#1667,#1669,#167,.T.);
#1318=EDGE_CURVE('',#1670,#1473,#1946,.T.);
#1319=EDGE_CURVE('',#1669,#1670,#210,.T.);
#1320=EDGE_CURVE('',#1671,#1472,#1947,.T.);
#1321=EDGE_CURVE('',#1670,#1671,#168,.T.);
#1322=EDGE_CURVE('',#1672,#1471,#1948,.T.);
#1323=EDGE_CURVE('',#1671,#1672,#1949,.T.);
#1324=EDGE_CURVE('',#1672,#1668,#211,.T.);
#1325=EDGE_CURVE('',#1673,#1483,#1950,.T.);
#1326=EDGE_CURVE('',#1674,#1673,#1951,.T.);
#1327=EDGE_CURVE('',#1674,#1485,#1952,.T.);
#1328=EDGE_CURVE('',#1675,#1484,#1953,.T.);
#1329=EDGE_CURVE('',#1673,#1675,#212,.T.);
#1330=EDGE_CURVE('',#1676,#1493,#1954,.T.);
#1331=EDGE_CURVE('',#1675,#1676,#1955,.T.);
#1332=EDGE_CURVE('',#1677,#1492,#1956,.T.);
#1333=EDGE_CURVE('',#1676,#1677,#169,.T.);
#1334=EDGE_CURVE('',#1678,#1491,#1957,.T.);
#1335=EDGE_CURVE('',#1677,#1678,#1958,.T.);
#1336=EDGE_CURVE('',#1679,#1490,#1959,.T.);
#1337=EDGE_CURVE('',#1678,#1679,#213,.T.);
#1338=EDGE_CURVE('',#1680,#1489,#1960,.T.);
#1339=EDGE_CURVE('',#1679,#1680,#1961,.T.);
#1340=EDGE_CURVE('',#1681,#1488,#1962,.T.);
#1341=EDGE_CURVE('',#1680,#1681,#214,.T.);
#1342=EDGE_CURVE('',#1682,#1487,#1963,.T.);
#1343=EDGE_CURVE('',#1681,#1682,#1964,.T.);
#1344=EDGE_CURVE('',#1683,#1486,#1965,.T.);
#1345=EDGE_CURVE('',#1682,#1683,#215,.T.);
#1346=EDGE_CURVE('',#1683,#1674,#216,.T.);
#1347=EDGE_CURVE('',#1684,#1494,#1966,.T.);
#1348=EDGE_CURVE('',#1685,#1684,#1967,.T.);
#1349=EDGE_CURVE('',#1685,#1496,#1968,.T.);
#1350=EDGE_CURVE('',#1686,#1495,#1969,.T.);
#1351=EDGE_CURVE('',#1684,#1686,#217,.T.);
#1352=EDGE_CURVE('',#1687,#1501,#1970,.T.);
#1353=EDGE_CURVE('',#1686,#1687,#1971,.T.);
#1354=EDGE_CURVE('',#1688,#1500,#1972,.T.);
#1355=EDGE_CURVE('',#1687,#1688,#218,.T.);
#1356=EDGE_CURVE('',#1689,#1499,#1973,.T.);
#1357=EDGE_CURVE('',#1688,#1689,#1974,.T.);
#1358=EDGE_CURVE('',#1690,#1498,#1975,.T.);
#1359=EDGE_CURVE('',#1689,#1690,#219,.T.);
#1360=EDGE_CURVE('',#1691,#1497,#1976,.T.);
#1361=EDGE_CURVE('',#1690,#1691,#1977,.T.);
#1362=EDGE_CURVE('',#1691,#1685,#220,.T.);
#1363=EDGE_CURVE('',#1692,#1502,#1978,.T.);
#1364=EDGE_CURVE('',#1693,#1692,#1979,.T.);
#1365=EDGE_CURVE('',#1693,#1504,#1980,.T.);
#1366=EDGE_CURVE('',#1694,#1503,#1981,.T.);
#1367=EDGE_CURVE('',#1692,#1694,#221,.T.);
#1368=EDGE_CURVE('',#1695,#1514,#1982,.T.);
#1369=EDGE_CURVE('',#1694,#1695,#1983,.T.);
#1370=EDGE_CURVE('',#1696,#1513,#1984,.T.);
#1371=EDGE_CURVE('',#1695,#1696,#170,.T.);
#1372=EDGE_CURVE('',#1697,#1512,#1985,.T.);
#1373=EDGE_CURVE('',#1696,#1697,#1986,.T.);
#1374=EDGE_CURVE('',#1698,#1511,#1987,.T.);
#1375=EDGE_CURVE('',#1697,#1698,#171,.T.);
#1376=EDGE_CURVE('',#1699,#1510,#1988,.T.);
#1377=EDGE_CURVE('',#1698,#1699,#1989,.T.);
#1378=EDGE_CURVE('',#1700,#1509,#1990,.T.);
#1379=EDGE_CURVE('',#1699,#1700,#222,.T.);
#1380=EDGE_CURVE('',#1701,#1508,#1991,.T.);
#1381=EDGE_CURVE('',#1700,#1701,#223,.T.);
#1382=EDGE_CURVE('',#1702,#1507,#1992,.T.);
#1383=EDGE_CURVE('',#1701,#1702,#1993,.T.);
#1384=EDGE_CURVE('',#1703,#1506,#1994,.T.);
#1385=EDGE_CURVE('',#1702,#1703,#224,.T.);
#1386=EDGE_CURVE('',#1704,#1505,#1995,.T.);
#1387=EDGE_CURVE('',#1703,#1704,#225,.T.);
#1388=EDGE_CURVE('',#1704,#1693,#172,.T.);
#1389=EDGE_CURVE('',#1705,#1515,#1996,.T.);
#1390=EDGE_CURVE('',#1706,#1705,#1997,.T.);
#1391=EDGE_CURVE('',#1706,#1517,#1998,.T.);
#1392=EDGE_CURVE('',#1707,#1516,#1999,.T.);
#1393=EDGE_CURVE('',#1705,#1707,#173,.T.);
#1394=EDGE_CURVE('',#1708,#1522,#2000,.T.);
#1395=EDGE_CURVE('',#1707,#1708,#2001,.T.);
#1396=EDGE_CURVE('',#1709,#1521,#2002,.T.);
#1397=EDGE_CURVE('',#1708,#1709,#226,.T.);
#1398=EDGE_CURVE('',#1710,#1520,#2003,.T.);
#1399=EDGE_CURVE('',#1709,#1710,#2004,.T.);
#1400=EDGE_CURVE('',#1711,#1519,#2005,.T.);
#1401=EDGE_CURVE('',#1710,#1711,#227,.T.);
#1402=EDGE_CURVE('',#1712,#1518,#2006,.T.);
#1403=EDGE_CURVE('',#1711,#1712,#2007,.T.);
#1404=EDGE_CURVE('',#1712,#1706,#228,.T.);
#1405=EDGE_CURVE('',#1713,#1523,#2008,.T.);
#1406=EDGE_CURVE('',#1714,#1713,#2009,.T.);
#1407=EDGE_CURVE('',#1714,#1525,#2010,.T.);
#1408=EDGE_CURVE('',#1715,#1524,#2011,.T.);
#1409=EDGE_CURVE('',#1713,#1715,#229,.T.);
#1410=EDGE_CURVE('',#1716,#1526,#2012,.T.);
#1411=EDGE_CURVE('',#1715,#1716,#2013,.T.);
#1412=EDGE_CURVE('',#1716,#1714,#230,.T.);
#1413=EDGE_CURVE('',#1717,#1527,#2014,.T.);
#1414=EDGE_CURVE('',#1718,#1717,#2015,.T.);
#1415=EDGE_CURVE('',#1718,#1529,#2016,.T.);
#1416=EDGE_CURVE('',#1719,#1528,#2017,.T.);
#1417=EDGE_CURVE('',#1717,#1719,#2018,.T.);
#1418=EDGE_CURVE('',#1720,#1550,#2019,.T.);
#1419=EDGE_CURVE('',#1719,#1720,#231,.T.);
#1420=EDGE_CURVE('',#1721,#1549,#2020,.T.);
#1421=EDGE_CURVE('',#1720,#1721,#2021,.T.);
#1422=EDGE_CURVE('',#1722,#1548,#2022,.T.);
#1423=EDGE_CURVE('',#1721,#1722,#232,.T.);
#1424=EDGE_CURVE('',#1723,#1547,#2023,.T.);
#1425=EDGE_CURVE('',#1722,#1723,#2024,.T.);
#1426=EDGE_CURVE('',#1724,#1546,#2025,.T.);
#1427=EDGE_CURVE('',#1723,#1724,#2026,.T.);
#1428=EDGE_CURVE('',#1725,#1545,#2027,.T.);
#1429=EDGE_CURVE('',#1724,#1725,#174,.T.);
#1430=EDGE_CURVE('',#1726,#1544,#2028,.T.);
#1431=EDGE_CURVE('',#1725,#1726,#233,.T.);
#1432=EDGE_CURVE('',#1727,#1543,#2029,.T.);
#1433=EDGE_CURVE('',#1726,#1727,#2030,.T.);
#1434=EDGE_CURVE('',#1728,#1542,#2031,.T.);
#1435=EDGE_CURVE('',#1727,#1728,#234,.T.);
#1436=EDGE_CURVE('',#1729,#1541,#2032,.T.);
#1437=EDGE_CURVE('',#1728,#1729,#2033,.T.);
#1438=EDGE_CURVE('',#1730,#1540,#2034,.T.);
#1439=EDGE_CURVE('',#1729,#1730,#235,.T.);
#1440=EDGE_CURVE('',#1731,#1539,#2035,.T.);
#1441=EDGE_CURVE('',#1730,#1731,#2036,.T.);
#1442=EDGE_CURVE('',#1732,#1538,#2037,.T.);
#1443=EDGE_CURVE('',#1731,#1732,#2038,.T.);
#1444=EDGE_CURVE('',#1733,#1537,#2039,.T.);
#1445=EDGE_CURVE('',#1732,#1733,#236,.T.);
#1446=EDGE_CURVE('',#1734,#1536,#2040,.T.);
#1447=EDGE_CURVE('',#1733,#1734,#237,.T.);
#1448=EDGE_CURVE('',#1735,#1535,#2041,.T.);
#1449=EDGE_CURVE('',#1734,#1735,#238,.T.);
#1450=EDGE_CURVE('',#1736,#1534,#2042,.T.);
#1451=EDGE_CURVE('',#1735,#1736,#2043,.T.);
#1452=EDGE_CURVE('',#1737,#1533,#2044,.T.);
#1453=EDGE_CURVE('',#1736,#1737,#239,.T.);
#1454=EDGE_CURVE('',#1738,#1532,#2045,.T.);
#1455=EDGE_CURVE('',#1737,#1738,#240,.T.);
#1456=EDGE_CURVE('',#1739,#1531,#2046,.T.);
#1457=EDGE_CURVE('',#1738,#1739,#241,.T.);
#1458=EDGE_CURVE('',#1740,#1530,#2047,.T.);
#1459=EDGE_CURVE('',#1739,#1740,#2048,.T.);
#1460=EDGE_CURVE('',#1740,#1718,#242,.T.);
#1461=EDGE_CURVE('',#1741,#1551,#2049,.T.);
#1462=EDGE_CURVE('',#1742,#1741,#2050,.T.);
#1463=EDGE_CURVE('',#1742,#1553,#2051,.T.);
#1464=EDGE_CURVE('',#1743,#1552,#2052,.T.);
#1465=EDGE_CURVE('',#1741,#1743,#243,.T.);
#1466=EDGE_CURVE('',#1744,#1554,#2053,.T.);
#1467=EDGE_CURVE('',#1743,#1744,#2054,.T.);
#1468=EDGE_CURVE('',#1744,#1742,#244,.T.);
#1469=VERTEX_POINT('',#4271);
#1470=VERTEX_POINT('',#4272);
#1471=VERTEX_POINT('',#4277);
#1472=VERTEX_POINT('',#4279);
#1473=VERTEX_POINT('',#4281);
#1474=VERTEX_POINT('',#4286);
#1475=VERTEX_POINT('',#4289);
#1476=VERTEX_POINT('',#4290);
#1477=VERTEX_POINT('',#4292);
#1478=VERTEX_POINT('',#4294);
#1479=VERTEX_POINT('',#4297);
#1480=VERTEX_POINT('',#4298);
#1481=VERTEX_POINT('',#4300);
#1482=VERTEX_POINT('',#4302);
#1483=VERTEX_POINT('',#4308);
#1484=VERTEX_POINT('',#4309);
#1485=VERTEX_POINT('',#4311);
#1486=VERTEX_POINT('',#4316);
#1487=VERTEX_POINT('',#4321);
#1488=VERTEX_POINT('',#4323);
#1489=VERTEX_POINT('',#4328);
#1490=VERTEX_POINT('',#4330);
#1491=VERTEX_POINT('',#4335);
#1492=VERTEX_POINT('',#4337);
#1493=VERTEX_POINT('',#4339);
#1494=VERTEX_POINT('',#4345);
#1495=VERTEX_POINT('',#4346);
#1496=VERTEX_POINT('',#4348);
#1497=VERTEX_POINT('',#4353);
#1498=VERTEX_POINT('',#4355);
#1499=VERTEX_POINT('',#4360);
#1500=VERTEX_POINT('',#4362);
#1501=VERTEX_POINT('',#4367);
#1502=VERTEX_POINT('',#4373);
#1503=VERTEX_POINT('',#4374);
#1504=VERTEX_POINT('',#4376);
#1505=VERTEX_POINT('',#4378);
#1506=VERTEX_POINT('',#4383);
#1507=VERTEX_POINT('',#4388);
#1508=VERTEX_POINT('',#4390);
#1509=VERTEX_POINT('',#4395);
#1510=VERTEX_POINT('',#4400);
#1511=VERTEX_POINT('',#4402);
#1512=VERTEX_POINT('',#4404);
#1513=VERTEX_POINT('',#4406);
#1514=VERTEX_POINT('',#4408);
#1515=VERTEX_POINT('',#4411);
#1516=VERTEX_POINT('',#4412);
#1517=VERTEX_POINT('',#4414);
#1518=VERTEX_POINT('',#4419);
#1519=VERTEX_POINT('',#4421);
#1520=VERTEX_POINT('',#4426);
#1521=VERTEX_POINT('',#4428);
#1522=VERTEX_POINT('',#4433);
#1523=VERTEX_POINT('',#4439);
#1524=VERTEX_POINT('',#4440);
#1525=VERTEX_POINT('',#4442);
#1526=VERTEX_POINT('',#4447);
#1527=VERTEX_POINT('',#4450);
#1528=VERTEX_POINT('',#4451);
#1529=VERTEX_POINT('',#4453);
#1530=VERTEX_POINT('',#4458);
#1531=VERTEX_POINT('',#4460);
#1532=VERTEX_POINT('',#4465);
#1533=VERTEX_POINT('',#4470);
#1534=VERTEX_POINT('',#4475);
#1535=VERTEX_POINT('',#4477);
#1536=VERTEX_POINT('',#4482);
#1537=VERTEX_POINT('',#4487);
#1538=VERTEX_POINT('',#4492);
#1539=VERTEX_POINT('',#4494);
#1540=VERTEX_POINT('',#4496);
#1541=VERTEX_POINT('',#4501);
#1542=VERTEX_POINT('',#4503);
#1543=VERTEX_POINT('',#4508);
#1544=VERTEX_POINT('',#4510);
#1545=VERTEX_POINT('',#4515);
#1546=VERTEX_POINT('',#4517);
#1547=VERTEX_POINT('',#4519);
#1548=VERTEX_POINT('',#4521);
#1549=VERTEX_POINT('',#4526);
#1550=VERTEX_POINT('',#4528);
#1551=VERTEX_POINT('',#4537);
#1552=VERTEX_POINT('',#4538);
#1553=VERTEX_POINT('',#4540);
#1554=VERTEX_POINT('',#4545);
#1555=VERTEX_POINT('',#4549);
#1556=VERTEX_POINT('',#4550);
#1557=VERTEX_POINT('',#4552);
#1558=VERTEX_POINT('',#4554);
#1559=VERTEX_POINT('',#4557);
#1560=VERTEX_POINT('',#4558);
#1561=VERTEX_POINT('',#4560);
#1562=VERTEX_POINT('',#4562);
#1563=VERTEX_POINT('',#4566);
#1564=VERTEX_POINT('',#4567);
#1565=VERTEX_POINT('',#4569);
#1566=VERTEX_POINT('',#4571);
#1567=VERTEX_POINT('',#4573);
#1568=VERTEX_POINT('',#4575);
#1569=VERTEX_POINT('',#4577);
#1570=VERTEX_POINT('',#4579);
#1571=VERTEX_POINT('',#4581);
#1572=VERTEX_POINT('',#4583);
#1573=VERTEX_POINT('',#4585);
#1574=VERTEX_POINT('',#4587);
#1575=VERTEX_POINT('',#4590);
#1576=VERTEX_POINT('',#4591);
#1577=VERTEX_POINT('',#4593);
#1578=VERTEX_POINT('',#4595);
#1579=VERTEX_POINT('',#4598);
#1580=VERTEX_POINT('',#4599);
#1581=VERTEX_POINT('',#4601);
#1582=VERTEX_POINT('',#4603);
#1583=VERTEX_POINT('',#4606);
#1584=VERTEX_POINT('',#4607);
#1585=VERTEX_POINT('',#4609);
#1586=VERTEX_POINT('',#4611);
#1587=VERTEX_POINT('',#4614);
#1588=VERTEX_POINT('',#4615);
#1589=VERTEX_POINT('',#4617);
#1590=VERTEX_POINT('',#4619);
#1591=VERTEX_POINT('',#4623);
#1592=VERTEX_POINT('',#4624);
#1593=VERTEX_POINT('',#4626);
#1594=VERTEX_POINT('',#4628);
#1595=VERTEX_POINT('',#4631);
#1596=VERTEX_POINT('',#4632);
#1597=VERTEX_POINT('',#4634);
#1598=VERTEX_POINT('',#4636);
#1599=VERTEX_POINT('',#4639);
#1600=VERTEX_POINT('',#4641);
#1601=VERTEX_POINT('',#4644);
#1602=VERTEX_POINT('',#4645);
#1603=VERTEX_POINT('',#4647);
#1604=VERTEX_POINT('',#4649);
#1605=VERTEX_POINT('',#4652);
#1606=VERTEX_POINT('',#4653);
#1607=VERTEX_POINT('',#4655);
#1608=VERTEX_POINT('',#4657);
#1609=VERTEX_POINT('',#4661);
#1610=VERTEX_POINT('',#4663);
#1611=VERTEX_POINT('',#4666);
#1612=VERTEX_POINT('',#4667);
#1613=VERTEX_POINT('',#4669);
#1614=VERTEX_POINT('',#4671);
#1615=VERTEX_POINT('',#4675);
#1616=VERTEX_POINT('',#4676);
#1617=VERTEX_POINT('',#4678);
#1618=VERTEX_POINT('',#4681);
#1619=VERTEX_POINT('',#4683);
#1620=VERTEX_POINT('',#4686);
#1621=VERTEX_POINT('',#4688);
#1622=VERTEX_POINT('',#4690);
#1623=VERTEX_POINT('',#4693);
#1624=VERTEX_POINT('',#4694);
#1625=VERTEX_POINT('',#4696);
#1626=VERTEX_POINT('',#4698);
#1627=VERTEX_POINT('',#4702);
#1628=VERTEX_POINT('',#4704);
#1629=VERTEX_POINT('',#4707);
#1630=VERTEX_POINT('',#4709);
#1631=VERTEX_POINT('',#4711);
#1632=VERTEX_POINT('',#4713);
#1633=VERTEX_POINT('',#4715);
#1634=VERTEX_POINT('',#4717);
#1635=VERTEX_POINT('',#4721);
#1636=VERTEX_POINT('',#4723);
#1637=VERTEX_POINT('',#4725);
#1638=VERTEX_POINT('',#4728);
#1639=VERTEX_POINT('',#4735);
#1640=VERTEX_POINT('',#4737);
#1641=VERTEX_POINT('',#4740);
#1642=VERTEX_POINT('',#4742);
#1643=VERTEX_POINT('',#4744);
#1644=VERTEX_POINT('',#4748);
#1645=VERTEX_POINT('',#4749);
#1646=VERTEX_POINT('',#4752);
#1647=VERTEX_POINT('',#4757);
#1648=VERTEX_POINT('',#4761);
#1649=VERTEX_POINT('',#4769);
#1650=VERTEX_POINT('',#4771);
#1651=VERTEX_POINT('',#4778);
#1652=VERTEX_POINT('',#4780);
#1653=VERTEX_POINT('',#4785);
#1654=VERTEX_POINT('',#4787);
#1655=VERTEX_POINT('',#4791);
#1656=VERTEX_POINT('',#4795);
#1657=VERTEX_POINT('',#4801);
#1658=VERTEX_POINT('',#4803);
#1659=VERTEX_POINT('',#4810);
#1660=VERTEX_POINT('',#4812);
#1661=VERTEX_POINT('',#4817);
#1662=VERTEX_POINT('',#4819);
#1663=VERTEX_POINT('',#4826);
#1664=VERTEX_POINT('',#4828);
#1665=VERTEX_POINT('',#4833);
#1666=VERTEX_POINT('',#4837);
#1667=VERTEX_POINT('',#4891);
#1668=VERTEX_POINT('',#4893);
#1669=VERTEX_POINT('',#4897);
#1670=VERTEX_POINT('',#4908);
#1671=VERTEX_POINT('',#4915);
#1672=VERTEX_POINT('',#4919);
#1673=VERTEX_POINT('',#4936);
#1674=VERTEX_POINT('',#4938);
#1675=VERTEX_POINT('',#4949);
#1676=VERTEX_POINT('',#4956);
#1677=VERTEX_POINT('',#4960);
#1678=VERTEX_POINT('',#4964);
#1679=VERTEX_POINT('',#4975);
#1680=VERTEX_POINT('',#4982);
#1681=VERTEX_POINT('',#4993);
#1682=VERTEX_POINT('',#5000);
#1683=VERTEX_POINT('',#5011);
#1684=VERTEX_POINT('',#5031);
#1685=VERTEX_POINT('',#5033);
#1686=VERTEX_POINT('',#5044);
#1687=VERTEX_POINT('',#5051);
#1688=VERTEX_POINT('',#5062);
#1689=VERTEX_POINT('',#5069);
#1690=VERTEX_POINT('',#5080);
#1691=VERTEX_POINT('',#5087);
#1692=VERTEX_POINT('',#5104);
#1693=VERTEX_POINT('',#5106);
#1694=VERTEX_POINT('',#5117);
#1695=VERTEX_POINT('',#5124);
#1696=VERTEX_POINT('',#5128);
#1697=VERTEX_POINT('',#5132);
#1698=VERTEX_POINT('',#5136);
#1699=VERTEX_POINT('',#5140);
#1700=VERTEX_POINT('',#5151);
#1701=VERTEX_POINT('',#5165);
#1702=VERTEX_POINT('',#5172);
#1703=VERTEX_POINT('',#5183);
#1704=VERTEX_POINT('',#5197);
#1705=VERTEX_POINT('',#5207);
#1706=VERTEX_POINT('',#5209);
#1707=VERTEX_POINT('',#5213);
#1708=VERTEX_POINT('',#5217);
#1709=VERTEX_POINT('',#5228);
#1710=VERTEX_POINT('',#5235);
#1711=VERTEX_POINT('',#5246);
#1712=VERTEX_POINT('',#5253);
#1713=VERTEX_POINT('',#5270);
#1714=VERTEX_POINT('',#5272);
#1715=VERTEX_POINT('',#5283);
#1716=VERTEX_POINT('',#5290);
#1717=VERTEX_POINT('',#5307);
#1718=VERTEX_POINT('',#5309);
#1719=VERTEX_POINT('',#5313);
#1720=VERTEX_POINT('',#5324);
#1721=VERTEX_POINT('',#5331);
#1722=VERTEX_POINT('',#5342);
#1723=VERTEX_POINT('',#5349);
#1724=VERTEX_POINT('',#5353);
#1725=VERTEX_POINT('',#5357);
#1726=VERTEX_POINT('',#5368);
#1727=VERTEX_POINT('',#5375);
#1728=VERTEX_POINT('',#5386);
#1729=VERTEX_POINT('',#5393);
#1730=VERTEX_POINT('',#5404);
#1731=VERTEX_POINT('',#5411);
#1732=VERTEX_POINT('',#5415);
#1733=VERTEX_POINT('',#5426);
#1734=VERTEX_POINT('',#5440);
#1735=VERTEX_POINT('',#5454);
#1736=VERTEX_POINT('',#5461);
#1737=VERTEX_POINT('',#5472);
#1738=VERTEX_POINT('',#5486);
#1739=VERTEX_POINT('',#5500);
#1740=VERTEX_POINT('',#5507);
#1741=VERTEX_POINT('',#5524);
#1742=VERTEX_POINT('',#5526);
#1743=VERTEX_POINT('',#5537);
#1744=VERTEX_POINT('',#5544);
#1745=LINE('',#4270,#2055);
#1746=LINE('',#4278,#2056);
#1747=LINE('',#4288,#2057);
#1748=LINE('',#4291,#2058);
#1749=LINE('',#4293,#2059);
#1750=LINE('',#4295,#2060);
#1751=LINE('',#4296,#2061);
#1752=LINE('',#4299,#2062);
#1753=LINE('',#4301,#2063);
#1754=LINE('',#4303,#2064);
#1755=LINE('',#4310,#2065);
#1756=LINE('',#4322,#2066);
#1757=LINE('',#4329,#2067);
#1758=LINE('',#4336,#2068);
#1759=LINE('',#4340,#2069);
#1760=LINE('',#4347,#2070);
#1761=LINE('',#4354,#2071);
#1762=LINE('',#4361,#2072);
#1763=LINE('',#4368,#2073);
#1764=LINE('',#4375,#2074);
#1765=LINE('',#4389,#2075);
#1766=LINE('',#4401,#2076);
#1767=LINE('',#4405,#2077);
#1768=LINE('',#4409,#2078);
#1769=LINE('',#4413,#2079);
#1770=LINE('',#4420,#2080);
#1771=LINE('',#4427,#2081);
#1772=LINE('',#4434,#2082);
#1773=LINE('',#4441,#2083);
#1774=LINE('',#4448,#2084);
#1775=LINE('',#4449,#2085);
#1776=LINE('',#4452,#2086);
#1777=LINE('',#4459,#2087);
#1778=LINE('',#4476,#2088);
#1779=LINE('',#4493,#2089);
#1780=LINE('',#4495,#2090);
#1781=LINE('',#4502,#2091);
#1782=LINE('',#4509,#2092);
#1783=LINE('',#4518,#2093);
#1784=LINE('',#4520,#2094);
#1785=LINE('',#4527,#2095);
#1786=LINE('',#4539,#2096);
#1787=LINE('',#4546,#2097);
#1788=LINE('',#4548,#2098);
#1789=LINE('',#4551,#2099);
#1790=LINE('',#4553,#2100);
#1791=LINE('',#4555,#2101);
#1792=LINE('',#4556,#2102);
#1793=LINE('',#4559,#2103);
#1794=LINE('',#4561,#2104);
#1795=LINE('',#4563,#2105);
#1796=LINE('',#4565,#2106);
#1797=LINE('',#4568,#2107);
#1798=LINE('',#4570,#2108);
#1799=LINE('',#4572,#2109);
#1800=LINE('',#4574,#2110);
#1801=LINE('',#4576,#2111);
#1802=LINE('',#4578,#2112);
#1803=LINE('',#4580,#2113);
#1804=LINE('',#4582,#2114);
#1805=LINE('',#4584,#2115);
#1806=LINE('',#4586,#2116);
#1807=LINE('',#4588,#2117);
#1808=LINE('',#4589,#2118);
#1809=LINE('',#4592,#2119);
#1810=LINE('',#4594,#2120);
#1811=LINE('',#4596,#2121);
#1812=LINE('',#4597,#2122);
#1813=LINE('',#4600,#2123);
#1814=LINE('',#4602,#2124);
#1815=LINE('',#4604,#2125);
#1816=LINE('',#4605,#2126);
#1817=LINE('',#4608,#2127);
#1818=LINE('',#4610,#2128);
#1819=LINE('',#4612,#2129);
#1820=LINE('',#4613,#2130);
#1821=LINE('',#4616,#2131);
#1822=LINE('',#4618,#2132);
#1823=LINE('',#4620,#2133);
#1824=LINE('',#4622,#2134);
#1825=LINE('',#4625,#2135);
#1826=LINE('',#4627,#2136);
#1827=LINE('',#4629,#2137);
#1828=LINE('',#4630,#2138);
#1829=LINE('',#4633,#2139);
#1830=LINE('',#4635,#2140);
#1831=LINE('',#4637,#2141);
#1832=LINE('',#4638,#2142);
#1833=LINE('',#4640,#2143);
#1834=LINE('',#4642,#2144);
#1835=LINE('',#4643,#2145);
#1836=LINE('',#4646,#2146);
#1837=LINE('',#4648,#2147);
#1838=LINE('',#4650,#2148);
#1839=LINE('',#4651,#2149);
#1840=LINE('',#4654,#2150);
#1841=LINE('',#4656,#2151);
#1842=LINE('',#4658,#2152);
#1843=LINE('',#4660,#2153);
#1844=LINE('',#4662,#2154);
#1845=LINE('',#4664,#2155);
#1846=LINE('',#4665,#2156);
#1847=LINE('',#4668,#2157);
#1848=LINE('',#4670,#2158);
#1849=LINE('',#4672,#2159);
#1850=LINE('',#4674,#2160);
#1851=LINE('',#4677,#2161);
#1852=LINE('',#4679,#2162);
#1853=LINE('',#4680,#2163);
#1854=LINE('',#4682,#2164);
#1855=LINE('',#4684,#2165);
#1856=LINE('',#4685,#2166);
#1857=LINE('',#4687,#2167);
#1858=LINE('',#4689,#2168);
#1859=LINE('',#4691,#2169);
#1860=LINE('',#4692,#2170);
#1861=LINE('',#4695,#2171);
#1862=LINE('',#4697,#2172);
#1863=LINE('',#4699,#2173);
#1864=LINE('',#4701,#2174);
#1865=LINE('',#4703,#2175);
#1866=LINE('',#4705,#2176);
#1867=LINE('',#4706,#2177);
#1868=LINE('',#4708,#2178);
#1869=LINE('',#4710,#2179);
#1870=LINE('',#4712,#2180);
#1871=LINE('',#4714,#2181);
#1872=LINE('',#4716,#2182);
#1873=LINE('',#4718,#2183);
#1874=LINE('',#4720,#2184);
#1875=LINE('',#4722,#2185);
#1876=LINE('',#4724,#2186);
#1877=LINE('',#4726,#2187);
#1878=LINE('',#4727,#2188);
#1879=LINE('',#4729,#2189);
#1880=LINE('',#4731,#2190);
#1881=LINE('',#4732,#2191);
#1882=LINE('',#4738,#2192);
#1883=LINE('',#4739,#2193);
#1884=LINE('',#4741,#2194);
#1885=LINE('',#4743,#2195);
#1886=LINE('',#4745,#2196);
#1887=LINE('',#4747,#2197);
#1888=LINE('',#4750,#2198);
#1889=LINE('',#4751,#2199);
#1890=LINE('',#4753,#2200);
#1891=LINE('',#4754,#2201);
#1892=LINE('',#4756,#2202);
#1893=LINE('',#4758,#2203);
#1894=LINE('',#4760,#2204);
#1895=LINE('',#4762,#2205);
#1896=LINE('',#4764,#2206);
#1897=LINE('',#4766,#2207);
#1898=LINE('',#4768,#2208);
#1899=LINE('',#4770,#2209);
#1900=LINE('',#4772,#2210);
#1901=LINE('',#4774,#2211);
#1902=LINE('',#4775,#2212);
#1903=LINE('',#4784,#2213);
#1904=LINE('',#4786,#2214);
#1905=LINE('',#4788,#2215);
#1906=LINE('',#4792,#2216);
#1907=LINE('',#4796,#2217);
#1908=LINE('',#4800,#2218);
#1909=LINE('',#4802,#2219);
#1910=LINE('',#4804,#2220);
#1911=LINE('',#4806,#2221);
#1912=LINE('',#4807,#2222);
#1913=LINE('',#4816,#2223);
#1914=LINE('',#4818,#2224);
#1915=LINE('',#4820,#2225);
#1916=LINE('',#4822,#2226);
#1917=LINE('',#4823,#2227);
#1918=LINE('',#4842,#2228);
#1919=LINE('',#4843,#2229);
#1920=LINE('',#4845,#2230);
#1921=LINE('',#4847,#2231);
#1922=LINE('',#4850,#2232);
#1923=LINE('',#4851,#2233);
#1924=LINE('',#4853,#2234);
#1925=LINE('',#4855,#2235);
#1926=LINE('',#4858,#2236);
#1927=LINE('',#4859,#2237);
#1928=LINE('',#4861,#2238);
#1929=LINE('',#4863,#2239);
#1930=LINE('',#4866,#2240);
#1931=LINE('',#4867,#2241);
#1932=LINE('',#4869,#2242);
#1933=LINE('',#4871,#2243);
#1934=LINE('',#4874,#2244);
#1935=LINE('',#4875,#2245);
#1936=LINE('',#4877,#2246);
#1937=LINE('',#4879,#2247);
#1938=LINE('',#4882,#2248);
#1939=LINE('',#4883,#2249);
#1940=LINE('',#4885,#2250);
#1941=LINE('',#4887,#2251);
#1942=LINE('',#4890,#2252);
#1943=LINE('',#4892,#2253);
#1944=LINE('',#4894,#2254);
#1945=LINE('',#4896,#2255);
#1946=LINE('',#4907,#2256);
#1947=LINE('',#4914,#2257);
#1948=LINE('',#4918,#2258);
#1949=LINE('',#4920,#2259);
#1950=LINE('',#4935,#2260);
#1951=LINE('',#4937,#2261);
#1952=LINE('',#4939,#2262);
#1953=LINE('',#4948,#2263);
#1954=LINE('',#4955,#2264);
#1955=LINE('',#4957,#2265);
#1956=LINE('',#4959,#2266);
#1957=LINE('',#4963,#2267);
#1958=LINE('',#4965,#2268);
#1959=LINE('',#4974,#2269);
#1960=LINE('',#4981,#2270);
#1961=LINE('',#4983,#2271);
#1962=LINE('',#4992,#2272);
#1963=LINE('',#4999,#2273);
#1964=LINE('',#5001,#2274);
#1965=LINE('',#5010,#2275);
#1966=LINE('',#5030,#2276);
#1967=LINE('',#5032,#2277);
#1968=LINE('',#5034,#2278);
#1969=LINE('',#5043,#2279);
#1970=LINE('',#5050,#2280);
#1971=LINE('',#5052,#2281);
#1972=LINE('',#5061,#2282);
#1973=LINE('',#5068,#2283);
#1974=LINE('',#5070,#2284);
#1975=LINE('',#5079,#2285);
#1976=LINE('',#5086,#2286);
#1977=LINE('',#5088,#2287);
#1978=LINE('',#5103,#2288);
#1979=LINE('',#5105,#2289);
#1980=LINE('',#5107,#2290);
#1981=LINE('',#5116,#2291);
#1982=LINE('',#5123,#2292);
#1983=LINE('',#5125,#2293);
#1984=LINE('',#5127,#2294);
#1985=LINE('',#5131,#2295);
#1986=LINE('',#5133,#2296);
#1987=LINE('',#5135,#2297);
#1988=LINE('',#5139,#2298);
#1989=LINE('',#5141,#2299);
#1990=LINE('',#5150,#2300);
#1991=LINE('',#5164,#2301);
#1992=LINE('',#5171,#2302);
#1993=LINE('',#5173,#2303);
#1994=LINE('',#5182,#2304);
#1995=LINE('',#5196,#2305);
#1996=LINE('',#5206,#2306);
#1997=LINE('',#5208,#2307);
#1998=LINE('',#5210,#2308);
#1999=LINE('',#5212,#2309);
#2000=LINE('',#5216,#2310);
#2001=LINE('',#5218,#2311);
#2002=LINE('',#5227,#2312);
#2003=LINE('',#5234,#2313);
#2004=LINE('',#5236,#2314);
#2005=LINE('',#5245,#2315);
#2006=LINE('',#5252,#2316);
#2007=LINE('',#5254,#2317);
#2008=LINE('',#5269,#2318);
#2009=LINE('',#5271,#2319);
#2010=LINE('',#5273,#2320);
#2011=LINE('',#5282,#2321);
#2012=LINE('',#5289,#2322);
#2013=LINE('',#5291,#2323);
#2014=LINE('',#5306,#2324);
#2015=LINE('',#5308,#2325);
#2016=LINE('',#5310,#2326);
#2017=LINE('',#5312,#2327);
#2018=LINE('',#5314,#2328);
#2019=LINE('',#5323,#2329);
#2020=LINE('',#5330,#2330);
#2021=LINE('',#5332,#2331);
#2022=LINE('',#5341,#2332);
#2023=LINE('',#5348,#2333);
#2024=LINE('',#5350,#2334);
#2025=LINE('',#5352,#2335);
#2026=LINE('',#5354,#2336);
#2027=LINE('',#5356,#2337);
#2028=LINE('',#5367,#2338);
#2029=LINE('',#5374,#2339);
#2030=LINE('',#5376,#2340);
#2031=LINE('',#5385,#2341);
#2032=LINE('',#5392,#2342);
#2033=LINE('',#5394,#2343);
#2034=LINE('',#5403,#2344);
#2035=LINE('',#5410,#2345);
#2036=LINE('',#5412,#2346);
#2037=LINE('',#5414,#2347);
#2038=LINE('',#5416,#2348);
#2039=LINE('',#5425,#2349);
#2040=LINE('',#5439,#2350);
#2041=LINE('',#5453,#2351);
#2042=LINE('',#5460,#2352);
#2043=LINE('',#5462,#2353);
#2044=LINE('',#5471,#2354);
#2045=LINE('',#5485,#2355);
#2046=LINE('',#5499,#2356);
#2047=LINE('',#5506,#2357);
#2048=LINE('',#5508,#2358);
#2049=LINE('',#5523,#2359);
#2050=LINE('',#5525,#2360);
#2051=LINE('',#5527,#2361);
#2052=LINE('',#5536,#2362);
#2053=LINE('',#5543,#2363);
#2054=LINE('',#5545,#2364);
#2055=VECTOR('',#3672,1.);
#2056=VECTOR('',#3673,1.);
#2057=VECTOR('',#3678,1.);
#2058=VECTOR('',#3679,1.);
#2059=VECTOR('',#3680,1.);
#2060=VECTOR('',#3681,1.);
#2061=VECTOR('',#3682,1.);
#2062=VECTOR('',#3683,1.);
#2063=VECTOR('',#3684,1.);
#2064=VECTOR('',#3685,1.);
#2065=VECTOR('',#3686,1.);
#2066=VECTOR('',#3687,1.);
#2067=VECTOR('',#3688,1.);
#2068=VECTOR('',#3689,1.);
#2069=VECTOR('',#3692,1.);
#2070=VECTOR('',#3693,1.);
#2071=VECTOR('',#3694,1.);
#2072=VECTOR('',#3695,1.);
#2073=VECTOR('',#3696,1.);
#2074=VECTOR('',#3697,1.);
#2075=VECTOR('',#3700,1.);
#2076=VECTOR('',#3701,1.);
#2077=VECTOR('',#3704,1.);
#2078=VECTOR('',#3707,1.);
#2079=VECTOR('',#3710,1.);
#2080=VECTOR('',#3711,1.);
#2081=VECTOR('',#3712,1.);
#2082=VECTOR('',#3713,1.);
#2083=VECTOR('',#3714,1.);
#2084=VECTOR('',#3715,1.);
#2085=VECTOR('',#3716,1.);
#2086=VECTOR('',#3717,1.);
#2087=VECTOR('',#3718,1.);
#2088=VECTOR('',#3719,1.);
#2089=VECTOR('',#3720,1.);
#2090=VECTOR('',#3721,1.);
#2091=VECTOR('',#3722,1.);
#2092=VECTOR('',#3723,1.);
#2093=VECTOR('',#3726,1.);
#2094=VECTOR('',#3727,1.);
#2095=VECTOR('',#3728,1.);
#2096=VECTOR('',#3729,1.);
#2097=VECTOR('',#3730,1.);
#2098=VECTOR('',#3733,1.);
#2099=VECTOR('',#3734,1.);
#2100=VECTOR('',#3735,1.);
#2101=VECTOR('',#3736,1.);
#2102=VECTOR('',#3737,1.);
#2103=VECTOR('',#3738,1.);
#2104=VECTOR('',#3739,1.);
#2105=VECTOR('',#3740,1.);
#2106=VECTOR('',#3743,1.);
#2107=VECTOR('',#3744,1.);
#2108=VECTOR('',#3745,1.);
#2109=VECTOR('',#3746,1.);
#2110=VECTOR('',#3747,1.);
#2111=VECTOR('',#3748,1.);
#2112=VECTOR('',#3749,1.);
#2113=VECTOR('',#3750,1.);
#2114=VECTOR('',#3751,1.);
#2115=VECTOR('',#3752,1.);
#2116=VECTOR('',#3753,1.);
#2117=VECTOR('',#3754,1.);
#2118=VECTOR('',#3755,1.);
#2119=VECTOR('',#3756,1.);
#2120=VECTOR('',#3757,1.);
#2121=VECTOR('',#3758,1.);
#2122=VECTOR('',#3759,1.);
#2123=VECTOR('',#3760,1.);
#2124=VECTOR('',#3761,1.);
#2125=VECTOR('',#3762,1.);
#2126=VECTOR('',#3763,1.);
#2127=VECTOR('',#3764,1.);
#2128=VECTOR('',#3765,1.);
#2129=VECTOR('',#3766,1.);
#2130=VECTOR('',#3767,1.);
#2131=VECTOR('',#3768,1.);
#2132=VECTOR('',#3769,1.);
#2133=VECTOR('',#3770,1.);
#2134=VECTOR('',#3773,1.);
#2135=VECTOR('',#3774,1.);
#2136=VECTOR('',#3775,1.);
#2137=VECTOR('',#3776,1.);
#2138=VECTOR('',#3777,1.);
#2139=VECTOR('',#3778,1.);
#2140=VECTOR('',#3779,1.);
#2141=VECTOR('',#3780,1.);
#2142=VECTOR('',#3781,1.);
#2143=VECTOR('',#3782,1.);
#2144=VECTOR('',#3783,1.);
#2145=VECTOR('',#3784,1.);
#2146=VECTOR('',#3785,1.);
#2147=VECTOR('',#3786,1.);
#2148=VECTOR('',#3787,1.);
#2149=VECTOR('',#3788,1.);
#2150=VECTOR('',#3789,1.);
#2151=VECTOR('',#3790,1.);
#2152=VECTOR('',#3791,1.);
#2153=VECTOR('',#3794,1.);
#2154=VECTOR('',#3795,1.);
#2155=VECTOR('',#3796,1.);
#2156=VECTOR('',#3797,1.);
#2157=VECTOR('',#3798,1.);
#2158=VECTOR('',#3799,1.);
#2159=VECTOR('',#3800,1.);
#2160=VECTOR('',#3803,1.);
#2161=VECTOR('',#3804,1.);
#2162=VECTOR('',#3805,1.);
#2163=VECTOR('',#3806,1.);
#2164=VECTOR('',#3807,1.);
#2165=VECTOR('',#3808,1.);
#2166=VECTOR('',#3809,1.);
#2167=VECTOR('',#3810,1.);
#2168=VECTOR('',#3811,1.);
#2169=VECTOR('',#3812,1.);
#2170=VECTOR('',#3813,1.);
#2171=VECTOR('',#3814,1.);
#2172=VECTOR('',#3815,1.);
#2173=VECTOR('',#3816,1.);
#2174=VECTOR('',#3819,1.);
#2175=VECTOR('',#3820,1.);
#2176=VECTOR('',#3821,1.);
#2177=VECTOR('',#3822,1.);
#2178=VECTOR('',#3823,1.);
#2179=VECTOR('',#3824,1.);
#2180=VECTOR('',#3825,1.);
#2181=VECTOR('',#3826,1.);
#2182=VECTOR('',#3827,1.);
#2183=VECTOR('',#3828,1.);
#2184=VECTOR('',#3831,1.);
#2185=VECTOR('',#3832,1.);
#2186=VECTOR('',#3833,1.);
#2187=VECTOR('',#3834,1.);
#2188=VECTOR('',#3835,1.);
#2189=VECTOR('',#3836,1.);
#2190=VECTOR('',#3839,1.);
#2191=VECTOR('',#3840,1.);
#2192=VECTOR('',#3847,1.);
#2193=VECTOR('',#3848,1.);
#2194=VECTOR('',#3849,1.);
#2195=VECTOR('',#3850,1.);
#2196=VECTOR('',#3851,1.);
#2197=VECTOR('',#3854,1.);
#2198=VECTOR('',#3855,1.);
#2199=VECTOR('',#3856,1.);
#2200=VECTOR('',#3857,1.);
#2201=VECTOR('',#3858,1.);
#2202=VECTOR('',#3861,1.);
#2203=VECTOR('',#3862,1.);
#2204=VECTOR('',#3865,1.);
#2205=VECTOR('',#3866,1.);
#2206=VECTOR('',#3869,1.);
#2207=VECTOR('',#3872,1.);
#2208=VECTOR('',#3875,1.);
#2209=VECTOR('',#3876,1.);
#2210=VECTOR('',#3877,1.);
#2211=VECTOR('',#3880,1.);
#2212=VECTOR('',#3881,1.);
#2213=VECTOR('',#3894,1.);
#2214=VECTOR('',#3895,1.);
#2215=VECTOR('',#3896,1.);
#2216=VECTOR('',#3901,1.);
#2217=VECTOR('',#3906,1.);
#2218=VECTOR('',#3913,1.);
#2219=VECTOR('',#3914,1.);
#2220=VECTOR('',#3915,1.);
#2221=VECTOR('',#3918,1.);
#2222=VECTOR('',#3919,1.);
#2223=VECTOR('',#3932,1.);
#2224=VECTOR('',#3933,1.);
#2225=VECTOR('',#3934,1.);
#2226=VECTOR('',#3937,1.);
#2227=VECTOR('',#3938,1.);
#2228=VECTOR('',#3967,1.);
#2229=VECTOR('',#3968,1.);
#2230=VECTOR('',#3971,1.);
#2231=VECTOR('',#3974,1.);
#2232=VECTOR('',#3979,1.);
#2233=VECTOR('',#3980,1.);
#2234=VECTOR('',#3983,1.);
#2235=VECTOR('',#3986,1.);
#2236=VECTOR('',#3991,1.);
#2237=VECTOR('',#3992,1.);
#2238=VECTOR('',#3995,1.);
#2239=VECTOR('',#3998,1.);
#2240=VECTOR('',#4003,1.);
#2241=VECTOR('',#4004,1.);
#2242=VECTOR('',#4007,1.);
#2243=VECTOR('',#4010,1.);
#2244=VECTOR('',#4015,1.);
#2245=VECTOR('',#4016,1.);
#2246=VECTOR('',#4019,1.);
#2247=VECTOR('',#4022,1.);
#2248=VECTOR('',#4027,1.);
#2249=VECTOR('',#4028,1.);
#2250=VECTOR('',#4031,1.);
#2251=VECTOR('',#4034,1.);
#2252=VECTOR('',#4039,1.);
#2253=VECTOR('',#4040,1.);
#2254=VECTOR('',#4041,1.);
#2255=VECTOR('',#4044,1.);
#2256=VECTOR('',#4047,1.);
#2257=VECTOR('',#4050,1.);
#2258=VECTOR('',#4055,1.);
#2259=VECTOR('',#4056,1.);
#2260=VECTOR('',#4061,1.);
#2261=VECTOR('',#4062,1.);
#2262=VECTOR('',#4063,1.);
#2263=VECTOR('',#4064,1.);
#2264=VECTOR('',#4067,1.);
#2265=VECTOR('',#4068,1.);
#2266=VECTOR('',#4071,1.);
#2267=VECTOR('',#4076,1.);
#2268=VECTOR('',#4077,1.);
#2269=VECTOR('',#4078,1.);
#2270=VECTOR('',#4081,1.);
#2271=VECTOR('',#4082,1.);
#2272=VECTOR('',#4083,1.);
#2273=VECTOR('',#4086,1.);
#2274=VECTOR('',#4087,1.);
#2275=VECTOR('',#4088,1.);
#2276=VECTOR('',#4093,1.);
#2277=VECTOR('',#4094,1.);
#2278=VECTOR('',#4095,1.);
#2279=VECTOR('',#4096,1.);
#2280=VECTOR('',#4099,1.);
#2281=VECTOR('',#4100,1.);
#2282=VECTOR('',#4101,1.);
#2283=VECTOR('',#4104,1.);
#2284=VECTOR('',#4105,1.);
#2285=VECTOR('',#4106,1.);
#2286=VECTOR('',#4109,1.);
#2287=VECTOR('',#4110,1.);
#2288=VECTOR('',#4115,1.);
#2289=VECTOR('',#4116,1.);
#2290=VECTOR('',#4117,1.);
#2291=VECTOR('',#4118,1.);
#2292=VECTOR('',#4121,1.);
#2293=VECTOR('',#4122,1.);
#2294=VECTOR('',#4125,1.);
#2295=VECTOR('',#4130,1.);
#2296=VECTOR('',#4131,1.);
#2297=VECTOR('',#4134,1.);
#2298=VECTOR('',#4139,1.);
#2299=VECTOR('',#4140,1.);
#2300=VECTOR('',#4141,1.);
#2301=VECTOR('',#4142,1.);
#2302=VECTOR('',#4145,1.);
#2303=VECTOR('',#4146,1.);
#2304=VECTOR('',#4147,1.);
#2305=VECTOR('',#4148,1.);
#2306=VECTOR('',#4157,1.);
#2307=VECTOR('',#4158,1.);
#2308=VECTOR('',#4159,1.);
#2309=VECTOR('',#4162,1.);
#2310=VECTOR('',#4167,1.);
#2311=VECTOR('',#4168,1.);
#2312=VECTOR('',#4169,1.);
#2313=VECTOR('',#4172,1.);
#2314=VECTOR('',#4173,1.);
#2315=VECTOR('',#4174,1.);
#2316=VECTOR('',#4177,1.);
#2317=VECTOR('',#4178,1.);
#2318=VECTOR('',#4183,1.);
#2319=VECTOR('',#4184,1.);
#2320=VECTOR('',#4185,1.);
#2321=VECTOR('',#4186,1.);
#2322=VECTOR('',#4189,1.);
#2323=VECTOR('',#4190,1.);
#2324=VECTOR('',#4195,1.);
#2325=VECTOR('',#4196,1.);
#2326=VECTOR('',#4197,1.);
#2327=VECTOR('',#4200,1.);
#2328=VECTOR('',#4201,1.);
#2329=VECTOR('',#4202,1.);
#2330=VECTOR('',#4205,1.);
#2331=VECTOR('',#4206,1.);
#2332=VECTOR('',#4207,1.);
#2333=VECTOR('',#4210,1.);
#2334=VECTOR('',#4211,1.);
#2335=VECTOR('',#4214,1.);
#2336=VECTOR('',#4215,1.);
#2337=VECTOR('',#4218,1.);
#2338=VECTOR('',#4221,1.);
#2339=VECTOR('',#4224,1.);
#2340=VECTOR('',#4225,1.);
#2341=VECTOR('',#4226,1.);
#2342=VECTOR('',#4229,1.);
#2343=VECTOR('',#4230,1.);
#2344=VECTOR('',#4231,1.);
#2345=VECTOR('',#4234,1.);
#2346=VECTOR('',#4235,1.);
#2347=VECTOR('',#4238,1.);
#2348=VECTOR('',#4239,1.);
#2349=VECTOR('',#4240,1.);
#2350=VECTOR('',#4241,1.);
#2351=VECTOR('',#4242,1.);
#2352=VECTOR('',#4245,1.);
#2353=VECTOR('',#4246,1.);
#2354=VECTOR('',#4247,1.);
#2355=VECTOR('',#4248,1.);
#2356=VECTOR('',#4249,1.);
#2357=VECTOR('',#4252,1.);
#2358=VECTOR('',#4253,1.);
#2359=VECTOR('',#4258,1.);
#2360=VECTOR('',#4259,1.);
#2361=VECTOR('',#4260,1.);
#2362=VECTOR('',#4261,1.);
#2363=VECTOR('',#4264,1.);
#2364=VECTOR('',#4265,1.);
#2365=EDGE_LOOP('',(#245,#246,#247,#248,#249,#250));
#2366=EDGE_LOOP('',(#251,#252,#253,#254));
#2367=EDGE_LOOP('',(#255,#256,#257,#258));
#2368=EDGE_LOOP('',(#259,#260,#261,#262,#263,#264,#265,#266,#267,#268,#269));
#2369=EDGE_LOOP('',(#270,#271,#272,#273,#274,#275,#276,#277));
#2370=EDGE_LOOP('',(#278,#279,#280,#281,#282,#283,#284,#285,#286,#287,#288,
#289,#290));
#2371=EDGE_LOOP('',(#291,#292,#293,#294,#295,#296,#297,#298));
#2372=EDGE_LOOP('',(#299,#300,#301,#302));
#2373=EDGE_LOOP('',(#303,#304,#305,#306,#307,#308,#309,#310,#311,#312,#313,
#314,#315,#316,#317,#318,#319,#320,#321,#322,#323,#324,#325,#326));
#2374=EDGE_LOOP('',(#327,#328,#329,#330));
#2375=EDGE_LOOP('',(#331,#332,#333,#334));
#2376=EDGE_LOOP('',(#335,#336,#337,#338));
#2377=EDGE_LOOP('',(#339,#340,#341,#342,#343,#344,#345,#346,#347,#348,#349,
#350));
#2378=EDGE_LOOP('',(#351,#352,#353,#354));
#2379=EDGE_LOOP('',(#355,#356,#357,#358));
#2380=EDGE_LOOP('',(#359,#360,#361,#362));
#2381=EDGE_LOOP('',(#363,#364,#365,#366));
#2382=EDGE_LOOP('',(#367,#368,#369,#370));
#2383=EDGE_LOOP('',(#371,#372,#373,#374));
#2384=EDGE_LOOP('',(#375,#376,#377,#378));
#2385=EDGE_LOOP('',(#379,#380,#381,#382));
#2386=EDGE_LOOP('',(#383,#384,#385,#386));
#2387=EDGE_LOOP('',(#387,#388,#389,#390));
#2388=EDGE_LOOP('',(#391,#392,#393,#394));
#2389=EDGE_LOOP('',(#395,#396,#397,#398,#399,#400,#401,#402,#403,#404,#405,
#406));
#2390=EDGE_LOOP('',(#407,#408,#409,#410));
#2391=EDGE_LOOP('',(#411,#412,#413,#414,#415,#416,#417,#418,#419,#420,#421,
#422));
#2392=EDGE_LOOP('',(#423,#424,#425,#426,#427,#428,#429,#430));
#2393=EDGE_LOOP('',(#431,#432,#433,#434));
#2394=EDGE_LOOP('',(#435));
#2395=EDGE_LOOP('',(#436));
#2396=EDGE_LOOP('',(#437,#438,#439,#440,#441,#442,#443,#444,#445,#446));
#2397=EDGE_LOOP('',(#447,#448,#449,#450));
#2398=EDGE_LOOP('',(#451,#452,#453,#454,#455,#456,#457,#458));
#2399=EDGE_LOOP('',(#459,#460,#461,#462));
#2400=EDGE_LOOP('',(#463,#464,#465,#466));
#2401=EDGE_LOOP('',(#467,#468,#469,#470));
#2402=EDGE_LOOP('',(#471,#472,#473,#474));
#2403=EDGE_LOOP('',(#475,#476,#477,#478));
#2404=EDGE_LOOP('',(#479,#480,#481,#482));
#2405=EDGE_LOOP('',(#483));
#2406=EDGE_LOOP('',(#484));
#2407=EDGE_LOOP('',(#485,#486,#487,#488));
#2408=EDGE_LOOP('',(#489));
#2409=EDGE_LOOP('',(#490,#491,#492,#493));
#2410=EDGE_LOOP('',(#494));
#2411=EDGE_LOOP('',(#495,#496,#497,#498));
#2412=EDGE_LOOP('',(#499));
#2413=EDGE_LOOP('',(#500,#501,#502,#503));
#2414=EDGE_LOOP('',(#504));
#2415=EDGE_LOOP('',(#505,#506,#507,#508));
#2416=EDGE_LOOP('',(#509,#510,#511,#512));
#2417=EDGE_LOOP('',(#513));
#2418=EDGE_LOOP('',(#514));
#2419=EDGE_LOOP('',(#515,#516,#517,#518));
#2420=EDGE_LOOP('',(#519,#520,#521,#522));
#2421=EDGE_LOOP('',(#523));
#2422=EDGE_LOOP('',(#524));
#2423=EDGE_LOOP('',(#525,#526,#527,#528));
#2424=EDGE_LOOP('',(#529));
#2425=EDGE_LOOP('',(#530,#531,#532,#533));
#2426=EDGE_LOOP('',(#534));
#2427=EDGE_LOOP('',(#535,#536,#537,#538));
#2428=EDGE_LOOP('',(#539,#540,#541,#542));
#2429=EDGE_LOOP('',(#543));
#2430=EDGE_LOOP('',(#544));
#2431=EDGE_LOOP('',(#545,#546,#547,#548));
#2432=EDGE_LOOP('',(#549));
#2433=EDGE_LOOP('',(#550,#551,#552,#553));
#2434=EDGE_LOOP('',(#554));
#2435=EDGE_LOOP('',(#555));
#2436=EDGE_LOOP('',(#556));
#2437=EDGE_LOOP('',(#557));
#2438=EDGE_LOOP('',(#558));
#2439=EDGE_LOOP('',(#559));
#2440=EDGE_LOOP('',(#560));
#2441=EDGE_LOOP('',(#561,#562,#563,#564,#565,#566,#567,#568,#569,#570));
#2442=EDGE_LOOP('',(#571,#572,#573,#574));
#2443=EDGE_LOOP('',(#575,#576,#577,#578));
#2444=EDGE_LOOP('',(#579,#580,#581,#582));
#2445=EDGE_LOOP('',(#583,#584,#585,#586));
#2446=EDGE_LOOP('',(#587,#588,#589,#590));
#2447=EDGE_LOOP('',(#591,#592,#593,#594));
#2448=EDGE_LOOP('',(#595,#596,#597,#598));
#2449=EDGE_LOOP('',(#599,#600,#601,#602));
#2450=EDGE_LOOP('',(#603,#604,#605,#606));
#2451=EDGE_LOOP('',(#607,#608,#609,#610));
#2452=EDGE_LOOP('',(#611,#612,#613,#614));
#2453=EDGE_LOOP('',(#615,#616,#617,#618));
#2454=EDGE_LOOP('',(#619,#620,#621,#622));
#2455=EDGE_LOOP('',(#623,#624,#625,#626));
#2456=EDGE_LOOP('',(#627,#628,#629,#630));
#2457=EDGE_LOOP('',(#631,#632,#633,#634));
#2458=EDGE_LOOP('',(#635,#636,#637,#638));
#2459=EDGE_LOOP('',(#639,#640,#641,#642));
#2460=EDGE_LOOP('',(#643,#644,#645,#646));
#2461=EDGE_LOOP('',(#647,#648,#649,#650));
#2462=EDGE_LOOP('',(#651,#652,#653,#654));
#2463=EDGE_LOOP('',(#655,#656,#657,#658));
#2464=EDGE_LOOP('',(#659,#660,#661,#662));
#2465=EDGE_LOOP('',(#663,#664,#665,#666));
#2466=EDGE_LOOP('',(#667,#668,#669,#670));
#2467=EDGE_LOOP('',(#671,#672,#673,#674));
#2468=EDGE_LOOP('',(#675,#676,#677,#678));
#2469=EDGE_LOOP('',(#679,#680,#681,#682));
#2470=EDGE_LOOP('',(#683,#684,#685,#686));
#2471=EDGE_LOOP('',(#687,#688,#689,#690));
#2472=EDGE_LOOP('',(#691,#692,#693,#694));
#2473=EDGE_LOOP('',(#695,#696,#697,#698,#699,#700));
#2474=EDGE_LOOP('',(#701,#702,#703,#704));
#2475=EDGE_LOOP('',(#705,#706,#707,#708));
#2476=EDGE_LOOP('',(#709,#710,#711,#712));
#2477=EDGE_LOOP('',(#713,#714,#715,#716));
#2478=EDGE_LOOP('',(#717,#718,#719,#720));
#2479=EDGE_LOOP('',(#721,#722,#723,#724));
#2480=EDGE_LOOP('',(#725,#726,#727,#728));
#2481=EDGE_LOOP('',(#729,#730,#731,#732));
#2482=EDGE_LOOP('',(#733,#734,#735,#736));
#2483=EDGE_LOOP('',(#737,#738,#739,#740));
#2484=EDGE_LOOP('',(#741,#742,#743,#744));
#2485=EDGE_LOOP('',(#745,#746,#747,#748,#749,#750,#751,#752,#753,#754,#755));
#2486=EDGE_LOOP('',(#756,#757,#758,#759));
#2487=EDGE_LOOP('',(#760,#761,#762,#763));
#2488=EDGE_LOOP('',(#764,#765,#766,#767));
#2489=EDGE_LOOP('',(#768,#769,#770,#771));
#2490=EDGE_LOOP('',(#772,#773,#774,#775));
#2491=EDGE_LOOP('',(#776,#777,#778,#779));
#2492=EDGE_LOOP('',(#780,#781,#782,#783));
#2493=EDGE_LOOP('',(#784,#785,#786,#787));
#2494=EDGE_LOOP('',(#788,#789,#790,#791,#792,#793,#794,#795));
#2495=EDGE_LOOP('',(#796,#797,#798,#799));
#2496=EDGE_LOOP('',(#800,#801,#802,#803));
#2497=EDGE_LOOP('',(#804,#805,#806,#807));
#2498=EDGE_LOOP('',(#808,#809,#810,#811));
#2499=EDGE_LOOP('',(#812,#813,#814,#815));
#2500=EDGE_LOOP('',(#816,#817,#818,#819));
#2501=EDGE_LOOP('',(#820,#821,#822,#823));
#2502=EDGE_LOOP('',(#824,#825,#826,#827));
#2503=EDGE_LOOP('',(#828,#829,#830,#831));
#2504=EDGE_LOOP('',(#832,#833,#834,#835));
#2505=EDGE_LOOP('',(#836,#837,#838,#839));
#2506=EDGE_LOOP('',(#840,#841,#842,#843));
#2507=EDGE_LOOP('',(#844,#845,#846,#847));
#2508=EDGE_LOOP('',(#848,#849,#850,#851,#852,#853,#854,#855,#856,#857,#858,
#859,#860));
#2509=EDGE_LOOP('',(#861,#862,#863,#864));
#2510=EDGE_LOOP('',(#865,#866,#867,#868));
#2511=EDGE_LOOP('',(#869,#870,#871,#872));
#2512=EDGE_LOOP('',(#873,#874,#875,#876));
#2513=EDGE_LOOP('',(#877,#878,#879,#880));
#2514=EDGE_LOOP('',(#881,#882,#883,#884));
#2515=EDGE_LOOP('',(#885,#886,#887,#888));
#2516=EDGE_LOOP('',(#889,#890,#891,#892));
#2517=EDGE_LOOP('',(#893,#894,#895,#896,#897,#898,#899,#900));
#2518=EDGE_LOOP('',(#901,#902,#903,#904));
#2519=EDGE_LOOP('',(#905,#906,#907,#908));
#2520=EDGE_LOOP('',(#909,#910,#911,#912));
#2521=EDGE_LOOP('',(#913,#914,#915,#916));
#2522=EDGE_LOOP('',(#917,#918,#919,#920));
#2523=EDGE_LOOP('',(#921,#922,#923,#924));
#2524=EDGE_LOOP('',(#925,#926,#927,#928));
#2525=EDGE_LOOP('',(#929,#930,#931,#932));
#2526=EDGE_LOOP('',(#933,#934,#935,#936));
#2527=EDGE_LOOP('',(#937,#938,#939,#940));
#2528=EDGE_LOOP('',(#941,#942,#943,#944));
#2529=EDGE_LOOP('',(#945,#946,#947,#948));
#2530=EDGE_LOOP('',(#949,#950,#951,#952));
#2531=EDGE_LOOP('',(#953,#954,#955,#956));
#2532=EDGE_LOOP('',(#957,#958,#959,#960));
#2533=EDGE_LOOP('',(#961,#962,#963,#964));
#2534=EDGE_LOOP('',(#965,#966,#967,#968));
#2535=EDGE_LOOP('',(#969,#970,#971,#972));
#2536=EDGE_LOOP('',(#973,#974,#975,#976));
#2537=EDGE_LOOP('',(#977,#978,#979,#980));
#2538=EDGE_LOOP('',(#981,#982,#983,#984));
#2539=EDGE_LOOP('',(#985,#986,#987,#988));
#2540=EDGE_LOOP('',(#989,#990,#991,#992));
#2541=EDGE_LOOP('',(#993,#994,#995,#996));
#2542=EDGE_LOOP('',(#997,#998,#999,#1000));
#2543=EDGE_LOOP('',(#1001,#1002,#1003,#1004));
#2544=EDGE_LOOP('',(#1005,#1006,#1007,#1008));
#2545=EDGE_LOOP('',(#1009,#1010,#1011,#1012));
#2546=EDGE_LOOP('',(#1013,#1014,#1015,#1016));
#2547=EDGE_LOOP('',(#1017,#1018,#1019,#1020,#1021,#1022,#1023,#1024,#1025,
#1026,#1027,#1028,#1029,#1030,#1031,#1032,#1033,#1034,#1035,#1036,#1037,
#1038,#1039,#1040));
#2548=EDGE_LOOP('',(#1041,#1042,#1043,#1044));
#2549=EDGE_LOOP('',(#1045,#1046,#1047,#1048));
#2550=EDGE_LOOP('',(#1049,#1050,#1051,#1052));
#2551=EDGE_LOOP('',(#1053,#1054,#1055,#1056));
#2552=EDGE_LOOP('',(#1057,#1058,#1059,#1060));
#2553=FACE_BOUND('',#2365,.T.);
#2554=FACE_BOUND('',#2366,.T.);
#2555=FACE_BOUND('',#2367,.T.);
#2556=FACE_BOUND('',#2368,.T.);
#2557=FACE_BOUND('',#2369,.T.);
#2558=FACE_BOUND('',#2370,.T.);
#2559=FACE_BOUND('',#2371,.T.);
#2560=FACE_BOUND('',#2372,.T.);
#2561=FACE_BOUND('',#2373,.T.);
#2562=FACE_BOUND('',#2374,.T.);
#2563=FACE_BOUND('',#2375,.T.);
#2564=FACE_BOUND('',#2376,.T.);
#2565=FACE_BOUND('',#2377,.T.);
#2566=FACE_BOUND('',#2378,.T.);
#2567=FACE_BOUND('',#2379,.T.);
#2568=FACE_BOUND('',#2380,.T.);
#2569=FACE_BOUND('',#2381,.T.);
#2570=FACE_BOUND('',#2382,.T.);
#2571=FACE_BOUND('',#2383,.T.);
#2572=FACE_BOUND('',#2384,.T.);
#2573=FACE_BOUND('',#2385,.T.);
#2574=FACE_BOUND('',#2386,.T.);
#2575=FACE_BOUND('',#2387,.T.);
#2576=FACE_BOUND('',#2388,.T.);
#2577=FACE_BOUND('',#2389,.T.);
#2578=FACE_BOUND('',#2390,.T.);
#2579=FACE_BOUND('',#2391,.T.);
#2580=FACE_BOUND('',#2392,.T.);
#2581=FACE_BOUND('',#2393,.T.);
#2582=FACE_BOUND('',#2394,.T.);
#2583=FACE_BOUND('',#2395,.T.);
#2584=FACE_BOUND('',#2396,.T.);
#2585=FACE_BOUND('',#2397,.T.);
#2586=FACE_BOUND('',#2398,.T.);
#2587=FACE_BOUND('',#2399,.T.);
#2588=FACE_BOUND('',#2400,.T.);
#2589=FACE_BOUND('',#2401,.T.);
#2590=FACE_BOUND('',#2402,.T.);
#2591=FACE_BOUND('',#2403,.T.);
#2592=FACE_BOUND('',#2404,.T.);
#2593=FACE_BOUND('',#2405,.T.);
#2594=FACE_BOUND('',#2406,.T.);
#2595=FACE_BOUND('',#2407,.T.);
#2596=FACE_BOUND('',#2408,.T.);
#2597=FACE_BOUND('',#2409,.T.);
#2598=FACE_BOUND('',#2410,.T.);
#2599=FACE_BOUND('',#2411,.T.);
#2600=FACE_BOUND('',#2412,.T.);
#2601=FACE_BOUND('',#2413,.T.);
#2602=FACE_BOUND('',#2414,.T.);
#2603=FACE_BOUND('',#2415,.T.);
#2604=FACE_BOUND('',#2416,.T.);
#2605=FACE_BOUND('',#2417,.T.);
#2606=FACE_BOUND('',#2418,.T.);
#2607=FACE_BOUND('',#2419,.T.);
#2608=FACE_BOUND('',#2420,.T.);
#2609=FACE_BOUND('',#2421,.T.);
#2610=FACE_BOUND('',#2422,.T.);
#2611=FACE_BOUND('',#2423,.T.);
#2612=FACE_BOUND('',#2424,.T.);
#2613=FACE_BOUND('',#2425,.T.);
#2614=FACE_BOUND('',#2426,.T.);
#2615=FACE_BOUND('',#2427,.T.);
#2616=FACE_BOUND('',#2428,.T.);
#2617=FACE_BOUND('',#2429,.T.);
#2618=FACE_BOUND('',#2430,.T.);
#2619=FACE_BOUND('',#2431,.T.);
#2620=FACE_BOUND('',#2432,.T.);
#2621=FACE_BOUND('',#2433,.T.);
#2622=FACE_BOUND('',#2434,.T.);
#2623=FACE_BOUND('',#2435,.T.);
#2624=FACE_BOUND('',#2436,.T.);
#2625=FACE_BOUND('',#2437,.T.);
#2626=FACE_BOUND('',#2438,.T.);
#2627=FACE_BOUND('',#2439,.T.);
#2628=FACE_BOUND('',#2440,.T.);
#2629=FACE_BOUND('',#2441,.T.);
#2630=FACE_BOUND('',#2442,.T.);
#2631=FACE_BOUND('',#2443,.T.);
#2632=FACE_BOUND('',#2444,.T.);
#2633=FACE_BOUND('',#2445,.T.);
#2634=FACE_BOUND('',#2446,.T.);
#2635=FACE_BOUND('',#2447,.T.);
#2636=FACE_BOUND('',#2448,.T.);
#2637=FACE_BOUND('',#2449,.T.);
#2638=FACE_BOUND('',#2450,.T.);
#2639=FACE_BOUND('',#2451,.T.);
#2640=FACE_BOUND('',#2452,.T.);
#2641=FACE_BOUND('',#2453,.T.);
#2642=FACE_BOUND('',#2454,.T.);
#2643=FACE_BOUND('',#2455,.T.);
#2644=FACE_BOUND('',#2456,.T.);
#2645=FACE_BOUND('',#2457,.T.);
#2646=FACE_BOUND('',#2458,.T.);
#2647=FACE_BOUND('',#2459,.T.);
#2648=FACE_BOUND('',#2460,.T.);
#2649=FACE_BOUND('',#2461,.T.);
#2650=FACE_BOUND('',#2462,.T.);
#2651=FACE_BOUND('',#2463,.T.);
#2652=FACE_BOUND('',#2464,.T.);
#2653=FACE_BOUND('',#2465,.T.);
#2654=FACE_BOUND('',#2466,.T.);
#2655=FACE_BOUND('',#2467,.T.);
#2656=FACE_BOUND('',#2468,.T.);
#2657=FACE_BOUND('',#2469,.T.);
#2658=FACE_BOUND('',#2470,.T.);
#2659=FACE_BOUND('',#2471,.T.);
#2660=FACE_BOUND('',#2472,.T.);
#2661=FACE_BOUND('',#2473,.T.);
#2662=FACE_BOUND('',#2474,.T.);
#2663=FACE_BOUND('',#2475,.T.);
#2664=FACE_BOUND('',#2476,.T.);
#2665=FACE_BOUND('',#2477,.T.);
#2666=FACE_BOUND('',#2478,.T.);
#2667=FACE_BOUND('',#2479,.T.);
#2668=FACE_BOUND('',#2480,.T.);
#2669=FACE_BOUND('',#2481,.T.);
#2670=FACE_BOUND('',#2482,.T.);
#2671=FACE_BOUND('',#2483,.T.);
#2672=FACE_BOUND('',#2484,.T.);
#2673=FACE_BOUND('',#2485,.T.);
#2674=FACE_BOUND('',#2486,.T.);
#2675=FACE_BOUND('',#2487,.T.);
#2676=FACE_BOUND('',#2488,.T.);
#2677=FACE_BOUND('',#2489,.T.);
#2678=FACE_BOUND('',#2490,.T.);
#2679=FACE_BOUND('',#2491,.T.);
#2680=FACE_BOUND('',#2492,.T.);
#2681=FACE_BOUND('',#2493,.T.);
#2682=FACE_BOUND('',#2494,.T.);
#2683=FACE_BOUND('',#2495,.T.);
#2684=FACE_BOUND('',#2496,.T.);
#2685=FACE_BOUND('',#2497,.T.);
#2686=FACE_BOUND('',#2498,.T.);
#2687=FACE_BOUND('',#2499,.T.);
#2688=FACE_BOUND('',#2500,.T.);
#2689=FACE_BOUND('',#2501,.T.);
#2690=FACE_BOUND('',#2502,.T.);
#2691=FACE_BOUND('',#2503,.T.);
#2692=FACE_BOUND('',#2504,.T.);
#2693=FACE_BOUND('',#2505,.T.);
#2694=FACE_BOUND('',#2506,.T.);
#2695=FACE_BOUND('',#2507,.T.);
#2696=FACE_BOUND('',#2508,.T.);
#2697=FACE_BOUND('',#2509,.T.);
#2698=FACE_BOUND('',#2510,.T.);
#2699=FACE_BOUND('',#2511,.T.);
#2700=FACE_BOUND('',#2512,.T.);
#2701=FACE_BOUND('',#2513,.T.);
#2702=FACE_BOUND('',#2514,.T.);
#2703=FACE_BOUND('',#2515,.T.);
#2704=FACE_BOUND('',#2516,.T.);
#2705=FACE_BOUND('',#2517,.T.);
#2706=FACE_BOUND('',#2518,.T.);
#2707=FACE_BOUND('',#2519,.T.);
#2708=FACE_BOUND('',#2520,.T.);
#2709=FACE_BOUND('',#2521,.T.);
#2710=FACE_BOUND('',#2522,.T.);
#2711=FACE_BOUND('',#2523,.T.);
#2712=FACE_BOUND('',#2524,.T.);
#2713=FACE_BOUND('',#2525,.T.);
#2714=FACE_BOUND('',#2526,.T.);
#2715=FACE_BOUND('',#2527,.T.);
#2716=FACE_BOUND('',#2528,.T.);
#2717=FACE_BOUND('',#2529,.T.);
#2718=FACE_BOUND('',#2530,.T.);
#2719=FACE_BOUND('',#2531,.T.);
#2720=FACE_BOUND('',#2532,.T.);
#2721=FACE_BOUND('',#2533,.T.);
#2722=FACE_BOUND('',#2534,.T.);
#2723=FACE_BOUND('',#2535,.T.);
#2724=FACE_BOUND('',#2536,.T.);
#2725=FACE_BOUND('',#2537,.T.);
#2726=FACE_BOUND('',#2538,.T.);
#2727=FACE_BOUND('',#2539,.T.);
#2728=FACE_BOUND('',#2540,.T.);
#2729=FACE_BOUND('',#2541,.T.);
#2730=FACE_BOUND('',#2542,.T.);
#2731=FACE_BOUND('',#2543,.T.);
#2732=FACE_BOUND('',#2544,.T.);
#2733=FACE_BOUND('',#2545,.T.);
#2734=FACE_BOUND('',#2546,.T.);
#2735=FACE_BOUND('',#2547,.T.);
#2736=FACE_BOUND('',#2548,.T.);
#2737=FACE_BOUND('',#2549,.T.);
#2738=FACE_BOUND('',#2550,.T.);
#2739=FACE_BOUND('',#2551,.T.);
#2740=FACE_BOUND('',#2552,.T.);
#2741=PLANE('',#3524);
#2742=PLANE('',#3533);
#2743=PLANE('',#3534);
#2744=PLANE('',#3535);
#2745=PLANE('',#3536);
#2746=PLANE('',#3537);
#2747=PLANE('',#3538);
#2748=PLANE('',#3539);
#2749=PLANE('',#3540);
#2750=PLANE('',#3541);
#2751=PLANE('',#3544);
#2752=PLANE('',#3545);
#2753=PLANE('',#3546);
#2754=PLANE('',#3547);
#2755=PLANE('',#3548);
#2756=PLANE('',#3549);
#2757=PLANE('',#3550);
#2758=PLANE('',#3554);
#2759=PLANE('',#3555);
#2760=PLANE('',#3556);
#2761=PLANE('',#3557);
#2762=PLANE('',#3559);
#2763=PLANE('',#3561);
#2764=PLANE('',#3563);
#2765=PLANE('',#3564);
#2766=PLANE('',#3568);
#2767=PLANE('',#3569);
#2768=PLANE('',#3570);
#2769=PLANE('',#3571);
#2770=PLANE('',#3575);
#2771=PLANE('',#3576);
#2772=PLANE('',#3579);
#2773=PLANE('',#3582);
#2774=PLANE('',#3583);
#2775=PLANE('',#3584);
#2776=PLANE('',#3585);
#2777=PLANE('',#3586);
#2778=PLANE('',#3587);
#2779=PLANE('',#3588);
#2780=PLANE('',#3589);
#2781=PLANE('',#3590);
#2782=PLANE('',#3591);
#2783=PLANE('',#3592);
#2784=PLANE('',#3593);
#2785=PLANE('',#3594);
#2786=PLANE('',#3595);
#2787=PLANE('',#3596);
#2788=PLANE('',#3597);
#2789=PLANE('',#3598);
#2790=PLANE('',#3599);
#2791=PLANE('',#3600);
#2792=PLANE('',#3601);
#2793=PLANE('',#3602);
#2794=PLANE('',#3603);
#2795=PLANE('',#3604);
#2796=PLANE('',#3605);
#2797=PLANE('',#3606);
#2798=PLANE('',#3607);
#2799=PLANE('',#3608);
#2800=PLANE('',#3609);
#2801=PLANE('',#3614);
#2802=PLANE('',#3615);
#2803=PLANE('',#3616);
#2804=PLANE('',#3617);
#2805=PLANE('',#3620);
#2806=PLANE('',#3621);
#2807=PLANE('',#3622);
#2808=PLANE('',#3623);
#2809=PLANE('',#3624);
#2810=PLANE('',#3625);
#2811=PLANE('',#3626);
#2812=PLANE('',#3627);
#2813=PLANE('',#3628);
#2814=PLANE('',#3629);
#2815=PLANE('',#3630);
#2816=PLANE('',#3633);
#2817=PLANE('',#3636);
#2818=PLANE('',#3637);
#2819=PLANE('',#3640);
#2820=PLANE('',#3641);
#2821=PLANE('',#3644);
#2822=PLANE('',#3645);
#2823=PLANE('',#3646);
#2824=PLANE('',#3647);
#2825=PLANE('',#3648);
#2826=PLANE('',#3649);
#2827=PLANE('',#3650);
#2828=PLANE('',#3651);
#2829=PLANE('',#3652);
#2830=PLANE('',#3653);
#2831=PLANE('',#3654);
#2832=PLANE('',#3655);
#2833=PLANE('',#3658);
#2834=PLANE('',#3659);
#2835=PLANE('',#3660);
#2836=PLANE('',#3661);
#2837=PLANE('',#3662);
#2838=PLANE('',#3663);
#2839=PLANE('',#3664);
#2840=PLANE('',#3665);
#2841=PLANE('',#3666);
#2842=PLANE('',#3667);
#2843=ADVANCED_FACE('',(#2553,#2554,#2555,#2556,#2557,#2558,#2559,#2560,
#2561,#2562),#2741,.T.);
#2844=ADVANCED_FACE('',(#2563,#2564),#2742,.F.);
#2845=ADVANCED_FACE('',(#2565,#2566,#2567,#2568,#2569),#2743,.T.);
#2846=ADVANCED_FACE('',(#2570,#2571,#2572,#2573,#2574),#2744,.F.);
#2847=ADVANCED_FACE('',(#2575,#2576),#2745,.F.);
#2848=ADVANCED_FACE('',(#2577,#2578),#2746,.T.);
#2849=ADVANCED_FACE('',(#2579),#2747,.F.);
#2850=ADVANCED_FACE('',(#2580),#2748,.F.);
#2851=ADVANCED_FACE('',(#2581),#2749,.T.);
#2852=ADVANCED_FACE('',(#2582,#2583,#2584,#2585),#2750,.T.);
#2853=ADVANCED_FACE('',(#2586),#2751,.F.);
#2854=ADVANCED_FACE('',(#2587),#2752,.F.);
#2855=ADVANCED_FACE('',(#2588),#2753,.T.);
#2856=ADVANCED_FACE('',(#2589),#2754,.F.);
#2857=ADVANCED_FACE('',(#2590),#2755,.T.);
#2858=ADVANCED_FACE('',(#2591),#2756,.F.);
#2859=ADVANCED_FACE('',(#2592),#2757,.T.);
#2860=ADVANCED_FACE('',(#2593,#2594),#133,.F.);
#2861=ADVANCED_FACE('',(#2595,#2596),#2758,.T.);
#2862=ADVANCED_FACE('',(#2597,#2598),#2759,.F.);
#2863=ADVANCED_FACE('',(#2599),#2760,.F.);
#2864=ADVANCED_FACE('',(#2600,#2601),#2761,.T.);
#2865=ADVANCED_FACE('',(#2602,#2603),#2762,.F.);
#2866=ADVANCED_FACE('',(#2604),#2763,.T.);
#2867=ADVANCED_FACE('',(#2605,#2606),#134,.F.);
#2868=ADVANCED_FACE('',(#2607),#2764,.F.);
#2869=ADVANCED_FACE('',(#2608),#2765,.F.);
#2870=ADVANCED_FACE('',(#2609,#2610),#135,.F.);
#2871=ADVANCED_FACE('',(#2611,#2612),#2766,.T.);
#2872=ADVANCED_FACE('',(#2613,#2614),#2767,.F.);
#2873=ADVANCED_FACE('',(#2615),#2768,.F.);
#2874=ADVANCED_FACE('',(#2616),#2769,.T.);
#2875=ADVANCED_FACE('',(#2617,#2618),#136,.F.);
#2876=ADVANCED_FACE('',(#2619,#2620),#2770,.T.);
#2877=ADVANCED_FACE('',(#2621,#2622),#2771,.F.);
#2878=ADVANCED_FACE('',(#2623,#2624),#137,.F.);
#2879=ADVANCED_FACE('',(#2625),#2772,.T.);
#2880=ADVANCED_FACE('',(#2626,#2627),#138,.F.);
#2881=ADVANCED_FACE('',(#2628),#2773,.T.);
#2882=ADVANCED_FACE('',(#2629),#2774,.F.);
#2883=ADVANCED_FACE('',(#2630),#2775,.T.);
#2884=ADVANCED_FACE('',(#2631),#2776,.T.);
#2885=ADVANCED_FACE('',(#2632),#2777,.F.);
#2886=ADVANCED_FACE('',(#2633),#2778,.F.);
#2887=ADVANCED_FACE('',(#2634),#2779,.T.);
#2888=ADVANCED_FACE('',(#2635),#2780,.T.);
#2889=ADVANCED_FACE('',(#2636),#2781,.F.);
#2890=ADVANCED_FACE('',(#2637),#2782,.F.);
#2891=ADVANCED_FACE('',(#2638),#2783,.T.);
#2892=ADVANCED_FACE('',(#2639),#2784,.T.);
#2893=ADVANCED_FACE('',(#2640),#2785,.F.);
#2894=ADVANCED_FACE('',(#2641),#2786,.F.);
#2895=ADVANCED_FACE('',(#2642),#2787,.T.);
#2896=ADVANCED_FACE('',(#2643),#2788,.T.);
#2897=ADVANCED_FACE('',(#2644),#2789,.F.);
#2898=ADVANCED_FACE('',(#2645),#2790,.F.);
#2899=ADVANCED_FACE('',(#2646),#2791,.T.);
#2900=ADVANCED_FACE('',(#2647),#2792,.T.);
#2901=ADVANCED_FACE('',(#2648),#2793,.F.);
#2902=ADVANCED_FACE('',(#2649),#2794,.F.);
#2903=ADVANCED_FACE('',(#2650),#2795,.T.);
#2904=ADVANCED_FACE('',(#2651),#2796,.T.);
#2905=ADVANCED_FACE('',(#2652),#2797,.F.);
#2906=ADVANCED_FACE('',(#2653),#2798,.F.);
#2907=ADVANCED_FACE('',(#2654),#2799,.T.);
#2908=ADVANCED_FACE('Face appearance 1',(#2655),#2800,.F.);
#2909=ADVANCED_FACE('Face appearance 1',(#2656),#139,.F.);
#2910=ADVANCED_FACE('Face appearance 1',(#2657),#12,.F.);
#2911=ADVANCED_FACE('Face appearance 1',(#2658),#140,.F.);
#2912=ADVANCED_FACE('Face appearance 1',(#2659),#2801,.F.);
#2913=ADVANCED_FACE('Face appearance 1',(#2660),#13,.F.);
#2914=ADVANCED_FACE('Face appearance 1',(#2661),#2802,.T.);
#2915=ADVANCED_FACE('Face appearance 1',(#2662),#2803,.F.);
#2916=ADVANCED_FACE('Face appearance 1',(#2663),#14,.F.);
#2917=ADVANCED_FACE('Face appearance 1',(#2664),#2804,.F.);
#2918=ADVANCED_FACE('Face appearance 1',(#2665),#141,.F.);
#2919=ADVANCED_FACE('Face appearance 1',(#2666),#2805,.F.);
#2920=ADVANCED_FACE('Face appearance 1',(#2667),#15,.F.);
#2921=ADVANCED_FACE('Face appearance 1',(#2668),#2806,.F.);
#2922=ADVANCED_FACE('Face appearance 1',(#2669),#16,.F.);
#2923=ADVANCED_FACE('Face appearance 1',(#2670),#2807,.F.);
#2924=ADVANCED_FACE('Face appearance 1',(#2671),#17,.F.);
#2925=ADVANCED_FACE('Face appearance 1',(#2672),#18,.F.);
#2926=ADVANCED_FACE('Face appearance 1',(#2673),#2808,.T.);
#2927=ADVANCED_FACE('Face appearance 1',(#2674),#2809,.F.);
#2928=ADVANCED_FACE('Face appearance 1',(#2675),#19,.F.);
#2929=ADVANCED_FACE('Face appearance 1',(#2676),#2810,.F.);
#2930=ADVANCED_FACE('Face appearance 1',(#2677),#20,.F.);
#2931=ADVANCED_FACE('Face appearance 1',(#2678),#2811,.F.);
#2932=ADVANCED_FACE('Face appearance 1',(#2679),#21,.F.);
#2933=ADVANCED_FACE('Face appearance 1',(#2680),#2812,.F.);
#2934=ADVANCED_FACE('Face appearance 1',(#2681),#22,.F.);
#2935=ADVANCED_FACE('Face appearance 1',(#2682),#2813,.T.);
#2936=ADVANCED_FACE('Face appearance 1',(#2683),#2814,.F.);
#2937=ADVANCED_FACE('Face appearance 1',(#2684),#23,.F.);
#2938=ADVANCED_FACE('Face appearance 1',(#2685),#2815,.F.);
#2939=ADVANCED_FACE('Face appearance 1',(#2686),#142,.F.);
#2940=ADVANCED_FACE('Face appearance 1',(#2687),#2816,.F.);
#2941=ADVANCED_FACE('Face appearance 1',(#2688),#143,.F.);
#2942=ADVANCED_FACE('Face appearance 1',(#2689),#2817,.F.);
#2943=ADVANCED_FACE('Face appearance 1',(#2690),#24,.F.);
#2944=ADVANCED_FACE('Face appearance 1',(#2691),#25,.F.);
#2945=ADVANCED_FACE('Face appearance 1',(#2692),#2818,.F.);
#2946=ADVANCED_FACE('Face appearance 1',(#2693),#26,.F.);
#2947=ADVANCED_FACE('Face appearance 1',(#2694),#27,.F.);
#2948=ADVANCED_FACE('Face appearance 1',(#2695),#144,.F.);
#2949=ADVANCED_FACE('Face appearance 1',(#2696),#2819,.T.);
#2950=ADVANCED_FACE('Face appearance 1',(#2697),#2820,.F.);
#2951=ADVANCED_FACE('Face appearance 1',(#2698),#145,.F.);
#2952=ADVANCED_FACE('Face appearance 1',(#2699),#2821,.F.);
#2953=ADVANCED_FACE('Face appearance 1',(#2700),#28,.F.);
#2954=ADVANCED_FACE('Face appearance 1',(#2701),#2822,.F.);
#2955=ADVANCED_FACE('Face appearance 1',(#2702),#29,.F.);
#2956=ADVANCED_FACE('Face appearance 1',(#2703),#2823,.F.);
#2957=ADVANCED_FACE('Face appearance 1',(#2704),#30,.F.);
#2958=ADVANCED_FACE('Face appearance 1',(#2705),#2824,.T.);
#2959=ADVANCED_FACE('Face appearance 1',(#2706),#2825,.F.);
#2960=ADVANCED_FACE('Face appearance 1',(#2707),#31,.F.);
#2961=ADVANCED_FACE('Face appearance 1',(#2708),#2826,.F.);
#2962=ADVANCED_FACE('Face appearance 1',(#2709),#32,.F.);
#2963=ADVANCED_FACE('Face appearance 1',(#2710),#2827,.T.);
#2964=ADVANCED_FACE('Face appearance 1',(#2711),#2828,.F.);
#2965=ADVANCED_FACE('Face appearance 1',(#2712),#2829,.F.);
#2966=ADVANCED_FACE('Face appearance 1',(#2713),#33,.F.);
#2967=ADVANCED_FACE('Face appearance 1',(#2714),#2830,.F.);
#2968=ADVANCED_FACE('Face appearance 1',(#2715),#34,.F.);
#2969=ADVANCED_FACE('Face appearance 1',(#2716),#2831,.F.);
#2970=ADVANCED_FACE('Face appearance 1',(#2717),#2832,.F.);
#2971=ADVANCED_FACE('Face appearance 1',(#2718),#146,.F.);
#2972=ADVANCED_FACE('Face appearance 1',(#2719),#35,.F.);
#2973=ADVANCED_FACE('Face appearance 1',(#2720),#2833,.F.);
#2974=ADVANCED_FACE('Face appearance 1',(#2721),#36,.F.);
#2975=ADVANCED_FACE('Face appearance 1',(#2722),#2834,.F.);
#2976=ADVANCED_FACE('Face appearance 1',(#2723),#37,.F.);
#2977=ADVANCED_FACE('Face appearance 1',(#2724),#2835,.F.);
#2978=ADVANCED_FACE('Face appearance 1',(#2725),#2836,.F.);
#2979=ADVANCED_FACE('Face appearance 1',(#2726),#38,.F.);
#2980=ADVANCED_FACE('Face appearance 1',(#2727),#39,.F.);
#2981=ADVANCED_FACE('Face appearance 1',(#2728),#40,.F.);
#2982=ADVANCED_FACE('Face appearance 1',(#2729),#2837,.F.);
#2983=ADVANCED_FACE('Face appearance 1',(#2730),#41,.F.);
#2984=ADVANCED_FACE('Face appearance 1',(#2731),#42,.F.);
#2985=ADVANCED_FACE('Face appearance 1',(#2732),#43,.F.);
#2986=ADVANCED_FACE('Face appearance 1',(#2733),#2838,.F.);
#2987=ADVANCED_FACE('Face appearance 1',(#2734),#44,.F.);
#2988=ADVANCED_FACE('Face appearance 1',(#2735),#2839,.T.);
#2989=ADVANCED_FACE('Face appearance 1',(#2736),#2840,.F.);
#2990=ADVANCED_FACE('Face appearance 1',(#2737),#45,.F.);
#2991=ADVANCED_FACE('Face appearance 1',(#2738),#2841,.F.);
#2992=ADVANCED_FACE('Face appearance 1',(#2739),#46,.F.);
#2993=ADVANCED_FACE('Face appearance 1',(#2740),#2842,.T.);
#2994=CLOSED_SHELL('',(#2843,#2844,#2845,#2846,#2847,#2848,#2849,#2850,
#2851,#2852,#2853,#2854,#2855,#2856,#2857,#2858,#2859,#2860,#2861,#2862,
#2863,#2864,#2865,#2866,#2867,#2868,#2869,#2870,#2871,#2872,#2873,#2874,
#2875,#2876,#2877,#2878,#2879,#2880,#2881,#2882,#2883,#2884,#2885,#2886,
#2887,#2888,#2889,#2890,#2891,#2892,#2893,#2894,#2895,#2896,#2897,#2898,
#2899,#2900,#2901,#2902,#2903,#2904,#2905,#2906,#2907,#2908,#2909,#2910,
#2911,#2912,#2913,#2914,#2915,#2916,#2917,#2918,#2919,#2920,#2921,#2922,
#2923,#2924,#2925,#2926,#2927,#2928,#2929,#2930,#2931,#2932,#2933,#2934,
#2935,#2936,#2937,#2938,#2939,#2940,#2941,#2942,#2943,#2944,#2945,#2946,
#2947,#2948,#2949,#2950,#2951,#2952,#2953,#2954,#2955,#2956,#2957,#2958,
#2959,#2960,#2961,#2962,#2963,#2964,#2965,#2966,#2967,#2968,#2969,#2970,
#2971,#2972,#2973,#2974,#2975,#2976,#2977,#2978,#2979,#2980,#2981,#2982,
#2983,#2984,#2985,#2986,#2987,#2988,#2989,#2990,#2991,#2992,#2993));
#2995=STYLED_ITEM('',(#2996),#3520);
#2996=PRESENTATION_STYLE_ASSIGNMENT((#3083));
#2997=PRESENTATION_STYLE_ASSIGNMENT((#3084));
#2998=PRESENTATION_STYLE_ASSIGNMENT((#3085));
#2999=PRESENTATION_STYLE_ASSIGNMENT((#3086));
#3000=PRESENTATION_STYLE_ASSIGNMENT((#3087));
#3001=PRESENTATION_STYLE_ASSIGNMENT((#3088));
#3002=PRESENTATION_STYLE_ASSIGNMENT((#3089));
#3003=PRESENTATION_STYLE_ASSIGNMENT((#3090));
#3004=PRESENTATION_STYLE_ASSIGNMENT((#3091));
#3005=PRESENTATION_STYLE_ASSIGNMENT((#3092));
#3006=PRESENTATION_STYLE_ASSIGNMENT((#3093));
#3007=PRESENTATION_STYLE_ASSIGNMENT((#3094));
#3008=PRESENTATION_STYLE_ASSIGNMENT((#3095));
#3009=PRESENTATION_STYLE_ASSIGNMENT((#3096));
#3010=PRESENTATION_STYLE_ASSIGNMENT((#3097));
#3011=PRESENTATION_STYLE_ASSIGNMENT((#3098));
#3012=PRESENTATION_STYLE_ASSIGNMENT((#3099));
#3013=PRESENTATION_STYLE_ASSIGNMENT((#3100));
#3014=PRESENTATION_STYLE_ASSIGNMENT((#3101));
#3015=PRESENTATION_STYLE_ASSIGNMENT((#3102));
#3016=PRESENTATION_STYLE_ASSIGNMENT((#3103));
#3017=PRESENTATION_STYLE_ASSIGNMENT((#3104));
#3018=PRESENTATION_STYLE_ASSIGNMENT((#3105));
#3019=PRESENTATION_STYLE_ASSIGNMENT((#3106));
#3020=PRESENTATION_STYLE_ASSIGNMENT((#3107));
#3021=PRESENTATION_STYLE_ASSIGNMENT((#3108));
#3022=PRESENTATION_STYLE_ASSIGNMENT((#3109));
#3023=PRESENTATION_STYLE_ASSIGNMENT((#3110));
#3024=PRESENTATION_STYLE_ASSIGNMENT((#3111));
#3025=PRESENTATION_STYLE_ASSIGNMENT((#3112));
#3026=PRESENTATION_STYLE_ASSIGNMENT((#3113));
#3027=PRESENTATION_STYLE_ASSIGNMENT((#3114));
#3028=PRESENTATION_STYLE_ASSIGNMENT((#3115));
#3029=PRESENTATION_STYLE_ASSIGNMENT((#3116));
#3030=PRESENTATION_STYLE_ASSIGNMENT((#3117));
#3031=PRESENTATION_STYLE_ASSIGNMENT((#3118));
#3032=PRESENTATION_STYLE_ASSIGNMENT((#3119));
#3033=PRESENTATION_STYLE_ASSIGNMENT((#3120));
#3034=PRESENTATION_STYLE_ASSIGNMENT((#3121));
#3035=PRESENTATION_STYLE_ASSIGNMENT((#3122));
#3036=PRESENTATION_STYLE_ASSIGNMENT((#3123));
#3037=PRESENTATION_STYLE_ASSIGNMENT((#3124));
#3038=PRESENTATION_STYLE_ASSIGNMENT((#3125));
#3039=PRESENTATION_STYLE_ASSIGNMENT((#3126));
#3040=PRESENTATION_STYLE_ASSIGNMENT((#3127));
#3041=PRESENTATION_STYLE_ASSIGNMENT((#3128));
#3042=PRESENTATION_STYLE_ASSIGNMENT((#3129));
#3043=PRESENTATION_STYLE_ASSIGNMENT((#3130));
#3044=PRESENTATION_STYLE_ASSIGNMENT((#3131));
#3045=PRESENTATION_STYLE_ASSIGNMENT((#3132));
#3046=PRESENTATION_STYLE_ASSIGNMENT((#3133));
#3047=PRESENTATION_STYLE_ASSIGNMENT((#3134));
#3048=PRESENTATION_STYLE_ASSIGNMENT((#3135));
#3049=PRESENTATION_STYLE_ASSIGNMENT((#3136));
#3050=PRESENTATION_STYLE_ASSIGNMENT((#3137));
#3051=PRESENTATION_STYLE_ASSIGNMENT((#3138));
#3052=PRESENTATION_STYLE_ASSIGNMENT((#3139));
#3053=PRESENTATION_STYLE_ASSIGNMENT((#3140));
#3054=PRESENTATION_STYLE_ASSIGNMENT((#3141));
#3055=PRESENTATION_STYLE_ASSIGNMENT((#3142));
#3056=PRESENTATION_STYLE_ASSIGNMENT((#3143));
#3057=PRESENTATION_STYLE_ASSIGNMENT((#3144));
#3058=PRESENTATION_STYLE_ASSIGNMENT((#3145));
#3059=PRESENTATION_STYLE_ASSIGNMENT((#3146));
#3060=PRESENTATION_STYLE_ASSIGNMENT((#3147));
#3061=PRESENTATION_STYLE_ASSIGNMENT((#3148));
#3062=PRESENTATION_STYLE_ASSIGNMENT((#3149));
#3063=PRESENTATION_STYLE_ASSIGNMENT((#3150));
#3064=PRESENTATION_STYLE_ASSIGNMENT((#3151));
#3065=PRESENTATION_STYLE_ASSIGNMENT((#3152));
#3066=PRESENTATION_STYLE_ASSIGNMENT((#3153));
#3067=PRESENTATION_STYLE_ASSIGNMENT((#3154));
#3068=PRESENTATION_STYLE_ASSIGNMENT((#3155));
#3069=PRESENTATION_STYLE_ASSIGNMENT((#3156));
#3070=PRESENTATION_STYLE_ASSIGNMENT((#3157));
#3071=PRESENTATION_STYLE_ASSIGNMENT((#3158));
#3072=PRESENTATION_STYLE_ASSIGNMENT((#3159));
#3073=PRESENTATION_STYLE_ASSIGNMENT((#3160));
#3074=PRESENTATION_STYLE_ASSIGNMENT((#3161));
#3075=PRESENTATION_STYLE_ASSIGNMENT((#3162));
#3076=PRESENTATION_STYLE_ASSIGNMENT((#3163));
#3077=PRESENTATION_STYLE_ASSIGNMENT((#3164));
#3078=PRESENTATION_STYLE_ASSIGNMENT((#3165));
#3079=PRESENTATION_STYLE_ASSIGNMENT((#3166));
#3080=PRESENTATION_STYLE_ASSIGNMENT((#3167));
#3081=PRESENTATION_STYLE_ASSIGNMENT((#3168));
#3082=PRESENTATION_STYLE_ASSIGNMENT((#3169));
#3083=SURFACE_STYLE_USAGE(.BOTH.,#3170);
#3084=SURFACE_STYLE_USAGE(.BOTH.,#3171);
#3085=SURFACE_STYLE_USAGE(.BOTH.,#3172);
#3086=SURFACE_STYLE_USAGE(.BOTH.,#3173);
#3087=SURFACE_STYLE_USAGE(.BOTH.,#3174);
#3088=SURFACE_STYLE_USAGE(.BOTH.,#3175);
#3089=SURFACE_STYLE_USAGE(.BOTH.,#3176);
#3090=SURFACE_STYLE_USAGE(.BOTH.,#3177);
#3091=SURFACE_STYLE_USAGE(.BOTH.,#3178);
#3092=SURFACE_STYLE_USAGE(.BOTH.,#3179);
#3093=SURFACE_STYLE_USAGE(.BOTH.,#3180);
#3094=SURFACE_STYLE_USAGE(.BOTH.,#3181);
#3095=SURFACE_STYLE_USAGE(.BOTH.,#3182);
#3096=SURFACE_STYLE_USAGE(.BOTH.,#3183);
#3097=SURFACE_STYLE_USAGE(.BOTH.,#3184);
#3098=SURFACE_STYLE_USAGE(.BOTH.,#3185);
#3099=SURFACE_STYLE_USAGE(.BOTH.,#3186);
#3100=SURFACE_STYLE_USAGE(.BOTH.,#3187);
#3101=SURFACE_STYLE_USAGE(.BOTH.,#3188);
#3102=SURFACE_STYLE_USAGE(.BOTH.,#3189);
#3103=SURFACE_STYLE_USAGE(.BOTH.,#3190);
#3104=SURFACE_STYLE_USAGE(.BOTH.,#3191);
#3105=SURFACE_STYLE_USAGE(.BOTH.,#3192);
#3106=SURFACE_STYLE_USAGE(.BOTH.,#3193);
#3107=SURFACE_STYLE_USAGE(.BOTH.,#3194);
#3108=SURFACE_STYLE_USAGE(.BOTH.,#3195);
#3109=SURFACE_STYLE_USAGE(.BOTH.,#3196);
#3110=SURFACE_STYLE_USAGE(.BOTH.,#3197);
#3111=SURFACE_STYLE_USAGE(.BOTH.,#3198);
#3112=SURFACE_STYLE_USAGE(.BOTH.,#3199);
#3113=SURFACE_STYLE_USAGE(.BOTH.,#3200);
#3114=SURFACE_STYLE_USAGE(.BOTH.,#3201);
#3115=SURFACE_STYLE_USAGE(.BOTH.,#3202);
#3116=SURFACE_STYLE_USAGE(.BOTH.,#3203);
#3117=SURFACE_STYLE_USAGE(.BOTH.,#3204);
#3118=SURFACE_STYLE_USAGE(.BOTH.,#3205);
#3119=SURFACE_STYLE_USAGE(.BOTH.,#3206);
#3120=SURFACE_STYLE_USAGE(.BOTH.,#3207);
#3121=SURFACE_STYLE_USAGE(.BOTH.,#3208);
#3122=SURFACE_STYLE_USAGE(.BOTH.,#3209);
#3123=SURFACE_STYLE_USAGE(.BOTH.,#3210);
#3124=SURFACE_STYLE_USAGE(.BOTH.,#3211);
#3125=SURFACE_STYLE_USAGE(.BOTH.,#3212);
#3126=SURFACE_STYLE_USAGE(.BOTH.,#3213);
#3127=SURFACE_STYLE_USAGE(.BOTH.,#3214);
#3128=SURFACE_STYLE_USAGE(.BOTH.,#3215);
#3129=SURFACE_STYLE_USAGE(.BOTH.,#3216);
#3130=SURFACE_STYLE_USAGE(.BOTH.,#3217);
#3131=SURFACE_STYLE_USAGE(.BOTH.,#3218);
#3132=SURFACE_STYLE_USAGE(.BOTH.,#3219);
#3133=SURFACE_STYLE_USAGE(.BOTH.,#3220);
#3134=SURFACE_STYLE_USAGE(.BOTH.,#3221);
#3135=SURFACE_STYLE_USAGE(.BOTH.,#3222);
#3136=SURFACE_STYLE_USAGE(.BOTH.,#3223);
#3137=SURFACE_STYLE_USAGE(.BOTH.,#3224);
#3138=SURFACE_STYLE_USAGE(.BOTH.,#3225);
#3139=SURFACE_STYLE_USAGE(.BOTH.,#3226);
#3140=SURFACE_STYLE_USAGE(.BOTH.,#3227);
#3141=SURFACE_STYLE_USAGE(.BOTH.,#3228);
#3142=SURFACE_STYLE_USAGE(.BOTH.,#3229);
#3143=SURFACE_STYLE_USAGE(.BOTH.,#3230);
#3144=SURFACE_STYLE_USAGE(.BOTH.,#3231);
#3145=SURFACE_STYLE_USAGE(.BOTH.,#3232);
#3146=SURFACE_STYLE_USAGE(.BOTH.,#3233);
#3147=SURFACE_STYLE_USAGE(.BOTH.,#3234);
#3148=SURFACE_STYLE_USAGE(.BOTH.,#3235);
#3149=SURFACE_STYLE_USAGE(.BOTH.,#3236);
#3150=SURFACE_STYLE_USAGE(.BOTH.,#3237);
#3151=SURFACE_STYLE_USAGE(.BOTH.,#3238);
#3152=SURFACE_STYLE_USAGE(.BOTH.,#3239);
#3153=SURFACE_STYLE_USAGE(.BOTH.,#3240);
#3154=SURFACE_STYLE_USAGE(.BOTH.,#3241);
#3155=SURFACE_STYLE_USAGE(.BOTH.,#3242);
#3156=SURFACE_STYLE_USAGE(.BOTH.,#3243);
#3157=SURFACE_STYLE_USAGE(.BOTH.,#3244);
#3158=SURFACE_STYLE_USAGE(.BOTH.,#3245);
#3159=SURFACE_STYLE_USAGE(.BOTH.,#3246);
#3160=SURFACE_STYLE_USAGE(.BOTH.,#3247);
#3161=SURFACE_STYLE_USAGE(.BOTH.,#3248);
#3162=SURFACE_STYLE_USAGE(.BOTH.,#3249);
#3163=SURFACE_STYLE_USAGE(.BOTH.,#3250);
#3164=SURFACE_STYLE_USAGE(.BOTH.,#3251);
#3165=SURFACE_STYLE_USAGE(.BOTH.,#3252);
#3166=SURFACE_STYLE_USAGE(.BOTH.,#3253);
#3167=SURFACE_STYLE_USAGE(.BOTH.,#3254);
#3168=SURFACE_STYLE_USAGE(.BOTH.,#3255);
#3169=SURFACE_STYLE_USAGE(.BOTH.,#3256);
#3170=SURFACE_SIDE_STYLE('',(#3257));
#3171=SURFACE_SIDE_STYLE('',(#3258));
#3172=SURFACE_SIDE_STYLE('',(#3259));
#3173=SURFACE_SIDE_STYLE('',(#3260));
#3174=SURFACE_SIDE_STYLE('',(#3261));
#3175=SURFACE_SIDE_STYLE('',(#3262));
#3176=SURFACE_SIDE_STYLE('',(#3263));
#3177=SURFACE_SIDE_STYLE('',(#3264));
#3178=SURFACE_SIDE_STYLE('',(#3265));
#3179=SURFACE_SIDE_STYLE('',(#3266));
#3180=SURFACE_SIDE_STYLE('',(#3267));
#3181=SURFACE_SIDE_STYLE('',(#3268));
#3182=SURFACE_SIDE_STYLE('',(#3269));
#3183=SURFACE_SIDE_STYLE('',(#3270));
#3184=SURFACE_SIDE_STYLE('',(#3271));
#3185=SURFACE_SIDE_STYLE('',(#3272));
#3186=SURFACE_SIDE_STYLE('',(#3273));
#3187=SURFACE_SIDE_STYLE('',(#3274));
#3188=SURFACE_SIDE_STYLE('',(#3275));
#3189=SURFACE_SIDE_STYLE('',(#3276));
#3190=SURFACE_SIDE_STYLE('',(#3277));
#3191=SURFACE_SIDE_STYLE('',(#3278));
#3192=SURFACE_SIDE_STYLE('',(#3279));
#3193=SURFACE_SIDE_STYLE('',(#3280));
#3194=SURFACE_SIDE_STYLE('',(#3281));
#3195=SURFACE_SIDE_STYLE('',(#3282));
#3196=SURFACE_SIDE_STYLE('',(#3283));
#3197=SURFACE_SIDE_STYLE('',(#3284));
#3198=SURFACE_SIDE_STYLE('',(#3285));
#3199=SURFACE_SIDE_STYLE('',(#3286));
#3200=SURFACE_SIDE_STYLE('',(#3287));
#3201=SURFACE_SIDE_STYLE('',(#3288));
#3202=SURFACE_SIDE_STYLE('',(#3289));
#3203=SURFACE_SIDE_STYLE('',(#3290));
#3204=SURFACE_SIDE_STYLE('',(#3291));
#3205=SURFACE_SIDE_STYLE('',(#3292));
#3206=SURFACE_SIDE_STYLE('',(#3293));
#3207=SURFACE_SIDE_STYLE('',(#3294));
#3208=SURFACE_SIDE_STYLE('',(#3295));
#3209=SURFACE_SIDE_STYLE('',(#3296));
#3210=SURFACE_SIDE_STYLE('',(#3297));
#3211=SURFACE_SIDE_STYLE('',(#3298));
#3212=SURFACE_SIDE_STYLE('',(#3299));
#3213=SURFACE_SIDE_STYLE('',(#3300));
#3214=SURFACE_SIDE_STYLE('',(#3301));
#3215=SURFACE_SIDE_STYLE('',(#3302));
#3216=SURFACE_SIDE_STYLE('',(#3303));
#3217=SURFACE_SIDE_STYLE('',(#3304));
#3218=SURFACE_SIDE_STYLE('',(#3305));
#3219=SURFACE_SIDE_STYLE('',(#3306));
#3220=SURFACE_SIDE_STYLE('',(#3307));
#3221=SURFACE_SIDE_STYLE('',(#3308));
#3222=SURFACE_SIDE_STYLE('',(#3309));
#3223=SURFACE_SIDE_STYLE('',(#3310));
#3224=SURFACE_SIDE_STYLE('',(#3311));
#3225=SURFACE_SIDE_STYLE('',(#3312));
#3226=SURFACE_SIDE_STYLE('',(#3313));
#3227=SURFACE_SIDE_STYLE('',(#3314));
#3228=SURFACE_SIDE_STYLE('',(#3315));
#3229=SURFACE_SIDE_STYLE('',(#3316));
#3230=SURFACE_SIDE_STYLE('',(#3317));
#3231=SURFACE_SIDE_STYLE('',(#3318));
#3232=SURFACE_SIDE_STYLE('',(#3319));
#3233=SURFACE_SIDE_STYLE('',(#3320));
#3234=SURFACE_SIDE_STYLE('',(#3321));
#3235=SURFACE_SIDE_STYLE('',(#3322));
#3236=SURFACE_SIDE_STYLE('',(#3323));
#3237=SURFACE_SIDE_STYLE('',(#3324));
#3238=SURFACE_SIDE_STYLE('',(#3325));
#3239=SURFACE_SIDE_STYLE('',(#3326));
#3240=SURFACE_SIDE_STYLE('',(#3327));
#3241=SURFACE_SIDE_STYLE('',(#3328));
#3242=SURFACE_SIDE_STYLE('',(#3329));
#3243=SURFACE_SIDE_STYLE('',(#3330));
#3244=SURFACE_SIDE_STYLE('',(#3331));
#3245=SURFACE_SIDE_STYLE('',(#3332));
#3246=SURFACE_SIDE_STYLE('',(#3333));
#3247=SURFACE_SIDE_STYLE('',(#3334));
#3248=SURFACE_SIDE_STYLE('',(#3335));
#3249=SURFACE_SIDE_STYLE('',(#3336));
#3250=SURFACE_SIDE_STYLE('',(#3337));
#3251=SURFACE_SIDE_STYLE('',(#3338));
#3252=SURFACE_SIDE_STYLE('',(#3339));
#3253=SURFACE_SIDE_STYLE('',(#3340));
#3254=SURFACE_SIDE_STYLE('',(#3341));
#3255=SURFACE_SIDE_STYLE('',(#3342));
#3256=SURFACE_SIDE_STYLE('',(#3343));
#3257=SURFACE_STYLE_FILL_AREA(#3344);
#3258=SURFACE_STYLE_FILL_AREA(#3345);
#3259=SURFACE_STYLE_FILL_AREA(#3346);
#3260=SURFACE_STYLE_FILL_AREA(#3347);
#3261=SURFACE_STYLE_FILL_AREA(#3348);
#3262=SURFACE_STYLE_FILL_AREA(#3349);
#3263=SURFACE_STYLE_FILL_AREA(#3350);
#3264=SURFACE_STYLE_FILL_AREA(#3351);
#3265=SURFACE_STYLE_FILL_AREA(#3352);
#3266=SURFACE_STYLE_FILL_AREA(#3353);
#3267=SURFACE_STYLE_FILL_AREA(#3354);
#3268=SURFACE_STYLE_FILL_AREA(#3355);
#3269=SURFACE_STYLE_FILL_AREA(#3356);
#3270=SURFACE_STYLE_FILL_AREA(#3357);
#3271=SURFACE_STYLE_FILL_AREA(#3358);
#3272=SURFACE_STYLE_FILL_AREA(#3359);
#3273=SURFACE_STYLE_FILL_AREA(#3360);
#3274=SURFACE_STYLE_FILL_AREA(#3361);
#3275=SURFACE_STYLE_FILL_AREA(#3362);
#3276=SURFACE_STYLE_FILL_AREA(#3363);
#3277=SURFACE_STYLE_FILL_AREA(#3364);
#3278=SURFACE_STYLE_FILL_AREA(#3365);
#3279=SURFACE_STYLE_FILL_AREA(#3366);
#3280=SURFACE_STYLE_FILL_AREA(#3367);
#3281=SURFACE_STYLE_FILL_AREA(#3368);
#3282=SURFACE_STYLE_FILL_AREA(#3369);
#3283=SURFACE_STYLE_FILL_AREA(#3370);
#3284=SURFACE_STYLE_FILL_AREA(#3371);
#3285=SURFACE_STYLE_FILL_AREA(#3372);
#3286=SURFACE_STYLE_FILL_AREA(#3373);
#3287=SURFACE_STYLE_FILL_AREA(#3374);
#3288=SURFACE_STYLE_FILL_AREA(#3375);
#3289=SURFACE_STYLE_FILL_AREA(#3376);
#3290=SURFACE_STYLE_FILL_AREA(#3377);
#3291=SURFACE_STYLE_FILL_AREA(#3378);
#3292=SURFACE_STYLE_FILL_AREA(#3379);
#3293=SURFACE_STYLE_FILL_AREA(#3380);
#3294=SURFACE_STYLE_FILL_AREA(#3381);
#3295=SURFACE_STYLE_FILL_AREA(#3382);
#3296=SURFACE_STYLE_FILL_AREA(#3383);
#3297=SURFACE_STYLE_FILL_AREA(#3384);
#3298=SURFACE_STYLE_FILL_AREA(#3385);
#3299=SURFACE_STYLE_FILL_AREA(#3386);
#3300=SURFACE_STYLE_FILL_AREA(#3387);
#3301=SURFACE_STYLE_FILL_AREA(#3388);
#3302=SURFACE_STYLE_FILL_AREA(#3389);
#3303=SURFACE_STYLE_FILL_AREA(#3390);
#3304=SURFACE_STYLE_FILL_AREA(#3391);
#3305=SURFACE_STYLE_FILL_AREA(#3392);
#3306=SURFACE_STYLE_FILL_AREA(#3393);
#3307=SURFACE_STYLE_FILL_AREA(#3394);
#3308=SURFACE_STYLE_FILL_AREA(#3395);
#3309=SURFACE_STYLE_FILL_AREA(#3396);
#3310=SURFACE_STYLE_FILL_AREA(#3397);
#3311=SURFACE_STYLE_FILL_AREA(#3398);
#3312=SURFACE_STYLE_FILL_AREA(#3399);
#3313=SURFACE_STYLE_FILL_AREA(#3400);
#3314=SURFACE_STYLE_FILL_AREA(#3401);
#3315=SURFACE_STYLE_FILL_AREA(#3402);
#3316=SURFACE_STYLE_FILL_AREA(#3403);
#3317=SURFACE_STYLE_FILL_AREA(#3404);
#3318=SURFACE_STYLE_FILL_AREA(#3405);
#3319=SURFACE_STYLE_FILL_AREA(#3406);
#3320=SURFACE_STYLE_FILL_AREA(#3407);
#3321=SURFACE_STYLE_FILL_AREA(#3408);
#3322=SURFACE_STYLE_FILL_AREA(#3409);
#3323=SURFACE_STYLE_FILL_AREA(#3410);
#3324=SURFACE_STYLE_FILL_AREA(#3411);
#3325=SURFACE_STYLE_FILL_AREA(#3412);
#3326=SURFACE_STYLE_FILL_AREA(#3413);
#3327=SURFACE_STYLE_FILL_AREA(#3414);
#3328=SURFACE_STYLE_FILL_AREA(#3415);
#3329=SURFACE_STYLE_FILL_AREA(#3416);
#3330=SURFACE_STYLE_FILL_AREA(#3417);
#3331=SURFACE_STYLE_FILL_AREA(#3418);
#3332=SURFACE_STYLE_FILL_AREA(#3419);
#3333=SURFACE_STYLE_FILL_AREA(#3420);
#3334=SURFACE_STYLE_FILL_AREA(#3421);
#3335=SURFACE_STYLE_FILL_AREA(#3422);
#3336=SURFACE_STYLE_FILL_AREA(#3423);
#3337=SURFACE_STYLE_FILL_AREA(#3424);
#3338=SURFACE_STYLE_FILL_AREA(#3425);
#3339=SURFACE_STYLE_FILL_AREA(#3426);
#3340=SURFACE_STYLE_FILL_AREA(#3427);
#3341=SURFACE_STYLE_FILL_AREA(#3428);
#3342=SURFACE_STYLE_FILL_AREA(#3429);
#3343=SURFACE_STYLE_FILL_AREA(#3430);
#3344=FILL_AREA_STYLE('',(#3431));
#3345=FILL_AREA_STYLE('',(#3432));
#3346=FILL_AREA_STYLE('',(#3433));
#3347=FILL_AREA_STYLE('',(#3434));
#3348=FILL_AREA_STYLE('',(#3435));
#3349=FILL_AREA_STYLE('',(#3436));
#3350=FILL_AREA_STYLE('',(#3437));
#3351=FILL_AREA_STYLE('',(#3438));
#3352=FILL_AREA_STYLE('',(#3439));
#3353=FILL_AREA_STYLE('',(#3440));
#3354=FILL_AREA_STYLE('',(#3441));
#3355=FILL_AREA_STYLE('',(#3442));
#3356=FILL_AREA_STYLE('',(#3443));
#3357=FILL_AREA_STYLE('',(#3444));
#3358=FILL_AREA_STYLE('',(#3445));
#3359=FILL_AREA_STYLE('',(#3446));
#3360=FILL_AREA_STYLE('',(#3447));
#3361=FILL_AREA_STYLE('',(#3448));
#3362=FILL_AREA_STYLE('',(#3449));
#3363=FILL_AREA_STYLE('',(#3450));
#3364=FILL_AREA_STYLE('',(#3451));
#3365=FILL_AREA_STYLE('',(#3452));
#3366=FILL_AREA_STYLE('',(#3453));
#3367=FILL_AREA_STYLE('',(#3454));
#3368=FILL_AREA_STYLE('',(#3455));
#3369=FILL_AREA_STYLE('',(#3456));
#3370=FILL_AREA_STYLE('',(#3457));
#3371=FILL_AREA_STYLE('',(#3458));
#3372=FILL_AREA_STYLE('',(#3459));
#3373=FILL_AREA_STYLE('',(#3460));
#3374=FILL_AREA_STYLE('',(#3461));
#3375=FILL_AREA_STYLE('',(#3462));
#3376=FILL_AREA_STYLE('',(#3463));
#3377=FILL_AREA_STYLE('',(#3464));
#3378=FILL_AREA_STYLE('',(#3465));
#3379=FILL_AREA_STYLE('',(#3466));
#3380=FILL_AREA_STYLE('',(#3467));
#3381=FILL_AREA_STYLE('',(#3468));
#3382=FILL_AREA_STYLE('',(#3469));
#3383=FILL_AREA_STYLE('',(#3470));
#3384=FILL_AREA_STYLE('',(#3471));
#3385=FILL_AREA_STYLE('',(#3472));
#3386=FILL_AREA_STYLE('',(#3473));
#3387=FILL_AREA_STYLE('',(#3474));
#3388=FILL_AREA_STYLE('',(#3475));
#3389=FILL_AREA_STYLE('',(#3476));
#3390=FILL_AREA_STYLE('',(#3477));
#3391=FILL_AREA_STYLE('',(#3478));
#3392=FILL_AREA_STYLE('',(#3479));
#3393=FILL_AREA_STYLE('',(#3480));
#3394=FILL_AREA_STYLE('',(#3481));
#3395=FILL_AREA_STYLE('',(#3482));
#3396=FILL_AREA_STYLE('',(#3483));
#3397=FILL_AREA_STYLE('',(#3484));
#3398=FILL_AREA_STYLE('',(#3485));
#3399=FILL_AREA_STYLE('',(#3486));
#3400=FILL_AREA_STYLE('',(#3487));
#3401=FILL_AREA_STYLE('',(#3488));
#3402=FILL_AREA_STYLE('',(#3489));
#3403=FILL_AREA_STYLE('',(#3490));
#3404=FILL_AREA_STYLE('',(#3491));
#3405=FILL_AREA_STYLE('',(#3492));
#3406=FILL_AREA_STYLE('',(#3493));
#3407=FILL_AREA_STYLE('',(#3494));
#3408=FILL_AREA_STYLE('',(#3495));
#3409=FILL_AREA_STYLE('',(#3496));
#3410=FILL_AREA_STYLE('',(#3497));
#3411=FILL_AREA_STYLE('',(#3498));
#3412=FILL_AREA_STYLE('',(#3499));
#3413=FILL_AREA_STYLE('',(#3500));
#3414=FILL_AREA_STYLE('',(#3501));
#3415=FILL_AREA_STYLE('',(#3502));
#3416=FILL_AREA_STYLE('',(#3503));
#3417=FILL_AREA_STYLE('',(#3504));
#3418=FILL_AREA_STYLE('',(#3505));
#3419=FILL_AREA_STYLE('',(#3506));
#3420=FILL_AREA_STYLE('',(#3507));
#3421=FILL_AREA_STYLE('',(#3508));
#3422=FILL_AREA_STYLE('',(#3509));
#3423=FILL_AREA_STYLE('',(#3510));
#3424=FILL_AREA_STYLE('',(#3511));
#3425=FILL_AREA_STYLE('',(#3512));
#3426=FILL_AREA_STYLE('',(#3513));
#3427=FILL_AREA_STYLE('',(#3514));
#3428=FILL_AREA_STYLE('',(#3515));
#3429=FILL_AREA_STYLE('',(#3516));
#3430=FILL_AREA_STYLE('',(#3517));
#3431=FILL_AREA_STYLE_COLOUR('',#3518);
#3432=FILL_AREA_STYLE_COLOUR('',#3519);
#3433=FILL_AREA_STYLE_COLOUR('',#3519);
#3434=FILL_AREA_STYLE_COLOUR('',#3519);
#3435=FILL_AREA_STYLE_COLOUR('',#3519);
#3436=FILL_AREA_STYLE_COLOUR('',#3519);
#3437=FILL_AREA_STYLE_COLOUR('',#3519);
#3438=FILL_AREA_STYLE_COLOUR('',#3519);
#3439=FILL_AREA_STYLE_COLOUR('',#3519);
#3440=FILL_AREA_STYLE_COLOUR('',#3519);
#3441=FILL_AREA_STYLE_COLOUR('',#3519);
#3442=FILL_AREA_STYLE_COLOUR('',#3519);
#3443=FILL_AREA_STYLE_COLOUR('',#3519);
#3444=FILL_AREA_STYLE_COLOUR('',#3519);
#3445=FILL_AREA_STYLE_COLOUR('',#3519);
#3446=FILL_AREA_STYLE_COLOUR('',#3519);
#3447=FILL_AREA_STYLE_COLOUR('',#3519);
#3448=FILL_AREA_STYLE_COLOUR('',#3519);
#3449=FILL_AREA_STYLE_COLOUR('',#3519);
#3450=FILL_AREA_STYLE_COLOUR('',#3519);
#3451=FILL_AREA_STYLE_COLOUR('',#3519);
#3452=FILL_AREA_STYLE_COLOUR('',#3519);
#3453=FILL_AREA_STYLE_COLOUR('',#3519);
#3454=FILL_AREA_STYLE_COLOUR('',#3519);
#3455=FILL_AREA_STYLE_COLOUR('',#3519);
#3456=FILL_AREA_STYLE_COLOUR('',#3519);
#3457=FILL_AREA_STYLE_COLOUR('',#3519);
#3458=FILL_AREA_STYLE_COLOUR('',#3519);
#3459=FILL_AREA_STYLE_COLOUR('',#3519);
#3460=FILL_AREA_STYLE_COLOUR('',#3519);
#3461=FILL_AREA_STYLE_COLOUR('',#3519);
#3462=FILL_AREA_STYLE_COLOUR('',#3519);
#3463=FILL_AREA_STYLE_COLOUR('',#3519);
#3464=FILL_AREA_STYLE_COLOUR('',#3519);
#3465=FILL_AREA_STYLE_COLOUR('',#3519);
#3466=FILL_AREA_STYLE_COLOUR('',#3519);
#3467=FILL_AREA_STYLE_COLOUR('',#3519);
#3468=FILL_AREA_STYLE_COLOUR('',#3519);
#3469=FILL_AREA_STYLE_COLOUR('',#3519);
#3470=FILL_AREA_STYLE_COLOUR('',#3519);
#3471=FILL_AREA_STYLE_COLOUR('',#3519);
#3472=FILL_AREA_STYLE_COLOUR('',#3519);
#3473=FILL_AREA_STYLE_COLOUR('',#3519);
#3474=FILL_AREA_STYLE_COLOUR('',#3519);
#3475=FILL_AREA_STYLE_COLOUR('',#3519);
#3476=FILL_AREA_STYLE_COLOUR('',#3519);
#3477=FILL_AREA_STYLE_COLOUR('',#3519);
#3478=FILL_AREA_STYLE_COLOUR('',#3519);
#3479=FILL_AREA_STYLE_COLOUR('',#3519);
#3480=FILL_AREA_STYLE_COLOUR('',#3519);
#3481=FILL_AREA_STYLE_COLOUR('',#3519);
#3482=FILL_AREA_STYLE_COLOUR('',#3519);
#3483=FILL_AREA_STYLE_COLOUR('',#3519);
#3484=FILL_AREA_STYLE_COLOUR('',#3519);
#3485=FILL_AREA_STYLE_COLOUR('',#3519);
#3486=FILL_AREA_STYLE_COLOUR('',#3519);
#3487=FILL_AREA_STYLE_COLOUR('',#3519);
#3488=FILL_AREA_STYLE_COLOUR('',#3519);
#3489=FILL_AREA_STYLE_COLOUR('',#3519);
#3490=FILL_AREA_STYLE_COLOUR('',#3519);
#3491=FILL_AREA_STYLE_COLOUR('',#3519);
#3492=FILL_AREA_STYLE_COLOUR('',#3519);
#3493=FILL_AREA_STYLE_COLOUR('',#3519);
#3494=FILL_AREA_STYLE_COLOUR('',#3519);
#3495=FILL_AREA_STYLE_COLOUR('',#3519);
#3496=FILL_AREA_STYLE_COLOUR('',#3519);
#3497=FILL_AREA_STYLE_COLOUR('',#3519);
#3498=FILL_AREA_STYLE_COLOUR('',#3519);
#3499=FILL_AREA_STYLE_COLOUR('',#3519);
#3500=FILL_AREA_STYLE_COLOUR('',#3519);
#3501=FILL_AREA_STYLE_COLOUR('',#3519);
#3502=FILL_AREA_STYLE_COLOUR('',#3519);
#3503=FILL_AREA_STYLE_COLOUR('',#3519);
#3504=FILL_AREA_STYLE_COLOUR('',#3519);
#3505=FILL_AREA_STYLE_COLOUR('',#3519);
#3506=FILL_AREA_STYLE_COLOUR('',#3519);
#3507=FILL_AREA_STYLE_COLOUR('',#3519);
#3508=FILL_AREA_STYLE_COLOUR('',#3519);
#3509=FILL_AREA_STYLE_COLOUR('',#3519);
#3510=FILL_AREA_STYLE_COLOUR('',#3519);
#3511=FILL_AREA_STYLE_COLOUR('',#3519);
#3512=FILL_AREA_STYLE_COLOUR('',#3519);
#3513=FILL_AREA_STYLE_COLOUR('',#3519);
#3514=FILL_AREA_STYLE_COLOUR('',#3519);
#3515=FILL_AREA_STYLE_COLOUR('',#3519);
#3516=FILL_AREA_STYLE_COLOUR('',#3519);
#3517=FILL_AREA_STYLE_COLOUR('',#3519);
#3518=DRAUGHTING_PRE_DEFINED_COLOUR('black');
#3519=DRAUGHTING_PRE_DEFINED_COLOUR('white');
#3520=MANIFOLD_SOLID_BREP('Part 1',#2994);
#3521=SHAPE_DEFINITION_REPRESENTATION(#5565,#3522);
#3522=SHAPE_REPRESENTATION('Part 1',(#3523),#5560);
#3523=AXIS2_PLACEMENT_3D('',#4268,#3668,#3669);
#3524=AXIS2_PLACEMENT_3D('',#4269,#3670,#3671);
#3525=AXIS2_PLACEMENT_3D('',#4280,#3674,#3675);
#3526=AXIS2_PLACEMENT_3D('',#4287,#3676,#3677);
#3527=AXIS2_PLACEMENT_3D('',#4338,#3690,#3691);
#3528=AXIS2_PLACEMENT_3D('',#4377,#3698,#3699);
#3529=AXIS2_PLACEMENT_3D('',#4403,#3702,#3703);
#3530=AXIS2_PLACEMENT_3D('',#4407,#3705,#3706);
#3531=AXIS2_PLACEMENT_3D('',#4410,#3708,#3709);
#3532=AXIS2_PLACEMENT_3D('',#4516,#3724,#3725);
#3533=AXIS2_PLACEMENT_3D('',#4547,#3731,#3732);
#3534=AXIS2_PLACEMENT_3D('',#4564,#3741,#3742);
#3535=AXIS2_PLACEMENT_3D('',#4621,#3771,#3772);
#3536=AXIS2_PLACEMENT_3D('',#4659,#3792,#3793);
#3537=AXIS2_PLACEMENT_3D('',#4673,#3801,#3802);
#3538=AXIS2_PLACEMENT_3D('',#4700,#3817,#3818);
#3539=AXIS2_PLACEMENT_3D('',#4719,#3829,#3830);
#3540=AXIS2_PLACEMENT_3D('',#4730,#3837,#3838);
#3541=AXIS2_PLACEMENT_3D('',#4733,#3841,#3842);
#3542=AXIS2_PLACEMENT_3D('',#4734,#3843,#3844);
#3543=AXIS2_PLACEMENT_3D('',#4736,#3845,#3846);
#3544=AXIS2_PLACEMENT_3D('',#4746,#3852,#3853);
#3545=AXIS2_PLACEMENT_3D('',#4755,#3859,#3860);
#3546=AXIS2_PLACEMENT_3D('',#4759,#3863,#3864);
#3547=AXIS2_PLACEMENT_3D('',#4763,#3867,#3868);
#3548=AXIS2_PLACEMENT_3D('',#4765,#3870,#3871);
#3549=AXIS2_PLACEMENT_3D('',#4767,#3873,#3874);
#3550=AXIS2_PLACEMENT_3D('',#4773,#3878,#3879);
#3551=AXIS2_PLACEMENT_3D('',#4776,#3882,#3883);
#3552=AXIS2_PLACEMENT_3D('',#4777,#3884,#3885);
#3553=AXIS2_PLACEMENT_3D('',#4779,#3886,#3887);
#3554=AXIS2_PLACEMENT_3D('',#4781,#3888,#3889);
#3555=AXIS2_PLACEMENT_3D('',#4782,#3890,#3891);
#3556=AXIS2_PLACEMENT_3D('',#4783,#3892,#3893);
#3557=AXIS2_PLACEMENT_3D('',#4789,#3897,#3898);
#3558=AXIS2_PLACEMENT_3D('',#4790,#3899,#3900);
#3559=AXIS2_PLACEMENT_3D('',#4793,#3902,#3903);
#3560=AXIS2_PLACEMENT_3D('',#4794,#3904,#3905);
#3561=AXIS2_PLACEMENT_3D('',#4797,#3907,#3908);
#3562=AXIS2_PLACEMENT_3D('',#4798,#3909,#3910);
#3563=AXIS2_PLACEMENT_3D('',#4799,#3911,#3912);
#3564=AXIS2_PLACEMENT_3D('',#4805,#3916,#3917);
#3565=AXIS2_PLACEMENT_3D('',#4808,#3920,#3921);
#3566=AXIS2_PLACEMENT_3D('',#4809,#3922,#3923);
#3567=AXIS2_PLACEMENT_3D('',#4811,#3924,#3925);
#3568=AXIS2_PLACEMENT_3D('',#4813,#3926,#3927);
#3569=AXIS2_PLACEMENT_3D('',#4814,#3928,#3929);
#3570=AXIS2_PLACEMENT_3D('',#4815,#3930,#3931);
#3571=AXIS2_PLACEMENT_3D('',#4821,#3935,#3936);
#3572=AXIS2_PLACEMENT_3D('',#4824,#3939,#3940);
#3573=AXIS2_PLACEMENT_3D('',#4825,#3941,#3942);
#3574=AXIS2_PLACEMENT_3D('',#4827,#3943,#3944);
#3575=AXIS2_PLACEMENT_3D('',#4829,#3945,#3946);
#3576=AXIS2_PLACEMENT_3D('',#4830,#3947,#3948);
#3577=AXIS2_PLACEMENT_3D('',#4831,#3949,#3950);
#3578=AXIS2_PLACEMENT_3D('',#4832,#3951,#3952);
#3579=AXIS2_PLACEMENT_3D('',#4834,#3953,#3954);
#3580=AXIS2_PLACEMENT_3D('',#4835,#3955,#3956);
#3581=AXIS2_PLACEMENT_3D('',#4836,#3957,#3958);
#3582=AXIS2_PLACEMENT_3D('',#4838,#3959,#3960);
#3583=AXIS2_PLACEMENT_3D('',#4839,#3961,#3962);
#3584=AXIS2_PLACEMENT_3D('',#4840,#3963,#3964);
#3585=AXIS2_PLACEMENT_3D('',#4841,#3965,#3966);
#3586=AXIS2_PLACEMENT_3D('',#4844,#3969,#3970);
#3587=AXIS2_PLACEMENT_3D('',#4846,#3972,#3973);
#3588=AXIS2_PLACEMENT_3D('',#4848,#3975,#3976);
#3589=AXIS2_PLACEMENT_3D('',#4849,#3977,#3978);
#3590=AXIS2_PLACEMENT_3D('',#4852,#3981,#3982);
#3591=AXIS2_PLACEMENT_3D('',#4854,#3984,#3985);
#3592=AXIS2_PLACEMENT_3D('',#4856,#3987,#3988);
#3593=AXIS2_PLACEMENT_3D('',#4857,#3989,#3990);
#3594=AXIS2_PLACEMENT_3D('',#4860,#3993,#3994);
#3595=AXIS2_PLACEMENT_3D('',#4862,#3996,#3997);
#3596=AXIS2_PLACEMENT_3D('',#4864,#3999,#4000);
#3597=AXIS2_PLACEMENT_3D('',#4865,#4001,#4002);
#3598=AXIS2_PLACEMENT_3D('',#4868,#4005,#4006);
#3599=AXIS2_PLACEMENT_3D('',#4870,#4008,#4009);
#3600=AXIS2_PLACEMENT_3D('',#4872,#4011,#4012);
#3601=AXIS2_PLACEMENT_3D('',#4873,#4013,#4014);
#3602=AXIS2_PLACEMENT_3D('',#4876,#4017,#4018);
#3603=AXIS2_PLACEMENT_3D('',#4878,#4020,#4021);
#3604=AXIS2_PLACEMENT_3D('',#4880,#4023,#4024);
#3605=AXIS2_PLACEMENT_3D('',#4881,#4025,#4026);
#3606=AXIS2_PLACEMENT_3D('',#4884,#4029,#4030);
#3607=AXIS2_PLACEMENT_3D('',#4886,#4032,#4033);
#3608=AXIS2_PLACEMENT_3D('',#4888,#4035,#4036);
#3609=AXIS2_PLACEMENT_3D('',#4889,#4037,#4038);
#3610=AXIS2_PLACEMENT_3D('',#4895,#4042,#4043);
#3611=AXIS2_PLACEMENT_3D('',#4898,#4045,#4046);
#3612=AXIS2_PLACEMENT_3D('',#4913,#4048,#4049);
#3613=AXIS2_PLACEMENT_3D('',#4916,#4051,#4052);
#3614=AXIS2_PLACEMENT_3D('',#4917,#4053,#4054);
#3615=AXIS2_PLACEMENT_3D('',#4933,#4057,#4058);
#3616=AXIS2_PLACEMENT_3D('',#4934,#4059,#4060);
#3617=AXIS2_PLACEMENT_3D('',#4954,#4065,#4066);
#3618=AXIS2_PLACEMENT_3D('',#4958,#4069,#4070);
#3619=AXIS2_PLACEMENT_3D('',#4961,#4072,#4073);
#3620=AXIS2_PLACEMENT_3D('',#4962,#4074,#4075);
#3621=AXIS2_PLACEMENT_3D('',#4980,#4079,#4080);
#3622=AXIS2_PLACEMENT_3D('',#4998,#4084,#4085);
#3623=AXIS2_PLACEMENT_3D('',#5028,#4089,#4090);
#3624=AXIS2_PLACEMENT_3D('',#5029,#4091,#4092);
#3625=AXIS2_PLACEMENT_3D('',#5049,#4097,#4098);
#3626=AXIS2_PLACEMENT_3D('',#5067,#4102,#4103);
#3627=AXIS2_PLACEMENT_3D('',#5085,#4107,#4108);
#3628=AXIS2_PLACEMENT_3D('',#5101,#4111,#4112);
#3629=AXIS2_PLACEMENT_3D('',#5102,#4113,#4114);
#3630=AXIS2_PLACEMENT_3D('',#5122,#4119,#4120);
#3631=AXIS2_PLACEMENT_3D('',#5126,#4123,#4124);
#3632=AXIS2_PLACEMENT_3D('',#5129,#4126,#4127);
#3633=AXIS2_PLACEMENT_3D('',#5130,#4128,#4129);
#3634=AXIS2_PLACEMENT_3D('',#5134,#4132,#4133);
#3635=AXIS2_PLACEMENT_3D('',#5137,#4135,#4136);
#3636=AXIS2_PLACEMENT_3D('',#5138,#4137,#4138);
#3637=AXIS2_PLACEMENT_3D('',#5170,#4143,#4144);
#3638=AXIS2_PLACEMENT_3D('',#5202,#4149,#4150);
#3639=AXIS2_PLACEMENT_3D('',#5203,#4151,#4152);
#3640=AXIS2_PLACEMENT_3D('',#5204,#4153,#4154);
#3641=AXIS2_PLACEMENT_3D('',#5205,#4155,#4156);
#3642=AXIS2_PLACEMENT_3D('',#5211,#4160,#4161);
#3643=AXIS2_PLACEMENT_3D('',#5214,#4163,#4164);
#3644=AXIS2_PLACEMENT_3D('',#5215,#4165,#4166);
#3645=AXIS2_PLACEMENT_3D('',#5233,#4170,#4171);
#3646=AXIS2_PLACEMENT_3D('',#5251,#4175,#4176);
#3647=AXIS2_PLACEMENT_3D('',#5267,#4179,#4180);
#3648=AXIS2_PLACEMENT_3D('',#5268,#4181,#4182);
#3649=AXIS2_PLACEMENT_3D('',#5288,#4187,#4188);
#3650=AXIS2_PLACEMENT_3D('',#5304,#4191,#4192);
#3651=AXIS2_PLACEMENT_3D('',#5305,#4193,#4194);
#3652=AXIS2_PLACEMENT_3D('',#5311,#4198,#4199);
#3653=AXIS2_PLACEMENT_3D('',#5329,#4203,#4204);
#3654=AXIS2_PLACEMENT_3D('',#5347,#4208,#4209);
#3655=AXIS2_PLACEMENT_3D('',#5351,#4212,#4213);
#3656=AXIS2_PLACEMENT_3D('',#5355,#4216,#4217);
#3657=AXIS2_PLACEMENT_3D('',#5358,#4219,#4220);
#3658=AXIS2_PLACEMENT_3D('',#5373,#4222,#4223);
#3659=AXIS2_PLACEMENT_3D('',#5391,#4227,#4228);
#3660=AXIS2_PLACEMENT_3D('',#5409,#4232,#4233);
#3661=AXIS2_PLACEMENT_3D('',#5413,#4236,#4237);
#3662=AXIS2_PLACEMENT_3D('',#5459,#4243,#4244);
#3663=AXIS2_PLACEMENT_3D('',#5505,#4250,#4251);
#3664=AXIS2_PLACEMENT_3D('',#5521,#4254,#4255);
#3665=AXIS2_PLACEMENT_3D('',#5522,#4256,#4257);
#3666=AXIS2_PLACEMENT_3D('',#5542,#4262,#4263);
#3667=AXIS2_PLACEMENT_3D('',#5558,#4266,#4267);
#3668=DIRECTION('',(0.,0.,1.));
#3669=DIRECTION('',(1.,0.,0.));
#3670=DIRECTION('',(1.46699659702056E-16,-1.,0.));
#3671=DIRECTION('',(1.,1.46699659702056E-16,0.));
#3672=DIRECTION('',(-1.,-1.46699659702056E-16,0.));
#3673=DIRECTION('',(0.773910889078805,1.13532464067576E-16,-0.633294509501902));
#3674=DIRECTION('',(-1.46699659702056E-16,1.,0.));
#3675=DIRECTION('',(-1.,-1.46699659702056E-16,0.));
#3676=DIRECTION('',(-1.46699659702056E-16,1.,0.));
#3677=DIRECTION('',(-1.,-1.46699659702056E-16,0.));
#3678=DIRECTION('',(1.,1.46699659702056E-16,0.));
#3679=DIRECTION('',(0.,0.,1.));
#3680=DIRECTION('',(1.,1.46699659702056E-16,0.));
#3681=DIRECTION('',(0.,0.,1.));
#3682=DIRECTION('',(0.,0.,-1.));
#3683=DIRECTION('',(1.,1.46699659702056E-16,0.));
#3684=DIRECTION('',(0.,0.,-1.));
#3685=DIRECTION('',(1.,1.46699659702056E-16,0.));
#3686=DIRECTION('',(-0.734528376102629,-1.07755062815759E-16,0.678577972454187));
#3687=DIRECTION('',(0.778096542539455,1.14146498005884E-16,-0.628144705054613));
#3688=DIRECTION('',(1.,1.46699659702056E-16,2.46715491014476E-16));
#3689=DIRECTION('',(0.,0.,-1.));
#3690=DIRECTION('',(-1.46699659702056E-16,1.,0.));
#3691=DIRECTION('',(-1.,-1.46699659702056E-16,0.));
#3692=DIRECTION('',(-1.,-1.46699659702056E-16,0.));
#3693=DIRECTION('',(0.,0.,-1.));
#3694=DIRECTION('',(-1.,-1.46699659702056E-16,-2.3932192232827E-16));
#3695=DIRECTION('',(-2.04614290309021E-16,-3.0016846758511E-32,1.));
#3696=DIRECTION('',(1.,1.46699659702056E-16,2.3932192232827E-16));
#3697=DIRECTION('',(-0.8508372518864,-1.24817535313567E-16,0.52542932046318));
#3698=DIRECTION('',(-1.46699659702056E-16,1.,0.));
#3699=DIRECTION('',(-1.,-1.46699659702056E-16,0.));
#3700=DIRECTION('',(0.662819653603404,9.72354176274537E-17,-0.748779077430095));
#3701=DIRECTION('',(1.,1.46699659702056E-16,1.33055555975779E-16));
#3702=DIRECTION('',(-1.46699659702056E-16,1.,0.));
#3703=DIRECTION('',(-1.,-1.46699659702056E-16,0.));
#3704=DIRECTION('',(2.47160290577603E-16,3.62583305195955E-32,-1.));
#3705=DIRECTION('',(-1.46699659702056E-16,1.,0.));
#3706=DIRECTION('',(-1.,-1.46699659702056E-16,0.));
#3707=DIRECTION('',(-1.,-1.46699659702056E-16,-2.59643133536068E-16));
#3708=DIRECTION('',(-1.46699659702056E-16,1.,0.));
#3709=DIRECTION('',(-1.,-1.46699659702056E-16,0.));
#3710=DIRECTION('',(0.,0.,-1.));
#3711=DIRECTION('',(-1.,-1.46699659702056E-16,0.));
#3712=DIRECTION('',(0.,0.,1.));
#3713=DIRECTION('',(1.,1.46699659702056E-16,3.35597489613326E-16));
#3714=DIRECTION('',(0.920718870132159,1.35069144929649E-16,0.390226552380232));
#3715=DIRECTION('',(-0.926825426595381,-1.35964974684755E-16,-0.375492514727377));
#3716=DIRECTION('',(0.,0.,1.));
#3717=DIRECTION('',(-1.,-1.46699659702056E-16,0.));
#3718=DIRECTION('',(-0.851286100438567,-1.24883381243428E-16,0.524701796452135));
#3719=DIRECTION('',(0.655155216287728,9.61110472814363E-17,-0.755494303466929));
#3720=DIRECTION('',(1.,1.46699659702056E-16,2.59152314758117E-16));
#3721=DIRECTION('',(0.,0.,1.));
#3722=DIRECTION('',(1.,1.46699659702056E-16,0.));
#3723=DIRECTION('',(0.,0.,-1.));
#3724=DIRECTION('',(-1.46699659702056E-16,1.,0.));
#3725=DIRECTION('',(-1.,-1.46699659702056E-16,0.));
#3726=DIRECTION('',(-1.,-1.46699659702056E-16,0.));
#3727=DIRECTION('',(0.,0.,-1.));
#3728=DIRECTION('',(-1.,-1.46699659702056E-16,0.));
#3729=DIRECTION('',(-0.922698077688701,-1.35359494004673E-16,-0.385523355232309));
#3730=DIRECTION('',(0.918107462076048,1.34686052256474E-16,0.396331538084314));
#3731=DIRECTION('',(0.,-1.,0.));
#3732=DIRECTION('',(0.,0.,-1.));
#3733=DIRECTION('',(0.,0.,1.));
#3734=DIRECTION('',(1.,0.,0.));
#3735=DIRECTION('',(0.,0.,1.));
#3736=DIRECTION('',(1.,0.,0.));
#3737=DIRECTION('',(1.,0.,0.));
#3738=DIRECTION('',(0.,0.,-1.));
#3739=DIRECTION('',(1.,0.,0.));
#3740=DIRECTION('',(0.,0.,-1.));
#3741=DIRECTION('',(-1.,0.,0.));
#3742=DIRECTION('',(0.,0.,1.));
#3743=DIRECTION('',(0.,0.,1.));
#3744=DIRECTION('',(0.,1.,0.));
#3745=DIRECTION('',(0.,0.,-1.));
#3746=DIRECTION('',(0.,1.,0.));
#3747=DIRECTION('',(0.,0.,1.));
#3748=DIRECTION('',(0.,-1.,0.));
#3749=DIRECTION('',(0.,0.,1.));
#3750=DIRECTION('',(0.,-1.,0.));
#3751=DIRECTION('',(0.,0.,-1.));
#3752=DIRECTION('',(0.,-1.,0.));
#3753=DIRECTION('',(0.,0.,1.));
#3754=DIRECTION('',(0.,-1.,0.));
#3755=DIRECTION('',(0.,0.,1.));
#3756=DIRECTION('',(0.,-1.,0.));
#3757=DIRECTION('',(0.,0.,1.));
#3758=DIRECTION('',(0.,-1.,0.));
#3759=DIRECTION('',(0.,0.,1.));
#3760=DIRECTION('',(0.,-1.,0.));
#3761=DIRECTION('',(0.,0.,1.));
#3762=DIRECTION('',(0.,-1.,0.));
#3763=DIRECTION('',(0.,0.,1.));
#3764=DIRECTION('',(0.,-1.,0.));
#3765=DIRECTION('',(0.,0.,1.));
#3766=DIRECTION('',(0.,-1.,0.));
#3767=DIRECTION('',(0.,0.,1.));
#3768=DIRECTION('',(0.,-1.,0.));
#3769=DIRECTION('',(0.,0.,1.));
#3770=DIRECTION('',(0.,-1.,0.));
#3771=DIRECTION('',(-1.,-2.37889935373608E-16,0.));
#3772=DIRECTION('',(2.37889935373608E-16,-1.,0.));
#3773=DIRECTION('',(-2.37889935373608E-16,1.,0.));
#3774=DIRECTION('',(0.,0.,-1.));
#3775=DIRECTION('',(-2.37889935373608E-16,1.,0.));
#3776=DIRECTION('',(0.,0.,-1.));
#3777=DIRECTION('',(-2.37889935373608E-16,1.,0.));
#3778=DIRECTION('',(0.,0.,-1.));
#3779=DIRECTION('',(-2.37889935373608E-16,1.,0.));
#3780=DIRECTION('',(0.,0.,-1.));
#3781=DIRECTION('',(2.37889935373608E-16,-1.,0.));
#3782=DIRECTION('',(2.37889935373608E-16,-1.,0.));
#3783=DIRECTION('',(0.,0.,1.));
#3784=DIRECTION('',(-2.37889935373608E-16,1.,0.));
#3785=DIRECTION('',(0.,0.,-1.));
#3786=DIRECTION('',(-2.37889935373608E-16,1.,0.));
#3787=DIRECTION('',(0.,0.,-1.));
#3788=DIRECTION('',(-2.37889935373608E-16,1.,0.));
#3789=DIRECTION('',(0.,0.,-1.));
#3790=DIRECTION('',(-2.37889935373608E-16,1.,0.));
#3791=DIRECTION('',(0.,0.,-1.));
#3792=DIRECTION('',(1.46699659702056E-16,-1.,0.));
#3793=DIRECTION('',(1.,1.46699659702056E-16,0.));
#3794=DIRECTION('',(1.,1.46699659702056E-16,0.));
#3795=DIRECTION('',(1.,1.46699659702056E-16,0.));
#3796=DIRECTION('',(0.,0.,1.));
#3797=DIRECTION('',(-1.,-1.46699659702056E-16,0.));
#3798=DIRECTION('',(0.,0.,-1.));
#3799=DIRECTION('',(-1.,-1.46699659702056E-16,0.));
#3800=DIRECTION('',(0.,0.,-1.));
#3801=DIRECTION('',(0.,-1.,0.));
#3802=DIRECTION('',(0.,0.,-1.));
#3803=DIRECTION('',(1.,0.,0.));
#3804=DIRECTION('',(0.,0.,1.));
#3805=DIRECTION('',(1.,0.,0.));
#3806=DIRECTION('',(1.,0.,0.));
#3807=DIRECTION('',(0.,0.,-1.));
#3808=DIRECTION('',(1.,0.,0.));
#3809=DIRECTION('',(1.,0.,0.));
#3810=DIRECTION('',(0.,0.,1.));
#3811=DIRECTION('',(1.,0.,0.));
#3812=DIRECTION('',(0.,0.,-1.));
#3813=DIRECTION('',(0.,0.,1.));
#3814=DIRECTION('',(1.,0.,0.));
#3815=DIRECTION('',(0.,0.,1.));
#3816=DIRECTION('',(1.,0.,0.));
#3817=DIRECTION('',(-1.,-1.26767862558587E-16,0.));
#3818=DIRECTION('',(1.26767862558587E-16,-1.,0.));
#3819=DIRECTION('',(0.,-1.,0.));
#3820=DIRECTION('',(0.,0.,-1.));
#3821=DIRECTION('',(0.,-1.,0.));
#3822=DIRECTION('',(1.26767862558587E-16,-1.,0.));
#3823=DIRECTION('',(0.,0.,1.));
#3824=DIRECTION('',(0.,1.,0.));
#3825=DIRECTION('',(0.,0.,-1.));
#3826=DIRECTION('',(0.,1.,0.));
#3827=DIRECTION('',(0.,0.,1.));
#3828=DIRECTION('',(1.26767862558587E-16,-1.,0.));
#3829=DIRECTION('',(0.,-1.,0.));
#3830=DIRECTION('',(0.,0.,-1.));
#3831=DIRECTION('',(-1.,0.,0.));
#3832=DIRECTION('',(1.,0.,0.));
#3833=DIRECTION('',(0.,0.,1.));
#3834=DIRECTION('',(1.,0.,0.));
#3835=DIRECTION('',(-1.,0.,0.));
#3836=DIRECTION('',(0.,0.,-1.));
#3837=DIRECTION('',(-1.,-2.37889935373608E-16,0.));
#3838=DIRECTION('',(2.37889935373608E-16,-1.,0.));
#3839=DIRECTION('',(2.37889935373608E-16,-1.,0.));
#3840=DIRECTION('',(2.37889935373608E-16,-1.,0.));
#3841=DIRECTION('',(0.,0.,1.));
#3842=DIRECTION('',(1.,0.,0.));
#3843=DIRECTION('',(0.,0.,1.));
#3844=DIRECTION('',(1.,0.,0.));
#3845=DIRECTION('',(0.,0.,1.));
#3846=DIRECTION('',(1.,0.,0.));
#3847=DIRECTION('',(0.,-1.,0.));
#3848=DIRECTION('',(0.,-1.,0.));
#3849=DIRECTION('',(1.,9.85918429085995E-17,0.));
#3850=DIRECTION('',(0.,-1.,0.));
#3851=DIRECTION('',(1.,9.85918429085995E-17,0.));
#3852=DIRECTION('',(9.85918429085995E-17,-1.,0.));
#3853=DIRECTION('',(1.,9.85918429085995E-17,0.));
#3854=DIRECTION('',(0.,0.,-1.));
#3855=DIRECTION('',(-1.,-9.85918429085995E-17,0.));
#3856=DIRECTION('',(0.,0.,1.));
#3857=DIRECTION('',(1.,9.85918429085995E-17,0.));
#3858=DIRECTION('',(-1.,-9.85918429085995E-17,0.));
#3859=DIRECTION('',(-1.,0.,0.));
#3860=DIRECTION('',(0.,0.,1.));
#3861=DIRECTION('',(0.,-1.,0.));
#3862=DIRECTION('',(0.,0.,1.));
#3863=DIRECTION('',(9.85918429085995E-17,-1.,0.));
#3864=DIRECTION('',(1.,9.85918429085995E-17,0.));
#3865=DIRECTION('',(1.,9.85918429085995E-17,0.));
#3866=DIRECTION('',(0.,0.,1.));
#3867=DIRECTION('',(-1.,0.,0.));
#3868=DIRECTION('',(0.,0.,1.));
#3869=DIRECTION('',(0.,-1.,0.));
#3870=DIRECTION('',(-1.,0.,0.));
#3871=DIRECTION('',(0.,0.,1.));
#3872=DIRECTION('',(0.,-1.,0.));
#3873=DIRECTION('',(0.,-1.,0.));
#3874=DIRECTION('',(0.,0.,-1.));
#3875=DIRECTION('',(-1.,0.,0.));
#3876=DIRECTION('',(0.,0.,-1.));
#3877=DIRECTION('',(-1.,0.,0.));
#3878=DIRECTION('',(-1.,0.,0.));
#3879=DIRECTION('',(0.,0.,1.));
#3880=DIRECTION('',(0.,1.,0.));
#3881=DIRECTION('',(0.,1.,0.));
#3882=DIRECTION('',(0.,0.,-1.));
#3883=DIRECTION('',(-1.,0.,0.));
#3884=DIRECTION('',(0.,0.,1.));
#3885=DIRECTION('',(1.,0.,0.));
#3886=DIRECTION('',(0.,0.,1.));
#3887=DIRECTION('',(1.,0.,0.));
#3888=DIRECTION('',(0.,0.,1.));
#3889=DIRECTION('',(1.,0.,0.));
#3890=DIRECTION('',(0.,0.,1.));
#3891=DIRECTION('',(1.,0.,0.));
#3892=DIRECTION('',(-1.,0.,0.));
#3893=DIRECTION('',(0.,0.,1.));
#3894=DIRECTION('',(0.,1.,0.));
#3895=DIRECTION('',(0.,1.,0.));
#3896=DIRECTION('',(0.,0.,-1.));
#3897=DIRECTION('',(0.,0.,1.));
#3898=DIRECTION('',(1.,0.,0.));
#3899=DIRECTION('',(0.,0.,1.));
#3900=DIRECTION('',(1.,0.,0.));
#3901=DIRECTION('',(1.,0.,0.));
#3902=DIRECTION('',(0.,0.,1.));
#3903=DIRECTION('',(1.,0.,0.));
#3904=DIRECTION('',(0.,0.,1.));
#3905=DIRECTION('',(1.,0.,0.));
#3906=DIRECTION('',(1.,0.,0.));
#3907=DIRECTION('',(0.,1.,0.));
#3908=DIRECTION('',(0.,0.,1.));
#3909=DIRECTION('',(0.,0.,-1.));
#3910=DIRECTION('',(-1.,0.,0.));
#3911=DIRECTION('',(1.,0.,0.));
#3912=DIRECTION('',(0.,0.,-1.));
#3913=DIRECTION('',(0.,-1.,0.));
#3914=DIRECTION('',(0.,0.,-1.));
#3915=DIRECTION('',(0.,-1.,0.));
#3916=DIRECTION('',(-2.19585250123647E-16,1.,0.));
#3917=DIRECTION('',(-1.,-2.19585250123647E-16,0.));
#3918=DIRECTION('',(1.,2.19585250123647E-16,0.));
#3919=DIRECTION('',(1.,2.19585250123647E-16,0.));
#3920=DIRECTION('',(0.,0.,-1.));
#3921=DIRECTION('',(-1.,0.,0.));
#3922=DIRECTION('',(0.,0.,1.));
#3923=DIRECTION('',(1.,0.,0.));
#3924=DIRECTION('',(0.,0.,1.));
#3925=DIRECTION('',(1.,0.,0.));
#3926=DIRECTION('',(0.,0.,1.));
#3927=DIRECTION('',(1.,0.,0.));
#3928=DIRECTION('',(0.,0.,1.));
#3929=DIRECTION('',(1.,0.,0.));
#3930=DIRECTION('',(-3.2937787518547E-16,1.,0.));
#3931=DIRECTION('',(-1.,-3.2937787518547E-16,0.));
#3932=DIRECTION('',(1.,3.2937787518547E-16,0.));
#3933=DIRECTION('',(0.,0.,-1.));
#3934=DIRECTION('',(1.,3.2937787518547E-16,0.));
#3935=DIRECTION('',(1.,0.,0.));
#3936=DIRECTION('',(0.,0.,-1.));
#3937=DIRECTION('',(0.,-1.,0.));
#3938=DIRECTION('',(0.,-1.,0.));
#3939=DIRECTION('',(0.,0.,-1.));
#3940=DIRECTION('',(-1.,0.,0.));
#3941=DIRECTION('',(0.,0.,1.));
#3942=DIRECTION('',(1.,0.,0.));
#3943=DIRECTION('',(0.,0.,1.));
#3944=DIRECTION('',(1.,0.,0.));
#3945=DIRECTION('',(0.,0.,1.));
#3946=DIRECTION('',(1.,0.,0.));
#3947=DIRECTION('',(0.,0.,1.));
#3948=DIRECTION('',(1.,0.,0.));
#3949=DIRECTION('',(0.,0.,1.));
#3950=DIRECTION('',(1.,0.,0.));
#3951=DIRECTION('',(0.,0.,1.));
#3952=DIRECTION('',(1.,0.,0.));
#3953=DIRECTION('',(0.,0.,1.));
#3954=DIRECTION('',(1.,0.,0.));
#3955=DIRECTION('',(0.,0.,1.));
#3956=DIRECTION('',(1.,0.,0.));
#3957=DIRECTION('',(0.,0.,1.));
#3958=DIRECTION('',(1.,0.,0.));
#3959=DIRECTION('',(0.,0.,1.));
#3960=DIRECTION('',(1.,0.,0.));
#3961=DIRECTION('',(0.,0.,-1.));
#3962=DIRECTION('',(1.,0.,0.));
#3963=DIRECTION('',(0.,0.,-1.));
#3964=DIRECTION('',(1.,0.,0.));
#3965=DIRECTION('',(0.,0.,-1.));
#3966=DIRECTION('',(-1.,0.,0.));
#3967=DIRECTION('',(-1.46699659702056E-16,1.,0.));
#3968=DIRECTION('',(-1.46699659702056E-16,1.,0.));
#3969=DIRECTION('',(1.,1.46699659702056E-16,0.));
#3970=DIRECTION('',(-1.46699659702056E-16,1.,0.));
#3971=DIRECTION('',(-1.46699659702056E-16,1.,0.));
#3972=DIRECTION('',(0.,0.,-1.));
#3973=DIRECTION('',(-1.,0.,0.));
#3974=DIRECTION('',(-1.46699659702056E-16,1.,0.));
#3975=DIRECTION('',(1.,1.46699659702056E-16,0.));
#3976=DIRECTION('',(-1.46699659702056E-16,1.,0.));
#3977=DIRECTION('',(0.,0.,-1.));
#3978=DIRECTION('',(-1.,0.,0.));
#3979=DIRECTION('',(1.,2.37889935373608E-16,0.));
#3980=DIRECTION('',(1.,2.37889935373608E-16,0.));
#3981=DIRECTION('',(2.37889935373608E-16,-1.,0.));
#3982=DIRECTION('',(1.,2.37889935373608E-16,0.));
#3983=DIRECTION('',(1.,2.37889935373608E-16,0.));
#3984=DIRECTION('',(0.,0.,-1.));
#3985=DIRECTION('',(-1.,0.,0.));
#3986=DIRECTION('',(1.,2.37889935373608E-16,0.));
#3987=DIRECTION('',(2.37889935373608E-16,-1.,0.));
#3988=DIRECTION('',(1.,2.37889935373608E-16,0.));
#3989=DIRECTION('',(0.,0.,-1.));
#3990=DIRECTION('',(-1.,0.,0.));
#3991=DIRECTION('',(1.,2.37889935373608E-16,0.));
#3992=DIRECTION('',(1.,2.37889935373608E-16,0.));
#3993=DIRECTION('',(2.37889935373608E-16,-1.,0.));
#3994=DIRECTION('',(1.,2.37889935373608E-16,0.));
#3995=DIRECTION('',(1.,2.37889935373608E-16,0.));
#3996=DIRECTION('',(0.,0.,-1.));
#3997=DIRECTION('',(-1.,0.,0.));
#3998=DIRECTION('',(1.,2.37889935373608E-16,0.));
#3999=DIRECTION('',(2.37889935373608E-16,-1.,0.));
#4000=DIRECTION('',(1.,2.37889935373608E-16,0.));
#4001=DIRECTION('',(0.,0.,-1.));
#4002=DIRECTION('',(-1.,0.,0.));
#4003=DIRECTION('',(1.,2.37889935373608E-16,0.));
#4004=DIRECTION('',(1.,2.37889935373608E-16,0.));
#4005=DIRECTION('',(2.37889935373608E-16,-1.,0.));
#4006=DIRECTION('',(1.,2.37889935373608E-16,0.));
#4007=DIRECTION('',(1.,2.37889935373608E-16,0.));
#4008=DIRECTION('',(0.,0.,-1.));
#4009=DIRECTION('',(-1.,0.,0.));
#4010=DIRECTION('',(1.,2.37889935373608E-16,0.));
#4011=DIRECTION('',(2.37889935373608E-16,-1.,0.));
#4012=DIRECTION('',(1.,2.37889935373608E-16,0.));
#4013=DIRECTION('',(0.,0.,-1.));
#4014=DIRECTION('',(-1.,0.,0.));
#4015=DIRECTION('',(1.,2.37889935373608E-16,0.));
#4016=DIRECTION('',(1.,2.37889935373608E-16,0.));
#4017=DIRECTION('',(2.37889935373608E-16,-1.,0.));
#4018=DIRECTION('',(1.,2.37889935373608E-16,0.));
#4019=DIRECTION('',(1.,2.37889935373608E-16,0.));
#4020=DIRECTION('',(0.,0.,-1.));
#4021=DIRECTION('',(-1.,0.,0.));
#4022=DIRECTION('',(1.,2.37889935373608E-16,0.));
#4023=DIRECTION('',(2.37889935373608E-16,-1.,0.));
#4024=DIRECTION('',(1.,2.37889935373608E-16,0.));
#4025=DIRECTION('',(0.,0.,-1.));
#4026=DIRECTION('',(-1.,0.,0.));
#4027=DIRECTION('',(1.46699659702056E-16,-1.,0.));
#4028=DIRECTION('',(1.46699659702056E-16,-1.,0.));
#4029=DIRECTION('',(-1.,-1.46699659702056E-16,0.));
#4030=DIRECTION('',(1.46699659702056E-16,-1.,0.));
#4031=DIRECTION('',(1.46699659702056E-16,-1.,0.));
#4032=DIRECTION('',(0.,0.,-1.));
#4033=DIRECTION('',(-1.,0.,0.));
#4034=DIRECTION('',(1.46699659702056E-16,-1.,0.));
#4035=DIRECTION('',(-1.,-1.46699659702056E-16,0.));
#4036=DIRECTION('',(1.46699659702056E-16,-1.,0.));
#4037=DIRECTION('',(0.,0.,-1.));
#4038=DIRECTION('',(-1.,0.,0.));
#4039=DIRECTION('',(-1.46699659702056E-16,1.,0.));
#4040=DIRECTION('',(-1.,-1.46699659702056E-16,0.));
#4041=DIRECTION('',(-1.46699659702056E-16,1.,0.));
#4042=DIRECTION('',(-1.46699659702056E-16,1.,0.));
#4043=DIRECTION('',(0.997031294786335,0.,0.0769973844794986));
#4044=DIRECTION('',(-1.46699659702056E-16,1.,0.));
#4045=DIRECTION('',(-1.46699659702056E-16,1.,0.));
#4046=DIRECTION('',(-1.,-1.46699659702056E-16,0.));
#4047=DIRECTION('',(-1.46699659702056E-16,1.,0.));
#4048=DIRECTION('',(-1.46699659702056E-16,1.,0.));
#4049=DIRECTION('',(0.454327429176093,0.,-0.890834769807647));
#4050=DIRECTION('',(-1.46699659702056E-16,1.,0.));
#4051=DIRECTION('',(-1.46699659702056E-16,1.,0.));
#4052=DIRECTION('',(-1.,-1.46699659702056E-16,0.));
#4053=DIRECTION('',(0.633294509501902,9.29040890351092E-17,0.773910889078804));
#4054=DIRECTION('',(0.773910889078805,0.,-0.633294509501902));
#4055=DIRECTION('',(-1.46699659702056E-16,1.,0.));
#4056=DIRECTION('',(0.773910889078805,1.13532464067576E-16,-0.633294509501902));
#4057=DIRECTION('',(1.46699659702056E-16,-1.,0.));
#4058=DIRECTION('',(1.,1.46699659702056E-16,0.));
#4059=DIRECTION('',(-0.678577972454187,-9.954715764034E-17,-0.734528376102629));
#4060=DIRECTION('',(-0.734528376102629,0.,0.678577972454187));
#4061=DIRECTION('',(-1.46699659702056E-16,1.,0.));
#4062=DIRECTION('',(-0.734528376102629,-1.07755062815759E-16,0.678577972454187));
#4063=DIRECTION('',(-1.46699659702056E-16,1.,0.));
#4064=DIRECTION('',(-1.46699659702056E-16,1.,0.));
#4065=DIRECTION('',(0.,0.,-1.));
#4066=DIRECTION('',(-1.,0.,0.));
#4067=DIRECTION('',(-1.46699659702056E-16,1.,0.));
#4068=DIRECTION('',(-1.,-1.46699659702056E-16,0.));
#4069=DIRECTION('',(-1.46699659702056E-16,1.,0.));
#4070=DIRECTION('',(-0.0837437457087832,0.,-0.996487323077751));
#4071=DIRECTION('',(-1.46699659702056E-16,1.,0.));
#4072=DIRECTION('',(-1.46699659702056E-16,1.,0.));
#4073=DIRECTION('',(-1.,-1.46699659702056E-16,0.));
#4074=DIRECTION('',(1.,1.46699659702056E-16,0.));
#4075=DIRECTION('',(-1.46699659702056E-16,1.,0.));
#4076=DIRECTION('',(-1.46699659702056E-16,1.,0.));
#4077=DIRECTION('',(0.,0.,-1.));
#4078=DIRECTION('',(-1.46699659702056E-16,1.,0.));
#4079=DIRECTION('',(-2.46715491014476E-16,-3.61930785750492E-32,1.));
#4080=DIRECTION('',(1.,0.,2.46715491014476E-16));
#4081=DIRECTION('',(-1.46699659702056E-16,1.,0.));
#4082=DIRECTION('',(1.,1.46699659702056E-16,2.46715491014476E-16));
#4083=DIRECTION('',(-1.46699659702056E-16,1.,0.));
#4084=DIRECTION('',(0.628144705054613,9.21486144751598E-17,0.778096542539455));
#4085=DIRECTION('',(0.778096542539455,0.,-0.628144705054613));
#4086=DIRECTION('',(-1.46699659702056E-16,1.,0.));
#4087=DIRECTION('',(0.778096542539455,1.14146498005884E-16,-0.628144705054613));
#4088=DIRECTION('',(-1.46699659702056E-16,1.,0.));
#4089=DIRECTION('',(1.46699659702056E-16,-1.,0.));
#4090=DIRECTION('',(1.,1.46699659702056E-16,0.));
#4091=DIRECTION('',(1.,1.46699659702056E-16,0.));
#4092=DIRECTION('',(-1.46699659702056E-16,1.,0.));
#4093=DIRECTION('',(-1.46699659702056E-16,1.,0.));
#4094=DIRECTION('',(0.,0.,-1.));
#4095=DIRECTION('',(-1.46699659702056E-16,1.,0.));
#4096=DIRECTION('',(-1.46699659702056E-16,1.,0.));
#4097=DIRECTION('',(-2.3932192232827E-16,-3.51084445647989E-32,1.));
#4098=DIRECTION('',(1.,0.,2.3932192232827E-16));
#4099=DIRECTION('',(-1.46699659702056E-16,1.,0.));
#4100=DIRECTION('',(1.,1.46699659702056E-16,2.3932192232827E-16));
#4101=DIRECTION('',(-1.46699659702056E-16,1.,0.));
#4102=DIRECTION('',(-1.,-1.46699659702056E-16,-2.04614290309021E-16));
#4103=DIRECTION('',(-2.04614290309021E-16,0.,1.));
#4104=DIRECTION('',(-1.46699659702056E-16,1.,0.));
#4105=DIRECTION('',(-2.04614290309021E-16,-3.0016846758511E-32,1.));
#4106=DIRECTION('',(-1.46699659702056E-16,1.,0.));
#4107=DIRECTION('',(2.3932192232827E-16,3.51084445647989E-32,-1.));
#4108=DIRECTION('',(-1.,0.,-2.3932192232827E-16));
#4109=DIRECTION('',(-1.46699659702056E-16,1.,0.));
#4110=DIRECTION('',(-1.,-1.46699659702056E-16,-2.3932192232827E-16));
#4111=DIRECTION('',(1.46699659702056E-16,-1.,0.));
#4112=DIRECTION('',(1.,1.46699659702056E-16,0.));
#4113=DIRECTION('',(-0.52542932046318,-7.70803025094308E-17,-0.8508372518864));
#4114=DIRECTION('',(-0.8508372518864,0.,0.52542932046318));
#4115=DIRECTION('',(-1.46699659702056E-16,1.,0.));
#4116=DIRECTION('',(-0.8508372518864,-1.24817535313567E-16,0.52542932046318));
#4117=DIRECTION('',(-1.46699659702056E-16,1.,0.));
#4118=DIRECTION('',(-1.46699659702056E-16,1.,0.));
#4119=DIRECTION('',(2.59643133536068E-16,3.80895593337165E-32,-1.));
#4120=DIRECTION('',(-1.,0.,-2.59643133536068E-16));
#4121=DIRECTION('',(-1.46699659702056E-16,1.,0.));
#4122=DIRECTION('',(-1.,-1.46699659702056E-16,-2.59643133536068E-16));
#4123=DIRECTION('',(-1.46699659702056E-16,1.,0.));
#4124=DIRECTION('',(-0.0486972892858212,0.,-0.998813583215713));
#4125=DIRECTION('',(-1.46699659702056E-16,1.,0.));
#4126=DIRECTION('',(-1.46699659702056E-16,1.,0.));
#4127=DIRECTION('',(-1.,-1.46699659702056E-16,0.));
#4128=DIRECTION('',(1.,1.46699659702056E-16,2.47160290577603E-16));
#4129=DIRECTION('',(2.47160290577603E-16,0.,-1.));
#4130=DIRECTION('',(-1.46699659702056E-16,1.,0.));
#4131=DIRECTION('',(2.47160290577603E-16,3.62583305195955E-32,-1.));
#4132=DIRECTION('',(-1.46699659702056E-16,1.,0.));
#4133=DIRECTION('',(-0.0371167507949415,0.,0.999310936000615));
#4134=DIRECTION('',(-1.46699659702056E-16,1.,0.));
#4135=DIRECTION('',(-1.46699659702056E-16,1.,0.));
#4136=DIRECTION('',(-1.,-1.46699659702056E-16,0.));
#4137=DIRECTION('',(-1.33055555975779E-16,-1.95192047831146E-32,1.));
#4138=DIRECTION('',(1.,0.,1.33055555975779E-16));
#4139=DIRECTION('',(-1.46699659702056E-16,1.,0.));
#4140=DIRECTION('',(1.,1.46699659702056E-16,1.33055555975779E-16));
#4141=DIRECTION('',(-1.46699659702056E-16,1.,0.));
#4142=DIRECTION('',(-1.46699659702056E-16,1.,0.));
#4143=DIRECTION('',(0.748779077430095,1.09845635851014E-16,0.662819653603404));
#4144=DIRECTION('',(0.662819653603404,0.,-0.748779077430095));
#4145=DIRECTION('',(-1.46699659702056E-16,1.,0.));
#4146=DIRECTION('',(0.662819653603404,9.72354176274537E-17,-0.748779077430095));
#4147=DIRECTION('',(-1.46699659702056E-16,1.,0.));
#4148=DIRECTION('',(-1.46699659702056E-16,1.,0.));
#4149=DIRECTION('',(-1.46699659702056E-16,1.,0.));
#4150=DIRECTION('',(-0.91203269259084,0.,0.410117504680674));
#4151=DIRECTION('',(-1.46699659702056E-16,1.,0.));
#4152=DIRECTION('',(-1.,-1.46699659702056E-16,0.));
#4153=DIRECTION('',(1.46699659702056E-16,-1.,0.));
#4154=DIRECTION('',(1.,1.46699659702056E-16,0.));
#4155=DIRECTION('',(1.,1.46699659702056E-16,0.));
#4156=DIRECTION('',(-1.46699659702056E-16,1.,0.));
#4157=DIRECTION('',(-1.46699659702056E-16,1.,0.));
#4158=DIRECTION('',(0.,0.,-1.));
#4159=DIRECTION('',(-1.46699659702056E-16,1.,0.));
#4160=DIRECTION('',(-1.46699659702056E-16,1.,0.));
#4161=DIRECTION('',(-0.028228776091431,0.,0.99960148869456));
#4162=DIRECTION('',(-1.46699659702056E-16,1.,0.));
#4163=DIRECTION('',(-1.46699659702056E-16,1.,0.));
#4164=DIRECTION('',(-1.,-1.46699659702056E-16,0.));
#4165=DIRECTION('',(-3.35597489613326E-16,-4.92320375231391E-32,1.));
#4166=DIRECTION('',(1.,0.,3.35597489613326E-16));
#4167=DIRECTION('',(-1.46699659702056E-16,1.,0.));
#4168=DIRECTION('',(1.,1.46699659702056E-16,3.35597489613326E-16));
#4169=DIRECTION('',(-1.46699659702056E-16,1.,0.));
#4170=DIRECTION('',(-1.,-1.46699659702056E-16,0.));
#4171=DIRECTION('',(1.46699659702056E-16,-1.,0.));
#4172=DIRECTION('',(-1.46699659702056E-16,1.,0.));
#4173=DIRECTION('',(0.,0.,1.));
#4174=DIRECTION('',(-1.46699659702056E-16,1.,0.));
#4175=DIRECTION('',(0.,0.,-1.));
#4176=DIRECTION('',(-1.,0.,0.));
#4177=DIRECTION('',(-1.46699659702056E-16,1.,0.));
#4178=DIRECTION('',(-1.,-1.46699659702056E-16,0.));
#4179=DIRECTION('',(1.46699659702056E-16,-1.,0.));
#4180=DIRECTION('',(1.,1.46699659702056E-16,0.));
#4181=DIRECTION('',(-0.390226552380231,-5.72461024408863E-17,0.920718870132158));
#4182=DIRECTION('',(0.920718870132159,0.,0.390226552380232));
#4183=DIRECTION('',(-1.46699659702056E-16,1.,0.));
#4184=DIRECTION('',(0.920718870132159,1.35069144929649E-16,0.390226552380232));
#4185=DIRECTION('',(-1.46699659702056E-16,1.,0.));
#4186=DIRECTION('',(-1.46699659702056E-16,1.,0.));
#4187=DIRECTION('',(0.375492514727377,5.50846241311754E-17,-0.926825426595381));
#4188=DIRECTION('',(-0.926825426595381,0.,-0.375492514727377));
#4189=DIRECTION('',(-1.46699659702056E-16,1.,0.));
#4190=DIRECTION('',(-0.926825426595381,-1.35964974684755E-16,-0.375492514727377));
#4191=DIRECTION('',(1.46699659702056E-16,-1.,0.));
#4192=DIRECTION('',(1.,1.46699659702056E-16,0.));
#4193=DIRECTION('',(0.,0.,-1.));
#4194=DIRECTION('',(-1.,0.,0.));
#4195=DIRECTION('',(-1.46699659702056E-16,1.,0.));
#4196=DIRECTION('',(-1.,-1.46699659702056E-16,0.));
#4197=DIRECTION('',(-1.46699659702056E-16,1.,0.));
#4198=DIRECTION('',(-1.,-1.46699659702056E-16,0.));
#4199=DIRECTION('',(1.46699659702056E-16,-1.,0.));
#4200=DIRECTION('',(-1.46699659702056E-16,1.,0.));
#4201=DIRECTION('',(0.,0.,1.));
#4202=DIRECTION('',(-1.46699659702056E-16,1.,0.));
#4203=DIRECTION('',(0.,0.,-1.));
#4204=DIRECTION('',(-1.,0.,0.));
#4205=DIRECTION('',(-1.46699659702056E-16,1.,0.));
#4206=DIRECTION('',(-1.,-1.46699659702056E-16,0.));
#4207=DIRECTION('',(-1.46699659702056E-16,1.,0.));
#4208=DIRECTION('',(1.,1.46699659702056E-16,0.));
#4209=DIRECTION('',(-1.46699659702056E-16,1.,0.));
#4210=DIRECTION('',(-1.46699659702056E-16,1.,0.));
#4211=DIRECTION('',(0.,0.,-1.));
#4212=DIRECTION('',(0.,0.,-1.));
#4213=DIRECTION('',(-1.,0.,0.));
#4214=DIRECTION('',(-1.46699659702056E-16,1.,0.));
#4215=DIRECTION('',(-1.,-1.46699659702056E-16,0.));
#4216=DIRECTION('',(-1.46699659702056E-16,1.,0.));
#4217=DIRECTION('',(-0.0403827354603847,0.,-0.999184284642596));
#4218=DIRECTION('',(-1.46699659702056E-16,1.,0.));
#4219=DIRECTION('',(-1.46699659702056E-16,1.,0.));
#4220=DIRECTION('',(-1.,-1.46699659702056E-16,0.));
#4221=DIRECTION('',(-1.46699659702056E-16,1.,0.));
#4222=DIRECTION('',(1.,1.46699659702056E-16,0.));
#4223=DIRECTION('',(-1.46699659702056E-16,1.,0.));
#4224=DIRECTION('',(-1.46699659702056E-16,1.,0.));
#4225=DIRECTION('',(0.,0.,-1.));
#4226=DIRECTION('',(-1.46699659702056E-16,1.,0.));
#4227=DIRECTION('',(0.,0.,1.));
#4228=DIRECTION('',(1.,0.,0.));
#4229=DIRECTION('',(-1.46699659702056E-16,1.,0.));
#4230=DIRECTION('',(1.,1.46699659702056E-16,0.));
#4231=DIRECTION('',(-1.46699659702056E-16,1.,0.));
#4232=DIRECTION('',(-1.,-1.46699659702056E-16,0.));
#4233=DIRECTION('',(1.46699659702056E-16,-1.,0.));
#4234=DIRECTION('',(-1.46699659702056E-16,1.,0.));
#4235=DIRECTION('',(0.,0.,1.));
#4236=DIRECTION('',(-2.59152314758117E-16,-3.80175563860158E-32,1.));
#4237=DIRECTION('',(1.,0.,2.59152314758117E-16));
#4238=DIRECTION('',(-1.46699659702056E-16,1.,0.));
#4239=DIRECTION('',(1.,1.46699659702056E-16,2.59152314758117E-16));
#4240=DIRECTION('',(-1.46699659702056E-16,1.,0.));
#4241=DIRECTION('',(-1.46699659702056E-16,1.,0.));
#4242=DIRECTION('',(-1.46699659702056E-16,1.,0.));
#4243=DIRECTION('',(0.755494303466929,1.1083075722544E-16,0.655155216287728));
#4244=DIRECTION('',(0.655155216287728,0.,-0.755494303466929));
#4245=DIRECTION('',(-1.46699659702056E-16,1.,0.));
#4246=DIRECTION('',(0.655155216287728,9.61110472814363E-17,-0.755494303466929));
#4247=DIRECTION('',(-1.46699659702056E-16,1.,0.));
#4248=DIRECTION('',(-1.46699659702056E-16,1.,0.));
#4249=DIRECTION('',(-1.46699659702056E-16,1.,0.));
#4250=DIRECTION('',(-0.524701796452135,-7.69735749845854E-17,-0.851286100438567));
#4251=DIRECTION('',(-0.851286100438567,0.,0.524701796452135));
#4252=DIRECTION('',(-1.46699659702056E-16,1.,0.));
#4253=DIRECTION('',(-0.851286100438567,-1.24883381243428E-16,0.524701796452135));
#4254=DIRECTION('',(1.46699659702056E-16,-1.,0.));
#4255=DIRECTION('',(1.,1.46699659702056E-16,0.));
#4256=DIRECTION('',(0.385523355232309,5.65561450197743E-17,-0.9226980776887));
#4257=DIRECTION('',(-0.922698077688701,0.,-0.385523355232309));
#4258=DIRECTION('',(-1.46699659702056E-16,1.,0.));
#4259=DIRECTION('',(-0.922698077688701,-1.35359494004673E-16,-0.385523355232309));
#4260=DIRECTION('',(-1.46699659702056E-16,1.,0.));
#4261=DIRECTION('',(-1.46699659702056E-16,1.,0.));
#4262=DIRECTION('',(-0.396331538084314,-5.81417017661612E-17,0.918107462076048));
#4263=DIRECTION('',(0.918107462076048,0.,0.396331538084314));
#4264=DIRECTION('',(-1.46699659702056E-16,1.,0.));
#4265=DIRECTION('',(0.918107462076048,1.34686052256474E-16,0.396331538084314));
#4266=DIRECTION('',(1.46699659702056E-16,-1.,0.));
#4267=DIRECTION('',(1.,1.46699659702056E-16,0.));
#4268=CARTESIAN_POINT('',(0.,0.,0.));
#4269=CARTESIAN_POINT('',(-0.000366441750526421,-0.039997171651125,-0.0261));
#4270=CARTESIAN_POINT('',(-0.0204307643984974,-0.039997171651125,0.00542292420459489));
#4271=CARTESIAN_POINT('',(-0.0194522071874415,-0.039997171651125,0.00542292420459489));
#4272=CARTESIAN_POINT('',(-0.0214093216095533,-0.039997171651125,0.00542292420459489));
#4273=CARTESIAN_POINT('',(-0.0232040461496579,-0.039997171651125,-0.00264806382710958));
#4274=CARTESIAN_POINT('',(-0.0195196938916522,-0.039997171651125,-0.000678295647958292));
#4275=CARTESIAN_POINT('',(-0.0194522071874415,-0.039997171651125,0.00207600546764297));
#4276=CARTESIAN_POINT('',(-0.0194522071874415,-0.039997171651125,0.0054229242045949));
#4277=CARTESIAN_POINT('',(-0.0232040461496579,-0.039997171651125,-0.00264806382710958));
#4278=CARTESIAN_POINT('',(-0.0239875246063546,-0.039997171651125,-0.00200694013710745));
#4279=CARTESIAN_POINT('',(-0.0247707141854727,-0.039997171651125,-0.00136605283683317));
#4280=CARTESIAN_POINT('',(-0.0264956521348807,-0.039997171651125,0.00364535864953976));
#4281=CARTESIAN_POINT('',(-0.0233537822746255,-0.039997171651125,-0.000623462700787057));
#4282=CARTESIAN_POINT('',(-0.0213144184317569,-0.039997171651125,0.00420816352880138));
#4283=CARTESIAN_POINT('',(-0.0213144184317569,-0.039997171651125,0.00199375604688612));
#4284=CARTESIAN_POINT('',(-0.0216391981957712,-0.039997171651125,0.000563881501420839));
#4285=CARTESIAN_POINT('',(-0.0233537822746255,-0.039997171651125,-0.000623462700787057));
#4286=CARTESIAN_POINT('',(-0.0213144184317569,-0.039997171651125,0.00420816352880138));
#4287=CARTESIAN_POINT('',(-0.02878764794472,-0.039997171651125,0.00423458549839366));
#4288=CARTESIAN_POINT('',(-0.000366441750526421,-0.039997171651125,0.0116));
#4289=CARTESIAN_POINT('',(-0.0476664417505264,-0.039997171651125,0.0116));
#4290=CARTESIAN_POINT('',(0.0469335582494736,-0.039997171651125,0.0116));
#4291=CARTESIAN_POINT('',(-0.0476664417505264,-0.039997171651125,-0.0261));
#4292=CARTESIAN_POINT('',(-0.0476664417505264,-0.039997171651125,-0.0279));
#4293=CARTESIAN_POINT('',(-0.000366441750526421,-0.039997171651125,-0.0279));
#4294=CARTESIAN_POINT('',(0.0469335582494736,-0.039997171651125,-0.0279));
#4295=CARTESIAN_POINT('',(0.0469335582494736,-0.039997171651125,-0.0261));
#4296=CARTESIAN_POINT('',(-0.0301313831472397,-0.039997171651125,-0.0145809539341924));
#4297=CARTESIAN_POINT('',(-0.0301313831472397,-0.039997171651125,-0.00533095393419238));
#4298=CARTESIAN_POINT('',(-0.0301313831472397,-0.039997171651125,-0.0238309539341924));
#4299=CARTESIAN_POINT('',(0.00141861685276028,-0.039997171651125,-0.00533095393419238));
#4300=CARTESIAN_POINT('',(0.0329686168527603,-0.039997171651125,-0.00533095393419238));
#4301=CARTESIAN_POINT('',(0.0329686168527603,-0.039997171651125,-0.0145809539341924));
#4302=CARTESIAN_POINT('',(0.0329686168527603,-0.039997171651125,-0.0238309539341924));
#4303=CARTESIAN_POINT('',(0.00141861685276027,-0.039997171651125,-0.0238309539341924));
#4304=CARTESIAN_POINT('',(-0.0150255011831175,-0.039997171651125,0.00824260306490032));
#4305=CARTESIAN_POINT('',(-0.0152680315263749,-0.039997171651125,0.00816246260365006));
#4306=CARTESIAN_POINT('',(-0.0160103852726932,-0.039997171651125,0.00812239237302492));
#4307=CARTESIAN_POINT('',(-0.0163878890243721,-0.039997171651125,0.00812239237302492));
#4308=CARTESIAN_POINT('',(-0.0150255011831175,-0.039997171651125,0.00824260306490033));
#4309=CARTESIAN_POINT('',(-0.0163878890243721,-0.039997171651125,0.00812239237302492));
#4310=CARTESIAN_POINT('',(-0.0144856075494315,-0.039997171651125,0.00774383414159275));
#4311=CARTESIAN_POINT('',(-0.0139457139157455,-0.039997171651125,0.00724506521828517));
#4312=CARTESIAN_POINT('',(-0.014472953792392,-0.039997171651125,0.00654278170259204));
#4313=CARTESIAN_POINT('',(-0.01435063414101,-0.039997171651125,0.00674524181522429));
#4314=CARTESIAN_POINT('',(-0.0140933410812066,-0.039997171651125,0.00707002157923853));
#4315=CARTESIAN_POINT('',(-0.0139457139157455,-0.039997171651125,0.00724506521828517));
#4316=CARTESIAN_POINT('',(-0.014472953792392,-0.039997171651125,0.00654278170259204));
#4317=CARTESIAN_POINT('',(-0.0177249693515476,-0.039997171651125,0.00284366672804027));
#4318=CARTESIAN_POINT('',(-0.0163878890243721,-0.039997171651125,0.00378848058699078));
#4319=CARTESIAN_POINT('',(-0.0151056416443679,-0.039997171651125,0.00549041090880565));
#4320=CARTESIAN_POINT('',(-0.014472953792392,-0.039997171651125,0.00654278170259204));
#4321=CARTESIAN_POINT('',(-0.0177249693515476,-0.039997171651125,0.00284366672804027));
#4322=CARTESIAN_POINT('',(-0.0184198715089677,-0.039997171651125,0.00340464995679213));
#4323=CARTESIAN_POINT('',(-0.0191147736663878,-0.039997171651125,0.00396563318554399));
#4324=CARTESIAN_POINT('',(-0.016632528327136,-0.039997171651125,0.00647529499838129));
#4325=CARTESIAN_POINT('',(-0.0169826156052294,-0.039997171651125,0.0058130817133133));
#4326=CARTESIAN_POINT('',(-0.0180349863990158,-0.039997171651125,0.0046257375111054));
#4327=CARTESIAN_POINT('',(-0.0191147736663878,-0.039997171651125,0.00396563318554399));
#4328=CARTESIAN_POINT('',(-0.016632528327136,-0.039997171651125,0.00647529499838129));
#4329=CARTESIAN_POINT('',(-0.0201481638246148,-0.039997171651125,0.00647529499838129));
#4330=CARTESIAN_POINT('',(-0.0236637993220936,-0.039997171651125,0.00647529499838129));
#4331=CARTESIAN_POINT('',(-0.0253108966967373,-0.039997171651125,0.00638039182058492));
#4332=CARTESIAN_POINT('',(-0.0246760998852549,-0.039997171651125,0.00643522476775615));
#4333=CARTESIAN_POINT('',(-0.0242311094293653,-0.039997171651125,0.00647529499838129));
#4334=CARTESIAN_POINT('',(-0.0236637993220936,-0.039997171651125,0.00647529499838129));
#4335=CARTESIAN_POINT('',(-0.0253108966967373,-0.039997171651125,0.00638039182058492));
#4336=CARTESIAN_POINT('',(-0.0253108966967373,-0.039997171651125,0.00731887880101567));
#4337=CARTESIAN_POINT('',(-0.0253108966967373,-0.039997171651125,0.00825736578144642));
#4338=CARTESIAN_POINT('',(-0.0236247796864077,-0.039997171651125,0.0186676235947719));
#4339=CARTESIAN_POINT('',(-0.0236638000292998,-0.039997171651125,0.00812220124740802));
#4340=CARTESIAN_POINT('',(-0.0200258441732329,-0.039997171651125,0.00812239237302492));
#4341=CARTESIAN_POINT('',(-0.0120961564284697,-0.039997171651125,0.00223628639014351));
#4342=CARTESIAN_POINT('',(-0.0115963330254088,-0.039997171651125,0.00227846558027523));
#4343=CARTESIAN_POINT('',(-0.01069369835659,-0.039997171651125,0.00230377309435426));
#4344=CARTESIAN_POINT('',(-0.00992392813668612,-0.039997171651125,0.00230377309435426));
#4345=CARTESIAN_POINT('',(-0.0120961564284697,-0.039997171651125,0.00223628639014351));
#4346=CARTESIAN_POINT('',(-0.00992392813668612,-0.039997171651125,0.00230377309435426));
#4347=CARTESIAN_POINT('',(-0.0120961564284697,-0.039997171651125,0.00329603854220295));
#4348=CARTESIAN_POINT('',(-0.0120961564284697,-0.039997171651125,0.0043557906942624));
#4349=CARTESIAN_POINT('',(-0.00992392813668612,-0.039997171651125,0.00427565023301213));
#4350=CARTESIAN_POINT('',(-0.0106262116523792,-0.039997171651125,0.00427565023301213));
#4351=CARTESIAN_POINT('',(-0.0116110957419549,-0.039997171651125,0.00431572046363727));
#4352=CARTESIAN_POINT('',(-0.0120961564284697,-0.039997171651125,0.0043557906942624));
#4353=CARTESIAN_POINT('',(-0.00992392813668612,-0.039997171651125,0.00427565023301213));
#4354=CARTESIAN_POINT('',(-0.00629968122461814,-0.039997171651125,0.00427565023301213));
#4355=CARTESIAN_POINT('',(-0.00267543431255017,-0.039997171651125,0.00427565023301213));
#4356=CARTESIAN_POINT('',(-0.00109582364211728,-0.039997171651125,0.0043557906942624));
#4357=CARTESIAN_POINT('',(-0.00144801987971714,-0.039997171651125,0.00432837422067679));
#4358=CARTESIAN_POINT('',(-0.00205540021761389,-0.039997171651125,0.00427565023301213));
#4359=CARTESIAN_POINT('',(-0.00267543431255017,-0.039997171651125,0.00427565023301213));
#4360=CARTESIAN_POINT('',(-0.00109582364211728,-0.039997171651125,0.0043557906942624));
#4361=CARTESIAN_POINT('',(-0.00109582364211728,-0.039997171651125,0.00329603854220295));
#4362=CARTESIAN_POINT('',(-0.00109582364211728,-0.039997171651125,0.00223628639014351));
#4363=CARTESIAN_POINT('',(-0.00267543431255017,-0.039997171651125,0.00230377309435426));
#4364=CARTESIAN_POINT('',(-0.00210812420527854,-0.039997171651125,0.00230377309435426));
#4365=CARTESIAN_POINT('',(-0.00142060340613152,-0.039997171651125,0.00225104910668961));
#4366=CARTESIAN_POINT('',(-0.00109582364211728,-0.039997171651125,0.00223628639014351));
#4367=CARTESIAN_POINT('',(-0.00267543431255017,-0.039997171651125,0.00230377309435426));
#4368=CARTESIAN_POINT('',(-0.00629968122461814,-0.039997171651125,0.00230377309435426));
#4369=CARTESIAN_POINT('',(0.0111593400506537,-0.039997171651125,0.0052879507961734));
#4370=CARTESIAN_POINT('',(0.010969533695061,-0.039997171651125,0.00520570137541655));
#4371=CARTESIAN_POINT('',(0.0106067926599282,-0.039997171651125,0.0051529773877519));
#4372=CARTESIAN_POINT('',(0.0101744559610781,-0.039997171651125,0.0051529773877519));
#4373=CARTESIAN_POINT('',(0.0111593400506537,-0.039997171651125,0.0052879507961734));
#4374=CARTESIAN_POINT('',(0.0101744559610781,-0.039997171651125,0.0051529773877519));
#4375=CARTESIAN_POINT('',(0.0117603935100307,-0.039997171651125,0.00491677392301427));
#4376=CARTESIAN_POINT('',(0.0123612046177175,-0.039997171651125,0.00454574671265333));
#4377=CARTESIAN_POINT('',(0.01693995222583,-0.039997171651125,0.00212821949451781));
#4378=CARTESIAN_POINT('',(0.0121041539096042,-0.039997171651125,0.00397828694258351));
#4379=CARTESIAN_POINT('',(0.0101069692568673,-0.039997171651125,0.000239101737406607));
#4380=CARTESIAN_POINT('',(0.0111192698200286,-0.039997171651125,0.00135895923540375));
#4381=CARTESIAN_POINT('',(0.0116992336843397,-0.039997171651125,0.00266862308899363));
#4382=CARTESIAN_POINT('',(0.0121041539096042,-0.039997171651125,0.00397828694258351));
#4383=CARTESIAN_POINT('',(0.0101069692568673,-0.039997171651125,0.000239101737406607));
#4384=CARTESIAN_POINT('',(0.00528799678431842,-0.039997171651125,-0.0026754803006952));
#4385=CARTESIAN_POINT('',(0.00701523462021232,-0.039997171651125,-0.00219041961418042));
#4386=CARTESIAN_POINT('',(0.00874247245610623,-0.039997171651125,-0.00127302222881553));
#4387=CARTESIAN_POINT('',(0.0101069692568673,-0.039997171651125,0.000239101737406607));
#4388=CARTESIAN_POINT('',(0.00528799678431842,-0.039997171651125,-0.0026754803006952));
#4389=CARTESIAN_POINT('',(0.00461312974221091,-0.039997171651125,-0.00191309143906436));
#4390=CARTESIAN_POINT('',(0.00393826270010341,-0.039997171651125,-0.00115070257743354));
#4391=CARTESIAN_POINT('',(0.00862226176423083,-0.039997171651125,0.00121133206994273));
#4392=CARTESIAN_POINT('',(0.00759519848452346,-0.039997171651125,0.00015896127615634));
#4393=CARTESIAN_POINT('',(0.00597551758346545,-0.039997171651125,-0.000733128595129522));
#4394=CARTESIAN_POINT('',(0.00393826270010341,-0.039997171651125,-0.00115070257743354));
#4395=CARTESIAN_POINT('',(0.00862226176423083,-0.039997171651125,0.00121133206994273));
#4396=CARTESIAN_POINT('',(0.010012066079071,-0.039997171651125,0.00354595024373339));
#4397=CARTESIAN_POINT('',(0.00976953573581359,-0.039997171651125,0.00279094274037562));
#4398=CARTESIAN_POINT('',(0.00934985279400298,-0.039997171651125,0.00195368581626099));
#4399=CARTESIAN_POINT('',(0.00862226176423083,-0.039997171651125,0.00121133206994273));
#4400=CARTESIAN_POINT('',(0.010012066079071,-0.039997171651125,0.00354595024373339));
#4401=CARTESIAN_POINT('',(0.00675266916164237,-0.039997171651125,0.00354595024373339));
#4402=CARTESIAN_POINT('',(0.00349327206003962,-0.039997171651125,0.00354575856841936));
#4403=CARTESIAN_POINT('',(0.0034757960775732,-0.039997171651125,-0.0146419966441432));
#4404=CARTESIAN_POINT('',(0.0019263153308204,-0.039997171651125,0.00347945148343259));
#4405=CARTESIAN_POINT('',(0.0019263153308204,-0.039997171651125,0.0043557906942624));
#4406=CARTESIAN_POINT('',(0.0019263153308204,-0.039997171651125,0.00523311784900216));
#4407=CARTESIAN_POINT('',(0.00365505728833268,-0.039997171651125,0.0234257811510119));
#4408=CARTESIAN_POINT('',(0.00349326902511333,-0.039997171651125,0.00515261380661291));
#4409=CARTESIAN_POINT('',(0.00683386410264593,-0.039997171651125,0.0051529773877519));
#4410=CARTESIAN_POINT('',(0.00451392611773141,-0.039997171651125,-0.0165583653650007));
#4411=CARTESIAN_POINT('',(0.00316849248019952,-0.039997171651125,0.00671870144870556));
#4412=CARTESIAN_POINT('',(0.0045730589816028,-0.039997171651125,0.00675768660029892));
#4413=CARTESIAN_POINT('',(0.00316849248019952,-0.039997171651125,0.00758882561785868));
#4414=CARTESIAN_POINT('',(0.00316849248019952,-0.039997171651125,0.00845982589407868));
#4415=CARTESIAN_POINT('',(0.00457305951158578,-0.039997171651125,0.00839233918986793));
#4416=CARTESIAN_POINT('',(0.00411330633915004,-0.039997171651125,0.00839233918986793));
#4417=CARTESIAN_POINT('',(0.00354599623187841,-0.039997171651125,0.00840499294690745));
#4418=CARTESIAN_POINT('',(0.00316849248019952,-0.039997171651125,0.00845982589407868));
#4419=CARTESIAN_POINT('',(0.00457305951158578,-0.039997171651125,0.00839233918986793));
#4420=CARTESIAN_POINT('',(0.00717129762369969,-0.039997171651125,0.00839233918986793));
#4421=CARTESIAN_POINT('',(0.00976953573581359,-0.039997171651125,0.00839233918986793));
#4422=CARTESIAN_POINT('',(0.0112268267548645,-0.039997171651125,0.00845982589407868));
#4423=CARTESIAN_POINT('',(0.0108493230031856,-0.039997171651125,0.00840499294690745));
#4424=CARTESIAN_POINT('',(0.0101871097181176,-0.039997171651125,0.00839233918986793));
#4425=CARTESIAN_POINT('',(0.00976953573581359,-0.039997171651125,0.00839233918986793));
#4426=CARTESIAN_POINT('',(0.0112268267548645,-0.039997171651125,0.00845982589407868));
#4427=CARTESIAN_POINT('',(0.0112268267548645,-0.039997171651125,0.00758882561785868));
#4428=CARTESIAN_POINT('',(0.0112268267548645,-0.039997171651125,0.00671782534163868));
#4429=CARTESIAN_POINT('',(0.00974211926222797,-0.039997171651125,0.00675789557226381));
#4430=CARTESIAN_POINT('',(0.0102271799487427,-0.039997171651125,0.00675789557226381));
#4431=CARTESIAN_POINT('',(0.0108619767602251,-0.039997171651125,0.0067452418152243));
#4432=CARTESIAN_POINT('',(0.0112268267548645,-0.039997171651125,0.00671782534163868));
#4433=CARTESIAN_POINT('',(0.00974211926222797,-0.039997171651125,0.00675789557226381));
#4434=CARTESIAN_POINT('',(0.00715758938690688,-0.039997171651125,0.00675789557226381));
#4435=CARTESIAN_POINT('',(0.0249814606568182,-0.039997171651125,0.00743276261437132));
#4436=CARTESIAN_POINT('',(0.0247241675970147,-0.039997171651125,0.0079325860174322));
#4437=CARTESIAN_POINT('',(0.0242517606675394,-0.039997171651125,0.00879725941513244));
#4438=CARTESIAN_POINT('',(0.0239143271464856,-0.039997171651125,0.00928232010164721));
#4439=CARTESIAN_POINT('',(0.0249814606568182,-0.039997171651125,0.00743276261437132));
#4440=CARTESIAN_POINT('',(0.0239143271464856,-0.039997171651125,0.00928232010164721));
#4441=CARTESIAN_POINT('',(0.0244415670231321,-0.039997171651125,0.00720394050790675));
#4442=CARTESIAN_POINT('',(0.0239016733894461,-0.039997171651125,0.00697511840144217));
#4443=CARTESIAN_POINT('',(0.0228471936361531,-0.039997171651125,0.00884998340279709));
#4444=CARTESIAN_POINT('',(0.0232120436307925,-0.039997171651125,0.00832485248565718));
#4445=CARTESIAN_POINT('',(0.023616963856057,-0.039997171651125,0.00752766579216769));
#4446=CARTESIAN_POINT('',(0.0239016733894461,-0.039997171651125,0.00697511840144217));
#4447=CARTESIAN_POINT('',(0.0228471936361531,-0.039997171651125,0.00884998340279709));
#4448=CARTESIAN_POINT('',(0.0233807603913194,-0.039997171651125,0.00906615175222215));
#4449=CARTESIAN_POINT('',(0.0209723286347982,-0.039997171651125,0.00720394050790675));
#4450=CARTESIAN_POINT('',(0.0209723286347982,-0.039997171651125,0.00669040886805306));
#4451=CARTESIAN_POINT('',(0.0209723286347982,-0.039997171651125,0.00771747214776043));
#4452=CARTESIAN_POINT('',(0.0221533459584864,-0.039997171651125,0.00669040886805306));
#4453=CARTESIAN_POINT('',(0.0233343632821745,-0.039997171651125,0.00669040886805306));
#4454=CARTESIAN_POINT('',(0.0244542207801717,-0.039997171651125,0.00682538227647457));
#4455=CARTESIAN_POINT('',(0.0242116904369142,-0.039997171651125,0.0067452418152243));
#4456=CARTESIAN_POINT('',(0.0238869106729,-0.039997171651125,0.00669040886805306));
#4457=CARTESIAN_POINT('',(0.0233343632821745,-0.039997171651125,0.00669040886805306));
#4458=CARTESIAN_POINT('',(0.0244542207801717,-0.039997171651125,0.00682538227647457));
#4459=CARTESIAN_POINT('',(0.0250341846444828,-0.039997171651125,0.00646791364010825));
#4460=CARTESIAN_POINT('',(0.0256141485087939,-0.039997171651125,0.00611044500374193));
#4461=CARTESIAN_POINT('',(0.025358964408497,-0.039997171651125,0.00504542045291602));
#4462=CARTESIAN_POINT('',(0.0254116883961617,-0.039997171651125,0.00530060455321292));
#4463=CARTESIAN_POINT('',(0.0255213542905041,-0.039997171651125,0.00581308171331331));
#4464=CARTESIAN_POINT('',(0.0256141485087939,-0.039997171651125,0.00611044500374193));
#4465=CARTESIAN_POINT('',(0.025358964408497,-0.039997171651125,0.00504542045291602));
#4466=CARTESIAN_POINT('',(0.0240893707855323,-0.039997171651125,0.00121133206994274));
#4467=CARTESIAN_POINT('',(0.0247642378276398,-0.039997171651125,0.00243874650277577));
#4468=CARTESIAN_POINT('',(0.0251164340652397,-0.039997171651125,0.00374841035636565));
#4469=CARTESIAN_POINT('',(0.025358964408497,-0.039997171651125,0.00504542045291602));
#4470=CARTESIAN_POINT('',(0.0240893707855323,-0.039997171651125,0.00121133206994274));
#4471=CARTESIAN_POINT('',(0.0185828775138363,-0.039997171651125,-0.00283787018270231));
#4472=CARTESIAN_POINT('',(0.0209849823918377,-0.039997171651125,-0.00220307337121994));
#4473=CARTESIAN_POINT('',(0.0230243462347063,-0.039997171651125,-0.000773198825754652));
#4474=CARTESIAN_POINT('',(0.0240893707855323,-0.039997171651125,0.00121133206994274));
#4475=CARTESIAN_POINT('',(0.0185828775138363,-0.039997171651125,-0.00283787018270231));
#4476=CARTESIAN_POINT('',(0.0178805939981432,-0.039997171651125,-0.0020280297321733));
#4477=CARTESIAN_POINT('',(0.0171783104824501,-0.039997171651125,-0.00121818928164429));
#4478=CARTESIAN_POINT('',(0.0190953546739367,-0.039997171651125,-0.000678295647958284));
#4479=CARTESIAN_POINT('',(0.0185280445666651,-0.039997171651125,-0.000908172234176154));
#4480=CARTESIAN_POINT('',(0.0177856908203468,-0.039997171651125,-0.00111063234680841));
#4481=CARTESIAN_POINT('',(0.0171783104824501,-0.039997171651125,-0.00121818928164429));
#4482=CARTESIAN_POINT('',(0.0190953546739367,-0.039997171651125,-0.000678295647958284));
#4483=CARTESIAN_POINT('',(0.0221596728370061,-0.039997171651125,0.00161625229520724));
#4484=CARTESIAN_POINT('',(0.0213899026171023,-0.039997171651125,0.000523811270795714));
#4485=CARTESIAN_POINT('',(0.0202025584148944,-0.039997171651125,-0.000260721665654264));
#4486=CARTESIAN_POINT('',(0.0190953546739367,-0.039997171651125,-0.000678295647958284));
#4487=CARTESIAN_POINT('',(0.0221596728370061,-0.039997171651125,0.00161625229520724));
#4488=CARTESIAN_POINT('',(0.023347017039214,-0.039997171651125,0.00509814444058067));
#4489=CARTESIAN_POINT('',(0.0231846271572069,-0.039997171651125,0.00388338376478715));
#4490=CARTESIAN_POINT('',(0.0228345398791136,-0.039997171651125,0.00261589910132899));
#4491=CARTESIAN_POINT('',(0.0221596728370061,-0.039997171651125,0.00161625229520724));
#4492=CARTESIAN_POINT('',(0.023347017039214,-0.039997171651125,0.00509814444058067));
#4493=CARTESIAN_POINT('',(0.0200000983022621,-0.039997171651125,0.00509814444058066));
#4494=CARTESIAN_POINT('',(0.0166531795653101,-0.039997171651125,0.00509814444058066));
#4495=CARTESIAN_POINT('',(0.0166531795653101,-0.039997171651125,0.00410587899273197));
#4496=CARTESIAN_POINT('',(0.0166531795653101,-0.039997171651125,0.00311361354488328));
#4497=CARTESIAN_POINT('',(0.0167059035529748,-0.039997171651125,0.00211607569826812));
#4498=CARTESIAN_POINT('',(0.0166658333223497,-0.039997171651125,0.00238602251511112));
#4499=CARTESIAN_POINT('',(0.0166531795653101,-0.039997171651125,0.00281835921396124));
#4500=CARTESIAN_POINT('',(0.0166531795653101,-0.039997171651125,0.00311361354488328));
#4501=CARTESIAN_POINT('',(0.0167059035529748,-0.039997171651125,0.00211607569826812));
#4502=CARTESIAN_POINT('',(0.0157747979308171,-0.039997171651125,0.00211607569826812));
#4503=CARTESIAN_POINT('',(0.0148436923086594,-0.039997171651125,0.00211607569826812));
#4504=CARTESIAN_POINT('',(0.0148985252558306,-0.039997171651125,0.00324858695330477));
#4505=CARTESIAN_POINT('',(0.0148985252558306,-0.039997171651125,0.00288584591817199));
#4506=CARTESIAN_POINT('',(0.0148837625392845,-0.039997171651125,0.00245350921932187));
#4507=CARTESIAN_POINT('',(0.0148436923086594,-0.039997171651125,0.00211607569826812));
#4508=CARTESIAN_POINT('',(0.0148985252558306,-0.039997171651125,0.00324858695330477));
#4509=CARTESIAN_POINT('',(0.0148985252558306,-0.039997171651125,0.00442327739847316));
#4510=CARTESIAN_POINT('',(0.0148985252558306,-0.039997171651125,0.00559796784364154));
#4511=CARTESIAN_POINT('',(0.0148436923086594,-0.039997171651125,0.0067452418152243));
#4512=CARTESIAN_POINT('',(0.0148985252558306,-0.039997171651125,0.00642046205121006));
#4513=CARTESIAN_POINT('',(0.0148985252558306,-0.039997171651125,0.00589533113407016));
#4514=CARTESIAN_POINT('',(0.0148985252558306,-0.039997171651125,0.00559796784364154));
#4515=CARTESIAN_POINT('',(0.0148436923086594,-0.039997171651125,0.0067452418152243));
#4516=CARTESIAN_POINT('',(0.0161184270174652,-0.039997171651125,0.0216952617795584));
#4517=CARTESIAN_POINT('',(0.0162208407974007,-0.039997171651125,0.00669071200405682));
#4518=CARTESIAN_POINT('',(0.0176580987701984,-0.039997171651125,0.00669040886805306));
#4519=CARTESIAN_POINT('',(0.0190953546739367,-0.039997171651125,0.00669040886805306));
#4520=CARTESIAN_POINT('',(0.0190953546739367,-0.039997171651125,0.00720394050790675));
#4521=CARTESIAN_POINT('',(0.0190953546739367,-0.039997171651125,0.00771747214776043));
#4522=CARTESIAN_POINT('',(0.0190004514961403,-0.039997171651125,0.00895964929713956));
#4523=CARTESIAN_POINT('',(0.0190827009168972,-0.039997171651125,0.00837757647332183));
#4524=CARTESIAN_POINT('',(0.0190953546739367,-0.039997171651125,0.00810762965647883));
#4525=CARTESIAN_POINT('',(0.0190953546739367,-0.039997171651125,0.00771747214776043));
#4526=CARTESIAN_POINT('',(0.0190004514961403,-0.039997171651125,0.00895964929713956));
#4527=CARTESIAN_POINT('',(0.0200401685328872,-0.039997171651125,0.00895964929713956));
#4528=CARTESIAN_POINT('',(0.0210798855696341,-0.039997171651125,0.00895964929713956));
#4529=CARTESIAN_POINT('',(0.0209723286347982,-0.039997171651125,0.00771747214776043));
#4530=CARTESIAN_POINT('',(0.0209723286347982,-0.039997171651125,0.00810762965647883));
#4531=CARTESIAN_POINT('',(0.0209997451083839,-0.039997171651125,0.00837757647332183));
#4532=CARTESIAN_POINT('',(0.0210798855696341,-0.039997171651125,0.00895964929713956));
#4533=CARTESIAN_POINT('',(0.024549123957968,-0.039997171651125,0.00933715304881844));
#4534=CARTESIAN_POINT('',(0.0249139739526074,-0.039997171651125,0.00883732964575757));
#4535=CARTESIAN_POINT('',(0.0253442016919509,-0.039997171651125,0.00804014295226808));
#4536=CARTESIAN_POINT('',(0.02562891122534,-0.039997171651125,0.00748759556154256));
#4537=CARTESIAN_POINT('',(0.024549123957968,-0.039997171651125,0.00933715304881844));
#4538=CARTESIAN_POINT('',(0.02562891122534,-0.039997171651125,0.00748759556154256));
#4539=CARTESIAN_POINT('',(0.025081636233381,-0.039997171651125,0.00955964827676326));
#4540=CARTESIAN_POINT('',(0.0256141485087939,-0.039997171651125,0.00978214350470808));
#4541=CARTESIAN_POINT('',(0.0266939357761659,-0.039997171651125,0.0079473487339783));
#4542=CARTESIAN_POINT('',(0.0264661681494546,-0.039997171651125,0.00841975566345355));
#4543=CARTESIAN_POINT('',(0.0259663447463938,-0.039997171651125,0.0092696663446077));
#4544=CARTESIAN_POINT('',(0.0256141485087939,-0.039997171651125,0.00978214350470808));
#4545=CARTESIAN_POINT('',(0.0266939357761659,-0.039997171651125,0.0079473487339783));
#4546=CARTESIAN_POINT('',(0.026161423500753,-0.039997171651125,0.00771747214776043));
#4547=CARTESIAN_POINT('',(-0.000366441750526435,-0.038197171651125,-0.0261));
#4548=CARTESIAN_POINT('',(0.0367086168527603,-0.038197171651125,-0.0261));
#4549=CARTESIAN_POINT('',(0.0367086168527603,-0.038197171651125,-0.0261));
#4550=CARTESIAN_POINT('',(0.0367086168527603,-0.038197171651125,0.0116));
#4551=CARTESIAN_POINT('',(-0.000366441750526435,-0.038197171651125,-0.0261));
#4552=CARTESIAN_POINT('',(-0.0374413831472397,-0.038197171651125,-0.0261));
#4553=CARTESIAN_POINT('',(-0.0374413831472397,-0.038197171651125,-0.0261));
#4554=CARTESIAN_POINT('',(-0.0374413831472397,-0.038197171651125,0.0116));
#4555=CARTESIAN_POINT('',(-0.000366441750526435,-0.038197171651125,0.0116));
#4556=CARTESIAN_POINT('',(-0.000366441750526435,-0.038197171651125,-0.00533095393419238));
#4557=CARTESIAN_POINT('',(-0.0301313831472397,-0.038197171651125,-0.00533095393419238));
#4558=CARTESIAN_POINT('',(0.0329686168527603,-0.038197171651125,-0.00533095393419238));
#4559=CARTESIAN_POINT('',(-0.0301313831472397,-0.038197171651125,-0.0261));
#4560=CARTESIAN_POINT('',(-0.0301313831472397,-0.038197171651125,-0.0238309539341924));
#4561=CARTESIAN_POINT('',(-0.000366441750526435,-0.038197171651125,-0.0238309539341924));
#4562=CARTESIAN_POINT('',(0.0329686168527603,-0.038197171651125,-0.0238309539341924));
#4563=CARTESIAN_POINT('',(0.0329686168527603,-0.038197171651125,-0.0261));
#4564=CARTESIAN_POINT('',(0.0451335582494736,-0.010828666085685,-0.0261));
#4565=CARTESIAN_POINT('',(0.0451335582494736,-0.0330798192058311,-0.0261));
#4566=CARTESIAN_POINT('',(0.0451335582494736,-0.0330798192058311,-0.0261));
#4567=CARTESIAN_POINT('',(0.0451335581633598,-0.0330798192058311,0.));
#4568=CARTESIAN_POINT('',(0.0451335581633598,-0.0296298192058311,0.));
#4569=CARTESIAN_POINT('',(0.0451335581633598,-0.0261798192058311,0.));
#4570=CARTESIAN_POINT('',(0.0451335581633598,-0.0261798192058311,0.006));
#4571=CARTESIAN_POINT('',(0.0451335581633598,-0.0261798192058311,0.006));
#4572=CARTESIAN_POINT('',(0.0451335581633598,-0.0296298192058311,0.006));
#4573=CARTESIAN_POINT('',(0.0451335581633598,-0.0330798192058311,0.006));
#4574=CARTESIAN_POINT('',(0.0451335582494736,-0.0330798192058311,-0.0261));
#4575=CARTESIAN_POINT('',(0.0451335582494736,-0.0330798192058311,0.0116));
#4576=CARTESIAN_POINT('',(0.0451335582494736,-0.010828666085685,0.0116));
#4577=CARTESIAN_POINT('',(0.0451335582494736,0.016539839479755,0.0116));
#4578=CARTESIAN_POINT('',(0.0451335582494736,0.016539839479755,-0.0261));
#4579=CARTESIAN_POINT('',(0.0451335582064167,0.0165397761968574,0.006));
#4580=CARTESIAN_POINT('',(0.0451335581633598,0.0117798835711668,0.006));
#4581=CARTESIAN_POINT('',(0.0451335581633598,0.00702005422837379,0.006));
#4582=CARTESIAN_POINT('',(0.0451335581633598,0.00702005422837379,0.006));
#4583=CARTESIAN_POINT('',(0.0451335581633598,0.00702005422837379,0.));
#4584=CARTESIAN_POINT('',(0.0451335581633598,0.0117798835711668,0.));
#4585=CARTESIAN_POINT('',(0.0451335582064167,0.0165397761968574,0.));
#4586=CARTESIAN_POINT('',(0.0451335582494736,0.016539839479755,-0.0261));
#4587=CARTESIAN_POINT('',(0.0451335582494736,0.016539839479755,-0.0261));
#4588=CARTESIAN_POINT('',(0.0451335582494736,-0.010828666085685,-0.0261));
#4589=CARTESIAN_POINT('',(0.0451335582494736,0.00269,-0.0261));
#4590=CARTESIAN_POINT('',(0.0451335582494736,0.00269,-0.0119146954180634));
#4591=CARTESIAN_POINT('',(0.0451335582494736,0.00269,-0.00296323088091255));
#4592=CARTESIAN_POINT('',(0.0451335582494736,-0.010828666085685,-0.00296323088091254));
#4593=CARTESIAN_POINT('',(0.0451335582494736,0.00169,-0.00296323088091255));
#4594=CARTESIAN_POINT('',(0.0451335582494736,0.00169,-0.0261));
#4595=CARTESIAN_POINT('',(0.0451335582494736,0.00169,-0.0119146954180634));
#4596=CARTESIAN_POINT('',(0.0451335582494736,-0.010828666085685,-0.0119146954180634));
#4597=CARTESIAN_POINT('',(0.0451335582494736,0.001,-0.0261));
#4598=CARTESIAN_POINT('',(0.0451335582494736,0.001,-0.0119146954180634));
#4599=CARTESIAN_POINT('',(0.0451335582494736,0.001,-0.00296323088091255));
#4600=CARTESIAN_POINT('',(0.0451335582494736,-0.010828666085685,-0.00296323088091254));
#4601=CARTESIAN_POINT('',(0.0451335582494736,1.07390804929282E-17,-0.00296323088091255));
#4602=CARTESIAN_POINT('',(0.0451335582494736,1.04083408558608E-17,-0.0261));
#4603=CARTESIAN_POINT('',(0.0451335582494736,1.07390804929282E-17,-0.0119146954180634));
#4604=CARTESIAN_POINT('',(0.0451335582494736,-0.010828666085685,-0.0119146954180634));
#4605=CARTESIAN_POINT('',(0.0451335582494736,-0.000679120346531273,-0.0261));
#4606=CARTESIAN_POINT('',(0.0451335582494736,-0.000679120346531272,-0.0119146954180634));
#4607=CARTESIAN_POINT('',(0.0451335582494736,-0.000679120346531273,-0.00295894796122253));
#4608=CARTESIAN_POINT('',(0.0451335582494736,-0.010828666085685,-0.00295894796122253));
#4609=CARTESIAN_POINT('',(0.0451335582494736,-0.00167912034653127,-0.00295894796122253));
#4610=CARTESIAN_POINT('',(0.0451335582494736,-0.00167912034653127,-0.0261));
#4611=CARTESIAN_POINT('',(0.0451335582494736,-0.00167912034653127,-0.0119146954180634));
#4612=CARTESIAN_POINT('',(0.0451335582494736,-0.010828666085685,-0.0119146954180634));
#4613=CARTESIAN_POINT('',(0.0451335582494736,-0.00227912034653127,-0.0261));
#4614=CARTESIAN_POINT('',(0.0451335582494736,-0.00227912034653127,-0.0119096612835264));
#4615=CARTESIAN_POINT('',(0.0451335582494736,-0.00227912034653127,-0.00295819674637556));
#4616=CARTESIAN_POINT('',(0.0451335582494736,-0.010828666085685,-0.00295819674637556));
#4617=CARTESIAN_POINT('',(0.0451335582494736,-0.00327912034653127,-0.00295819674637556));
#4618=CARTESIAN_POINT('',(0.0451335582494736,-0.00327912034653127,-0.0261));
#4619=CARTESIAN_POINT('',(0.0451335582494736,-0.00327912034653127,-0.0119096612835264));
#4620=CARTESIAN_POINT('',(0.0451335582494736,-0.010828666085685,-0.0119096612835264));
#4621=CARTESIAN_POINT('',(0.0469335582494736,-0.010828666085685,-0.0261));
#4622=CARTESIAN_POINT('',(0.0469335582494736,-0.00117912034653127,-0.00295894796122253));
#4623=CARTESIAN_POINT('',(0.0469335582494736,-0.00167912034653127,-0.00295894796122253));
#4624=CARTESIAN_POINT('',(0.0469335582494736,-0.000679120346531272,-0.00295894796122253));
#4625=CARTESIAN_POINT('',(0.0469335582494736,-0.000679120346531272,-0.00743682168964297));
#4626=CARTESIAN_POINT('',(0.0469335582494736,-0.000679120346531273,-0.0119146954180634));
#4627=CARTESIAN_POINT('',(0.0469335582494736,-0.00117912034653127,-0.0119146954180634));
#4628=CARTESIAN_POINT('',(0.0469335582494736,-0.00167912034653127,-0.0119146954180634));
#4629=CARTESIAN_POINT('',(0.0469335582494736,-0.00167912034653127,-0.00743682168964297));
#4630=CARTESIAN_POINT('',(0.0469335582494736,0.00219,-0.00296323088091255));
#4631=CARTESIAN_POINT('',(0.0469335582494736,0.00169,-0.00296323088091255));
#4632=CARTESIAN_POINT('',(0.0469335582494736,0.00269,-0.00296323088091255));
#4633=CARTESIAN_POINT('',(0.0469335582494736,0.00269,-0.00743896314948797));
#4634=CARTESIAN_POINT('',(0.0469335582494736,0.00269,-0.0119146954180634));
#4635=CARTESIAN_POINT('',(0.0469335582494736,0.00219,-0.0119146954180634));
#4636=CARTESIAN_POINT('',(0.0469335582494736,0.00169,-0.0119146954180634));
#4637=CARTESIAN_POINT('',(0.0469335582494736,0.00169,-0.00743896314948797));
#4638=CARTESIAN_POINT('',(0.0469335582494736,-0.010828666085685,0.0116));
#4639=CARTESIAN_POINT('',(0.0469335582494736,0.018339839479755,0.0116));
#4640=CARTESIAN_POINT('',(0.0469335582494736,-0.010828666085685,-0.0279));
#4641=CARTESIAN_POINT('',(0.0469335582494736,0.018339839479755,-0.0279));
#4642=CARTESIAN_POINT('',(0.0469335582494736,0.018339839479755,-0.0261));
#4643=CARTESIAN_POINT('',(0.0469335582494736,0.000500000000000011,-0.00296323088091255));
#4644=CARTESIAN_POINT('',(0.0469335582494736,1.11672823766007E-17,-0.00296323088091255));
#4645=CARTESIAN_POINT('',(0.0469335582494736,0.001,-0.00296323088091255));
#4646=CARTESIAN_POINT('',(0.0469335582494736,0.001,-0.00743896314948797));
#4647=CARTESIAN_POINT('',(0.0469335582494736,0.001,-0.0119146954180634));
#4648=CARTESIAN_POINT('',(0.0469335582494736,0.000500000000000011,-0.0119146954180634));
#4649=CARTESIAN_POINT('',(0.0469335582494736,1.11672823766007E-17,-0.0119146954180634));
#4650=CARTESIAN_POINT('',(0.0469335582494736,1.11650211388207E-17,-0.00743896314948797));
#4651=CARTESIAN_POINT('',(0.0469335582494736,-0.00277912034653127,-0.00295819674637556));
#4652=CARTESIAN_POINT('',(0.0469335582494736,-0.00327912034653127,-0.00295819674637556));
#4653=CARTESIAN_POINT('',(0.0469335582494736,-0.00227912034653127,-0.00295819674637556));
#4654=CARTESIAN_POINT('',(0.0469335582494736,-0.00227912034653127,-0.00743392901495099));
#4655=CARTESIAN_POINT('',(0.0469335582494736,-0.00227912034653127,-0.0119096612835264));
#4656=CARTESIAN_POINT('',(0.0469335582494736,-0.00277912034653127,-0.0119096612835264));
#4657=CARTESIAN_POINT('',(0.0469335582494736,-0.00327912034653127,-0.0119096612835264));
#4658=CARTESIAN_POINT('',(0.0469335582494736,-0.00327912034653127,-0.00743392901495099));
#4659=CARTESIAN_POINT('',(-0.000366441750526435,0.018339839479755,-0.0261));
#4660=CARTESIAN_POINT('',(-0.000366441750526435,0.018339839479755,0.0116));
#4661=CARTESIAN_POINT('',(-0.0476664417505264,0.0183398394797549,0.0116));
#4662=CARTESIAN_POINT('',(-0.000366441750526435,0.018339839479755,-0.0279));
#4663=CARTESIAN_POINT('',(-0.0476664417505264,0.0183398394797549,-0.0279));
#4664=CARTESIAN_POINT('',(-0.0476664417505264,0.0183398394797549,-0.0261));
#4665=CARTESIAN_POINT('',(0.00036495820488555,0.018339839479755,-0.00160709719272526));
#4666=CARTESIAN_POINT('',(0.00683495820488555,0.018339839479755,-0.00160709719272526));
#4667=CARTESIAN_POINT('',(-0.00610504179511445,0.018339839479755,-0.00160709719272526));
#4668=CARTESIAN_POINT('',(-0.00610504179511445,0.018339839479755,-0.00482962653980903));
#4669=CARTESIAN_POINT('',(-0.00610504179511445,0.018339839479755,-0.00805215588689281));
#4670=CARTESIAN_POINT('',(0.000364958204885552,0.018339839479755,-0.00805215588689281));
#4671=CARTESIAN_POINT('',(0.00683495820488555,0.018339839479755,-0.00805215588689281));
#4672=CARTESIAN_POINT('',(0.00683495820488555,0.018339839479755,-0.00482962653980903));
#4673=CARTESIAN_POINT('',(-0.000366441750526435,0.016539839479755,-0.0261));
#4674=CARTESIAN_POINT('',(-0.000366441836640238,0.016539839479755,0.));
#4675=CARTESIAN_POINT('',(-0.0458664417935834,0.0165397761968574,0.));
#4676=CARTESIAN_POINT('',(-0.0379664418366403,0.016539839479755,0.));
#4677=CARTESIAN_POINT('',(-0.0458664417505264,0.016539839479755,-0.0261));
#4678=CARTESIAN_POINT('',(-0.0458664417505264,0.016539839479755,-0.0261));
#4679=CARTESIAN_POINT('',(-0.000366441750526435,0.016539839479755,-0.0261));
#4680=CARTESIAN_POINT('',(-0.000366441836640238,0.016539839479755,0.));
#4681=CARTESIAN_POINT('',(0.0372335581633597,0.016539839479755,0.));
#4682=CARTESIAN_POINT('',(0.0372335581633597,0.016539839479755,0.006));
#4683=CARTESIAN_POINT('',(0.0372335581633597,0.016539839479755,0.006));
#4684=CARTESIAN_POINT('',(-0.000366441750526435,0.016539839479755,0.006));
#4685=CARTESIAN_POINT('',(-0.000366441750526435,0.016539839479755,0.0116));
#4686=CARTESIAN_POINT('',(-0.0458664417505264,0.016539839479755,0.0116));
#4687=CARTESIAN_POINT('',(-0.0458664417505264,0.016539839479755,-0.0261));
#4688=CARTESIAN_POINT('',(-0.0458664417935834,0.0165397761968574,0.006));
#4689=CARTESIAN_POINT('',(-0.000366441750526435,0.016539839479755,0.006));
#4690=CARTESIAN_POINT('',(-0.0379664418366403,0.016539839479755,0.006));
#4691=CARTESIAN_POINT('',(-0.0379664418366403,0.016539839479755,-0.0261));
#4692=CARTESIAN_POINT('',(-0.00610504179511445,0.016539839479755,-0.0261));
#4693=CARTESIAN_POINT('',(-0.00610504179511445,0.016539839479755,-0.00805215588689281));
#4694=CARTESIAN_POINT('',(-0.00610504179511445,0.016539839479755,-0.00160709719272526));
#4695=CARTESIAN_POINT('',(-0.000366441750526435,0.016539839479755,-0.00160709719272526));
#4696=CARTESIAN_POINT('',(0.00683495820488555,0.016539839479755,-0.00160709719272526));
#4697=CARTESIAN_POINT('',(0.00683495820488555,0.016539839479755,-0.0261));
#4698=CARTESIAN_POINT('',(0.00683495820488555,0.016539839479755,-0.00805215588689281));
#4699=CARTESIAN_POINT('',(-0.000366441750526435,0.016539839479755,-0.00805215588689281));
#4700=CARTESIAN_POINT('',(-0.0458664417505264,-0.010828666085685,-0.0261));
#4701=CARTESIAN_POINT('',(-0.0458664418366402,0.0117798835711668,0.));
#4702=CARTESIAN_POINT('',(-0.0458664418366402,0.00702005422837379,0.));
#4703=CARTESIAN_POINT('',(-0.0458664418366402,0.00702005422837379,0.006));
#4704=CARTESIAN_POINT('',(-0.0458664418366402,0.00702005422837379,0.006));
#4705=CARTESIAN_POINT('',(-0.0458664418366402,0.0117798835711668,0.006));
#4706=CARTESIAN_POINT('',(-0.0458664417505264,-0.010828666085685,0.0116));
#4707=CARTESIAN_POINT('',(-0.0458664417505264,-0.0328798192058311,0.0116));
#4708=CARTESIAN_POINT('',(-0.0458664417505264,-0.0328798192058311,-0.0261));
#4709=CARTESIAN_POINT('',(-0.0458664417505264,-0.0328798192058311,0.006));
#4710=CARTESIAN_POINT('',(-0.0458664418366402,-0.0294772766083479,0.006));
#4711=CARTESIAN_POINT('',(-0.0458664417505264,-0.0260272766083479,0.006));
#4712=CARTESIAN_POINT('',(-0.0458664418366402,-0.0260272766083479,0.006));
#4713=CARTESIAN_POINT('',(-0.0458664417505264,-0.0260272766083479,0.));
#4714=CARTESIAN_POINT('',(-0.0458664418366402,-0.0294772766083479,0.));
#4715=CARTESIAN_POINT('',(-0.0458664418366402,-0.0328798192058311,0.));
#4716=CARTESIAN_POINT('',(-0.0458664417505264,-0.0328798192058311,-0.0261));
#4717=CARTESIAN_POINT('',(-0.0458664417505264,-0.0328798192058311,-0.0261));
#4718=CARTESIAN_POINT('',(-0.0458664417505264,-0.010828666085685,-0.0261));
#4719=CARTESIAN_POINT('',(0.0409210875511169,-0.0330798192058311,-0.0261));
#4720=CARTESIAN_POINT('',(0.0411835581633598,-0.0330798192058311,0.));
#4721=CARTESIAN_POINT('',(0.0372335581633597,-0.0330798192058311,0.));
#4722=CARTESIAN_POINT('',(0.0409210875511169,-0.0330798192058311,-0.0261));
#4723=CARTESIAN_POINT('',(0.0367086168527603,-0.0330798192058311,-0.0261));
#4724=CARTESIAN_POINT('',(0.0367086168527603,-0.0330798192058311,-0.0261));
#4725=CARTESIAN_POINT('',(0.0367086168527603,-0.0330798192058311,0.0116));
#4726=CARTESIAN_POINT('',(0.0409210875511169,-0.0330798192058311,0.0116));
#4727=CARTESIAN_POINT('',(0.0411835581633598,-0.0330798192058311,0.006));
#4728=CARTESIAN_POINT('',(0.0372335581633597,-0.0330798192058311,0.006));
#4729=CARTESIAN_POINT('',(0.0372335581633597,-0.0330798192058311,0.006));
#4730=CARTESIAN_POINT('',(-0.0476664417505264,-0.010828666085685,-0.0261));
#4731=CARTESIAN_POINT('',(-0.0476664417505264,-0.010828666085685,0.0116));
#4732=CARTESIAN_POINT('',(-0.0476664417505264,-0.010828666085685,-0.0279));
#4733=CARTESIAN_POINT('',(-0.000366441750526428,-0.010828666085685,0.0116));
#4734=CARTESIAN_POINT('',(-0.0431367754936219,-0.0366373993456363,0.0116));
#4735=CARTESIAN_POINT('',(-0.0415367754936219,-0.0366373993456363,0.0116));
#4736=CARTESIAN_POINT('',(0.0424505545589991,-0.0363123376832605,0.0116));
#4737=CARTESIAN_POINT('',(0.0440505545589991,-0.0363123376832605,0.0116));
#4738=CARTESIAN_POINT('',(0.0367086168527603,-0.035638495428478,0.0116));
#4739=CARTESIAN_POINT('',(-0.0374413831472397,-0.036017171651125,0.0116));
#4740=CARTESIAN_POINT('',(-0.0374413831472397,-0.033837171651125,0.0116));
#4741=CARTESIAN_POINT('',(-0.00225138314723971,-0.033837171651125,0.0116));
#4742=CARTESIAN_POINT('',(0.0329386168527602,-0.033837171651125,0.0116));
#4743=CARTESIAN_POINT('',(0.0329386168527602,-0.033358495428478,0.0116));
#4744=CARTESIAN_POINT('',(0.0329386168527602,-0.0328798192058311,0.0116));
#4745=CARTESIAN_POINT('',(-0.00225138314723971,-0.0328798192058311,0.0116));
#4746=CARTESIAN_POINT('',(-0.00225138314723971,-0.0328798192058311,-0.0261));
#4747=CARTESIAN_POINT('',(-0.0378456488251686,-0.0328798192058311,-0.0261));
#4748=CARTESIAN_POINT('',(-0.0378456488251686,-0.0328798192058311,0.006));
#4749=CARTESIAN_POINT('',(-0.0378456488251686,-0.0328798192058311,0.));
#4750=CARTESIAN_POINT('',(-0.00225138314723971,-0.0328798192058311,0.006));
#4751=CARTESIAN_POINT('',(0.0329386168527602,-0.0328798192058311,-0.0261));
#4752=CARTESIAN_POINT('',(0.0329386168527602,-0.0328798192058311,-0.0261));
#4753=CARTESIAN_POINT('',(-0.00225138314723971,-0.0328798192058311,-0.0261));
#4754=CARTESIAN_POINT('',(-0.00225138314723971,-0.0328798192058311,0.));
#4755=CARTESIAN_POINT('',(-0.0374413831472397,-0.036017171651125,-0.0261));
#4756=CARTESIAN_POINT('',(-0.0374413831472397,-0.036017171651125,-0.0261));
#4757=CARTESIAN_POINT('',(-0.0374413831472397,-0.033837171651125,-0.0261));
#4758=CARTESIAN_POINT('',(-0.0374413831472397,-0.033837171651125,-0.0261));
#4759=CARTESIAN_POINT('',(-0.00225138314723971,-0.033837171651125,-0.0261));
#4760=CARTESIAN_POINT('',(-0.00225138314723971,-0.033837171651125,-0.0261));
#4761=CARTESIAN_POINT('',(0.0329386168527602,-0.033837171651125,-0.0261));
#4762=CARTESIAN_POINT('',(0.0329386168527602,-0.033837171651125,-0.0261));
#4763=CARTESIAN_POINT('',(0.0329386168527602,-0.033358495428478,-0.0261));
#4764=CARTESIAN_POINT('',(0.0329386168527602,-0.033358495428478,-0.0261));
#4765=CARTESIAN_POINT('',(0.0367086168527603,-0.035638495428478,-0.0261));
#4766=CARTESIAN_POINT('',(0.0367086168527603,-0.035638495428478,-0.0261));
#4767=CARTESIAN_POINT('',(0.0411835581633598,-0.0261798192058311,0.006));
#4768=CARTESIAN_POINT('',(0.0411835581633598,-0.0261798192058311,0.));
#4769=CARTESIAN_POINT('',(0.0372335581633597,-0.0261798192058311,0.));
#4770=CARTESIAN_POINT('',(0.0372335581633597,-0.0261798192058311,0.006));
#4771=CARTESIAN_POINT('',(0.0372335581633597,-0.0261798192058311,0.006));
#4772=CARTESIAN_POINT('',(0.0411835581633598,-0.0261798192058311,0.006));
#4773=CARTESIAN_POINT('',(0.0372335581633597,-0.0296298192058311,0.006));
#4774=CARTESIAN_POINT('',(0.0372335581633597,-0.0296298192058311,0.));
#4775=CARTESIAN_POINT('',(0.0372335581633597,-0.0296298192058311,0.006));
#4776=CARTESIAN_POINT('',(0.0401335581633597,-0.0280799457716262,0.006));
#4777=CARTESIAN_POINT('',(0.0401335581633597,-0.0280799457716262,0.006));
#4778=CARTESIAN_POINT('',(0.0417319434437305,-0.0280799457716262,0.006));
#4779=CARTESIAN_POINT('',(0.0401335581633597,-0.0280799457716262,0.));
#4780=CARTESIAN_POINT('',(0.0417319434437305,-0.0280799457716262,0.));
#4781=CARTESIAN_POINT('',(-0.000366441836640238,-0.00827005314593564,0.006));
#4782=CARTESIAN_POINT('',(-0.000366441836640238,-0.00827005314593564,0.));
#4783=CARTESIAN_POINT('',(-0.0378456488251686,-0.0294772766083479,0.006));
#4784=CARTESIAN_POINT('',(-0.0378456488251686,-0.0294772766083479,0.006));
#4785=CARTESIAN_POINT('',(-0.0378456488251686,-0.0260272766083479,0.006));
#4786=CARTESIAN_POINT('',(-0.0378456488251686,-0.0294772766083479,0.));
#4787=CARTESIAN_POINT('',(-0.0378456488251686,-0.0260272766083479,0.));
#4788=CARTESIAN_POINT('',(-0.0378456488251686,-0.0260272766083479,0.006));
#4789=CARTESIAN_POINT('',(-0.000366441836640238,-0.00827005314593564,0.006));
#4790=CARTESIAN_POINT('',(-0.0408680565562696,-0.0280783310519969,0.006));
#4791=CARTESIAN_POINT('',(-0.0392696712758988,-0.0280783310519969,0.006));
#4792=CARTESIAN_POINT('',(-0.0418560453309045,-0.0260272766083479,0.006));
#4793=CARTESIAN_POINT('',(-0.000366441836640238,-0.00827005314593564,0.));
#4794=CARTESIAN_POINT('',(-0.0408680565562696,-0.0280783310519969,0.));
#4795=CARTESIAN_POINT('',(-0.0392696712758988,-0.0280783310519969,0.));
#4796=CARTESIAN_POINT('',(-0.0418560453309045,-0.0260272766083479,0.));
#4797=CARTESIAN_POINT('',(-0.0418560453309045,-0.0260272766083479,0.006));
#4798=CARTESIAN_POINT('',(-0.0408680565562696,-0.0280783310519969,0.006));
#4799=CARTESIAN_POINT('',(0.0372335581633597,0.0117798835711668,0.006));
#4800=CARTESIAN_POINT('',(0.0372335581633597,0.0117798835711668,0.));
#4801=CARTESIAN_POINT('',(0.0372335581633597,0.00702005422837379,0.));
#4802=CARTESIAN_POINT('',(0.0372335581633597,0.00702005422837379,0.006));
#4803=CARTESIAN_POINT('',(0.0372335581633597,0.00702005422837379,0.006));
#4804=CARTESIAN_POINT('',(0.0372335581633597,0.0117798835711668,0.006));
#4805=CARTESIAN_POINT('',(0.0411835581633598,0.00702005422837379,0.006));
#4806=CARTESIAN_POINT('',(0.0411835581633598,0.00702005422837379,0.));
#4807=CARTESIAN_POINT('',(0.0411835581633598,0.00702005422837379,0.006));
#4808=CARTESIAN_POINT('',(0.0401335581633597,0.00992005422837379,0.006));
#4809=CARTESIAN_POINT('',(0.0401335581633597,0.00992005422837379,0.006));
#4810=CARTESIAN_POINT('',(0.0417335581633597,0.00992005422837379,0.006));
#4811=CARTESIAN_POINT('',(0.0401335581633597,0.00992005422837379,0.));
#4812=CARTESIAN_POINT('',(0.0417335581633597,0.00992005422837379,0.));
#4813=CARTESIAN_POINT('',(-0.000366441836640238,-0.00827005314593564,0.006));
#4814=CARTESIAN_POINT('',(-0.000366441836640238,-0.00827005314593564,0.));
#4815=CARTESIAN_POINT('',(-0.0419164418366403,0.0070200542283738,0.006));
#4816=CARTESIAN_POINT('',(-0.0419164418366403,0.0070200542283738,0.));
#4817=CARTESIAN_POINT('',(-0.0379664418366403,0.0070200542283738,0.));
#4818=CARTESIAN_POINT('',(-0.0379664418366403,0.0070200542283738,0.006));
#4819=CARTESIAN_POINT('',(-0.0379664418366403,0.0070200542283738,0.006));
#4820=CARTESIAN_POINT('',(-0.0419164418366403,0.0070200542283738,0.006));
#4821=CARTESIAN_POINT('',(-0.0379664418366403,0.0117798835711668,0.006));
#4822=CARTESIAN_POINT('',(-0.0379664418366403,0.0117798835711668,0.));
#4823=CARTESIAN_POINT('',(-0.0379664418366403,0.0117798835711668,0.006));
#4824=CARTESIAN_POINT('',(-0.0408664418366403,0.00992005422837379,0.006));
#4825=CARTESIAN_POINT('',(-0.0408664418366403,0.00992005422837379,0.006));
#4826=CARTESIAN_POINT('',(-0.0392600710846765,0.00992005422837379,0.006));
#4827=CARTESIAN_POINT('',(-0.0408664418366403,0.00992005422837379,0.));
#4828=CARTESIAN_POINT('',(-0.0392600710846765,0.00992005422837379,0.));
#4829=CARTESIAN_POINT('',(-0.000366441836640238,-0.00827005314593564,0.006));
#4830=CARTESIAN_POINT('',(-0.000366441836640238,-0.00827005314593564,0.));
#4831=CARTESIAN_POINT('',(0.0424505545589991,-0.0363123376832605,0.0031));
#4832=CARTESIAN_POINT('',(0.0424505545589991,-0.0363123376832605,0.0031));
#4833=CARTESIAN_POINT('',(0.0440505545589991,-0.0363123376832605,0.0031));
#4834=CARTESIAN_POINT('',(-0.000366441750526428,-0.010828666085685,0.0031));
#4835=CARTESIAN_POINT('',(-0.0431367754936219,-0.0366373993456363,0.0031));
#4836=CARTESIAN_POINT('',(-0.0431367754936219,-0.0366373993456363,0.0031));
#4837=CARTESIAN_POINT('',(-0.0415367754936219,-0.0366373993456363,0.0031));
#4838=CARTESIAN_POINT('',(-0.000366441750526428,-0.010828666085685,0.0031));
#4839=CARTESIAN_POINT('',(-0.000366441750526428,-0.010828666085685,-0.0261));
#4840=CARTESIAN_POINT('',(-0.000366441750526428,-0.010828666085685,-0.0279));
#4841=CARTESIAN_POINT('',(0.00036495820488555,0.0163398394797549,-0.00160709719272526));
#4842=CARTESIAN_POINT('',(-0.00610504179511445,0.0163398394797549,-0.00160709719272526));
#4843=CARTESIAN_POINT('',(0.00683495820488555,0.0163398394797549,-0.00160709719272526));
#4844=CARTESIAN_POINT('',(0.00683495820488555,0.0163398394797549,-0.00482962653980903));
#4845=CARTESIAN_POINT('',(0.00683495820488555,0.0163398394797549,-0.00805215588689281));
#4846=CARTESIAN_POINT('',(0.000364958204885552,0.0163398394797549,-0.00805215588689281));
#4847=CARTESIAN_POINT('',(-0.00610504179511445,0.0163398394797549,-0.00805215588689281));
#4848=CARTESIAN_POINT('',(-0.00610504179511445,0.0163398394797549,-0.00482962653980903));
#4849=CARTESIAN_POINT('',(0.0449335582494736,0.00219,-0.00296323088091255));
#4850=CARTESIAN_POINT('',(0.0449335582494736,0.00269,-0.00296323088091255));
#4851=CARTESIAN_POINT('',(0.0449335582494736,0.00169,-0.00296323088091255));
#4852=CARTESIAN_POINT('',(0.0449335582494736,0.00169,-0.00743896314948797));
#4853=CARTESIAN_POINT('',(0.0449335582494736,0.00169,-0.0119146954180634));
#4854=CARTESIAN_POINT('',(0.0449335582494736,0.00219,-0.0119146954180634));
#4855=CARTESIAN_POINT('',(0.0449335582494736,0.00269,-0.0119146954180634));
#4856=CARTESIAN_POINT('',(0.0449335582494736,0.00269,-0.00743896314948797));
#4857=CARTESIAN_POINT('',(0.0449335582494736,0.000500000000000011,-0.00296323088091255));
#4858=CARTESIAN_POINT('',(0.0449335582494736,0.001,-0.00296323088091255));
#4859=CARTESIAN_POINT('',(0.0449335582494736,1.06915025058535E-17,-0.00296323088091255));
#4860=CARTESIAN_POINT('',(0.0449335582494736,1.06892412680735E-17,-0.00743896314948797));
#4861=CARTESIAN_POINT('',(0.0449335582494736,1.06915025058535E-17,-0.0119146954180634));
#4862=CARTESIAN_POINT('',(0.0449335582494736,0.000500000000000011,-0.0119146954180634));
#4863=CARTESIAN_POINT('',(0.0449335582494736,0.001,-0.0119146954180634));
#4864=CARTESIAN_POINT('',(0.0449335582494736,0.001,-0.00743896314948797));
#4865=CARTESIAN_POINT('',(0.0449335582494736,-0.00117912034653127,-0.00295894796122253));
#4866=CARTESIAN_POINT('',(0.0449335582494736,-0.000679120346531272,-0.00295894796122253));
#4867=CARTESIAN_POINT('',(0.0449335582494736,-0.00167912034653127,-0.00295894796122253));
#4868=CARTESIAN_POINT('',(0.0449335582494736,-0.00167912034653127,-0.00743682168964297));
#4869=CARTESIAN_POINT('',(0.0449335582494736,-0.00167912034653127,-0.0119146954180634));
#4870=CARTESIAN_POINT('',(0.0449335582494736,-0.00117912034653127,-0.0119146954180634));
#4871=CARTESIAN_POINT('',(0.0449335582494736,-0.000679120346531272,-0.0119146954180634));
#4872=CARTESIAN_POINT('',(0.0449335582494736,-0.000679120346531272,-0.00743682168964297));
#4873=CARTESIAN_POINT('',(0.0449335582494736,-0.00277912034653127,-0.00295819674637556));
#4874=CARTESIAN_POINT('',(0.0449335582494736,-0.00227912034653127,-0.00295819674637556));
#4875=CARTESIAN_POINT('',(0.0449335582494736,-0.00327912034653127,-0.00295819674637556));
#4876=CARTESIAN_POINT('',(0.0449335582494736,-0.00327912034653127,-0.00743392901495099));
#4877=CARTESIAN_POINT('',(0.0449335582494736,-0.00327912034653127,-0.0119096612835264));
#4878=CARTESIAN_POINT('',(0.0449335582494736,-0.00277912034653127,-0.0119096612835264));
#4879=CARTESIAN_POINT('',(0.0449335582494736,-0.00227912034653127,-0.0119096612835264));
#4880=CARTESIAN_POINT('',(0.0449335582494736,-0.00227912034653127,-0.00743392901495099));
#4881=CARTESIAN_POINT('',(0.00141861685276028,-0.037697171651125,-0.00533095393419238));
#4882=CARTESIAN_POINT('',(0.0329686168527603,-0.037697171651125,-0.00533095393419238));
#4883=CARTESIAN_POINT('',(-0.0301313831472397,-0.037697171651125,-0.00533095393419238));
#4884=CARTESIAN_POINT('',(-0.0301313831472397,-0.037697171651125,-0.0145809539341924));
#4885=CARTESIAN_POINT('',(-0.0301313831472397,-0.037697171651125,-0.0238309539341924));
#4886=CARTESIAN_POINT('',(0.00141861685276027,-0.037697171651125,-0.0238309539341924));
#4887=CARTESIAN_POINT('',(0.0329686168527603,-0.037697171651125,-0.0238309539341924));
#4888=CARTESIAN_POINT('',(0.0329686168527603,-0.037697171651125,-0.0145809539341924));
#4889=CARTESIAN_POINT('',(-0.0204307643984974,-0.040957171651125,0.00542292420459489));
#4890=CARTESIAN_POINT('',(-0.0214095951257109,-0.040957171651125,0.00542292420459489));
#4891=CARTESIAN_POINT('',(-0.0214093216095533,-0.040957171651125,0.00542292420459489));
#4892=CARTESIAN_POINT('',(-0.0204307643984974,-0.040957171651125,0.00542292420459489));
#4893=CARTESIAN_POINT('',(-0.0194522071874415,-0.040957171651125,0.00542292420459489));
#4894=CARTESIAN_POINT('',(-0.0194522071874415,-0.040957171651125,0.00542292420459489));
#4895=CARTESIAN_POINT('',(-0.02878764794472,-0.040957171651125,0.00423458549839366));
#4896=CARTESIAN_POINT('',(-0.0213144184317569,-0.040957171651125,0.00420816352880138));
#4897=CARTESIAN_POINT('',(-0.0213144184317569,-0.040957171651125,0.00420816352880138));
#4898=CARTESIAN_POINT('',(-0.02878764794472,-0.040957171651125,0.00423458549839366));
#4899=CARTESIAN_POINT('',(-0.0213144184317569,-0.040957171651125,0.00420816352880138));
#4900=CARTESIAN_POINT('',(-0.0213144184317569,-0.039997171651125,0.00420816352880138));
#4901=CARTESIAN_POINT('',(-0.0213144184317569,-0.040957171651125,0.00199375604688612));
#4902=CARTESIAN_POINT('',(-0.0213144184317569,-0.039997171651125,0.00199375604688612));
#4903=CARTESIAN_POINT('',(-0.0216391981957711,-0.040957171651125,0.000563881501420839));
#4904=CARTESIAN_POINT('',(-0.0216391981957711,-0.039997171651125,0.000563881501420839));
#4905=CARTESIAN_POINT('',(-0.0233537822746255,-0.040957171651125,-0.000623462700787057));
#4906=CARTESIAN_POINT('',(-0.0233537822746255,-0.039997171651125,-0.000623462700787057));
#4907=CARTESIAN_POINT('',(-0.0233537822746255,-0.040957171651125,-0.000623462700787057));
#4908=CARTESIAN_POINT('',(-0.0233537822746255,-0.040957171651125,-0.000623462700787057));
#4909=CARTESIAN_POINT('',(-0.0213144184317569,-0.040957171651125,0.00420816352880138));
#4910=CARTESIAN_POINT('',(-0.0213144184317569,-0.040957171651125,0.00199375604688612));
#4911=CARTESIAN_POINT('',(-0.0216391981957712,-0.040957171651125,0.000563881501420839));
#4912=CARTESIAN_POINT('',(-0.0233537822746255,-0.040957171651125,-0.000623462700787057));
#4913=CARTESIAN_POINT('',(-0.0264956521348807,-0.040957171651125,0.00364535864953976));
#4914=CARTESIAN_POINT('',(-0.0247707141854727,-0.040957171651125,-0.00136605283683316));
#4915=CARTESIAN_POINT('',(-0.0247707141854727,-0.040957171651125,-0.00136605283683317));
#4916=CARTESIAN_POINT('',(-0.0264956521348807,-0.040957171651125,0.00364535864953976));
#4917=CARTESIAN_POINT('',(-0.0239875246063546,-0.040957171651125,-0.00200694013710745));
#4918=CARTESIAN_POINT('',(-0.0232040461496579,-0.040957171651125,-0.00264806382710958));
#4919=CARTESIAN_POINT('',(-0.0232040461496579,-0.040957171651125,-0.00264806382710958));
#4920=CARTESIAN_POINT('',(-0.0239875246063546,-0.040957171651125,-0.00200694013710745));
#4921=CARTESIAN_POINT('',(-0.0232040461496579,-0.040957171651125,-0.00264806382710958));
#4922=CARTESIAN_POINT('',(-0.0232040461496579,-0.039997171651125,-0.00264806382710958));
#4923=CARTESIAN_POINT('',(-0.0195196938916522,-0.040957171651125,-0.000678295647958292));
#4924=CARTESIAN_POINT('',(-0.0195196938916522,-0.039997171651125,-0.000678295647958292));
#4925=CARTESIAN_POINT('',(-0.0194522071874415,-0.040957171651125,0.00207600546764298));
#4926=CARTESIAN_POINT('',(-0.0194522071874415,-0.039997171651125,0.00207600546764298));
#4927=CARTESIAN_POINT('',(-0.0194522071874415,-0.040957171651125,0.0054229242045949));
#4928=CARTESIAN_POINT('',(-0.0194522071874415,-0.039997171651125,0.0054229242045949));
#4929=CARTESIAN_POINT('',(-0.0232040461496579,-0.040957171651125,-0.00264806382710958));
#4930=CARTESIAN_POINT('',(-0.0195196938916522,-0.040957171651125,-0.000678295647958292));
#4931=CARTESIAN_POINT('',(-0.0194522071874415,-0.040957171651125,0.00207600546764297));
#4932=CARTESIAN_POINT('',(-0.0194522071874415,-0.040957171651125,0.0054229242045949));
#4933=CARTESIAN_POINT('',(-0.000366441750526422,-0.040957171651125,-0.00815));
#4934=CARTESIAN_POINT('',(-0.0144856075494315,-0.040957171651125,0.00774383414159275));
#4935=CARTESIAN_POINT('',(-0.0150255011831175,-0.040957171651125,0.00824260306490033));
#4936=CARTESIAN_POINT('',(-0.0150255011831175,-0.040957171651125,0.00824260306490033));
#4937=CARTESIAN_POINT('',(-0.0144856075494315,-0.040957171651125,0.00774383414159275));
#4938=CARTESIAN_POINT('',(-0.0139457139157455,-0.040957171651125,0.00724506521828517));
#4939=CARTESIAN_POINT('',(-0.0139457139157455,-0.040957171651125,0.00724506521828517));
#4940=CARTESIAN_POINT('',(-0.0150255011831175,-0.040957171651125,0.00824260306490032));
#4941=CARTESIAN_POINT('',(-0.0150255011831175,-0.039997171651125,0.00824260306490032));
#4942=CARTESIAN_POINT('',(-0.015268031526375,-0.040957171651125,0.00816246260365006));
#4943=CARTESIAN_POINT('',(-0.015268031526375,-0.039997171651125,0.00816246260365006));
#4944=CARTESIAN_POINT('',(-0.0160103852726932,-0.040957171651125,0.00812239237302492));
#4945=CARTESIAN_POINT('',(-0.0160103852726932,-0.039997171651125,0.00812239237302492));
#4946=CARTESIAN_POINT('',(-0.0163878890243721,-0.040957171651125,0.00812239237302492));
#4947=CARTESIAN_POINT('',(-0.0163878890243721,-0.039997171651125,0.00812239237302492));
#4948=CARTESIAN_POINT('',(-0.0163878890243721,-0.040957171651125,0.00812239237302492));
#4949=CARTESIAN_POINT('',(-0.0163878890243721,-0.040957171651125,0.00812239237302492));
#4950=CARTESIAN_POINT('',(-0.0150255011831175,-0.040957171651125,0.00824260306490032));
#4951=CARTESIAN_POINT('',(-0.0152680315263749,-0.040957171651125,0.00816246260365006));
#4952=CARTESIAN_POINT('',(-0.0160103852726932,-0.040957171651125,0.00812239237302492));
#4953=CARTESIAN_POINT('',(-0.0163878890243721,-0.040957171651125,0.00812239237302492));
#4954=CARTESIAN_POINT('',(-0.0200258441732329,-0.040957171651125,0.00812239237302492));
#4955=CARTESIAN_POINT('',(-0.0236637993220936,-0.040957171651125,0.00812239237302492));
#4956=CARTESIAN_POINT('',(-0.0236638000292998,-0.040957171651125,0.00812220124740802));
#4957=CARTESIAN_POINT('',(-0.0200258441732329,-0.040957171651125,0.00812239237302492));
#4958=CARTESIAN_POINT('',(-0.0236247796864077,-0.040957171651125,0.0186676235947719));
#4959=CARTESIAN_POINT('',(-0.0253108966967373,-0.040957171651125,0.0082576045942445));
#4960=CARTESIAN_POINT('',(-0.0253108966967373,-0.040957171651125,0.00825736578144642));
#4961=CARTESIAN_POINT('',(-0.0236247796864077,-0.040957171651125,0.0186676235947719));
#4962=CARTESIAN_POINT('',(-0.0253108966967373,-0.040957171651125,0.00731887880101567));
#4963=CARTESIAN_POINT('',(-0.0253108966967373,-0.040957171651125,0.00638039182058492));
#4964=CARTESIAN_POINT('',(-0.0253108966967373,-0.040957171651125,0.00638039182058492));
#4965=CARTESIAN_POINT('',(-0.0253108966967373,-0.040957171651125,0.00731887880101567));
#4966=CARTESIAN_POINT('',(-0.0253108966967373,-0.040957171651125,0.00638039182058492));
#4967=CARTESIAN_POINT('',(-0.0253108966967373,-0.039997171651125,0.00638039182058492));
#4968=CARTESIAN_POINT('',(-0.0246760998852549,-0.040957171651125,0.00643522476775615));
#4969=CARTESIAN_POINT('',(-0.0246760998852549,-0.039997171651125,0.00643522476775615));
#4970=CARTESIAN_POINT('',(-0.0242311094293653,-0.040957171651125,0.00647529499838129));
#4971=CARTESIAN_POINT('',(-0.0242311094293653,-0.039997171651125,0.00647529499838129));
#4972=CARTESIAN_POINT('',(-0.0236637993220936,-0.040957171651125,0.00647529499838129));
#4973=CARTESIAN_POINT('',(-0.0236637993220936,-0.039997171651125,0.00647529499838129));
#4974=CARTESIAN_POINT('',(-0.0236637993220936,-0.040957171651125,0.00647529499838129));
#4975=CARTESIAN_POINT('',(-0.0236637993220936,-0.040957171651125,0.00647529499838129));
#4976=CARTESIAN_POINT('',(-0.0253108966967373,-0.040957171651125,0.00638039182058492));
#4977=CARTESIAN_POINT('',(-0.0246760998852549,-0.040957171651125,0.00643522476775615));
#4978=CARTESIAN_POINT('',(-0.0242311094293653,-0.040957171651125,0.00647529499838129));
#4979=CARTESIAN_POINT('',(-0.0236637993220936,-0.040957171651125,0.00647529499838129));
#4980=CARTESIAN_POINT('',(-0.0201481638246148,-0.040957171651125,0.00647529499838129));
#4981=CARTESIAN_POINT('',(-0.016632528327136,-0.040957171651125,0.00647529499838129));
#4982=CARTESIAN_POINT('',(-0.016632528327136,-0.040957171651125,0.00647529499838129));
#4983=CARTESIAN_POINT('',(-0.0201481638246148,-0.040957171651125,0.00647529499838129));
#4984=CARTESIAN_POINT('',(-0.016632528327136,-0.040957171651125,0.00647529499838129));
#4985=CARTESIAN_POINT('',(-0.016632528327136,-0.039997171651125,0.00647529499838129));
#4986=CARTESIAN_POINT('',(-0.0169826156052294,-0.040957171651125,0.0058130817133133));
#4987=CARTESIAN_POINT('',(-0.0169826156052294,-0.039997171651125,0.0058130817133133));
#4988=CARTESIAN_POINT('',(-0.0180349863990158,-0.040957171651125,0.0046257375111054));
#4989=CARTESIAN_POINT('',(-0.0180349863990158,-0.039997171651125,0.0046257375111054));
#4990=CARTESIAN_POINT('',(-0.0191147736663878,-0.040957171651125,0.00396563318554399));
#4991=CARTESIAN_POINT('',(-0.0191147736663878,-0.039997171651125,0.00396563318554399));
#4992=CARTESIAN_POINT('',(-0.0191147736663878,-0.040957171651125,0.00396563318554399));
#4993=CARTESIAN_POINT('',(-0.0191147736663878,-0.040957171651125,0.00396563318554399));
#4994=CARTESIAN_POINT('',(-0.016632528327136,-0.040957171651125,0.00647529499838129));
#4995=CARTESIAN_POINT('',(-0.0169826156052294,-0.040957171651125,0.0058130817133133));
#4996=CARTESIAN_POINT('',(-0.0180349863990158,-0.040957171651125,0.0046257375111054));
#4997=CARTESIAN_POINT('',(-0.0191147736663878,-0.040957171651125,0.00396563318554399));
#4998=CARTESIAN_POINT('',(-0.0184198715089677,-0.040957171651125,0.00340464995679213));
#4999=CARTESIAN_POINT('',(-0.0177249693515476,-0.040957171651125,0.00284366672804027));
#5000=CARTESIAN_POINT('',(-0.0177249693515476,-0.040957171651125,0.00284366672804027));
#5001=CARTESIAN_POINT('',(-0.0184198715089677,-0.040957171651125,0.00340464995679213));
#5002=CARTESIAN_POINT('',(-0.0177249693515476,-0.040957171651125,0.00284366672804027));
#5003=CARTESIAN_POINT('',(-0.0177249693515476,-0.039997171651125,0.00284366672804027));
#5004=CARTESIAN_POINT('',(-0.0163878890243721,-0.040957171651125,0.00378848058699078));
#5005=CARTESIAN_POINT('',(-0.0163878890243721,-0.039997171651125,0.00378848058699078));
#5006=CARTESIAN_POINT('',(-0.0151056416443679,-0.040957171651125,0.00549041090880565));
#5007=CARTESIAN_POINT('',(-0.0151056416443679,-0.039997171651125,0.00549041090880565));
#5008=CARTESIAN_POINT('',(-0.014472953792392,-0.040957171651125,0.00654278170259204));
#5009=CARTESIAN_POINT('',(-0.014472953792392,-0.039997171651125,0.00654278170259204));
#5010=CARTESIAN_POINT('',(-0.014472953792392,-0.040957171651125,0.00654278170259204));
#5011=CARTESIAN_POINT('',(-0.014472953792392,-0.040957171651125,0.00654278170259204));
#5012=CARTESIAN_POINT('',(-0.0177249693515476,-0.040957171651125,0.00284366672804027));
#5013=CARTESIAN_POINT('',(-0.0163878890243721,-0.040957171651125,0.00378848058699078));
#5014=CARTESIAN_POINT('',(-0.0151056416443679,-0.040957171651125,0.00549041090880565));
#5015=CARTESIAN_POINT('',(-0.014472953792392,-0.040957171651125,0.00654278170259204));
#5016=CARTESIAN_POINT('',(-0.014472953792392,-0.040957171651125,0.00654278170259204));
#5017=CARTESIAN_POINT('',(-0.014472953792392,-0.039997171651125,0.00654278170259204));
#5018=CARTESIAN_POINT('',(-0.01435063414101,-0.040957171651125,0.00674524181522429));
#5019=CARTESIAN_POINT('',(-0.01435063414101,-0.039997171651125,0.00674524181522429));
#5020=CARTESIAN_POINT('',(-0.0140933410812066,-0.040957171651125,0.00707002157923853));
#5021=CARTESIAN_POINT('',(-0.0140933410812066,-0.039997171651125,0.00707002157923853));
#5022=CARTESIAN_POINT('',(-0.0139457139157455,-0.040957171651125,0.00724506521828517));
#5023=CARTESIAN_POINT('',(-0.0139457139157455,-0.039997171651125,0.00724506521828517));
#5024=CARTESIAN_POINT('',(-0.014472953792392,-0.040957171651125,0.00654278170259204));
#5025=CARTESIAN_POINT('',(-0.01435063414101,-0.040957171651125,0.00674524181522429));
#5026=CARTESIAN_POINT('',(-0.0140933410812066,-0.040957171651125,0.00707002157923853));
#5027=CARTESIAN_POINT('',(-0.0139457139157455,-0.040957171651125,0.00724506521828517));
#5028=CARTESIAN_POINT('',(-0.000366441750526422,-0.040957171651125,-0.00815));
#5029=CARTESIAN_POINT('',(-0.0120961564284697,-0.040957171651125,0.00329603854220295));
#5030=CARTESIAN_POINT('',(-0.0120961564284697,-0.040957171651125,0.00223628639014351));
#5031=CARTESIAN_POINT('',(-0.0120961564284697,-0.040957171651125,0.00223628639014351));
#5032=CARTESIAN_POINT('',(-0.0120961564284697,-0.040957171651125,0.00329603854220295));
#5033=CARTESIAN_POINT('',(-0.0120961564284697,-0.040957171651125,0.0043557906942624));
#5034=CARTESIAN_POINT('',(-0.0120961564284697,-0.040957171651125,0.0043557906942624));
#5035=CARTESIAN_POINT('',(-0.0120961564284697,-0.040957171651125,0.00223628639014351));
#5036=CARTESIAN_POINT('',(-0.0120961564284697,-0.039997171651125,0.00223628639014351));
#5037=CARTESIAN_POINT('',(-0.0115963330254088,-0.040957171651125,0.00227846558027523));
#5038=CARTESIAN_POINT('',(-0.0115963330254088,-0.039997171651125,0.00227846558027523));
#5039=CARTESIAN_POINT('',(-0.01069369835659,-0.040957171651125,0.00230377309435426));
#5040=CARTESIAN_POINT('',(-0.01069369835659,-0.039997171651125,0.00230377309435426));
#5041=CARTESIAN_POINT('',(-0.00992392813668612,-0.040957171651125,0.00230377309435426));
#5042=CARTESIAN_POINT('',(-0.00992392813668612,-0.039997171651125,0.00230377309435426));
#5043=CARTESIAN_POINT('',(-0.00992392813668612,-0.040957171651125,0.00230377309435426));
#5044=CARTESIAN_POINT('',(-0.00992392813668612,-0.040957171651125,0.00230377309435426));
#5045=CARTESIAN_POINT('',(-0.0120961564284697,-0.040957171651125,0.00223628639014351));
#5046=CARTESIAN_POINT('',(-0.0115963330254088,-0.040957171651125,0.00227846558027523));
#5047=CARTESIAN_POINT('',(-0.01069369835659,-0.040957171651125,0.00230377309435426));
#5048=CARTESIAN_POINT('',(-0.00992392813668612,-0.040957171651125,0.00230377309435426));
#5049=CARTESIAN_POINT('',(-0.00629968122461814,-0.040957171651125,0.00230377309435426));
#5050=CARTESIAN_POINT('',(-0.00267543431255017,-0.040957171651125,0.00230377309435426));
#5051=CARTESIAN_POINT('',(-0.00267543431255017,-0.040957171651125,0.00230377309435426));
#5052=CARTESIAN_POINT('',(-0.00629968122461814,-0.040957171651125,0.00230377309435426));
#5053=CARTESIAN_POINT('',(-0.00267543431255017,-0.040957171651125,0.00230377309435426));
#5054=CARTESIAN_POINT('',(-0.00267543431255017,-0.039997171651125,0.00230377309435426));
#5055=CARTESIAN_POINT('',(-0.00210812420527854,-0.040957171651125,0.00230377309435426));
#5056=CARTESIAN_POINT('',(-0.00210812420527854,-0.039997171651125,0.00230377309435426));
#5057=CARTESIAN_POINT('',(-0.00142060340613152,-0.040957171651125,0.00225104910668961));
#5058=CARTESIAN_POINT('',(-0.00142060340613152,-0.039997171651125,0.00225104910668961));
#5059=CARTESIAN_POINT('',(-0.00109582364211728,-0.040957171651125,0.00223628639014351));
#5060=CARTESIAN_POINT('',(-0.00109582364211728,-0.039997171651125,0.00223628639014351));
#5061=CARTESIAN_POINT('',(-0.00109582364211728,-0.040957171651125,0.00223628639014351));
#5062=CARTESIAN_POINT('',(-0.00109582364211728,-0.040957171651125,0.00223628639014351));
#5063=CARTESIAN_POINT('',(-0.00267543431255017,-0.040957171651125,0.00230377309435426));
#5064=CARTESIAN_POINT('',(-0.00210812420527854,-0.040957171651125,0.00230377309435426));
#5065=CARTESIAN_POINT('',(-0.00142060340613152,-0.040957171651125,0.00225104910668961));
#5066=CARTESIAN_POINT('',(-0.00109582364211728,-0.040957171651125,0.00223628639014351));
#5067=CARTESIAN_POINT('',(-0.00109582364211728,-0.040957171651125,0.00329603854220295));
#5068=CARTESIAN_POINT('',(-0.00109582364211728,-0.040957171651125,0.0043557906942624));
#5069=CARTESIAN_POINT('',(-0.00109582364211728,-0.040957171651125,0.0043557906942624));
#5070=CARTESIAN_POINT('',(-0.00109582364211728,-0.040957171651125,0.00329603854220295));
#5071=CARTESIAN_POINT('',(-0.00109582364211728,-0.040957171651125,0.0043557906942624));
#5072=CARTESIAN_POINT('',(-0.00109582364211728,-0.039997171651125,0.0043557906942624));
#5073=CARTESIAN_POINT('',(-0.00144801987971714,-0.040957171651125,0.00432837422067679));
#5074=CARTESIAN_POINT('',(-0.00144801987971714,-0.039997171651125,0.00432837422067679));
#5075=CARTESIAN_POINT('',(-0.00205540021761389,-0.040957171651125,0.00427565023301213));
#5076=CARTESIAN_POINT('',(-0.00205540021761389,-0.039997171651125,0.00427565023301213));
#5077=CARTESIAN_POINT('',(-0.00267543431255017,-0.040957171651125,0.00427565023301213));
#5078=CARTESIAN_POINT('',(-0.00267543431255017,-0.039997171651125,0.00427565023301213));
#5079=CARTESIAN_POINT('',(-0.00267543431255017,-0.040957171651125,0.00427565023301213));
#5080=CARTESIAN_POINT('',(-0.00267543431255017,-0.040957171651125,0.00427565023301213));
#5081=CARTESIAN_POINT('',(-0.00109582364211728,-0.040957171651125,0.0043557906942624));
#5082=CARTESIAN_POINT('',(-0.00144801987971714,-0.040957171651125,0.00432837422067679));
#5083=CARTESIAN_POINT('',(-0.00205540021761389,-0.040957171651125,0.00427565023301213));
#5084=CARTESIAN_POINT('',(-0.00267543431255017,-0.040957171651125,0.00427565023301213));
#5085=CARTESIAN_POINT('',(-0.00629968122461814,-0.040957171651125,0.00427565023301213));
#5086=CARTESIAN_POINT('',(-0.00992392813668612,-0.040957171651125,0.00427565023301213));
#5087=CARTESIAN_POINT('',(-0.00992392813668612,-0.040957171651125,0.00427565023301213));
#5088=CARTESIAN_POINT('',(-0.00629968122461814,-0.040957171651125,0.00427565023301213));
#5089=CARTESIAN_POINT('',(-0.00992392813668612,-0.040957171651125,0.00427565023301213));
#5090=CARTESIAN_POINT('',(-0.00992392813668612,-0.039997171651125,0.00427565023301213));
#5091=CARTESIAN_POINT('',(-0.0106262116523792,-0.040957171651125,0.00427565023301213));
#5092=CARTESIAN_POINT('',(-0.0106262116523792,-0.039997171651125,0.00427565023301213));
#5093=CARTESIAN_POINT('',(-0.0116110957419549,-0.040957171651125,0.00431572046363727));
#5094=CARTESIAN_POINT('',(-0.0116110957419549,-0.039997171651125,0.00431572046363727));
#5095=CARTESIAN_POINT('',(-0.0120961564284697,-0.040957171651125,0.0043557906942624));
#5096=CARTESIAN_POINT('',(-0.0120961564284697,-0.039997171651125,0.0043557906942624));
#5097=CARTESIAN_POINT('',(-0.00992392813668612,-0.040957171651125,0.00427565023301213));
#5098=CARTESIAN_POINT('',(-0.0106262116523792,-0.040957171651125,0.00427565023301213));
#5099=CARTESIAN_POINT('',(-0.0116110957419549,-0.040957171651125,0.00431572046363727));
#5100=CARTESIAN_POINT('',(-0.0120961564284697,-0.040957171651125,0.0043557906942624));
#5101=CARTESIAN_POINT('',(-0.000366441750526422,-0.040957171651125,-0.00815));
#5102=CARTESIAN_POINT('',(0.0117603935100307,-0.040957171651125,0.00491677392301427));
#5103=CARTESIAN_POINT('',(0.0111593400506537,-0.040957171651125,0.0052879507961734));
#5104=CARTESIAN_POINT('',(0.0111593400506537,-0.040957171651125,0.0052879507961734));
#5105=CARTESIAN_POINT('',(0.0117603935100307,-0.040957171651125,0.00491677392301427));
#5106=CARTESIAN_POINT('',(0.0123612046177175,-0.040957171651125,0.00454574671265333));
#5107=CARTESIAN_POINT('',(0.0123612046177175,-0.040957171651125,0.00454574671265333));
#5108=CARTESIAN_POINT('',(0.0111593400506537,-0.040957171651125,0.0052879507961734));
#5109=CARTESIAN_POINT('',(0.0111593400506537,-0.039997171651125,0.0052879507961734));
#5110=CARTESIAN_POINT('',(0.010969533695061,-0.040957171651125,0.00520570137541655));
#5111=CARTESIAN_POINT('',(0.010969533695061,-0.039997171651125,0.00520570137541655));
#5112=CARTESIAN_POINT('',(0.0106067926599282,-0.040957171651125,0.0051529773877519));
#5113=CARTESIAN_POINT('',(0.0106067926599282,-0.039997171651125,0.0051529773877519));
#5114=CARTESIAN_POINT('',(0.0101744559610781,-0.040957171651125,0.0051529773877519));
#5115=CARTESIAN_POINT('',(0.0101744559610781,-0.039997171651125,0.0051529773877519));
#5116=CARTESIAN_POINT('',(0.0101744559610781,-0.040957171651125,0.0051529773877519));
#5117=CARTESIAN_POINT('',(0.0101744559610781,-0.040957171651125,0.0051529773877519));
#5118=CARTESIAN_POINT('',(0.0111593400506537,-0.040957171651125,0.0052879507961734));
#5119=CARTESIAN_POINT('',(0.010969533695061,-0.040957171651125,0.00520570137541655));
#5120=CARTESIAN_POINT('',(0.0106067926599282,-0.040957171651125,0.0051529773877519));
#5121=CARTESIAN_POINT('',(0.0101744559610781,-0.040957171651125,0.0051529773877519));
#5122=CARTESIAN_POINT('',(0.00683386410264593,-0.040957171651125,0.0051529773877519));
#5123=CARTESIAN_POINT('',(0.00349327224421377,-0.040957171651125,0.0051529773877519));
#5124=CARTESIAN_POINT('',(0.00349326902511333,-0.040957171651125,0.00515261380661291));
#5125=CARTESIAN_POINT('',(0.00683386410264593,-0.040957171651125,0.0051529773877519));
#5126=CARTESIAN_POINT('',(0.00365505728833268,-0.040957171651125,0.0234257811510119));
#5127=CARTESIAN_POINT('',(0.00192631532997566,-0.040957171651125,0.00523348717134473));
#5128=CARTESIAN_POINT('',(0.0019263153308204,-0.040957171651125,0.00523311784900216));
#5129=CARTESIAN_POINT('',(0.00365505728833268,-0.040957171651125,0.0234257811510119));
#5130=CARTESIAN_POINT('',(0.0019263153308204,-0.040957171651125,0.0043557906942624));
#5131=CARTESIAN_POINT('',(0.0019263153308204,-0.040957171651125,0.0034794514834326));
#5132=CARTESIAN_POINT('',(0.0019263153308204,-0.040957171651125,0.00347945148343259));
#5133=CARTESIAN_POINT('',(0.0019263153308204,-0.040957171651125,0.0043557906942624));
#5134=CARTESIAN_POINT('',(0.0034757960775732,-0.040957171651125,-0.0146419966441432));
#5135=CARTESIAN_POINT('',(0.00349327224421377,-0.040957171651125,0.00354595024373339));
#5136=CARTESIAN_POINT('',(0.00349327206003962,-0.040957171401125,0.00354575856841925));
#5137=CARTESIAN_POINT('',(0.0034757960775732,-0.040957171651125,-0.0146419966441432));
#5138=CARTESIAN_POINT('',(0.00675266916164237,-0.040957171651125,0.00354595024373339));
#5139=CARTESIAN_POINT('',(0.010012066079071,-0.040957171651125,0.00354595024373339));
#5140=CARTESIAN_POINT('',(0.010012066079071,-0.040957171651125,0.00354595024373339));
#5141=CARTESIAN_POINT('',(0.00675266916164237,-0.040957171651125,0.00354595024373339));
#5142=CARTESIAN_POINT('',(0.010012066079071,-0.040957171651125,0.00354595024373339));
#5143=CARTESIAN_POINT('',(0.010012066079071,-0.039997171651125,0.00354595024373339));
#5144=CARTESIAN_POINT('',(0.00976953573581359,-0.040957171651125,0.00279094274037562));
#5145=CARTESIAN_POINT('',(0.00976953573581359,-0.039997171651125,0.00279094274037562));
#5146=CARTESIAN_POINT('',(0.00934985279400298,-0.040957171651125,0.00195368581626099));
#5147=CARTESIAN_POINT('',(0.00934985279400298,-0.039997171651125,0.00195368581626099));
#5148=CARTESIAN_POINT('',(0.00862226176423083,-0.040957171651125,0.00121133206994273));
#5149=CARTESIAN_POINT('',(0.00862226176423083,-0.039997171651125,0.00121133206994273));
#5150=CARTESIAN_POINT('',(0.00862226176423083,-0.040957171651125,0.00121133206994273));
#5151=CARTESIAN_POINT('',(0.00862226176423083,-0.040957171651125,0.00121133206994273));
#5152=CARTESIAN_POINT('',(0.010012066079071,-0.040957171651125,0.00354595024373339));
#5153=CARTESIAN_POINT('',(0.00976953573581359,-0.040957171651125,0.00279094274037562));
#5154=CARTESIAN_POINT('',(0.00934985279400298,-0.040957171651125,0.00195368581626099));
#5155=CARTESIAN_POINT('',(0.00862226176423083,-0.040957171651125,0.00121133206994273));
#5156=CARTESIAN_POINT('',(0.00862226176423083,-0.040957171651125,0.00121133206994273));
#5157=CARTESIAN_POINT('',(0.00862226176423083,-0.039997171651125,0.00121133206994273));
#5158=CARTESIAN_POINT('',(0.00759519848452346,-0.040957171651125,0.00015896127615634));
#5159=CARTESIAN_POINT('',(0.00759519848452346,-0.039997171651125,0.00015896127615634));
#5160=CARTESIAN_POINT('',(0.00597551758346545,-0.040957171651125,-0.000733128595129522));
#5161=CARTESIAN_POINT('',(0.00597551758346545,-0.039997171651125,-0.000733128595129522));
#5162=CARTESIAN_POINT('',(0.00393826270010341,-0.040957171651125,-0.00115070257743354));
#5163=CARTESIAN_POINT('',(0.00393826270010341,-0.039997171651125,-0.00115070257743354));
#5164=CARTESIAN_POINT('',(0.00393826270010341,-0.040957171651125,-0.00115070257743354));
#5165=CARTESIAN_POINT('',(0.00393826270010341,-0.040957171651125,-0.00115070257743354));
#5166=CARTESIAN_POINT('',(0.00862226176423083,-0.040957171651125,0.00121133206994273));
#5167=CARTESIAN_POINT('',(0.00759519848452346,-0.040957171651125,0.00015896127615634));
#5168=CARTESIAN_POINT('',(0.00597551758346545,-0.040957171651125,-0.000733128595129522));
#5169=CARTESIAN_POINT('',(0.00393826270010341,-0.040957171651125,-0.00115070257743354));
#5170=CARTESIAN_POINT('',(0.00461312974221091,-0.040957171651125,-0.00191309143906436));
#5171=CARTESIAN_POINT('',(0.00528799678431842,-0.040957171651125,-0.0026754803006952));
#5172=CARTESIAN_POINT('',(0.00528799678431842,-0.040957171651125,-0.0026754803006952));
#5173=CARTESIAN_POINT('',(0.00461312974221091,-0.040957171651125,-0.00191309143906436));
#5174=CARTESIAN_POINT('',(0.00528799678431842,-0.040957171651125,-0.0026754803006952));
#5175=CARTESIAN_POINT('',(0.00528799678431842,-0.039997171651125,-0.0026754803006952));
#5176=CARTESIAN_POINT('',(0.00701523462021232,-0.040957171651125,-0.00219041961418042));
#5177=CARTESIAN_POINT('',(0.00701523462021232,-0.039997171651125,-0.00219041961418042));
#5178=CARTESIAN_POINT('',(0.00874247245610623,-0.040957171651125,-0.00127302222881553));
#5179=CARTESIAN_POINT('',(0.00874247245610623,-0.039997171651125,-0.00127302222881553));
#5180=CARTESIAN_POINT('',(0.0101069692568673,-0.040957171651125,0.000239101737406607));
#5181=CARTESIAN_POINT('',(0.0101069692568673,-0.039997171651125,0.000239101737406607));
#5182=CARTESIAN_POINT('',(0.0101069692568673,-0.040957171651125,0.000239101737406607));
#5183=CARTESIAN_POINT('',(0.0101069692568673,-0.040957171651125,0.000239101737406607));
#5184=CARTESIAN_POINT('',(0.00528799678431842,-0.040957171651125,-0.0026754803006952));
#5185=CARTESIAN_POINT('',(0.00701523462021232,-0.040957171651125,-0.00219041961418042));
#5186=CARTESIAN_POINT('',(0.00874247245610623,-0.040957171651125,-0.00127302222881553));
#5187=CARTESIAN_POINT('',(0.0101069692568673,-0.040957171651125,0.000239101737406607));
#5188=CARTESIAN_POINT('',(0.0101069692568673,-0.040957171651125,0.000239101737406607));
#5189=CARTESIAN_POINT('',(0.0101069692568673,-0.039997171651125,0.000239101737406607));
#5190=CARTESIAN_POINT('',(0.0111192698200286,-0.040957171651125,0.00135895923540375));
#5191=CARTESIAN_POINT('',(0.0111192698200286,-0.039997171651125,0.00135895923540375));
#5192=CARTESIAN_POINT('',(0.0116992336843397,-0.040957171651125,0.00266862308899363));
#5193=CARTESIAN_POINT('',(0.0116992336843397,-0.039997171651125,0.00266862308899363));
#5194=CARTESIAN_POINT('',(0.0121041539096042,-0.040957171651125,0.00397828694258351));
#5195=CARTESIAN_POINT('',(0.0121041539096042,-0.039997171651125,0.00397828694258351));
#5196=CARTESIAN_POINT('',(0.0121041539096042,-0.040957171651125,0.00397828694258351));
#5197=CARTESIAN_POINT('',(0.0121041539096042,-0.040957171651125,0.00397828694258351));
#5198=CARTESIAN_POINT('',(0.0101069692568673,-0.040957171651125,0.000239101737406607));
#5199=CARTESIAN_POINT('',(0.0111192698200286,-0.040957171651125,0.00135895923540375));
#5200=CARTESIAN_POINT('',(0.0116992336843397,-0.040957171651125,0.00266862308899363));
#5201=CARTESIAN_POINT('',(0.0121041539096042,-0.040957171651125,0.00397828694258351));
#5202=CARTESIAN_POINT('',(0.01693995222583,-0.040957171651125,0.00212821949451781));
#5203=CARTESIAN_POINT('',(0.01693995222583,-0.040957171651125,0.00212821949451781));
#5204=CARTESIAN_POINT('',(-0.000366441750526422,-0.040957171651125,-0.00815));
#5205=CARTESIAN_POINT('',(0.00316849248019952,-0.040957171651125,0.00758882561785868));
#5206=CARTESIAN_POINT('',(0.00316849248019952,-0.040957171651125,0.00671870144870556));
#5207=CARTESIAN_POINT('',(0.00316849248019952,-0.040957171651125,0.00671870144870556));
#5208=CARTESIAN_POINT('',(0.00316849248019952,-0.040957171651125,0.00758882561785868));
#5209=CARTESIAN_POINT('',(0.00316849248019952,-0.040957171651125,0.00845982589407868));
#5210=CARTESIAN_POINT('',(0.00316849248019952,-0.040957171651125,0.00845982589407868));
#5211=CARTESIAN_POINT('',(0.00451392611773141,-0.040957171651125,-0.0165583653650007));
#5212=CARTESIAN_POINT('',(0.00457305951158578,-0.040957171651125,0.00675789557226381));
#5213=CARTESIAN_POINT('',(0.0045730589816028,-0.040957171401125,0.00675768660029876));
#5214=CARTESIAN_POINT('',(0.00451392611773141,-0.040957171651125,-0.0165583653650007));
#5215=CARTESIAN_POINT('',(0.00715758938690688,-0.040957171651125,0.00675789557226381));
#5216=CARTESIAN_POINT('',(0.00974211926222797,-0.040957171651125,0.00675789557226381));
#5217=CARTESIAN_POINT('',(0.00974211926222797,-0.040957171651125,0.00675789557226381));
#5218=CARTESIAN_POINT('',(0.00715758938690688,-0.040957171651125,0.00675789557226381));
#5219=CARTESIAN_POINT('',(0.00974211926222797,-0.040957171651125,0.00675789557226381));
#5220=CARTESIAN_POINT('',(0.00974211926222797,-0.039997171651125,0.00675789557226381));
#5221=CARTESIAN_POINT('',(0.0102271799487427,-0.040957171651125,0.00675789557226381));
#5222=CARTESIAN_POINT('',(0.0102271799487427,-0.039997171651125,0.00675789557226381));
#5223=CARTESIAN_POINT('',(0.0108619767602251,-0.040957171651125,0.0067452418152243));
#5224=CARTESIAN_POINT('',(0.0108619767602251,-0.039997171651125,0.0067452418152243));
#5225=CARTESIAN_POINT('',(0.0112268267548645,-0.040957171651125,0.00671782534163868));
#5226=CARTESIAN_POINT('',(0.0112268267548645,-0.039997171651125,0.00671782534163868));
#5227=CARTESIAN_POINT('',(0.0112268267548645,-0.040957171651125,0.00671782534163868));
#5228=CARTESIAN_POINT('',(0.0112268267548645,-0.040957171651125,0.00671782534163868));
#5229=CARTESIAN_POINT('',(0.00974211926222797,-0.040957171651125,0.00675789557226381));
#5230=CARTESIAN_POINT('',(0.0102271799487427,-0.040957171651125,0.00675789557226381));
#5231=CARTESIAN_POINT('',(0.0108619767602251,-0.040957171651125,0.0067452418152243));
#5232=CARTESIAN_POINT('',(0.0112268267548645,-0.040957171651125,0.00671782534163868));
#5233=CARTESIAN_POINT('',(0.0112268267548645,-0.040957171651125,0.00758882561785868));
#5234=CARTESIAN_POINT('',(0.0112268267548645,-0.040957171651125,0.00845982589407868));
#5235=CARTESIAN_POINT('',(0.0112268267548645,-0.040957171651125,0.00845982589407868));
#5236=CARTESIAN_POINT('',(0.0112268267548645,-0.040957171651125,0.00758882561785868));
#5237=CARTESIAN_POINT('',(0.0112268267548645,-0.040957171651125,0.00845982589407868));
#5238=CARTESIAN_POINT('',(0.0112268267548645,-0.039997171651125,0.00845982589407868));
#5239=CARTESIAN_POINT('',(0.0108493230031856,-0.040957171651125,0.00840499294690745));
#5240=CARTESIAN_POINT('',(0.0108493230031856,-0.039997171651125,0.00840499294690745));
#5241=CARTESIAN_POINT('',(0.0101871097181176,-0.040957171651125,0.00839233918986793));
#5242=CARTESIAN_POINT('',(0.0101871097181176,-0.039997171651125,0.00839233918986793));
#5243=CARTESIAN_POINT('',(0.00976953573581359,-0.040957171651125,0.00839233918986793));
#5244=CARTESIAN_POINT('',(0.00976953573581359,-0.039997171651125,0.00839233918986793));
#5245=CARTESIAN_POINT('',(0.00976953573581359,-0.040957171651125,0.00839233918986793));
#5246=CARTESIAN_POINT('',(0.00976953573581359,-0.040957171651125,0.00839233918986793));
#5247=CARTESIAN_POINT('',(0.0112268267548645,-0.040957171651125,0.00845982589407868));
#5248=CARTESIAN_POINT('',(0.0108493230031856,-0.040957171651125,0.00840499294690745));
#5249=CARTESIAN_POINT('',(0.0101871097181176,-0.040957171651125,0.00839233918986793));
#5250=CARTESIAN_POINT('',(0.00976953573581359,-0.040957171651125,0.00839233918986793));
#5251=CARTESIAN_POINT('',(0.00717129762369969,-0.040957171651125,0.00839233918986793));
#5252=CARTESIAN_POINT('',(0.00457305951158578,-0.040957171651125,0.00839233918986793));
#5253=CARTESIAN_POINT('',(0.00457305951158578,-0.040957171651125,0.00839233918986793));
#5254=CARTESIAN_POINT('',(0.00717129762369969,-0.040957171651125,0.00839233918986793));
#5255=CARTESIAN_POINT('',(0.00457305951158578,-0.040957171651125,0.00839233918986793));
#5256=CARTESIAN_POINT('',(0.00457305951158578,-0.039997171651125,0.00839233918986793));
#5257=CARTESIAN_POINT('',(0.00411330633915004,-0.040957171651125,0.00839233918986793));
#5258=CARTESIAN_POINT('',(0.00411330633915004,-0.039997171651125,0.00839233918986793));
#5259=CARTESIAN_POINT('',(0.00354599623187841,-0.040957171651125,0.00840499294690745));
#5260=CARTESIAN_POINT('',(0.00354599623187841,-0.039997171651125,0.00840499294690745));
#5261=CARTESIAN_POINT('',(0.00316849248019952,-0.040957171651125,0.00845982589407868));
#5262=CARTESIAN_POINT('',(0.00316849248019952,-0.039997171651125,0.00845982589407868));
#5263=CARTESIAN_POINT('',(0.00457305951158578,-0.040957171651125,0.00839233918986793));
#5264=CARTESIAN_POINT('',(0.00411330633915004,-0.040957171651125,0.00839233918986793));
#5265=CARTESIAN_POINT('',(0.00354599623187841,-0.040957171651125,0.00840499294690745));
#5266=CARTESIAN_POINT('',(0.00316849248019952,-0.040957171651125,0.00845982589407868));
#5267=CARTESIAN_POINT('',(-0.000366441750526422,-0.040957171651125,-0.00815));
#5268=CARTESIAN_POINT('',(0.0244415670231321,-0.040957171651125,0.00720394050790675));
#5269=CARTESIAN_POINT('',(0.0249814606568182,-0.040957171651125,0.00743276261437132));
#5270=CARTESIAN_POINT('',(0.0249814606568182,-0.040957171651125,0.00743276261437132));
#5271=CARTESIAN_POINT('',(0.0244415670231321,-0.040957171651125,0.00720394050790675));
#5272=CARTESIAN_POINT('',(0.0239016733894461,-0.040957171651125,0.00697511840144217));
#5273=CARTESIAN_POINT('',(0.0239016733894461,-0.040957171651125,0.00697511840144217));
#5274=CARTESIAN_POINT('',(0.0249814606568182,-0.040957171651125,0.00743276261437132));
#5275=CARTESIAN_POINT('',(0.0249814606568182,-0.039997171651125,0.00743276261437132));
#5276=CARTESIAN_POINT('',(0.0247241675970147,-0.040957171651125,0.0079325860174322));
#5277=CARTESIAN_POINT('',(0.0247241675970147,-0.039997171651125,0.0079325860174322));
#5278=CARTESIAN_POINT('',(0.0242517606675394,-0.040957171651125,0.00879725941513244));
#5279=CARTESIAN_POINT('',(0.0242517606675394,-0.039997171651125,0.00879725941513244));
#5280=CARTESIAN_POINT('',(0.0239143271464856,-0.040957171651125,0.00928232010164721));
#5281=CARTESIAN_POINT('',(0.0239143271464856,-0.039997171651125,0.00928232010164721));
#5282=CARTESIAN_POINT('',(0.0239143271464856,-0.040957171651125,0.00928232010164721));
#5283=CARTESIAN_POINT('',(0.0239143271464856,-0.040957171651125,0.00928232010164721));
#5284=CARTESIAN_POINT('',(0.0249814606568182,-0.040957171651125,0.00743276261437132));
#5285=CARTESIAN_POINT('',(0.0247241675970147,-0.040957171651125,0.0079325860174322));
#5286=CARTESIAN_POINT('',(0.0242517606675394,-0.040957171651125,0.00879725941513244));
#5287=CARTESIAN_POINT('',(0.0239143271464856,-0.040957171651125,0.00928232010164721));
#5288=CARTESIAN_POINT('',(0.0233807603913194,-0.040957171651125,0.00906615175222215));
#5289=CARTESIAN_POINT('',(0.0228471936361531,-0.040957171651125,0.00884998340279709));
#5290=CARTESIAN_POINT('',(0.0228471936361531,-0.040957171651125,0.00884998340279709));
#5291=CARTESIAN_POINT('',(0.0233807603913194,-0.040957171651125,0.00906615175222215));
#5292=CARTESIAN_POINT('',(0.0228471936361531,-0.040957171651125,0.00884998340279709));
#5293=CARTESIAN_POINT('',(0.0228471936361531,-0.039997171651125,0.00884998340279709));
#5294=CARTESIAN_POINT('',(0.0232120436307925,-0.040957171651125,0.00832485248565718));
#5295=CARTESIAN_POINT('',(0.0232120436307925,-0.039997171651125,0.00832485248565718));
#5296=CARTESIAN_POINT('',(0.023616963856057,-0.040957171651125,0.00752766579216769));
#5297=CARTESIAN_POINT('',(0.023616963856057,-0.039997171651125,0.00752766579216769));
#5298=CARTESIAN_POINT('',(0.0239016733894461,-0.040957171651125,0.00697511840144217));
#5299=CARTESIAN_POINT('',(0.0239016733894461,-0.039997171651125,0.00697511840144217));
#5300=CARTESIAN_POINT('',(0.0228471936361531,-0.040957171651125,0.00884998340279709));
#5301=CARTESIAN_POINT('',(0.0232120436307925,-0.040957171651125,0.00832485248565718));
#5302=CARTESIAN_POINT('',(0.023616963856057,-0.040957171651125,0.00752766579216769));
#5303=CARTESIAN_POINT('',(0.0239016733894461,-0.040957171651125,0.00697511840144217));
#5304=CARTESIAN_POINT('',(-0.000366441750526422,-0.040957171651125,-0.00815));
#5305=CARTESIAN_POINT('',(0.0221533459584864,-0.040957171651125,0.00669040886805306));
#5306=CARTESIAN_POINT('',(0.0209723286347982,-0.040957171651125,0.00669040886805306));
#5307=CARTESIAN_POINT('',(0.0209723286347982,-0.040957171651125,0.00669040886805306));
#5308=CARTESIAN_POINT('',(0.0221533459584864,-0.040957171651125,0.00669040886805306));
#5309=CARTESIAN_POINT('',(0.0233343632821745,-0.040957171651125,0.00669040886805306));
#5310=CARTESIAN_POINT('',(0.0233343632821745,-0.040957171651125,0.00669040886805306));
#5311=CARTESIAN_POINT('',(0.0209723286347982,-0.040957171651125,0.00720394050790675));
#5312=CARTESIAN_POINT('',(0.0209723286347982,-0.040957171651125,0.00771747214776043));
#5313=CARTESIAN_POINT('',(0.0209723286347982,-0.040957171651125,0.00771747214776043));
#5314=CARTESIAN_POINT('',(0.0209723286347982,-0.040957171651125,0.00720394050790675));
#5315=CARTESIAN_POINT('',(0.0209723286347982,-0.040957171651125,0.00771747214776043));
#5316=CARTESIAN_POINT('',(0.0209723286347982,-0.039997171651125,0.00771747214776043));
#5317=CARTESIAN_POINT('',(0.0209723286347982,-0.040957171651125,0.00810762965647883));
#5318=CARTESIAN_POINT('',(0.0209723286347982,-0.039997171651125,0.00810762965647883));
#5319=CARTESIAN_POINT('',(0.0209997451083839,-0.040957171651125,0.00837757647332183));
#5320=CARTESIAN_POINT('',(0.0209997451083839,-0.039997171651125,0.00837757647332183));
#5321=CARTESIAN_POINT('',(0.0210798855696341,-0.040957171651125,0.00895964929713956));
#5322=CARTESIAN_POINT('',(0.0210798855696341,-0.039997171651125,0.00895964929713956));
#5323=CARTESIAN_POINT('',(0.0210798855696341,-0.040957171651125,0.00895964929713956));
#5324=CARTESIAN_POINT('',(0.0210798855696341,-0.040957171651125,0.00895964929713956));
#5325=CARTESIAN_POINT('',(0.0209723286347982,-0.040957171651125,0.00771747214776043));
#5326=CARTESIAN_POINT('',(0.0209723286347982,-0.040957171651125,0.00810762965647883));
#5327=CARTESIAN_POINT('',(0.0209997451083839,-0.040957171651125,0.00837757647332183));
#5328=CARTESIAN_POINT('',(0.0210798855696341,-0.040957171651125,0.00895964929713956));
#5329=CARTESIAN_POINT('',(0.0200401685328872,-0.040957171651125,0.00895964929713956));
#5330=CARTESIAN_POINT('',(0.0190004514961403,-0.040957171651125,0.00895964929713956));
#5331=CARTESIAN_POINT('',(0.0190004514961403,-0.040957171651125,0.00895964929713956));
#5332=CARTESIAN_POINT('',(0.0200401685328872,-0.040957171651125,0.00895964929713956));
#5333=CARTESIAN_POINT('',(0.0190004514961403,-0.040957171651125,0.00895964929713956));
#5334=CARTESIAN_POINT('',(0.0190004514961403,-0.039997171651125,0.00895964929713956));
#5335=CARTESIAN_POINT('',(0.0190827009168972,-0.040957171651125,0.00837757647332183));
#5336=CARTESIAN_POINT('',(0.0190827009168972,-0.039997171651125,0.00837757647332183));
#5337=CARTESIAN_POINT('',(0.0190953546739367,-0.040957171651125,0.00810762965647883));
#5338=CARTESIAN_POINT('',(0.0190953546739367,-0.039997171651125,0.00810762965647883));
#5339=CARTESIAN_POINT('',(0.0190953546739367,-0.040957171651125,0.00771747214776043));
#5340=CARTESIAN_POINT('',(0.0190953546739367,-0.039997171651125,0.00771747214776043));
#5341=CARTESIAN_POINT('',(0.0190953546739367,-0.040957171651125,0.00771747214776043));
#5342=CARTESIAN_POINT('',(0.0190953546739367,-0.040957171651125,0.00771747214776043));
#5343=CARTESIAN_POINT('',(0.0190004514961403,-0.040957171651125,0.00895964929713956));
#5344=CARTESIAN_POINT('',(0.0190827009168972,-0.040957171651125,0.00837757647332183));
#5345=CARTESIAN_POINT('',(0.0190953546739367,-0.040957171651125,0.00810762965647883));
#5346=CARTESIAN_POINT('',(0.0190953546739367,-0.040957171651125,0.00771747214776043));
#5347=CARTESIAN_POINT('',(0.0190953546739367,-0.040957171651125,0.00720394050790675));
#5348=CARTESIAN_POINT('',(0.0190953546739367,-0.040957171651125,0.00669040886805306));
#5349=CARTESIAN_POINT('',(0.0190953546739367,-0.040957171651125,0.00669040886805306));
#5350=CARTESIAN_POINT('',(0.0190953546739367,-0.040957171651125,0.00720394050790675));
#5351=CARTESIAN_POINT('',(0.0176580987701984,-0.040957171651125,0.00669040886805306));
#5352=CARTESIAN_POINT('',(0.0162208428664601,-0.040957171651125,0.00669040886805306));
#5353=CARTESIAN_POINT('',(0.0162208407974007,-0.040957171651125,0.00669071200405682));
#5354=CARTESIAN_POINT('',(0.0176580987701984,-0.040957171651125,0.00669040886805306));
#5355=CARTESIAN_POINT('',(0.0161184270174652,-0.040957171651125,0.0216952617795584));
#5356=CARTESIAN_POINT('',(0.0148436923086594,-0.040957171651125,0.0067452418152243));
#5357=CARTESIAN_POINT('',(0.0148436923086594,-0.040957171651125,0.0067452418152243));
#5358=CARTESIAN_POINT('',(0.0161184270174652,-0.040957171651125,0.0216952617795584));
#5359=CARTESIAN_POINT('',(0.0148436923086594,-0.040957171651125,0.0067452418152243));
#5360=CARTESIAN_POINT('',(0.0148436923086594,-0.039997171651125,0.0067452418152243));
#5361=CARTESIAN_POINT('',(0.0148985252558306,-0.040957171651125,0.00642046205121006));
#5362=CARTESIAN_POINT('',(0.0148985252558306,-0.039997171651125,0.00642046205121006));
#5363=CARTESIAN_POINT('',(0.0148985252558306,-0.040957171651125,0.00589533113407016));
#5364=CARTESIAN_POINT('',(0.0148985252558306,-0.039997171651125,0.00589533113407016));
#5365=CARTESIAN_POINT('',(0.0148985252558306,-0.040957171651125,0.00559796784364154));
#5366=CARTESIAN_POINT('',(0.0148985252558306,-0.039997171651125,0.00559796784364154));
#5367=CARTESIAN_POINT('',(0.0148985252558306,-0.040957171651125,0.00559796784364154));
#5368=CARTESIAN_POINT('',(0.0148985252558306,-0.040957171651125,0.00559796784364154));
#5369=CARTESIAN_POINT('',(0.0148436923086594,-0.040957171651125,0.0067452418152243));
#5370=CARTESIAN_POINT('',(0.0148985252558306,-0.040957171651125,0.00642046205121006));
#5371=CARTESIAN_POINT('',(0.0148985252558306,-0.040957171651125,0.00589533113407016));
#5372=CARTESIAN_POINT('',(0.0148985252558306,-0.040957171651125,0.00559796784364154));
#5373=CARTESIAN_POINT('',(0.0148985252558306,-0.040957171651125,0.00442327739847316));
#5374=CARTESIAN_POINT('',(0.0148985252558306,-0.040957171651125,0.00324858695330477));
#5375=CARTESIAN_POINT('',(0.0148985252558306,-0.040957171651125,0.00324858695330477));
#5376=CARTESIAN_POINT('',(0.0148985252558306,-0.040957171651125,0.00442327739847316));
#5377=CARTESIAN_POINT('',(0.0148985252558306,-0.040957171651125,0.00324858695330477));
#5378=CARTESIAN_POINT('',(0.0148985252558306,-0.039997171651125,0.00324858695330477));
#5379=CARTESIAN_POINT('',(0.0148985252558306,-0.040957171651125,0.00288584591817199));
#5380=CARTESIAN_POINT('',(0.0148985252558306,-0.039997171651125,0.00288584591817199));
#5381=CARTESIAN_POINT('',(0.0148837625392845,-0.040957171651125,0.00245350921932187));
#5382=CARTESIAN_POINT('',(0.0148837625392845,-0.039997171651125,0.00245350921932187));
#5383=CARTESIAN_POINT('',(0.0148436923086594,-0.040957171651125,0.00211607569826812));
#5384=CARTESIAN_POINT('',(0.0148436923086594,-0.039997171651125,0.00211607569826812));
#5385=CARTESIAN_POINT('',(0.0148436923086594,-0.040957171651125,0.00211607569826812));
#5386=CARTESIAN_POINT('',(0.0148436923086594,-0.040957171651125,0.00211607569826812));
#5387=CARTESIAN_POINT('',(0.0148985252558306,-0.040957171651125,0.00324858695330477));
#5388=CARTESIAN_POINT('',(0.0148985252558306,-0.040957171651125,0.00288584591817199));
#5389=CARTESIAN_POINT('',(0.0148837625392845,-0.040957171651125,0.00245350921932187));
#5390=CARTESIAN_POINT('',(0.0148436923086594,-0.040957171651125,0.00211607569826812));
#5391=CARTESIAN_POINT('',(0.0157747979308171,-0.040957171651125,0.00211607569826812));
#5392=CARTESIAN_POINT('',(0.0167059035529748,-0.040957171651125,0.00211607569826812));
#5393=CARTESIAN_POINT('',(0.0167059035529748,-0.040957171651125,0.00211607569826812));
#5394=CARTESIAN_POINT('',(0.0157747979308171,-0.040957171651125,0.00211607569826812));
#5395=CARTESIAN_POINT('',(0.0167059035529748,-0.040957171651125,0.00211607569826812));
#5396=CARTESIAN_POINT('',(0.0167059035529748,-0.039997171651125,0.00211607569826812));
#5397=CARTESIAN_POINT('',(0.0166658333223497,-0.040957171651125,0.00238602251511112));
#5398=CARTESIAN_POINT('',(0.0166658333223497,-0.039997171651125,0.00238602251511112));
#5399=CARTESIAN_POINT('',(0.0166531795653101,-0.040957171651125,0.00281835921396124));
#5400=CARTESIAN_POINT('',(0.0166531795653101,-0.039997171651125,0.00281835921396124));
#5401=CARTESIAN_POINT('',(0.0166531795653101,-0.040957171651125,0.00311361354488328));
#5402=CARTESIAN_POINT('',(0.0166531795653101,-0.039997171651125,0.00311361354488328));
#5403=CARTESIAN_POINT('',(0.0166531795653101,-0.040957171651125,0.00311361354488328));
#5404=CARTESIAN_POINT('',(0.0166531795653101,-0.040957171651125,0.00311361354488328));
#5405=CARTESIAN_POINT('',(0.0167059035529748,-0.040957171651125,0.00211607569826812));
#5406=CARTESIAN_POINT('',(0.0166658333223497,-0.040957171651125,0.00238602251511112));
#5407=CARTESIAN_POINT('',(0.0166531795653101,-0.040957171651125,0.00281835921396124));
#5408=CARTESIAN_POINT('',(0.0166531795653101,-0.040957171651125,0.00311361354488328));
#5409=CARTESIAN_POINT('',(0.0166531795653101,-0.040957171651125,0.00410587899273197));
#5410=CARTESIAN_POINT('',(0.0166531795653101,-0.040957171651125,0.00509814444058066));
#5411=CARTESIAN_POINT('',(0.0166531795653101,-0.040957171651125,0.00509814444058066));
#5412=CARTESIAN_POINT('',(0.0166531795653101,-0.040957171651125,0.00410587899273197));
#5413=CARTESIAN_POINT('',(0.0200000983022621,-0.040957171651125,0.00509814444058066));
#5414=CARTESIAN_POINT('',(0.023347017039214,-0.040957171651125,0.00509814444058067));
#5415=CARTESIAN_POINT('',(0.023347017039214,-0.040957171651125,0.00509814444058067));
#5416=CARTESIAN_POINT('',(0.0200000983022621,-0.040957171651125,0.00509814444058066));
#5417=CARTESIAN_POINT('',(0.023347017039214,-0.040957171651125,0.00509814444058067));
#5418=CARTESIAN_POINT('',(0.023347017039214,-0.039997171651125,0.00509814444058067));
#5419=CARTESIAN_POINT('',(0.0231846271572069,-0.040957171651125,0.00388338376478715));
#5420=CARTESIAN_POINT('',(0.0231846271572069,-0.039997171651125,0.00388338376478715));
#5421=CARTESIAN_POINT('',(0.0228345398791136,-0.040957171651125,0.00261589910132899));
#5422=CARTESIAN_POINT('',(0.0228345398791136,-0.039997171651125,0.00261589910132899));
#5423=CARTESIAN_POINT('',(0.0221596728370061,-0.040957171651125,0.00161625229520724));
#5424=CARTESIAN_POINT('',(0.0221596728370061,-0.039997171651125,0.00161625229520724));
#5425=CARTESIAN_POINT('',(0.0221596728370061,-0.040957171651125,0.00161625229520724));
#5426=CARTESIAN_POINT('',(0.0221596728370061,-0.040957171651125,0.00161625229520724));
#5427=CARTESIAN_POINT('',(0.023347017039214,-0.040957171651125,0.00509814444058067));
#5428=CARTESIAN_POINT('',(0.0231846271572069,-0.040957171651125,0.00388338376478715));
#5429=CARTESIAN_POINT('',(0.0228345398791136,-0.040957171651125,0.00261589910132899));
#5430=CARTESIAN_POINT('',(0.0221596728370061,-0.040957171651125,0.00161625229520724));
#5431=CARTESIAN_POINT('',(0.0221596728370061,-0.040957171651125,0.00161625229520724));
#5432=CARTESIAN_POINT('',(0.0221596728370061,-0.039997171651125,0.00161625229520724));
#5433=CARTESIAN_POINT('',(0.0213899026171023,-0.040957171651125,0.000523811270795714));
#5434=CARTESIAN_POINT('',(0.0213899026171023,-0.039997171651125,0.000523811270795714));
#5435=CARTESIAN_POINT('',(0.0202025584148944,-0.040957171651125,-0.000260721665654264));
#5436=CARTESIAN_POINT('',(0.0202025584148944,-0.039997171651125,-0.000260721665654264));
#5437=CARTESIAN_POINT('',(0.0190953546739367,-0.040957171651125,-0.000678295647958284));
#5438=CARTESIAN_POINT('',(0.0190953546739367,-0.039997171651125,-0.000678295647958284));
#5439=CARTESIAN_POINT('',(0.0190953546739367,-0.040957171651125,-0.000678295647958284));
#5440=CARTESIAN_POINT('',(0.0190953546739367,-0.040957171651125,-0.000678295647958284));
#5441=CARTESIAN_POINT('',(0.0221596728370061,-0.040957171651125,0.00161625229520724));
#5442=CARTESIAN_POINT('',(0.0213899026171023,-0.040957171651125,0.000523811270795714));
#5443=CARTESIAN_POINT('',(0.0202025584148944,-0.040957171651125,-0.000260721665654264));
#5444=CARTESIAN_POINT('',(0.0190953546739367,-0.040957171651125,-0.000678295647958284));
#5445=CARTESIAN_POINT('',(0.0190953546739367,-0.040957171651125,-0.000678295647958284));
#5446=CARTESIAN_POINT('',(0.0190953546739367,-0.039997171651125,-0.000678295647958284));
#5447=CARTESIAN_POINT('',(0.0185280445666651,-0.040957171651125,-0.000908172234176154));
#5448=CARTESIAN_POINT('',(0.0185280445666651,-0.039997171651125,-0.000908172234176154));
#5449=CARTESIAN_POINT('',(0.0177856908203468,-0.040957171651125,-0.00111063234680841));
#5450=CARTESIAN_POINT('',(0.0177856908203468,-0.039997171651125,-0.00111063234680841));
#5451=CARTESIAN_POINT('',(0.0171783104824501,-0.040957171651125,-0.00121818928164429));
#5452=CARTESIAN_POINT('',(0.0171783104824501,-0.039997171651125,-0.00121818928164429));
#5453=CARTESIAN_POINT('',(0.0171783104824501,-0.040957171651125,-0.00121818928164429));
#5454=CARTESIAN_POINT('',(0.0171783104824501,-0.040957171651125,-0.00121818928164429));
#5455=CARTESIAN_POINT('',(0.0190953546739367,-0.040957171651125,-0.000678295647958284));
#5456=CARTESIAN_POINT('',(0.0185280445666651,-0.040957171651125,-0.000908172234176154));
#5457=CARTESIAN_POINT('',(0.0177856908203468,-0.040957171651125,-0.00111063234680841));
#5458=CARTESIAN_POINT('',(0.0171783104824501,-0.040957171651125,-0.00121818928164429));
#5459=CARTESIAN_POINT('',(0.0178805939981432,-0.040957171651125,-0.0020280297321733));
#5460=CARTESIAN_POINT('',(0.0185828775138363,-0.040957171651125,-0.00283787018270231));
#5461=CARTESIAN_POINT('',(0.0185828775138363,-0.040957171651125,-0.00283787018270231));
#5462=CARTESIAN_POINT('',(0.0178805939981432,-0.040957171651125,-0.0020280297321733));
#5463=CARTESIAN_POINT('',(0.0185828775138363,-0.040957171651125,-0.00283787018270231));
#5464=CARTESIAN_POINT('',(0.0185828775138363,-0.039997171651125,-0.00283787018270231));
#5465=CARTESIAN_POINT('',(0.0209849823918377,-0.040957171651125,-0.00220307337121993));
#5466=CARTESIAN_POINT('',(0.0209849823918377,-0.039997171651125,-0.00220307337121993));
#5467=CARTESIAN_POINT('',(0.0230243462347063,-0.040957171651125,-0.000773198825754652));
#5468=CARTESIAN_POINT('',(0.0230243462347063,-0.039997171651125,-0.000773198825754652));
#5469=CARTESIAN_POINT('',(0.0240893707855323,-0.040957171651125,0.00121133206994274));
#5470=CARTESIAN_POINT('',(0.0240893707855323,-0.039997171651125,0.00121133206994274));
#5471=CARTESIAN_POINT('',(0.0240893707855323,-0.040957171651125,0.00121133206994274));
#5472=CARTESIAN_POINT('',(0.0240893707855323,-0.040957171651125,0.00121133206994274));
#5473=CARTESIAN_POINT('',(0.0185828775138363,-0.040957171651125,-0.00283787018270231));
#5474=CARTESIAN_POINT('',(0.0209849823918377,-0.040957171651125,-0.00220307337121994));
#5475=CARTESIAN_POINT('',(0.0230243462347063,-0.040957171651125,-0.000773198825754652));
#5476=CARTESIAN_POINT('',(0.0240893707855323,-0.040957171651125,0.00121133206994274));
#5477=CARTESIAN_POINT('',(0.0240893707855323,-0.040957171651125,0.00121133206994274));
#5478=CARTESIAN_POINT('',(0.0240893707855323,-0.039997171651125,0.00121133206994274));
#5479=CARTESIAN_POINT('',(0.0247642378276398,-0.040957171651125,0.00243874650277577));
#5480=CARTESIAN_POINT('',(0.0247642378276398,-0.039997171651125,0.00243874650277577));
#5481=CARTESIAN_POINT('',(0.0251164340652397,-0.040957171651125,0.00374841035636565));
#5482=CARTESIAN_POINT('',(0.0251164340652397,-0.039997171651125,0.00374841035636565));
#5483=CARTESIAN_POINT('',(0.025358964408497,-0.040957171651125,0.00504542045291602));
#5484=CARTESIAN_POINT('',(0.025358964408497,-0.039997171651125,0.00504542045291602));
#5485=CARTESIAN_POINT('',(0.025358964408497,-0.040957171651125,0.00504542045291602));
#5486=CARTESIAN_POINT('',(0.025358964408497,-0.040957171651125,0.00504542045291602));
#5487=CARTESIAN_POINT('',(0.0240893707855323,-0.040957171651125,0.00121133206994274));
#5488=CARTESIAN_POINT('',(0.0247642378276398,-0.040957171651125,0.00243874650277577));
#5489=CARTESIAN_POINT('',(0.0251164340652397,-0.040957171651125,0.00374841035636565));
#5490=CARTESIAN_POINT('',(0.025358964408497,-0.040957171651125,0.00504542045291602));
#5491=CARTESIAN_POINT('',(0.025358964408497,-0.040957171651125,0.00504542045291602));
#5492=CARTESIAN_POINT('',(0.025358964408497,-0.039997171651125,0.00504542045291602));
#5493=CARTESIAN_POINT('',(0.0254116883961617,-0.040957171651125,0.00530060455321292));
#5494=CARTESIAN_POINT('',(0.0254116883961617,-0.039997171651125,0.00530060455321292));
#5495=CARTESIAN_POINT('',(0.0255213542905041,-0.040957171651125,0.00581308171331331));
#5496=CARTESIAN_POINT('',(0.0255213542905041,-0.039997171651125,0.00581308171331331));
#5497=CARTESIAN_POINT('',(0.0256141485087939,-0.040957171651125,0.00611044500374193));
#5498=CARTESIAN_POINT('',(0.0256141485087939,-0.039997171651125,0.00611044500374193));
#5499=CARTESIAN_POINT('',(0.0256141485087939,-0.040957171651125,0.00611044500374193));
#5500=CARTESIAN_POINT('',(0.0256141485087939,-0.040957171651125,0.00611044500374193));
#5501=CARTESIAN_POINT('',(0.025358964408497,-0.040957171651125,0.00504542045291602));
#5502=CARTESIAN_POINT('',(0.0254116883961617,-0.040957171651125,0.00530060455321292));
#5503=CARTESIAN_POINT('',(0.0255213542905041,-0.040957171651125,0.00581308171331331));
#5504=CARTESIAN_POINT('',(0.0256141485087939,-0.040957171651125,0.00611044500374193));
#5505=CARTESIAN_POINT('',(0.0250341846444828,-0.040957171651125,0.00646791364010825));
#5506=CARTESIAN_POINT('',(0.0244542207801717,-0.040957171651125,0.00682538227647457));
#5507=CARTESIAN_POINT('',(0.0244542207801717,-0.040957171651125,0.00682538227647457));
#5508=CARTESIAN_POINT('',(0.0250341846444828,-0.040957171651125,0.00646791364010825));
#5509=CARTESIAN_POINT('',(0.0244542207801717,-0.040957171651125,0.00682538227647457));
#5510=CARTESIAN_POINT('',(0.0244542207801717,-0.0399971716511249,0.00682538227647457));
#5511=CARTESIAN_POINT('',(0.0242116904369142,-0.040957171651125,0.0067452418152243));
#5512=CARTESIAN_POINT('',(0.0242116904369142,-0.0399971716511249,0.0067452418152243));
#5513=CARTESIAN_POINT('',(0.0238869106729,-0.040957171651125,0.00669040886805306));
#5514=CARTESIAN_POINT('',(0.0238869106729,-0.0399971716511249,0.00669040886805306));
#5515=CARTESIAN_POINT('',(0.0233343632821745,-0.040957171651125,0.00669040886805306));
#5516=CARTESIAN_POINT('',(0.0233343632821745,-0.0399971716511249,0.00669040886805306));
#5517=CARTESIAN_POINT('',(0.0244542207801717,-0.040957171651125,0.00682538227647457));
#5518=CARTESIAN_POINT('',(0.0242116904369142,-0.040957171651125,0.0067452418152243));
#5519=CARTESIAN_POINT('',(0.0238869106729,-0.040957171651125,0.00669040886805306));
#5520=CARTESIAN_POINT('',(0.0233343632821745,-0.040957171651125,0.00669040886805306));
#5521=CARTESIAN_POINT('',(-0.000366441750526422,-0.040957171651125,-0.00815));
#5522=CARTESIAN_POINT('',(0.025081636233381,-0.040957171651125,0.00955964827676326));
#5523=CARTESIAN_POINT('',(0.024549123957968,-0.040957171651125,0.00933715304881844));
#5524=CARTESIAN_POINT('',(0.024549123957968,-0.040957171651125,0.00933715304881844));
#5525=CARTESIAN_POINT('',(0.025081636233381,-0.040957171651125,0.00955964827676326));
#5526=CARTESIAN_POINT('',(0.0256141485087939,-0.040957171651125,0.00978214350470808));
#5527=CARTESIAN_POINT('',(0.0256141485087939,-0.040957171651125,0.00978214350470808));
#5528=CARTESIAN_POINT('',(0.024549123957968,-0.040957171651125,0.00933715304881844));
#5529=CARTESIAN_POINT('',(0.024549123957968,-0.039997171651125,0.00933715304881844));
#5530=CARTESIAN_POINT('',(0.0249139739526074,-0.040957171651125,0.00883732964575757));
#5531=CARTESIAN_POINT('',(0.0249139739526074,-0.039997171651125,0.00883732964575757));
#5532=CARTESIAN_POINT('',(0.0253442016919509,-0.040957171651125,0.00804014295226808));
#5533=CARTESIAN_POINT('',(0.0253442016919509,-0.039997171651125,0.00804014295226808));
#5534=CARTESIAN_POINT('',(0.02562891122534,-0.040957171651125,0.00748759556154256));
#5535=CARTESIAN_POINT('',(0.02562891122534,-0.039997171651125,0.00748759556154256));
#5536=CARTESIAN_POINT('',(0.02562891122534,-0.040957171651125,0.00748759556154256));
#5537=CARTESIAN_POINT('',(0.02562891122534,-0.040957171651125,0.00748759556154256));
#5538=CARTESIAN_POINT('',(0.024549123957968,-0.040957171651125,0.00933715304881844));
#5539=CARTESIAN_POINT('',(0.0249139739526074,-0.040957171651125,0.00883732964575757));
#5540=CARTESIAN_POINT('',(0.0253442016919509,-0.040957171651125,0.00804014295226808));
#5541=CARTESIAN_POINT('',(0.02562891122534,-0.040957171651125,0.00748759556154256));
#5542=CARTESIAN_POINT('',(0.026161423500753,-0.040957171651125,0.00771747214776043));
#5543=CARTESIAN_POINT('',(0.0266939357761659,-0.040957171651125,0.0079473487339783));
#5544=CARTESIAN_POINT('',(0.0266939357761659,-0.040957171651125,0.0079473487339783));
#5545=CARTESIAN_POINT('',(0.026161423500753,-0.040957171651125,0.00771747214776043));
#5546=CARTESIAN_POINT('',(0.0266939357761659,-0.040957171651125,0.0079473487339783));
#5547=CARTESIAN_POINT('',(0.0266939357761659,-0.039997171651125,0.0079473487339783));
#5548=CARTESIAN_POINT('',(0.0264661681494546,-0.040957171651125,0.00841975566345355));
#5549=CARTESIAN_POINT('',(0.0264661681494546,-0.039997171651125,0.00841975566345355));
#5550=CARTESIAN_POINT('',(0.0259663447463938,-0.040957171651125,0.0092696663446077));
#5551=CARTESIAN_POINT('',(0.0259663447463938,-0.039997171651125,0.0092696663446077));
#5552=CARTESIAN_POINT('',(0.0256141485087939,-0.040957171651125,0.00978214350470808));
#5553=CARTESIAN_POINT('',(0.0256141485087939,-0.039997171651125,0.00978214350470808));
#5554=CARTESIAN_POINT('',(0.0266939357761659,-0.040957171651125,0.0079473487339783));
#5555=CARTESIAN_POINT('',(0.0264661681494546,-0.040957171651125,0.00841975566345355));
#5556=CARTESIAN_POINT('',(0.0259663447463938,-0.040957171651125,0.0092696663446077));
#5557=CARTESIAN_POINT('',(0.0256141485087939,-0.040957171651125,0.00978214350470808));
#5558=CARTESIAN_POINT('',(-0.000366441750526422,-0.040957171651125,-0.00815));
#5559=MECHANICAL_DESIGN_GEOMETRIC_PRESENTATION_REPRESENTATION('',(#2995,
#47,#48,#49,#50,#51,#52,#53,#54,#55,#56,#57,#58,#59,#60,#61,#62,#63,#64,
#65,#66,#67,#68,#69,#70,#71,#72,#73,#74,#75,#76,#77,#78,#79,#80,#81,#82,
#83,#84,#85,#86,#87,#88,#89,#90,#91,#92,#93,#94,#95,#96,#97,#98,#99,#100,
#101,#102,#103,#104,#105,#106,#107,#108,#109,#110,#111,#112,#113,#114,#115,
#116,#117,#118,#119,#120,#121,#122,#123,#124,#125,#126,#127,#128,#129,#130,
#131,#132),#5560);
#5560=(
GEOMETRIC_REPRESENTATION_CONTEXT(3)
GLOBAL_UNCERTAINTY_ASSIGNED_CONTEXT((#5561))
GLOBAL_UNIT_ASSIGNED_CONTEXT((#5564,#5563,#5562))
REPRESENTATION_CONTEXT('Part 1','TOP_LEVEL_ASSEMBLY_PART')
);
#5561=UNCERTAINTY_MEASURE_WITH_UNIT(LENGTH_MEASURE(2.01265658244472E-5),
#5564,'DISTANCE_ACCURACY_VALUE','Maximum Tolerance applied to model');
#5562=(
NAMED_UNIT(*)
SI_UNIT($,.STERADIAN.)
SOLID_ANGLE_UNIT()
);
#5563=(
NAMED_UNIT(*)
PLANE_ANGLE_UNIT()
SI_UNIT($,.RADIAN.)
);
#5564=(
LENGTH_UNIT()
NAMED_UNIT(*)
SI_UNIT($,.METRE.)
);
#5565=PRODUCT_DEFINITION_SHAPE('','',#5566);
#5566=PRODUCT_DEFINITION('','',#5568,#5567);
#5567=PRODUCT_DEFINITION_CONTEXT('',#5574,'design');
#5568=PRODUCT_DEFINITION_FORMATION_WITH_SPECIFIED_SOURCE('','',#5570,
 .NOT_KNOWN.);
#5569=PRODUCT_RELATED_PRODUCT_CATEGORY('','',(#5570));
#5570=PRODUCT('Part 1','Part 1','Part 1',(#5572));
#5571=PRODUCT_CATEGORY('','');
#5572=PRODUCT_CONTEXT('',#5574,'mechanical');
#5573=APPLICATION_PROTOCOL_DEFINITION('international standard',
'ap242_managed_model_based_3d_engineering',2020,#5574);
#5574=APPLICATION_CONTEXT('managed model based 3d engineering');
ENDSEC;
END-ISO-10303-21;
